yahooTicker,symbol,companyName,tf,entry_date,exit_date,entry_price,exit_price,entry_rr,pnl_usd,pnl_r,pnl_pct,hold_periods,win,trailingPE,forwardPE,trailingEps,forwardEps,marketCap,pe_bucket,trailing_eps_bucket,forward_eps_bucket,fund_reason,pass_F1,pass_F2,pass_F3,pass_F4,pass_F5,source
AMBO,AMEX:AMBO,Ambow Education Holding Ltd.,Daily,2024-07-25,2024-07-26,1.2899999618530273,1.25,4.93963492098033,-151.9886274265211,-1.519886274265211,-3.1007723283626447,1.0,0,3.5172415,,0.58,,5835057.0,"(0,15]",>0,missing,OK,1,1,0,0,1,ledger
AMBO,AMEX:AMBO,Ambow Education Holding Ltd.,Daily,2024-10-15,2024-10-24,1.9900000095367432,1.7599999904632568,5.125240676413955,-47.72491658612184,-0.4772491658612184,-11.557789847801487,7.0,0,3.5172415,,0.58,,5835057.0,"(0,15]",>0,missing,OK,1,1,0,0,1,ledger
AMBO,AMEX:AMBO,Ambow Education Holding Ltd.,Daily,2025-01-24,2025-08-21,2.3239998817443848,3.380000114440918,4.365359934701041,142.89586687271543,1.4289586687271543,45.43891077584323,144.0,1,3.5172415,,0.58,,5835057.0,"(0,15]",>0,missing,OK,1,1,0,0,1,ledger
AMBO,AMEX:AMBO,Ambow Education Holding Ltd.,Daily,2025-10-15,2025-10-16,5.079999923706055,4.0,2.9298262638701127,-189.47377226914375,-1.8947377226914377,-21.259841337126502,1.0,0,3.5172415,,0.58,,5835057.0,"(0,15]",>0,missing,OK,1,1,0,0,1,ledger
AMBO,AMEX:AMBO,Ambow Education Holding Ltd.,Daily,2026-03-25,2026-06-03,1.940000057220459,2.2799999713897705,1.636362946723208,154.5453954334178,1.5454539543341783,17.525768254690025,48.0,1,3.5172415,,0.58,,5835057.0,"(0,15]",>0,missing,OK,1,1,0,0,1,ledger
AMBO,AMEX:AMBO,Ambow Education Holding Ltd.,Weekly,2021-01-01,2021-02-26,21.700000762939453,24.100000381469727,6.1525144138182455,34.66204566388388,0.34662045663883884,11.05990568732668,8.0,1,3.5172415,,0.58,,5835057.0,"(0,15]",>0,missing,OK,1,1,0,0,1,ledger
AMBO,AMEX:AMBO,Ambow Education Holding Ltd.,Weekly,2026-03-20,2026-07-03,2.0299999713897705,2.2100000381469727,6.823281341790127,26.020997660608636,0.26020997660608636,8.866998487392648,15.0,1,3.5172415,,0.58,,5835057.0,"(0,15]",>0,missing,OK,1,1,0,0,1,ledger
APT,AMEX:APT,"Alpha Pro Tech, Ltd.",Daily,2025-02-06,2025-02-24,5.460000038146973,5.25,2.3600006103515625,-84.00001525878906,-0.8400001525878906,-3.8461545179447096,11.0,0,14.558823,4.2672415,0.34,1.16,50573812.0,"(0,15]",>0,>0,OK,1,1,1,1,1,ledger
APT,AMEX:APT,"Alpha Pro Tech, Ltd.",Daily,2025-06-11,2025-06-17,4.699999809265137,4.539999961853027,1.8400001525878906,-63.99993896484375,-0.6399993896484375,-3.404252210749046,4.0,0,14.558823,4.2672415,0.34,1.16,50573812.0,"(0,15]",>0,>0,OK,1,1,1,1,1,ledger
APT,AMEX:APT,"Alpha Pro Tech, Ltd.",Daily,2026-05-18,2026-05-27,6.199999809265137,5.820000171661377,1.756757557871295,-51.351318261837804,-0.5135131826183781,-6.129026601515327,6.0,0,14.558823,4.2672415,0.34,1.16,50573812.0,"(0,15]",>0,>0,OK,1,1,1,1,1,ledger
APT,AMEX:APT,"Alpha Pro Tech, Ltd.",Weekly,2019-05-10,2019-06-28,3.6700000762939453,3.4100000858306885,3.4551409614265434,-116.66709600942752,-1.1666709600942753,-7.084468257717616,7.0,0,14.558823,4.2672415,0.34,1.16,50573812.0,"(0,15]",>0,>0,OK,1,1,1,1,1,ledger
APT,AMEX:APT,"Alpha Pro Tech, Ltd.",Weekly,2019-09-06,2019-09-13,3.5,3.369999885559082,2.3190559697087325,-52.89078081824326,-0.5289078081824325,-3.7142889840262274,1.0,0,14.558823,4.2672415,0.34,1.16,50573812.0,"(0,15]",>0,>0,OK,1,1,1,1,1,ledger
APT,AMEX:APT,"Alpha Pro Tech, Ltd.",Weekly,2021-11-26,2022-01-14,6.409999847412109,5.440000057220459,23.453333536783855,-64.66665267944336,-0.6466665267944336,-15.132602391297493,7.0,0,14.558823,4.2672415,0.34,1.16,50573812.0,"(0,15]",>0,>0,OK,1,1,1,1,1,ledger
APT,AMEX:APT,"Alpha Pro Tech, Ltd.",Weekly,2023-11-10,2024-01-19,4.300000190734863,5.010000228881836,2.540538555171007,191.89183790377302,1.91891837903773,16.511628061710265,10.0,1,14.558823,4.2672415,0.34,1.16,50573812.0,"(0,15]",>0,>0,OK,1,1,1,1,1,ledger
APT,AMEX:APT,"Alpha Pro Tech, Ltd.",Monthly,2022-07-31,2022-08-31,4.869999885559082,4.130000114440918,13.557367740798368,-27.321484074616937,-0.27321484074616936,-15.195067525822154,1.0,0,14.558823,4.2672415,0.34,1.16,50573812.0,"(0,15]",>0,>0,OK,1,1,1,1,1,ledger
AREN,AMEX:AREN,"The Arena Group Holdings, Inc.",Daily,2025-01-17,2025-01-30,1.399999976158142,1.2599999904632568,2.2285715356164975,-39.99999318804106,-0.3999999318804106,-9.999999148505061,8.0,0,3.4130435,3.4130435,0.46,0.46,74736384.0,"(0,15]",>0,>0,OK,1,1,0,0,1,ledger
AREN,AMEX:AREN,"The Arena Group Holdings, Inc.",Daily,2025-07-21,2025-07-24,5.769999980926514,6.070000171661377,1.9450119200464373,47.43934454855097,0.4743934454855097,5.199310081915996,3.0,1,3.4130435,3.4130435,0.46,0.46,74736384.0,"(0,15]",>0,>0,OK,1,1,0,0,1,ledger
AREN,AMEX:AREN,"The Arena Group Holdings, Inc.",Daily,2025-09-04,2025-09-08,6.340000152587891,5.900000095367432,2.755917629702916,-80.30490820426813,-0.8030490820426812,-6.940063826983628,2.0,0,3.4130435,3.4130435,0.46,0.46,74736384.0,"(0,15]",>0,>0,OK,1,1,0,0,1,ledger
AREN,AMEX:AREN,"The Arena Group Holdings, Inc.",Weekly,2018-04-27,2018-05-25,35.20000076293945,27.719999313354492,1.8235289767765048,-100.0,-1.0,-21.250003657557667,4.0,0,3.4130435,3.4130435,0.46,0.46,74736384.0,"(0,15]",>0,>0,OK,1,1,0,0,1,ledger
AREN,AMEX:AREN,"The Arena Group Holdings, Inc.",Weekly,2026-04-24,2026-05-15,2.200000047683716,1.6799999475479126,12.740063149404365,-84.39278971594743,-0.8439278971594742,-23.636367675686586,3.0,0,3.4130435,3.4130435,0.46,0.46,74736384.0,"(0,15]",>0,>0,OK,1,1,0,0,1,ledger
AREN,AMEX:AREN,"The Arena Group Holdings, Inc.",Monthly,2019-01-31,2020-04-30,14.960000038146973,10.119999885559082,4.395348912231619,-51.162792104342856,-0.5116279210434286,-32.35294211394534,15.0,0,3.4130435,3.4130435,0.46,0.46,74736384.0,"(0,15]",>0,>0,OK,1,1,0,0,1,ledger
AREN,AMEX:AREN,"The Arena Group Holdings, Inc.",Monthly,2021-12-31,2022-02-28,14.079999923706055,7.920000076293945,6.00912518090781,-71.29470366540608,-0.7129470366540607,-43.74999915334311,2.0,0,3.4130435,3.4130435,0.46,0.46,74736384.0,"(0,15]",>0,>0,OK,1,1,0,0,1,ledger
ASM,AMEX:ASM,Avino Silver & Gold Mines Ltd.,Daily,2024-11-07,2024-11-11,1.2400000095367432,1.0700000524520874,2.1333332273695036,-113.33332273695035,-1.1333332273695036,-13.709673852999948,2.0,0,24.625,7.296296,0.24,0.81,1035851712.0,"(15,25]",>0,>0,OK,1,1,1,1,1,ledger
ASM,AMEX:ASM,Avino Silver & Gold Mines Ltd.,Daily,2026-04-30,2026-05-04,6.440000057220459,6.340000152587891,3.4188095681887103,-21.10373791954509,-0.2110373791954509,-1.552793536398335,2.0,0,24.625,7.296296,0.24,0.81,1035851712.0,"(15,25]",>0,>0,OK,1,1,1,1,1,ledger
ASM,AMEX:ASM,Avino Silver & Gold Mines Ltd.,Daily,2026-05-26,2026-06-03,6.900000095367432,6.820000171661377,2.480768331409173,-15.384601277006636,-0.15384601277006638,-1.1594191681209625,6.0,0,24.625,7.296296,0.24,0.81,1035851712.0,"(15,25]",>0,>0,OK,1,1,1,1,1,ledger
ASM,AMEX:ASM,Avino Silver & Gold Mines Ltd.,Weekly,2020-11-06,2020-11-27,1.1200000047683716,0.9200000166893005,1.541666625274554,-83.33332505491077,-0.8333332505491078,-17.857141716747872,3.0,0,24.625,7.296296,0.24,0.81,1035851712.0,"(15,25]",>0,>0,OK,1,1,1,1,1,ledger
AWX,AMEX:AWX,Avalon Holdings Corporation,Daily,2025-08-13,2025-08-15,2.5399999618530273,2.5,3.0720700875263236,-76.80163774469055,-0.7680163774469054,-1.57480167140813,2.0,0,18.0,,0.14,,9826569.0,"(15,25]",>0,missing,OK,1,1,1,0,1,ledger
AWX,AMEX:AWX,Avalon Holdings Corporation,Daily,2025-10-30,2025-11-07,2.7799999713897705,2.5299999713897705,9.608864534158606,-90.6496703100017,-0.906496703100017,-8.992805847944691,6.0,0,18.0,,0.14,,9826569.0,"(15,25]",>0,missing,OK,1,1,1,0,1,ledger
AWX,AMEX:AWX,Avalon Holdings Corporation,Daily,2026-06-09,2026-06-18,2.5399999618530273,2.430000066757202,2.500002980235081,-137.5,-1.375,-4.3307045963723585,7.0,0,18.0,,0.14,,9826569.0,"(15,25]",>0,missing,OK,1,1,1,0,1,ledger
AWX,AMEX:AWX,Avalon Holdings Corporation,Weekly,2018-11-09,2018-11-16,3.549999952316284,2.9800000190734863,12.466829736733704,-42.679229860179056,-0.4267922986017906,-16.05633636335368,1.0,0,18.0,,0.14,,9826569.0,"(15,25]",>0,missing,OK,1,1,1,0,1,ledger
AWX,AMEX:AWX,Avalon Holdings Corporation,Weekly,2020-10-02,2021-02-26,1.6699999570846558,3.549999952316284,2.441329877277688,596.0648780216275,5.960648780216275,112.57485290679725,21.0,1,18.0,,0.14,,9826569.0,"(15,25]",>0,missing,OK,1,1,1,0,1,ledger
AWX,AMEX:AWX,Avalon Holdings Corporation,Weekly,2025-03-21,2025-03-28,3.3299999237060547,2.930000066757202,1.6923084917390991,-102.56410099659,-1.0256410099659,-12.01200799139001,1.0,0,18.0,,0.14,,9826569.0,"(15,25]",>0,missing,OK,1,1,1,0,1,ledger
AWX,AMEX:AWX,Avalon Holdings Corporation,Weekly,2025-11-14,2025-12-19,2.9800000190734863,2.6600000858306885,5.4444434436752065,-71.11108874097519,-0.7111108874097519,-10.738252724652304,5.0,0,18.0,,0.14,,9826569.0,"(15,25]",>0,missing,OK,1,1,1,0,1,ledger
AWX,AMEX:AWX,Avalon Holdings Corporation,Monthly,2019-07-31,2019-08-31,2.619999885559082,2.2100000381469727,3.0518508215401514,-30.006195401992144,-0.3000619540199214,-15.648849821404456,1.0,0,18.0,,0.14,,9826569.0,"(15,25]",>0,missing,OK,1,1,1,0,1,ledger
AWX,AMEX:AWX,Avalon Holdings Corporation,Monthly,2022-08-31,2023-05-31,3.140000104904175,2.309999942779541,3.127904095260345,-88.60617225342631,-0.8860617225342631,-26.433125299209614,9.0,0,18.0,,0.14,,9826569.0,"(15,25]",>0,missing,OK,1,1,1,0,1,ledger
AWX,AMEX:AWX,Avalon Holdings Corporation,Monthly,2025-09-30,2026-06-30,2.609999895095825,2.490000009536743,2.7058826279337755,-23.529389765297942,-0.23529389765297942,-4.597696949511803,9.0,0,18.0,,0.14,,9826569.0,"(15,25]",>0,missing,OK,1,1,1,0,1,ledger
AXIL,AMEX:AXIL,"AXIL Brands, Inc.",Daily,2025-03-11,2025-03-24,7.0,6.926000118255615,4.518072704459749,-8.91564922246811,-0.0891564922246811,-1.0571411677769251,9.0,0,47.916668,,0.12,,39201872.0,>40,>0,missing,OK,1,1,0,0,1,ledger
AXIL,AMEX:AXIL,"AXIL Brands, Inc.",Daily,2026-01-08,2026-01-30,7.130000114440918,6.809999942779541,2.5277775324911564,-29.629647617315197,-0.29629647617315197,-4.4880808769309395,15.0,0,47.916668,,0.12,,39201872.0,>40,>0,missing,OK,1,1,0,0,1,ledger
AXIL,AMEX:AXIL,"AXIL Brands, Inc.",Daily,2026-04-23,2026-06-18,6.960999965667725,6.179999828338623,1.8522344990995803,-268.3850289461567,-2.6838502894615672,-11.219654376972622,39.0,0,47.916668,,0.12,,39201872.0,>40,>0,missing,OK,1,1,0,0,1,ledger
BDL,AMEX:BDL,"Flanigan's Enterprises, Inc.",Daily,2024-07-31,2024-08-01,26.549999237060547,26.5,2.2638284853872674,-8.02763896131218,-0.08027638961312179,-0.18832104895413354,1.0,0,13.352025,,3.21,,79661608.0,"(0,15]",>0,missing,OK,1,1,1,0,1,ledger
BDL,AMEX:BDL,"Flanigan's Enterprises, Inc.",Daily,2025-06-20,2025-07-01,30.700000762939453,29.0,4.093019404671079,-131.78291135122987,-1.3178291135122986,-5.537461630918481,7.0,0,13.352025,,3.21,,79661608.0,"(0,15]",>0,missing,OK,1,1,1,0,1,ledger
BDL,AMEX:BDL,"Flanigan's Enterprises, Inc.",Daily,2025-12-03,2025-12-08,30.360000610351562,27.549999237060547,2.721480304696724,-316.006990902606,-3.16006990902606,-9.255603810274351,3.0,0,13.352025,,3.21,,79661608.0,"(0,15]",>0,missing,OK,1,1,1,0,1,ledger
BDL,AMEX:BDL,"Flanigan's Enterprises, Inc.",Weekly,2021-10-01,2021-12-03,25.790000915527344,31.940000534057617,5.796565275175617,161.5996290862163,1.615996290862163,23.846449787551396,9.0,1,13.352025,,3.21,,79661608.0,"(0,15]",>0,missing,OK,1,1,1,0,1,ledger
BDL,AMEX:BDL,"Flanigan's Enterprises, Inc.",Weekly,2022-08-05,2022-08-26,29.43000030517578,26.350000381469727,3.763257235705044,-109.65782718549596,-1.0965782718549597,-10.465511015181276,3.0,0,13.352025,,3.21,,79661608.0,"(0,15]",>0,missing,OK,1,1,1,0,1,ledger
BDL,AMEX:BDL,"Flanigan's Enterprises, Inc.",Weekly,2025-09-05,2025-09-12,31.010000228881836,27.5,1.8585396625014543,-131.25705315969282,-1.3125705315969283,-11.318930032166595,1.0,0,13.352025,,3.21,,79661608.0,"(0,15]",>0,missing,OK,1,1,1,0,1,ledger
BHB,AMEX:BHB,Bar Harbor Bankshares,Daily,2024-08-08,2024-08-12,29.06999969482422,28.06999969482422,2.9859165145489053,-70.42253142759665,-0.7042253142759665,-3.439972516332862,2.0,0,13.760135,10.760898,2.96,3.785,682390400.0,"(0,15]",>0,>0,OK,1,1,1,1,1,ledger
BHB,AMEX:BHB,Bar Harbor Bankshares,Daily,2024-09-12,2024-09-20,30.209999084472656,31.280000686645508,1.9158876838720258,100.00017825693241,1.0000017825693241,3.541878962594247,6.0,1,13.760135,10.760898,2.96,3.785,682390400.0,"(0,15]",>0,>0,OK,1,1,1,1,1,ledger
BHB,AMEX:BHB,Bar Harbor Bankshares,Daily,2024-09-30,2024-10-01,30.84000015258789,29.600000381469727,2.074075774727982,-114.81480173286168,-1.1481480173286167,-4.020751507726927,1.0,0,13.760135,10.760898,2.96,3.785,682390400.0,"(0,15]",>0,>0,OK,1,1,1,1,1,ledger
BHB,AMEX:BHB,Bar Harbor Bankshares,Daily,2024-11-21,2024-12-03,35.400001525878906,35.47999954223633,2.291571091279907,5.971373285589256,0.059713732855892564,0.22598308731410624,7.0,1,13.760135,10.760898,2.96,3.785,682390400.0,"(0,15]",>0,>0,OK,1,1,1,1,1,ledger
BHB,AMEX:BHB,Bar Harbor Bankshares,Daily,2025-11-10,2025-11-14,29.600000381469727,29.6299991607666,1.5,2.9998779296875,0.029998779296875,0.10134722604819599,4.0,1,13.760135,10.760898,2.96,3.785,682390400.0,"(0,15]",>0,>0,OK,1,1,1,1,1,ledger
BHB,AMEX:BHB,Bar Harbor Bankshares,Daily,2026-01-05,2026-01-13,31.639999389648438,31.260000228881836,2.8461598654094447,-48.71791736765915,-0.4871791736765914,-1.2010087487262238,6.0,0,13.760135,10.760898,2.96,3.785,682390400.0,"(0,15]",>0,>0,OK,1,1,1,1,1,ledger
BHB,AMEX:BHB,Bar Harbor Bankshares,Daily,2026-01-29,2026-02-05,33.709999084472656,35.13999938964844,1.5643608482994353,141.5844239231016,1.4158442392310162,4.242065689745038,5.0,1,13.760135,10.760898,2.96,3.785,682390400.0,"(0,15]",>0,>0,OK,1,1,1,1,1,ledger
BHB,AMEX:BHB,Bar Harbor Bankshares,Weekly,2024-03-29,2024-04-12,26.479999542236328,23.8799991607666,1.627616021094164,-108.78665462137124,-1.0878665462137125,-9.8187327281583,2.0,0,13.760135,10.760898,2.96,3.785,682390400.0,"(0,15]",>0,>0,OK,1,1,1,1,1,ledger
BHB,AMEX:BHB,Bar Harbor Bankshares,Weekly,2025-01-17,2025-02-28,31.100000381469727,32.119998931884766,2.834615291505184,39.230707721606365,0.39230707721606367,3.2797380639994573,6.0,1,13.760135,10.760898,2.96,3.785,682390400.0,"(0,15]",>0,>0,OK,1,1,1,1,1,ledger
BKTI,AMEX:BKTI,BK Technologies Corporation,Daily,2025-07-02,2025-07-07,48.4900016784668,47.529998779296875,2.31680929182382,-23.38742407491933,-0.2338742407491933,-1.9797955577226454,2.0,0,22.488829,19.078201,3.58,4.22,301445376.0,"(15,25]",>0,>0,OK,1,1,1,1,1,ledger
BKTI,AMEX:BKTI,BK Technologies Corporation,Weekly,2019-03-01,2019-04-19,20.450000762939453,19.049999237060547,1.8677123299069596,-71.63836671373348,-0.7163836671373348,-6.8459729762751955,7.0,0,22.488829,19.078201,3.58,4.22,301445376.0,"(15,25]",>0,>0,OK,1,1,1,1,1,ledger
BMNR,AMEX:BMNR,"Bitmine Immersion Technologies, Inc.",Daily,2025-07-31,2025-08-01,34.63999938964844,31.68000030517578,11.317833215217734,-26.512168244255523,-0.26512168244255524,-8.545032149617187,1.0,0,,19.25532,-4.5,0.94,10918397952.0,missing,<=0,>0,OK,0,0,0,0,0,ledger
BMNR,AMEX:BMNR,"Bitmine Immersion Technologies, Inc.",Daily,2025-08-22,2025-08-27,53.4900016784668,46.029998779296875,2.0945579451437975,-85.6186937498416,-0.856186937498416,-13.946537044460513,3.0,0,,19.25532,-4.5,0.94,10918397952.0,missing,<=0,>0,OK,0,0,0,0,0,ledger
BMNR,AMEX:BMNR,"Bitmine Immersion Technologies, Inc.",Daily,2025-09-29,2025-10-10,53.220001220703125,52.470001220703125,1.83527368697659,-12.479196895434171,-0.1247919689543417,-1.4092446125466123,9.0,0,,19.25532,-4.5,0.94,10918397952.0,missing,<=0,>0,OK,0,0,0,0,0,ledger
BMNR,AMEX:BMNR,"Bitmine Immersion Technologies, Inc.",Daily,2025-10-20,2025-10-22,53.79999923706055,48.029998779296875,2.2306232882540518,-109.07371378381846,-1.0907371378381847,-10.724908066149121,2.0,0,,19.25532,-4.5,0.94,10918397952.0,missing,<=0,>0,OK,0,0,0,0,0,ledger
BMNR,AMEX:BMNR,"Bitmine Immersion Technologies, Inc.",Daily,2026-03-23,2026-03-26,21.270000457763672,19.469999313354492,1.6008419363340245,-111.68672103215725,-1.1168672103215724,-8.46262861152017,3.0,0,,19.25532,-4.5,0.94,10918397952.0,missing,<=0,>0,OK,0,0,0,0,0,ledger
BRBS,AMEX:BRBS,"Blue Ridge Bankshares, Inc.",Daily,2025-08-11,2025-08-14,3.6600000858306885,3.740000009536743,1.5000004584972844,30.769202554013273,0.30769202554013275,2.185790213933768,3.0,1,33.18182,,0.11,,327241504.0,"(25,40]",>0,missing,OK,1,1,0,0,1,ledger
BRBS,AMEX:BRBS,"Blue Ridge Bankshares, Inc.",Daily,2025-11-25,2025-12-19,4.289999961853027,4.460000038146973,1.9799995422363281,68.00003051757812,0.6800003051757812,3.962705776354256,17.0,1,33.18182,,0.11,,327241504.0,"(25,40]",>0,missing,OK,1,1,0,0,1,ledger
BRBS,AMEX:BRBS,"Blue Ridge Bankshares, Inc.",Daily,2026-07-13,2026-07-17,3.4700000286102295,3.4600000381469727,2.0,-10.526302580692116,-0.10526302580692116,-0.28818416083016385,4.0,0,33.18182,,0.11,,327241504.0,"(25,40]",>0,missing,OK,1,1,0,0,1,ledger
BRBS,AMEX:BRBS,"Blue Ridge Bankshares, Inc.",Weekly,2017-02-03,2017-02-10,9.773332595825195,9.222222328186035,4.102073525869808,-253.06255610781457,-2.530625561078146,-5.6389185800816195,1.0,0,33.18182,,0.11,,327241504.0,"(25,40]",>0,missing,OK,1,1,0,0,1,ledger
BRBS,AMEX:BRBS,"Blue Ridge Bankshares, Inc.",Weekly,2018-04-27,2018-07-20,12.0,13.433333396911621,3.529412160695262,252.9412160695262,2.529412160695262,11.944444974263508,12.0,1,33.18182,,0.11,,327241504.0,"(25,40]",>0,missing,OK,1,1,0,0,1,ledger
BRBS,AMEX:BRBS,"Blue Ridge Bankshares, Inc.",Weekly,2018-10-26,2018-11-02,12.993332862854004,11.766667366027832,6.05645795791985,-148.38709677419357,-1.4838709677419355,-9.440730178882935,1.0,0,33.18182,,0.11,,327241504.0,"(25,40]",>0,missing,OK,1,1,0,0,1,ledger
BRBS,AMEX:BRBS,"Blue Ridge Bankshares, Inc.",Weekly,2019-03-15,2019-06-14,11.399999618530273,13.666666984558105,2.2295185301065135,505.3576894146775,5.053576894146775,19.883047735751227,13.0,1,33.18182,,0.11,,327241504.0,"(25,40]",>0,missing,OK,1,1,0,0,1,ledger
BRBS,AMEX:BRBS,"Blue Ridge Bankshares, Inc.",Weekly,2019-08-09,2019-12-27,13.166666984558105,13.733332633972168,6.1236965973068225,189.27758786317105,1.8927758786317106,4.303789638476078,20.0,1,33.18182,,0.11,,327241504.0,"(25,40]",>0,missing,OK,1,1,0,0,1,ledger
BRBS,AMEX:BRBS,"Blue Ridge Bankshares, Inc.",Monthly,2017-04-30,2018-10-31,9.577777862548828,11.966667175292969,1.5079942171320548,415.6655428310985,4.156655428310985,24.941999564274838,18.0,1,33.18182,,0.11,,327241504.0,"(25,40]",>0,missing,OK,1,1,0,0,1,ledger
BRBS,AMEX:BRBS,"Blue Ridge Bankshares, Inc.",Monthly,2019-04-30,2019-07-31,13.166666984558105,13.079999923706055,2.2307687567536636,-4.000017606292489,-0.040000176062924886,-0.6582308260222127,3.0,0,33.18182,,0.11,,327241504.0,"(25,40]",>0,missing,OK,1,1,0,0,1,ledger
BTG,AMEX:BTG,B2Gold Corp.,Daily,2024-07-30,2024-08-01,2.9600000381469727,2.950000047683716,1.9999978325610026,-9.090889386918205,-0.09090889386918205,-0.33783751129669093,2.0,0,10.236842,3.8549588,0.38,1.00909,5183105024.0,"(0,15]",>0,>0,OK,1,1,1,1,1,ledger
BTG,AMEX:BTG,B2Gold Corp.,Daily,2026-02-04,2026-02-05,5.050000190734863,4.71999979019165,2.8666636996817907,-110.00006357824734,-1.1000006357824734,-6.534661150085859,1.0,0,10.236842,3.8549588,0.38,1.00909,5183105024.0,"(0,15]",>0,>0,OK,1,1,1,1,1,ledger
BTG,AMEX:BTG,B2Gold Corp.,Daily,2026-03-10,2026-03-11,5.369999885559082,5.25,2.2999996423722164,-29.99996423722166,-0.2999996423722166,-2.234634788015244,1.0,0,10.236842,3.8549588,0.38,1.00909,5183105024.0,"(0,15]",>0,>0,OK,1,1,1,1,1,ledger
BTG,AMEX:BTG,B2Gold Corp.,Daily,2026-05-29,2026-06-03,4.760000228881836,4.550000190734863,2.441175150624376,-61.7646893828047,-0.6176468938280469,-4.411765295152168,3.0,0,10.236842,3.8549588,0.38,1.00909,5183105024.0,"(0,15]",>0,>0,OK,1,1,1,1,1,ledger
BTG,AMEX:BTG,B2Gold Corp.,Weekly,2019-09-20,2019-12-20,3.440000057220459,3.5399999618530273,1.7058813629682819,29.411723457011746,0.29411723457011746,2.9069739235228065,13.0,1,10.236842,3.8549588,0.38,1.00909,5183105024.0,"(0,15]",>0,>0,OK,1,1,1,1,1,ledger
BTG,AMEX:BTG,B2Gold Corp.,Weekly,2021-12-31,2022-01-07,3.930000066757202,3.640000104904175,1.813953140221707,-67.44184112342818,-0.6744184112342817,-7.37913376404387,1.0,0,10.236842,3.8549588,0.38,1.00909,5183105024.0,"(0,15]",>0,>0,OK,1,1,1,1,1,ledger
BTG,AMEX:BTG,B2Gold Corp.,Weekly,2023-03-03,2023-04-28,3.5799999237060547,3.940000057220459,1.5250008791688248,90.0000655651327,0.900000655651327,10.055869865542574,8.0,1,10.236842,3.8549588,0.38,1.00909,5183105024.0,"(0,15]",>0,>0,OK,1,1,1,1,1,ledger
BTG,AMEX:BTG,B2Gold Corp.,Weekly,2023-06-09,2023-06-16,3.819999933242798,3.6600000858306885,2.0718763744938276,-57.15513984710442,-0.5715513984710442,-4.188477754141883,1.0,0,10.236842,3.8549588,0.38,1.00909,5183105024.0,"(0,15]",>0,>0,OK,1,1,1,1,1,ledger
BTG,AMEX:BTG,B2Gold Corp.,Monthly,2021-05-31,2021-06-30,5.099999904632568,4.210000038146973,2.6063831244296343,-94.68083109667975,-0.9468083109667974,-17.45097810055187,1.0,0,10.236842,3.8549588,0.38,1.00909,5183105024.0,"(0,15]",>0,>0,OK,1,1,1,1,1,ledger
CEF,AMEX:CEF,Sprott Physical Gold and Silver Trust,Daily,2025-05-13,2025-05-14,28.780000686645508,28.09000015258789,2.242466229816749,-126.82817762620596,-1.2682817762620595,-2.3975000611372157,1.0,0,1.934535,,,,7541342208.0,"(0,15]",missing,missing,OK,1,0,0,0,0,ledger
CEF,AMEX:CEF,Sprott Physical Gold and Silver Trust,Daily,2025-10-23,2025-10-24,38.09000015258789,37.91999816894531,3.064385063615582,-16.750850071391053,-0.16750850071391055,-0.44631657380297474,1.0,0,1.934535,,,,7541342208.0,"(0,15]",missing,missing,OK,1,0,0,0,0,ledger
CEF,AMEX:CEF,Sprott Physical Gold and Silver Trust,Daily,2025-11-19,2025-11-21,39.040000915527344,38.529998779296875,1.6603988789032358,-55.34690528475347,-0.5534690528475347,-1.3063579002827996,2.0,0,1.934535,,,,7541342208.0,"(0,15]",missing,missing,OK,1,0,0,0,0,ledger
CEF,AMEX:CEF,Sprott Physical Gold and Silver Trust,Daily,2026-04-30,2026-05-04,47.52000045776367,46.7599983215332,2.6760520624857285,-53.52120243388091,-0.5352120243388091,-1.599331079354613,2.0,0,1.934535,,,,7541342208.0,"(0,15]",missing,missing,OK,1,0,0,0,0,ledger
CEF,AMEX:CEF,Sprott Physical Gold and Silver Trust,Weekly,2019-03-15,2019-03-29,12.760000228881836,12.399999618530273,1.5410521959567482,-126.08642277448422,-1.260864227744842,-2.821321347132213,2.0,0,1.934535,,,,7541342208.0,"(0,15]",missing,missing,OK,1,0,0,0,0,ledger
CEF,AMEX:CEF,Sprott Physical Gold and Silver Trust,Weekly,2021-07-09,2021-07-23,18.940000534057617,18.469999313354492,2.0415369880639913,-66.63373552609447,-0.6663373552609447,-2.4815269664748745,2.0,0,1.934535,,,,7541342208.0,"(0,15]",missing,missing,OK,1,0,0,0,0,ledger
CET,AMEX:CET,Central Securities Corporation,Daily,2024-07-31,2024-08-02,43.599998474121094,42.810001373291016,2.166677263074908,-131.66651831695128,-1.3166651831695129,-1.8119200194444578,2.0,0,6.0382514,-425.00003,9.15,-0.13,1632596864.0,"(0,15]",>0,<=0,OK,1,1,1,0,1,ledger
CET,AMEX:CET,Central Securities Corporation,Weekly,2024-12-06,2024-12-13,47.310001373291016,46.59000015258789,1.7054227805279065,-55.81400850469887,-0.5581400850469888,-1.5218795176565003,1.0,0,6.0382514,-425.00003,9.15,-0.13,1632596864.0,"(0,15]",>0,<=0,OK,1,1,1,0,1,ledger
CET,AMEX:CET,Central Securities Corporation,Monthly,2023-06-30,2023-09-30,36.5099983215332,35.45000076293945,2.465714590890067,-30.28564453125,-0.3028564453125,-2.9033076070249364,3.0,0,6.0382514,-425.00003,9.15,-0.13,1632596864.0,"(0,15]",>0,<=0,OK,1,1,1,0,1,ledger
CEV,AMEX:CEV,Eaton Vance California Municipal Income Trust Shares of Beneficial Interest,Daily,2024-09-04,2024-09-13,11.0,11.039999961853027,2.6363715179941565,36.363715179941565,0.36363715179941564,0.3636360168457031,7.0,1,9.807693,,1.04,,71742464.0,"(0,15]",>0,missing,OK,1,1,1,0,1,ledger
CEV,AMEX:CEV,Eaton Vance California Municipal Income Trust Shares of Beneficial Interest,Daily,2025-02-14,2025-02-27,10.140000343322754,10.319999694824219,1.625002980235081,224.9994039529838,2.249994039529838,1.7751414734418172,8.0,1,9.807693,,1.04,,71742464.0,"(0,15]",>0,missing,OK,1,1,1,0,1,ledger
CEV,AMEX:CEV,Eaton Vance California Municipal Income Trust Shares of Beneficial Interest,Daily,2025-12-11,2025-12-12,10.420000076293945,10.220000267028809,1.7470615198350072,-232.94190622954275,-2.329419062295427,-1.9193839520226772,1.0,0,9.807693,,1.04,,71742464.0,"(0,15]",>0,missing,OK,1,1,1,0,1,ledger
CEV,AMEX:CEV,Eaton Vance California Municipal Income Trust Shares of Beneficial Interest,Weekly,2023-03-17,2023-05-05,10.100000381469727,10.09000015258789,2.428563156926724,-3.5715015565289066,-0.03571501556528906,-0.09901216340727237,7.0,0,9.807693,,1.04,,71742464.0,"(0,15]",>0,missing,OK,1,1,1,0,1,ledger
CEV,AMEX:CEV,Eaton Vance California Municipal Income Trust Shares of Beneficial Interest,Weekly,2024-11-29,2024-12-13,10.649999618530273,10.529999732971191,2.064520793212288,-38.709707190716735,-0.38709707190716736,-1.1267595291767936,2.0,0,9.807693,,1.04,,71742464.0,"(0,15]",>0,missing,OK,1,1,1,0,1,ledger
CEV,AMEX:CEV,Eaton Vance California Municipal Income Trust Shares of Beneficial Interest,Weekly,2026-01-09,2026-03-13,10.170000076293945,10.449999809265137,2.3684133915574965,147.36786628519803,1.47367866285198,2.7531930272435776,9.0,1,9.807693,,1.04,,71742464.0,"(0,15]",>0,missing,OK,1,1,1,0,1,ledger
CEV,AMEX:CEV,Eaton Vance California Municipal Income Trust Shares of Beneficial Interest,Monthly,2025-02-28,2025-03-31,10.350000381469727,10.020000457763672,1.75733857864146,-61.693814442014485,-0.6169381444201448,-3.1884049424469088,1.0,0,9.807693,,1.04,,71742464.0,"(0,15]",>0,missing,OK,1,1,1,0,1,ledger
CIX,AMEX:CIX,CompX International Inc.,Daily,2024-08-22,2024-09-06,27.100000381469727,25.43000030517578,4.068946807060361,-75.50158798117016,-0.7550158798117016,-6.162361818400002,10.0,0,17.70122,18.031055,1.64,1.61,357738368.0,"(15,25]",>0,>0,OK,1,1,1,0,1,ledger
CIX,AMEX:CIX,CompX International Inc.,Daily,2025-07-09,2025-07-17,25.989999771118164,25.5,1.7171591550742649,-39.68902169227945,-0.3968902169227944,-1.8853396515327592,6.0,0,17.70122,18.031055,1.64,1.61,357738368.0,"(15,25]",>0,>0,OK,1,1,1,0,1,ledger
CIX,AMEX:CIX,CompX International Inc.,Daily,2025-08-22,2025-08-26,27.059999465942383,25.700000762939453,3.0289024032599134,-78.61266259324512,-0.7861266259324512,-5.025863746651655,2.0,0,17.70122,18.031055,1.64,1.61,357738368.0,"(15,25]",>0,>0,OK,1,1,1,0,1,ledger
CIX,AMEX:CIX,CompX International Inc.,Weekly,2021-08-06,2021-10-01,20.989999771118164,21.639999389648438,1.8689137185510722,24.344554305500093,0.24344554305500093,3.0967109367226406,8.0,1,17.70122,18.031055,1.64,1.61,357738368.0,"(15,25]",>0,>0,OK,1,1,1,0,1,ledger
CIX,AMEX:CIX,CompX International Inc.,Weekly,2025-09-19,2025-10-03,24.969999313354492,22.979999542236328,2.484330924535378,-67.446357744402,-0.67446357744402,-7.969562778697672,2.0,0,17.70122,18.031055,1.64,1.61,357738368.0,"(15,25]",>0,>0,OK,1,1,1,0,1,ledger
CKX,AMEX:CKX,"CKX Lands, Inc.",Daily,2024-09-20,2024-09-26,13.5,13.5,1.6296253125927183,0.0,0.0,0.0,4.0,0,7.520833,,1.44,,22235386.0,"(0,15]",>0,missing,OK,1,1,1,0,1,ledger
CKX,AMEX:CKX,"CKX Lands, Inc.",Daily,2026-02-18,2026-02-19,10.510000228881836,10.5,4.109582701981924,-3.770345126198432,-0.03770345126198432,-0.09514965427265139,1.0,0,7.520833,,1.44,,22235386.0,"(0,15]",>0,missing,OK,1,1,1,0,1,ledger
CKX,AMEX:CKX,"CKX Lands, Inc.",Weekly,2019-12-27,2020-01-10,9.319999694824219,9.039999961853027,2.0600049464720405,-56.00004372909904,-0.5600004372909904,-3.0042890787505803,2.0,0,7.520833,,1.44,,22235386.0,"(0,15]",>0,missing,OK,1,1,1,0,1,ledger
CLM,AMEX:CLM,"Cornerstone Strategic Investment Fund, Inc.",Daily,2024-11-21,2024-12-06,8.562992095947266,9.035432815551758,1.7647035354600429,282.35233768972535,2.823523376897253,5.517238767837836,10.0,1,6.790909,,1.1,,2225477120.0,"(0,15]",>0,missing,OK,1,1,1,0,1,ledger
CLM,AMEX:CLM,"Cornerstone Strategic Investment Fund, Inc.",Daily,2026-04-27,2026-04-28,7.5,7.420000076293945,1.8542555393545523,-59.33612067195739,-0.5933612067195739,-1.0666656494140625,1.0,0,6.790909,,1.1,,2225477120.0,"(0,15]",>0,missing,OK,1,1,1,0,1,ledger
CMCL,AMEX:CMCL,Caledonia Mining Corporation Plc Common Shares,Daily,2024-09-05,2024-09-09,12.579999923706055,12.399999618530273,2.0150477299688343,-39.42491046297128,-0.39424910462971285,-1.4308450418714578,2.0,0,6.0849056,3.7866926,3.18,5.11,373707104.0,"(0,15]",>0,>0,OK,1,1,1,1,1,ledger
CMCL,AMEX:CMCL,Caledonia Mining Corporation Plc Common Shares,Weekly,2016-12-30,2017-01-20,5.699999809265137,6.400000095367432,3.40000057220459,70.00002861022949,0.7000002861022949,12.28070718466465,3.0,1,6.0849056,3.7866926,3.18,5.11,373707104.0,"(0,15]",>0,>0,OK,1,1,1,1,1,ledger
CMCL,AMEX:CMCL,Caledonia Mining Corporation Plc Common Shares,Weekly,2018-07-06,2018-08-10,8.649999618530273,8.449999809265137,1.554217857276224,-24.09637862044599,-0.24096378620445988,-2.312136625262867,5.0,0,6.0849056,3.7866926,3.18,5.11,373707104.0,"(0,15]",>0,>0,OK,1,1,1,1,1,ledger
CMCL,AMEX:CMCL,Caledonia Mining Corporation Plc Common Shares,Weekly,2020-09-18,2020-09-25,19.399999618530273,17.049999237060547,3.215610191082248,-75.64249598431589,-0.7564249598431589,-12.113404266385034,1.0,0,6.0849056,3.7866926,3.18,5.11,373707104.0,"(0,15]",>0,>0,OK,1,1,1,1,1,ledger
CMCL,AMEX:CMCL,Caledonia Mining Corporation Plc Common Shares,Weekly,2022-05-27,2022-06-17,13.288000106811523,11.260000228881836,3.131811926730257,-128.51709693814956,-1.2851709693814957,-15.261889386124555,3.0,0,6.0849056,3.7866926,3.18,5.11,373707104.0,"(0,15]",>0,>0,OK,1,1,1,1,1,ledger
CMCL,AMEX:CMCL,Caledonia Mining Corporation Plc Common Shares,Weekly,2023-03-03,2023-04-21,13.640000343322754,16.100000381469727,1.5104890814317649,172.02793798317268,1.7202793798317266,18.035190441554693,7.0,1,6.0849056,3.7866926,3.18,5.11,373707104.0,"(0,15]",>0,>0,OK,1,1,1,1,1,ledger
CMCL,AMEX:CMCL,Caledonia Mining Corporation Plc Common Shares,Weekly,2024-03-01,2024-05-03,10.279999732971191,9.770000457763672,3.3029259976253247,-51.513444313246325,-0.5151344431324633,-4.961082572519837,9.0,0,6.0849056,3.7866926,3.18,5.11,373707104.0,"(0,15]",>0,>0,OK,1,1,1,1,1,ledger
CMCL,AMEX:CMCL,Caledonia Mining Corporation Plc Common Shares,Weekly,2025-11-28,2025-12-05,30.809999465942383,24.170000076293945,1.7842702417961485,-149.21350780362962,-1.4921350780362963,-21.551442728807395,1.0,0,6.0849056,3.7866926,3.18,5.11,373707104.0,"(0,15]",>0,>0,OK,1,1,1,1,1,ledger
CMCL,AMEX:CMCL,Caledonia Mining Corporation Plc Common Shares,Monthly,2019-01-31,2019-02-28,6.010000228881836,5.320000171661377,2.7549175272520348,-48.3687930054062,-0.48368793005406197,-11.480865739481576,1.0,0,6.0849056,3.7866926,3.18,5.11,373707104.0,"(0,15]",>0,>0,OK,1,1,1,1,1,ledger
CMCL,AMEX:CMCL,Caledonia Mining Corporation Plc Common Shares,Monthly,2022-03-31,2022-05-31,15.210000038146973,13.619999885559082,3.017021261053745,-33.82979185347016,-0.33829791853470165,-10.453649892177118,2.0,0,6.0849056,3.7866926,3.18,5.11,373707104.0,"(0,15]",>0,>0,OK,1,1,1,1,1,ledger
CMT,AMEX:CMT,"Core Molding Technologies, Inc.",Weekly,2019-04-12,2019-04-19,7.590000152587891,7.369999885559082,1.7624993890525367,-27.500026822083754,-0.27500026822083756,-2.89855418453183,1.0,0,21.535088,14.273255,1.14,1.72,210228976.0,"(15,25]",>0,>0,OK,1,1,1,1,1,ledger
CMT,AMEX:CMT,"Core Molding Technologies, Inc.",Weekly,2022-10-28,2022-12-02,10.130000114440918,10.770000457763672,2.4964024532065063,46.04317879467946,0.46043178794679457,6.317871037438542,5.0,1,21.535088,14.273255,1.14,1.72,210228976.0,"(15,25]",>0,>0,OK,1,1,1,1,1,ledger
CMT,AMEX:CMT,"Core Molding Technologies, Inc.",Weekly,2025-10-24,2025-10-31,19.110000610351562,17.90999984741211,1.9751547202714357,-74.53418062229298,-0.7453418062229299,-6.279438642662487,1.0,0,21.535088,14.273255,1.14,1.72,210228976.0,"(15,25]",>0,>0,OK,1,1,1,1,1,ledger
CMT,AMEX:CMT,"Core Molding Technologies, Inc.",Monthly,2025-03-31,2025-10-31,15.199999809265137,17.90999984741211,4.965053810022502,90.36464542861222,0.9036464542861223,17.828947843111788,7.0,1,21.535088,14.273255,1.14,1.72,210228976.0,"(15,25]",>0,>0,OK,1,1,1,1,1,ledger
COHN,AMEX:COHN,Cohen & Company Inc.,Daily,2024-09-04,2024-09-18,8.619999885559082,8.600000381469727,1.9655175437731087,-2.2987938758754347,-0.022987938758754347,-0.23201281154145081,10.0,0,3.1616163,6.7675676,3.96,1.85,40426704.0,"(0,15]",>0,>0,OK,1,1,0,0,1,ledger
COHN,AMEX:COHN,Cohen & Company Inc.,Daily,2025-08-06,2025-08-19,11.510000228881836,12.0,1.7575759327225964,49.494937818493575,0.4949493781849358,4.257165607074589,9.0,1,3.1616163,6.7675676,3.96,1.85,40426704.0,"(0,15]",>0,>0,OK,1,1,0,0,1,ledger
COHN,AMEX:COHN,Cohen & Company Inc.,Daily,2025-11-24,2025-12-12,14.4399995803833,19.020000457763672,1.5338346457709202,344.36098797796654,3.4436098797796655,31.717458521275095,13.0,1,3.1616163,6.7675676,3.96,1.85,40426704.0,"(0,15]",>0,>0,OK,1,1,0,0,1,ledger
COHN,AMEX:COHN,Cohen & Company Inc.,Daily,2025-12-24,2026-01-07,17.0,21.709999084472656,1.8361577172167804,266.10157437041346,2.6610157437041346,27.705876967486216,8.0,1,3.1616163,6.7675676,3.96,1.85,40426704.0,"(0,15]",>0,>0,OK,1,1,0,0,1,ledger
COHN,AMEX:COHN,Cohen & Company Inc.,Daily,2026-01-15,2026-01-23,19.90999984741211,19.280000686645508,4.996064402327567,-24.803126250759373,-0.24803126250759372,-3.1642348849565085,5.0,0,3.1616163,6.7675676,3.96,1.85,40426704.0,"(0,15]",>0,>0,OK,1,1,0,0,1,ledger
COHN,AMEX:COHN,Cohen & Company Inc.,Daily,2026-03-24,2026-03-27,15.40999984741211,15.220000267028809,3.7706809418290166,-12.41642530102146,-0.1241642530102146,-1.2329628959419394,3.0,0,3.1616163,6.7675676,3.96,1.85,40426704.0,"(0,15]",>0,>0,OK,1,1,0,0,1,ledger
COHN,AMEX:COHN,Cohen & Company Inc.,Weekly,2017-05-26,2017-06-16,12.800000190734863,11.600000381469727,1.5217385895987312,-52.1739004239704,-0.521739004239704,-9.374998370185518,3.0,0,3.1616163,6.7675676,3.96,1.85,40426704.0,"(0,15]",>0,>0,OK,1,1,0,0,1,ledger
COHN,AMEX:COHN,Cohen & Company Inc.,Weekly,2022-03-11,2022-04-15,16.40999984741211,15.390000343322754,9.755375889935737,-27.419339539565048,-0.27419339539565046,-6.215719156452104,5.0,0,3.1616163,6.7675676,3.96,1.85,40426704.0,"(0,15]",>0,>0,OK,1,1,0,0,1,ledger
COHN,AMEX:COHN,Cohen & Company Inc.,Weekly,2023-11-10,2023-11-24,7.570000171661377,6.329999923706055,2.2666661286966185,-63.58974697556907,-0.6358974697556907,-16.38045204539515,2.0,0,3.1616163,6.7675676,3.96,1.85,40426704.0,"(0,15]",>0,>0,OK,1,1,0,0,1,ledger
COHN,AMEX:COHN,Cohen & Company Inc.,Weekly,2024-07-19,2024-08-09,9.5600004196167,7.760000228881836,1.7068056134958374,-94.24083168375167,-0.9424083168375167,-18.8284530515432,3.0,0,3.1616163,6.7675676,3.96,1.85,40426704.0,"(0,15]",>0,>0,OK,1,1,0,0,1,ledger
COHN,AMEX:COHN,Cohen & Company Inc.,Monthly,2022-03-31,2022-06-30,16.149999618530273,10.760000228881836,4.675669347466559,-68.95172131314044,-0.6895172131314043,-33.37461001215152,3.0,0,3.1616163,6.7675676,3.96,1.85,40426704.0,"(0,15]",>0,>0,OK,1,1,0,0,1,ledger
CVU,AMEX:CVU,"CPI Aerostructures, Inc. Common Stock",Daily,2026-02-13,2026-02-23,3.890000104904175,3.9600000381469727,2.0555548196960163,19.444418689360575,0.19444418689360574,1.7994840965312058,5.0,1,40.916668,12.589744,0.12,0.39,65056192.0,>40,>0,>0,OK,1,1,0,1,1,ledger
CVU,AMEX:CVU,"CPI Aerostructures, Inc. Common Stock",Weekly,2017-01-27,2017-02-17,8.699999809265137,8.199999809265137,2.0661738523148445,-71.24738358972564,-0.7124738358972564,-5.747126562779012,3.0,0,40.916668,12.589744,0.12,0.39,65056192.0,>40,>0,>0,OK,1,1,0,1,1,ledger
CVU,AMEX:CVU,"CPI Aerostructures, Inc. Common Stock",Weekly,2020-09-18,2020-10-02,2.6600000858306885,2.259999990463257,4.054822095641243,-80.29353622296789,-0.8029353622296789,-15.037597084983403,2.0,0,40.916668,12.589744,0.12,0.39,65056192.0,>40,>0,>0,OK,1,1,0,1,1,ledger
CVU,AMEX:CVU,"CPI Aerostructures, Inc. Common Stock",Weekly,2024-06-28,2024-10-18,2.4700000286102295,3.25,1.771117888626217,293.9301741196304,2.939301741196304,31.57894584433043,16.0,1,40.916668,12.589744,0.12,0.39,65056192.0,>40,>0,>0,OK,1,1,0,1,1,ledger
DIT,AMEX:DIT,AMCON Distributing Company Common Stock,Daily,2024-08-01,2024-08-05,99.80000305175781,92.74666595458984,1.526215853918582,-99.0636850604297,-0.9906368506042971,-7.067471825136118,2.0,0,143.45834,,0.48,,67211696.0,>40,>0,missing,OK,1,1,0,0,1,ledger
DIT,AMEX:DIT,AMCON Distributing Company Common Stock,Daily,2024-08-21,2024-08-22,94.66000366210938,93.33333587646484,2.347902030868123,-25.942983881399947,-0.25942983881399945,-1.401508276272729,1.0,0,143.45834,,0.48,,67211696.0,>40,>0,missing,OK,1,1,0,0,1,ledger
DIT,AMEX:DIT,AMCON Distributing Company Common Stock,Daily,2026-07-08,2026-07-16,70.5,68.5,1.7100120252871647,-120.84882818961823,-1.2084882818961822,-2.8368794326241136,6.0,0,143.45834,,0.48,,67211696.0,>40,>0,missing,OK,1,1,0,0,1,ledger
DIT,AMEX:DIT,AMCON Distributing Company Common Stock,Weekly,2017-05-05,2017-07-21,68.0,66.83333587646484,2.096288762982213,-17.55261756306302,-0.17552617563063022,-1.7156825346105238,11.0,0,143.45834,,0.48,,67211696.0,>40,>0,missing,OK,1,1,0,0,1,ledger
DIT,AMEX:DIT,AMCON Distributing Company Common Stock,Weekly,2021-11-12,2021-12-17,104.65333557128906,113.00666809082031,3.311455994903305,36.712564861307875,0.3671256486130787,7.981907575072963,5.0,1,143.45834,,0.48,,67211696.0,>40,>0,missing,OK,1,1,0,0,1,ledger
DIT,AMEX:DIT,AMCON Distributing Company Common Stock,Weekly,2023-10-27,2023-11-10,130.66000366210938,120.66666412353516,2.253755987728649,-62.56263561796417,-0.6256263561796417,-7.648353940366702,2.0,0,143.45834,,0.48,,67211696.0,>40,>0,missing,OK,1,1,0,0,1,ledger
DIT,AMEX:DIT,AMCON Distributing Company Common Stock,Monthly,2017-05-31,2017-09-30,68.03333282470703,61.5,2.0808384567151803,-97.80437913520589,-0.9780437913520589,-9.603135041966343,4.0,0,143.45834,,0.48,,67211696.0,>40,>0,missing,OK,1,1,0,0,1,ledger
DIT,AMEX:DIT,AMCON Distributing Company Common Stock,Monthly,2025-08-31,2026-01-31,79.99333190917969,72.3066635131836,5.240233446771971,-40.277251099260575,-0.4027725109926057,-9.609136427425153,5.0,0,143.45834,,0.48,,67211696.0,>40,>0,missing,OK,1,1,0,0,1,ledger
DNN,AMEX:DNN,Denison Mines Corp.,Daily,2024-11-07,2024-12-02,2.119999885559082,2.2899999618530273,2.3333373069801078,141.6668653490054,1.4166686534900539,8.018871956170566,16.0,1,,-73.80391,-0.24,-0.040377267,2696950528.0,missing,<=0,<=0,OK,0,0,0,0,0,ledger
DNN,AMEX:DNN,Denison Mines Corp.,Daily,2025-05-20,2025-05-29,1.4500000476837158,1.600000023841858,2.080642514639244,195.0602454361779,1.9506024543617788,10.344825601747921,6.0,1,,-73.80391,-0.24,-0.040377267,2696950528.0,missing,<=0,<=0,OK,0,0,0,0,0,ledger
DNN,AMEX:DNN,Denison Mines Corp.,Daily,2025-08-18,2025-08-19,2.059999942779541,1.9299999475479126,2.723212739304567,-118.00589979796713,-1.1800589979796714,-6.31067955546739,1.0,0,,-73.80391,-0.24,-0.040377267,2696950528.0,missing,<=0,<=0,OK,0,0,0,0,0,ledger
DNN,AMEX:DNN,Denison Mines Corp.,Weekly,2026-05-29,2026-06-05,3.4800000190734863,3.0299999713897705,2.1509955274447434,-101.88929307957872,-1.0188929307957872,-12.931035782106795,1.0,0,,-73.80391,-0.24,-0.040377267,2696950528.0,missing,<=0,<=0,OK,0,0,0,0,0,ledger
DNN,AMEX:DNN,Denison Mines Corp.,Monthly,2017-07-31,2017-10-31,0.5099999904632568,0.4099999964237213,3.300000029802324,-100.0,-1.0,-19.607842335193155,3.0,0,,-73.80391,-0.24,-0.040377267,2696950528.0,missing,<=0,<=0,OK,0,0,0,0,0,ledger
ELA,AMEX:ELA,Envela Corporation Common Stock,Daily,2025-01-03,2025-01-13,7.25,6.949999809265137,1.800000817435351,-85.71436356527153,-0.8571436356527153,-4.137933665308459,5.0,0,26.743902,62.657146,0.82,0.35,569379008.0,"(25,40]",>0,>0,OK,1,1,0,0,1,ledger
ELA,AMEX:ELA,Envela Corporation Common Stock,Daily,2025-11-19,2025-12-08,10.529999732971191,12.510000228881836,1.5769258279093055,380.76968926693553,3.8076968926693553,18.803423989755018,12.0,1,26.743902,62.657146,0.82,0.35,569379008.0,"(25,40]",>0,>0,OK,1,1,0,0,1,ledger
ELA,AMEX:ELA,Envela Corporation Common Stock,Daily,2025-12-31,2026-01-02,13.380000114440918,11.989999771118164,1.6285711690682603,-132.380961031058,-1.3238096103105799,-10.388642237921497,1.0,0,26.743902,62.657146,0.82,0.35,569379008.0,"(25,40]",>0,>0,OK,1,1,0,0,1,ledger
ELA,AMEX:ELA,Envela Corporation Common Stock,Daily,2026-06-09,2026-06-16,24.8700008392334,25.920000076293945,2.4743673975526796,64.46860214908301,0.6446860214908301,4.221950951461698,5.0,1,26.743902,62.657146,0.82,0.35,569379008.0,"(25,40]",>0,>0,OK,1,1,0,0,1,ledger
ELA,AMEX:ELA,Envela Corporation Common Stock,Weekly,2021-03-12,2021-03-26,5.659999847412109,5.239999771118164,1.8333334989017844,-43.75000620881692,-0.43750006208816916,-7.4204962476453,2.0,0,26.743902,62.657146,0.82,0.35,569379008.0,"(25,40]",>0,>0,OK,1,1,0,0,1,ledger
ELA,AMEX:ELA,Envela Corporation Common Stock,Weekly,2023-04-07,2023-04-21,6.800000190734863,6.639999866485596,1.82657404851867,-23.380195202262765,-0.23380195202262768,-2.352945878843816,2.0,0,26.743902,62.657146,0.82,0.35,569379008.0,"(25,40]",>0,>0,OK,1,1,0,0,1,ledger
ELA,AMEX:ELA,Envela Corporation Common Stock,Monthly,2019-05-31,2021-03-31,0.7200000286102295,5.019999980926514,2.9142854612700964,1228.5713312577295,12.285713312577295,597.2221918680062,22.0,1,26.743902,62.657146,0.82,0.35,569379008.0,"(25,40]",>0,>0,OK,1,1,0,0,1,ledger
ELA,AMEX:ELA,Envela Corporation Common Stock,Monthly,2021-06-30,2021-08-31,4.800000190734863,4.230000019073486,2.077492013656429,-45.19736092112897,-0.4519736092112897,-11.875003104408458,2.0,0,26.743902,62.657146,0.82,0.35,569379008.0,"(25,40]",>0,>0,OK,1,1,0,0,1,ledger
ELMD,AMEX:ELMD,"Electromed, Inc. Common Stock",Weekly,2019-02-01,2019-03-29,5.639999866485596,5.150000095367432,2.112500827014742,-61.24999329447506,-0.6124999329447507,-8.68793940989033,8.0,0,35.728813,69.11475,1.18,0.61,349087488.0,"(25,40]",>0,>0,OK,1,1,0,0,1,ledger
ELMD,AMEX:ELMD,"Electromed, Inc. Common Stock",Weekly,2020-05-29,2020-06-12,14.420000076293945,13.90999984741211,1.85664339278682,-17.83217797565596,-0.1783217797565596,-3.536756076168552,2.0,0,35.728813,69.11475,1.18,0.61,349087488.0,"(25,40]",>0,>0,OK,1,1,0,0,1,ledger
ELMD,AMEX:ELMD,"Electromed, Inc. Common Stock",Weekly,2022-12-30,2023-03-10,10.489999771118164,11.199999809265137,1.932692598661738,68.2692369413096,0.682692369413096,6.768351321625351,10.0,1,35.728813,69.11475,1.18,0.61,349087488.0,"(25,40]",>0,>0,OK,1,1,0,0,1,ledger
ELMD,AMEX:ELMD,"Electromed, Inc. Common Stock",Weekly,2023-04-07,2023-04-21,10.800000190734863,10.59000015258789,2.8678030338736966,-19.81048533120331,-0.1981048533120331,-1.9444447633170239,2.0,0,35.728813,69.11475,1.18,0.61,349087488.0,"(25,40]",>0,>0,OK,1,1,0,0,1,ledger
ELMD,AMEX:ELMD,"Electromed, Inc. Common Stock",Weekly,2024-07-19,2024-12-06,15.739999771118164,28.709999084472656,1.6436787279079124,745.4023574393731,7.454023574393732,82.40152161344731,20.0,1,35.728813,69.11475,1.18,0.61,349087488.0,"(25,40]",>0,>0,OK,1,1,0,0,1,ledger
ELMD,AMEX:ELMD,"Electromed, Inc. Common Stock",Monthly,2021-02-28,2021-04-30,10.5600004196167,9.770000457763672,3.4094377066918824,-29.37247454673049,-0.2937247454673049,-7.481059947549721,2.0,0,35.728813,69.11475,1.18,0.61,349087488.0,"(25,40]",>0,>0,OK,1,1,0,0,1,ledger
ELMD,AMEX:ELMD,"Electromed, Inc. Common Stock",Monthly,2025-08-31,2026-02-28,24.729999542236328,23.700000762939453,1.5471431187220983,-14.714268275669644,-0.14714268275669642,-4.164976944450572,6.0,0,35.728813,69.11475,1.18,0.61,349087488.0,"(25,40]",>0,>0,OK,1,1,0,0,1,ledger
EQX,AMEX:EQX,Equinox Gold Corp.,Daily,2024-07-29,2024-08-01,5.5,5.429999828338623,2.399998612837839,-25.454599049447133,-0.2545459904944713,-1.2727303938432173,3.0,0,25.891891,6.152068,0.37,1.5572,7560132096.0,"(25,40]",>0,>0,OK,1,1,0,1,1,ledger
EQX,AMEX:EQX,Equinox Gold Corp.,Daily,2025-04-24,2025-05-01,6.800000190734863,6.349999904632568,1.579084727898221,-124.66472978605736,-1.2466472978605736,-6.6176510805901065,5.0,0,25.891891,6.152068,0.37,1.5572,7560132096.0,"(25,40]",>0,>0,OK,1,1,0,1,1,ledger
EQX,AMEX:EQX,Equinox Gold Corp.,Daily,2026-02-03,2026-02-05,15.109999656677246,13.739999771118164,1.8031502803578308,-107.87404885968292,-1.0787404885968293,-9.066842598859138,2.0,0,25.891891,6.152068,0.37,1.5572,7560132096.0,"(25,40]",>0,>0,OK,1,1,0,1,1,ledger
EQX,AMEX:EQX,Equinox Gold Corp.,Weekly,2023-03-03,2023-04-21,3.890000104904175,5.0,1.8222820002644409,200.27057903245847,2.0027057903245846,28.534700903900585,7.0,1,25.891891,6.152068,0.37,1.5572,7560132096.0,"(25,40]",>0,>0,OK,1,1,0,1,1,ledger
EQX,AMEX:EQX,Equinox Gold Corp.,Weekly,2024-02-16,2024-04-12,4.599999904632568,5.96999979019165,2.3503507727408026,312.6193819201004,3.1261938192010037,29.782606825260636,8.0,1,25.891891,6.152068,0.37,1.5572,7560132096.0,"(25,40]",>0,>0,OK,1,1,0,1,1,ledger
EQX,AMEX:EQX,Equinox Gold Corp.,Monthly,2019-06-30,2020-02-29,4.610000133514404,7.300000190734863,1.5,280.20832815931925,2.8020832815931924,58.35140952956447,8.0,1,25.891891,6.152068,0.37,1.5572,7560132096.0,"(25,40]",>0,>0,OK,1,1,0,1,1,ledger
EQX,AMEX:EQX,Equinox Gold Corp.,Monthly,2021-05-31,2021-06-30,9.3100004196167,6.949999809265137,2.4917825495139616,-135.1242947329477,-1.3512429473294771,-25.34909241656861,1.0,0,25.891891,6.152068,0.37,1.5572,7560132096.0,"(25,40]",>0,>0,OK,1,1,0,1,1,ledger
ESP,AMEX:ESP,Espey Mfg. & Electronics Corp. Common Stock,Daily,2025-01-15,2025-01-21,28.489999771118164,28.420000076293945,2.050314412596657,-4.402496107329736,-0.04402496107329736,-0.24569917650607065,3.0,0,15.839378,16.479784,3.86,3.71,183170672.0,"(15,25]",>0,>0,OK,1,1,1,0,1,ledger
ESP,AMEX:ESP,Espey Mfg. & Electronics Corp. Common Stock,Daily,2026-07-09,2026-07-13,61.5,55.77000045776367,2.495725974049146,-168.83715026975858,-1.6883715026975858,-9.317072426400534,2.0,0,15.839378,16.479784,3.86,3.71,183170672.0,"(15,25]",>0,>0,OK,1,1,1,0,1,ledger
ESP,AMEX:ESP,Espey Mfg. & Electronics Corp. Common Stock,Weekly,2018-10-19,2018-11-02,29.389999389648438,27.15999984741211,1.6719581311610408,-117.98943187231053,-1.1798943187231055,-7.587613435003217,2.0,0,15.839378,16.479784,3.86,3.71,183170672.0,"(15,25]",>0,>0,OK,1,1,1,0,1,ledger
ESP,AMEX:ESP,Espey Mfg. & Electronics Corp. Common Stock,Weekly,2020-10-23,2020-12-25,18.25,19.68000030517578,1.5979069068320264,105.78738545514011,1.057873854551401,7.835618110552225,9.0,1,15.839378,16.479784,3.86,3.71,183170672.0,"(15,25]",>0,>0,OK,1,1,1,0,1,ledger
ESP,AMEX:ESP,Espey Mfg. & Electronics Corp. Common Stock,Weekly,2021-02-12,2021-03-05,20.25,18.959999084472656,1.6666670519897118,-78.18189174349045,-0.7818189174349045,-6.370374891493055,3.0,0,15.839378,16.479784,3.86,3.71,183170672.0,"(15,25]",>0,>0,OK,1,1,1,0,1,ledger
ESP,AMEX:ESP,Espey Mfg. & Electronics Corp. Common Stock,Weekly,2026-06-19,2026-07-10,60.970001220703125,59.91999816894531,1.9942184200212014,-15.173450155647322,-0.15173450155647322,-1.7221634094395768,3.0,0,15.839378,16.479784,3.86,3.71,183170672.0,"(15,25]",>0,>0,OK,1,1,1,0,1,ledger
EVI,AMEX:EVI,"EVI Industries, Inc.  Common Stock",Daily,2024-08-15,2024-08-20,17.350000381469727,15.739999771118164,1.5704221284666395,-56.690159290466354,-0.5669015929046635,-9.279542218748809,3.0,0,31.48889,15.571428,0.45,0.91,182355328.0,"(25,40]",>0,>0,OK,1,1,0,1,1,ledger
EVI,AMEX:EVI,"EVI Industries, Inc.  Common Stock",Daily,2025-04-01,2025-04-04,17.360000610351562,16.799999237060547,3.671378477307477,-57.269551581528255,-0.5726955158152826,-3.225814248860645,3.0,0,31.48889,15.571428,0.45,0.91,182355328.0,"(25,40]",>0,>0,OK,1,1,0,1,1,ledger
EVI,AMEX:EVI,"EVI Industries, Inc.  Common Stock",Daily,2025-06-18,2025-07-11,18.81999969482422,25.530000686645508,1.728395730361949,828.3957303619491,8.283957303619491,35.65356589068723,15.0,1,31.48889,15.571428,0.45,0.91,182355328.0,"(25,40]",>0,>0,OK,1,1,0,1,1,ledger
EVI,AMEX:EVI,"EVI Industries, Inc.  Common Stock",Daily,2026-04-17,2026-04-21,21.489999771118164,20.639999389648438,2.0420161467407594,-71.42857142857143,-0.7142857142857143,-3.9553298767927325,2.0,0,31.48889,15.571428,0.45,0.91,182355328.0,"(25,40]",>0,>0,OK,1,1,0,1,1,ledger
EVI,AMEX:EVI,"EVI Industries, Inc.  Common Stock",Weekly,2017-03-24,2017-05-19,19.799999237060547,20.399999618530273,2.0618087823131033,23.790112969256473,0.23790112969256474,3.0303050736824217,8.0,1,31.48889,15.571428,0.45,0.91,182355328.0,"(25,40]",>0,>0,OK,1,1,0,1,1,ledger
FSI,AMEX:FSI,Flexible Solutions International Inc. Common Stock (CDA),Daily,2026-05-01,2026-05-05,6.449999809265137,6.050000190734863,2.140000343322754,-79.99992370605469,-0.7999992370605469,-6.201544656725289,2.0,0,83.333336,15.625,0.06,0.32,63737488.0,>40,>0,>0,OK,1,1,0,1,1,ledger
FSI,AMEX:FSI,Flexible Solutions International Inc. Common Stock (CDA),Weekly,2017-07-21,2017-08-18,1.940000057220459,1.8799999952316284,2.668310680962354,-24.86006102274767,-0.2486006102274767,-3.0927866092331895,4.0,0,83.333336,15.625,0.06,0.32,63737488.0,>40,>0,>0,OK,1,1,0,1,1,ledger
FSI,AMEX:FSI,Flexible Solutions International Inc. Common Stock (CDA),Weekly,2019-10-25,2019-11-15,2.859999895095825,2.546999931335449,2.937500419095246,-48.906254540198496,-0.48906254540198496,-10.944055078361771,3.0,0,83.333336,15.625,0.06,0.32,63737488.0,>40,>0,>0,OK,1,1,0,1,1,ledger
FSI,AMEX:FSI,Flexible Solutions International Inc. Common Stock (CDA),Weekly,2021-10-15,2021-11-05,3.7049999237060547,3.569999933242798,1.5148515926601052,-26.732677941743702,-0.26732677941743704,-3.6437245139864514,3.0,0,83.333336,15.625,0.06,0.32,63737488.0,>40,>0,>0,OK,1,1,0,1,1,ledger
FSI,AMEX:FSI,Flexible Solutions International Inc. Common Stock (CDA),Weekly,2025-05-09,2025-07-18,4.449999809265137,5.429999828338623,2.818182431195754,98.9899238023678,0.9898992380236781,22.02247328265215,10.0,1,83.333336,15.625,0.06,0.32,63737488.0,>40,>0,>0,OK,1,1,0,1,1,ledger
FSI,AMEX:FSI,Flexible Solutions International Inc. Common Stock (CDA),Weekly,2025-12-12,2026-01-16,7.139999866485596,6.170000076293945,3.798569244475233,-84.91844155441174,-0.8491844155441174,-13.585431489217903,5.0,0,83.333336,15.625,0.06,0.32,63737488.0,>40,>0,>0,OK,1,1,0,1,1,ledger
FSI,AMEX:FSI,Flexible Solutions International Inc. Common Stock (CDA),Monthly,2018-06-30,2018-09-30,1.690000057220459,1.4700000286102295,1.9796158505031958,-48.71538229654876,-0.4871538229654876,-13.017752731444476,3.0,0,83.333336,15.625,0.06,0.32,63737488.0,>40,>0,>0,OK,1,1,0,1,1,ledger
FSI,AMEX:FSI,Flexible Solutions International Inc. Common Stock (CDA),Monthly,2019-10-31,2020-01-31,2.7860000133514404,2.200000047683716,2.645647065852662,-79.34233786858346,-0.7934233786858346,-21.033738796102565,3.0,0,83.333336,15.625,0.06,0.32,63737488.0,>40,>0,>0,OK,1,1,0,1,1,ledger
FTF,AMEX:FTF,Franklin Limited Duration Income Trust Common Shares of Beneficial Interest,Daily,2026-02-04,2026-02-12,6.199999809265137,6.199999809265137,1.5000039736467745,0.0,0.0,0.0,6.0,0,13.666667,,0.42,,231926848.0,"(0,15]",>0,missing,OK,1,1,1,0,1,ledger
FTF,AMEX:FTF,Franklin Limited Duration Income Trust Common Shares of Beneficial Interest,Weekly,2021-04-23,2021-05-28,9.25,9.1899995803833,1.5656023112677684,-26.839055213162773,-0.2683905521316277,-0.6486531850453969,5.0,0,13.666667,,0.42,,231926848.0,"(0,15]",>0,missing,OK,1,1,1,0,1,ledger
FURY,AMEX:FURY,Fury Gold Mines Limited Common Shares,Daily,2024-09-11,2024-09-27,0.3930000066757202,0.4480000138282776,1.838708002784112,177.4192742081239,1.7741927420812391,13.994912523739483,12.0,1,13.815001,-15.488538,0.04,-0.035678,105067056.0,"(0,15]",>0,<=0,OK,1,1,1,0,1,ledger
FURY,AMEX:FURY,Fury Gold Mines Limited Common Shares,Daily,2025-01-16,2025-01-28,0.3779999911785126,0.3630000054836273,1.7671117977911996,-77.96071893850078,-0.7796071893850077,-3.9682502764401995,7.0,0,13.815001,-15.488538,0.04,-0.035678,105067056.0,"(0,15]",>0,<=0,OK,1,1,1,0,1,ledger
FURY,AMEX:FURY,Fury Gold Mines Limited Common Shares,Daily,2025-12-19,2025-12-29,0.6060000061988831,0.6010000109672546,2.521750128568412,-11.060294859157379,-0.1106029485915738,-0.8250817129509187,5.0,0,13.815001,-15.488538,0.04,-0.035678,105067056.0,"(0,15]",>0,<=0,OK,1,1,1,0,1,ledger
FURY,AMEX:FURY,Fury Gold Mines Limited Common Shares,Weekly,2019-09-13,2019-10-04,1.955556035041809,1.7777780294418335,3.0508059736505757,-70.40334914081065,-0.7040334914081064,-9.090918511888859,3.0,0,13.815001,-15.488538,0.04,-0.035678,105067056.0,"(0,15]",>0,<=0,OK,1,1,1,0,1,ledger
FURY,AMEX:FURY,Fury Gold Mines Limited Common Shares,Weekly,2019-12-06,2020-01-10,2.1096301078796387,1.940740942955017,1.5132536535999912,-64.85385226235883,-0.6485385226235882,-8.005629247222389,5.0,0,13.815001,-15.488538,0.04,-0.035678,105067056.0,"(0,15]",>0,<=0,OK,1,1,1,0,1,ledger
FURY,AMEX:FURY,Fury Gold Mines Limited Common Shares,Weekly,2020-10-02,2020-10-16,3.1407411098480225,1.4199999570846558,1.6363624393455414,-351.9695447562849,-3.519695447562849,-54.787742528916425,2.0,0,13.815001,-15.488538,0.04,-0.035678,105067056.0,"(0,15]",>0,<=0,OK,1,1,1,0,1,ledger
FURY,AMEX:FURY,Fury Gold Mines Limited Common Shares,Weekly,2025-11-28,2026-01-09,0.6019999980926514,0.5830000042915344,2.716980856226295,-17.92452140565738,-0.17924521405657382,-3.1561451596869827,6.0,0,13.815001,-15.488538,0.04,-0.035678,105067056.0,"(0,15]",>0,<=0,OK,1,1,1,0,1,ledger
GAU,AMEX:GAU,Galiano Gold Inc.,Daily,2024-07-26,2024-08-02,1.7799999713897705,1.690000057220459,2.0,-81.81809315012674,-0.8181809315012674,-5.056175034600831,5.0,0,16.363636,1.9565216,0.11,0.92,470184768.0,"(15,25]",>0,>0,OK,1,1,1,1,1,ledger
GAU,AMEX:GAU,Galiano Gold Inc.,Daily,2025-10-23,2025-10-27,2.7300000190734863,2.4800000190734863,1.5599994659423828,-100.0,-1.0,-9.157509093529075,2.0,0,16.363636,1.9565216,0.11,0.92,470184768.0,"(15,25]",>0,>0,OK,1,1,1,1,1,ledger
GAU,AMEX:GAU,Galiano Gold Inc.,Weekly,2016-12-30,2017-02-10,3.059999942779541,3.2100000381469727,3.244898207432918,30.61226376490177,0.3061226376490177,4.9019639925607175,6.0,1,16.363636,1.9565216,0.11,0.92,470184768.0,"(15,25]",>0,>0,OK,1,1,1,1,1,ledger
GAU,AMEX:GAU,Galiano Gold Inc.,Weekly,2018-10-05,2018-11-02,0.9100000262260437,0.7799999713897705,2.473684078438459,-68.4210823513468,-0.684210823513468,-14.285719899966379,4.0,0,16.363636,1.9565216,0.11,0.92,470184768.0,"(15,25]",>0,>0,OK,1,1,1,1,1,ledger
GAU,AMEX:GAU,Galiano Gold Inc.,Weekly,2020-09-18,2020-09-25,1.5399999618530273,1.350000023841858,2.7281452062295086,-89.3702565953742,-0.893702565953742,-12.337658618026797,1.0,0,16.363636,1.9565216,0.11,0.92,470184768.0,"(15,25]",>0,>0,OK,1,1,1,1,1,ledger
GAU,AMEX:GAU,Galiano Gold Inc.,Weekly,2023-06-23,2023-07-28,0.6100000143051147,0.6000000238418579,1.8571429787850018,-14.285702121499822,-0.14285702121499824,-1.6393426604503258,5.0,0,16.363636,1.9565216,0.11,0.92,470184768.0,"(15,25]",>0,>0,OK,1,1,1,1,1,ledger
GAU,AMEX:GAU,Galiano Gold Inc.,Monthly,2021-05-31,2021-06-30,1.3300000429153442,1.090000033378601,2.468749103602169,-74.99999068677579,-0.7499999068677577,-18.04511291673841,1.0,0,16.363636,1.9565216,0.11,0.92,470184768.0,"(15,25]",>0,>0,OK,1,1,1,1,1,ledger
GENC,AMEX:GENC,"Gencor Industries, Inc. Common Stock",Daily,2024-08-07,2024-08-12,21.139999389648438,18.270000457763672,4.260936485170081,-326.97550560573535,-3.2697550560573534,-13.5761542797873,3.0,0,16.370787,17.141176,0.89,0.85,213562720.0,"(15,25]",>0,>0,OK,1,1,1,0,1,ledger
GENC,AMEX:GENC,"Gencor Industries, Inc. Common Stock",Daily,2024-11-21,2024-11-26,21.610000610351562,21.700000762939453,1.683239690774264,12.519995341789949,0.12519995341789947,0.41647454903253917,3.0,1,16.370787,17.141176,0.89,0.85,213562720.0,"(15,25]",>0,>0,OK,1,1,1,0,1,ledger
GENC,AMEX:GENC,"Gencor Industries, Inc. Common Stock",Daily,2025-08-04,2025-09-09,14.850000381469727,15.210000038146973,2.236840762370365,31.578907742076346,0.3157890774207635,2.424240050030331,25.0,1,16.370787,17.141176,0.89,0.85,213562720.0,"(15,25]",>0,>0,OK,1,1,1,0,1,ledger
GENC,AMEX:GENC,"Gencor Industries, Inc. Common Stock",Daily,2026-04-23,2026-04-29,14.930000305175781,14.470000267028809,1.9700759203398617,-93.4263546408903,-0.934263546408903,-3.0810450686160036,4.0,0,16.370787,17.141176,0.89,0.85,213562720.0,"(15,25]",>0,>0,OK,1,1,1,0,1,ledger
GENC,AMEX:GENC,"Gencor Industries, Inc. Common Stock",Monthly,2021-11-30,2022-02-28,11.84000015258789,10.25,2.29602074047435,-93.36760793265577,-0.9336760793265578,-13.429055169736307,3.0,0,16.370787,17.141176,0.89,0.85,213562720.0,"(15,25]",>0,>0,OK,1,1,1,0,1,ledger
GGN,AMEX:GGN,"GAMCO Global Gold, Natural Resources & Income Trust",Daily,2024-09-10,2024-09-25,4.099999904632568,4.309999942779541,2.0,350.00039736467744,3.5000039736467747,5.12195226906456,11.0,1,2.4626865,,2.01,,773312576.0,"(0,15]",>0,missing,OK,1,1,0,0,1,ledger
GGN,AMEX:GGN,"GAMCO Global Gold, Natural Resources & Income Trust",Daily,2026-05-05,2026-05-14,5.260000228881836,5.380000114440918,3.2608471282670757,130.43388513068302,1.3043388513068301,2.281366546339323,7.0,1,2.4626865,,2.01,,773312576.0,"(0,15]",>0,missing,OK,1,1,0,0,1,ledger
GGN,AMEX:GGN,"GAMCO Global Gold, Natural Resources & Income Trust",Weekly,2018-01-05,2018-02-02,5.369999885559082,5.25,3.659090736680802,-27.27269771670891,-0.27272697716708916,-2.234634788015244,4.0,0,2.4626865,,2.01,,773312576.0,"(0,15]",>0,missing,OK,1,1,0,0,1,ledger
GGN,AMEX:GGN,"GAMCO Global Gold, Natural Resources & Income Trust",Weekly,2019-08-30,2019-09-13,4.449999809265137,4.400000095367432,1.5263189595892164,-26.31569701198119,-0.2631569701198119,-1.1235891245119385,2.0,0,2.4626865,,2.01,,773312576.0,"(0,15]",>0,missing,OK,1,1,0,0,1,ledger
GGN,AMEX:GGN,"GAMCO Global Gold, Natural Resources & Income Trust",Weekly,2021-10-08,2021-11-19,3.8399999141693115,3.809999942779541,2.2857176916972355,-14.285714285714286,-0.14285714285714285,-0.7812492724042223,6.0,0,2.4626865,,2.01,,773312576.0,"(0,15]",>0,missing,OK,1,1,0,0,1,ledger
GLU,AMEX:GLU,Gabelli Global Utility Common Shares of Beneficial Ownership,Daily,2024-11-18,2024-12-17,16.149999618530273,15.960000038146973,3.12949650189048,-46.09322481969939,-0.46093224819699385,-1.1764680177781432,20.0,0,3.809524,,5.04,,115014840.0,"(0,15]",>0,missing,OK,1,1,0,0,1,ledger
GLU,AMEX:GLU,Gabelli Global Utility Common Shares of Beneficial Ownership,Monthly,2021-12-31,2022-02-28,21.049999237060547,19.459999084472656,1.703114792915196,-90.26509268699517,-0.9026509268699517,-7.55344517917389,2.0,0,3.809524,,5.04,,115014840.0,"(0,15]",>0,missing,OK,1,1,0,0,1,ledger
GPUS,AMEX:GPUS,"Hyperscale Data, Inc. Common Stock",Daily,2026-02-06,2026-02-17,0.20999999344348907,0.18000000715255737,6.3333366447040005,-100.0,-1.0,-14.285708203607486,6.0,0,2.1416667,,0.06,,44691356.0,"(0,15]",>0,missing,OK,1,1,0,0,1,ledger
GPUS,AMEX:GPUS,"Hyperscale Data, Inc. Common Stock",Weekly,2016-11-18,2016-11-25,106220016.0,90430552.0,2.590909632121681,-50.00001266667764,-0.5000001266667764,-14.864866900415455,1.0,0,2.1416667,,0.06,,44691356.0,"(0,15]",>0,missing,OK,1,1,0,0,1,ledger
GPUS,AMEX:GPUS,"Hyperscale Data, Inc. Common Stock",Weekly,2018-04-13,2018-05-25,173684080.0,101913800.0,7.722800294762986,-81.46413410738612,-0.8146413410738612,-41.3223134785871,6.0,0,2.1416667,,0.06,,44691356.0,"(0,15]",>0,missing,OK,1,1,0,0,1,ledger
GPUS,AMEX:GPUS,"Hyperscale Data, Inc. Common Stock",Weekly,2021-04-30,2021-05-14,538277.125,423444.65625,7.1683783578084554,-57.7803874337188,-0.5778038743371879,-21.333336197409466,2.0,0,2.1416667,,0.06,,44691356.0,"(0,15]",>0,missing,OK,1,1,0,0,1,ledger
IDR,AMEX:IDR,"Idaho Strategic Resources, Inc. Common Stock",Daily,2025-08-01,2025-08-12,17.229999542236328,23.760000228881836,3.9408371679024707,544.167242845449,5.44167242845449,37.89901834087897,7.0,1,20.594595,38.582275,1.48,0.79,481884480.0,"(15,25]",>0,>0,OK,1,1,1,0,1,ledger
IDR,AMEX:IDR,"Idaho Strategic Resources, Inc. Common Stock",Daily,2025-10-30,2025-11-04,34.959999084472656,30.950000762939453,3.1184837150692295,-63.34910536911114,-0.6334910536911114,-11.47024721552189,3.0,0,20.594595,38.582275,1.48,0.79,481884480.0,"(15,25]",>0,>0,OK,1,1,1,0,1,ledger
IDR,AMEX:IDR,"Idaho Strategic Resources, Inc. Common Stock",Daily,2026-04-30,2026-05-14,42.150001525878906,44.59000015258789,1.724735962060413,85.01729239161352,0.8501729239161352,5.788845879900846,10.0,1,20.594595,38.582275,1.48,0.79,481884480.0,"(15,25]",>0,>0,OK,1,1,1,0,1,ledger
IDR,AMEX:IDR,"Idaho Strategic Resources, Inc. Common Stock",Weekly,2019-12-20,2019-12-27,1.9739999771118164,1.7640000581741333,2.547339882639487,-64.76285531710825,-0.6476285531710825,-10.638293889189226,1.0,0,20.594595,38.582275,1.48,0.79,481884480.0,"(15,25]",>0,>0,OK,1,1,1,0,1,ledger
IDR,AMEX:IDR,"Idaho Strategic Resources, Inc. Common Stock",Weekly,2021-05-14,2021-10-01,4.199999809265137,4.199999809265137,5.127866847314919,0.0,0.0,0.0,20.0,0,20.594595,38.582275,1.48,0.79,481884480.0,"(15,25]",>0,>0,OK,1,1,1,0,1,ledger
IDR,AMEX:IDR,"Idaho Strategic Resources, Inc. Common Stock",Weekly,2022-10-14,2023-01-20,5.260000228881836,5.5,8.456412420998044,23.984129888184174,0.23984129888184175,4.562733092678646,14.0,1,20.594595,38.582275,1.48,0.79,481884480.0,"(15,25]",>0,>0,OK,1,1,1,0,1,ledger
IDR,AMEX:IDR,"Idaho Strategic Resources, Inc. Common Stock",Weekly,2024-11-29,2024-12-20,12.25,10.489999771118164,3.2665074961099614,-94.24678002089887,-0.9424678002089887,-14.36734880719866,3.0,0,20.594595,38.582275,1.48,0.79,481884480.0,"(15,25]",>0,>0,OK,1,1,1,0,1,ledger
IDR,AMEX:IDR,"Idaho Strategic Resources, Inc. Common Stock",Weekly,2025-06-13,2025-06-27,14.369999885559082,12.859999656677246,2.4792626383816545,-69.58526155725781,-0.6958526155725782,-10.508004460036831,2.0,0,20.594595,38.582275,1.48,0.79,481884480.0,"(15,25]",>0,>0,OK,1,1,1,0,1,ledger
IDR,AMEX:IDR,"Idaho Strategic Resources, Inc. Common Stock",Weekly,2025-11-14,2026-01-02,35.130001068115234,41.130001068115234,2.5989373054814866,79.68126763442437,0.7968126763442437,17.07941878045012,7.0,1,20.594595,38.582275,1.48,0.79,481884480.0,"(15,25]",>0,>0,OK,1,1,1,0,1,ledger
IDR,AMEX:IDR,"Idaho Strategic Resources, Inc. Common Stock",Weekly,2026-05-29,2026-06-05,39.11000061035156,32.470001220703125,1.9625272891166115,-91.83355365077269,-0.9183355365077269,-16.977753224301857,1.0,0,20.594595,38.582275,1.48,0.79,481884480.0,"(15,25]",>0,>0,OK,1,1,1,0,1,ledger
IDR,AMEX:IDR,"Idaho Strategic Resources, Inc. Common Stock",Monthly,2023-04-30,2024-11-30,6.260000228881836,12.25,4.168714002466233,334.6367767094674,3.3463677670946743,95.68689380364607,19.0,1,20.594595,38.582275,1.48,0.79,481884480.0,"(15,25]",>0,>0,OK,1,1,1,0,1,ledger
IE,AMEX:IE,Ivanhoe Electric Inc.,Daily,2024-07-23,2024-07-25,10.229999542236328,9.8100004196167,2.6146633188910533,-57.79768258731456,-0.5779768258731457,-4.105563454676509,2.0,0,,-21.160933,-0.29,-0.49667,1663644800.0,missing,<=0,<=0,OK,0,0,0,0,0,ledger
IE,AMEX:IE,Ivanhoe Electric Inc.,Daily,2025-07-02,2025-07-29,9.239999771118164,11.100000381469727,1.5685942513849127,383.8928139880222,3.8389281398802226,20.129877234038908,18.0,1,,-21.160933,-0.29,-0.49667,1663644800.0,missing,<=0,<=0,OK,0,0,0,0,0,ledger
IE,AMEX:IE,Ivanhoe Electric Inc.,Daily,2025-08-04,2025-08-06,9.859999656677246,9.579999923706055,4.050180138504976,-33.4527800122599,-0.33452780012259903,-2.8397539829686917,2.0,0,,-21.160933,-0.29,-0.49667,1663644800.0,missing,<=0,<=0,OK,0,0,0,0,0,ledger
IE,AMEX:IE,Ivanhoe Electric Inc.,Daily,2026-05-01,2026-05-04,13.09000015258789,12.390000343322754,2.7688160906338957,-75.26877199602943,-0.7526877199602944,-5.347592063448119,1.0,0,,-21.160933,-0.29,-0.49667,1663644800.0,missing,<=0,<=0,OK,0,0,0,0,0,ledger
IE,AMEX:IE,Ivanhoe Electric Inc.,Weekly,2023-04-14,2023-05-26,12.359999656677246,11.529999732971191,2.01438113401385,-39.903015632127165,-0.3990301563212717,-6.715209925249986,6.0,0,,-21.160933,-0.29,-0.49667,1663644800.0,missing,<=0,<=0,OK,0,0,0,0,0,ledger
IE,AMEX:IE,Ivanhoe Electric Inc.,Weekly,2025-09-19,2025-11-07,9.5,12.350000381469727,3.3954095017329524,258.05115667159595,2.58051156671596,30.000004015470804,7.0,1,,-21.160933,-0.29,-0.49667,1663644800.0,missing,<=0,<=0,OK,0,0,0,0,0,ledger
IE,AMEX:IE,Ivanhoe Electric Inc.,Weekly,2026-02-27,2026-03-06,17.190000534057617,13.130000114440918,1.6577941115146198,-154.37263281183428,-1.5437263281183426,-23.618384487963453,1.0,0,,-21.160933,-0.29,-0.49667,1663644800.0,missing,<=0,<=0,OK,0,0,0,0,0,ledger
IMO,AMEX:IMO,Imperial Oil Limited,Daily,2024-12-05,2024-12-06,72.88999938964844,71.27999877929688,2.1116106552770595,-71.87509579327046,-0.7187509579327046,-2.208808648419619,1.0,0,20.718699,15.201241,6.15,8.382211,63358062592.0,"(15,25]",>0,>0,OK,1,1,1,1,1,ledger
IMO,AMEX:IMO,Imperial Oil Limited,Daily,2025-11-05,2025-11-20,88.9800033569336,97.91000366210938,2.321565594630853,394.13694142828774,3.9413694142828777,10.035963102129877,11.0,1,20.718699,15.201241,6.15,8.382211,63358062592.0,"(15,25]",>0,>0,OK,1,1,1,1,1,ledger
IMO,AMEX:IMO,Imperial Oil Limited,Daily,2026-02-26,2026-04-01,116.77999877929688,128.9600067138672,1.7416037125824055,314.72928429486166,3.147292842948617,10.429875031587706,24.0,1,20.718699,15.201241,6.15,8.382211,63358062592.0,"(15,25]",>0,>0,OK,1,1,1,1,1,ledger
IMO,AMEX:IMO,Imperial Oil Limited,Weekly,2019-06-21,2019-08-02,27.829999923706055,25.889999389648438,1.8613121715220493,-141.60579165361457,-1.4160579165361455,-6.970896656040206,6.0,0,20.718699,15.201241,6.15,8.382211,63358062592.0,"(15,25]",>0,>0,OK,1,1,1,1,1,ledger
IMO,AMEX:IMO,Imperial Oil Limited,Weekly,2021-09-03,2021-10-29,27.350000381469727,33.880001068115234,2.3020530008020934,191.49562987814224,1.9149562987814224,23.87568773516266,8.0,1,20.718699,15.201241,6.15,8.382211,63358062592.0,"(15,25]",>0,>0,OK,1,1,1,1,1,ledger
IMO,AMEX:IMO,Imperial Oil Limited,Weekly,2023-01-13,2023-02-03,49.15999984741211,50.369998931884766,2.389644130769211,29.414716905866218,0.2941471690586622,2.461348836916958,3.0,1,20.718699,15.201241,6.15,8.382211,63358062592.0,"(15,25]",>0,>0,OK,1,1,1,1,1,ledger
INFU,AMEX:INFU,"InfuSystems Holdings, Inc. Common Stock",Daily,2024-10-11,2024-10-21,6.929999828338623,6.75,1.640217221041195,-46.13104060111084,-0.46131040601110845,-2.5974001846660313,6.0,0,33.297295,28.0,0.37,0.44,248638592.0,"(25,40]",>0,>0,OK,1,1,0,1,1,ledger
INFU,AMEX:INFU,"InfuSystems Holdings, Inc. Common Stock",Monthly,2021-10-31,2022-02-28,16.6299991607666,11.489999771118164,1.6092239774155048,-124.75729908252804,-1.2475729908252804,-30.907995484297405,4.0,0,33.297295,28.0,0.37,0.44,248638592.0,"(25,40]",>0,>0,OK,1,1,0,1,1,ledger
INTT,AMEX:INTT,inTest Corporation Common Stock,Daily,2024-07-23,2024-07-30,10.720000267028809,10.649999618530273,1.6666657836352197,-9.72230868571807,-0.0972230868571807,-0.6529911077878804,5.0,0,359.25,19.775137,0.04,0.72667,180554112.0,>40,>0,>0,OK,1,1,0,1,1,ledger
INTT,AMEX:INTT,inTest Corporation Common Stock,Daily,2024-12-11,2024-12-18,7.800000190734863,7.539999961853027,1.5075882414196853,-66.43613329748955,-0.6643613329748954,-3.3333361862051505,5.0,0,359.25,19.775137,0.04,0.72667,180554112.0,>40,>0,>0,OK,1,1,0,1,1,ledger
INTT,AMEX:INTT,inTest Corporation Common Stock,Daily,2025-10-03,2025-10-07,7.869999885559082,7.489999771118164,2.8077879811645685,-117.24834429397201,-1.1724834429397202,-4.828464040237059,2.0,0,359.25,19.775137,0.04,0.72667,180554112.0,>40,>0,>0,OK,1,1,0,1,1,ledger
INTT,AMEX:INTT,inTest Corporation Common Stock,Weekly,2017-07-14,2017-08-04,7.260000228881836,7.099999904632568,2.2236829887140206,-21.05266790309668,-0.2105266790309668,-2.20386114607479,3.0,0,359.25,19.775137,0.04,0.72667,180554112.0,>40,>0,>0,OK,1,1,0,1,1,ledger
INTT,AMEX:INTT,inTest Corporation Common Stock,Weekly,2021-09-10,2021-10-01,13.010000228881836,11.850000381469727,2.0791660755874135,-48.33331545194416,-0.48333315451944164,-8.916216963908594,3.0,0,359.25,19.775137,0.04,0.72667,180554112.0,>40,>0,>0,OK,1,1,0,1,1,ledger
INTT,AMEX:INTT,inTest Corporation Common Stock,Weekly,2022-10-28,2022-12-09,8.260000228881836,9.90999984741211,1.7698405850412426,130.95232688922093,1.3095232688922092,19.975781753139678,6.0,1,359.25,19.775137,0.04,0.72667,180554112.0,>40,>0,>0,OK,1,1,0,1,1,ledger
INTT,AMEX:INTT,inTest Corporation Common Stock,Monthly,2024-07-31,2024-08-31,10.800000190734863,7.159999847412109,5.517098529895708,-122.67709641636306,-1.2267709641636304,-33.70370628738922,1.0,0,359.25,19.775137,0.04,0.72667,180554112.0,>40,>0,>0,OK,1,1,0,1,1,ledger
IOR,AMEX:IOR,"Income Opportunity Realty Investors, Inc. Common Stock",Daily,2024-07-17,2024-07-18,17.40999984741211,17.079999923706055,4.976238837191589,-103.28039490710407,-1.0328039490710406,-1.8954619563371633,1.0,0,21.511213,,0.99,,86593736.0,"(15,25]",>0,missing,OK,1,1,1,0,1,ledger
IOR,AMEX:IOR,"Income Opportunity Realty Investors, Inc. Common Stock",Daily,2025-01-17,2025-01-28,18.0,17.850000381469727,1.7616461241641186,-53.92783062060435,-0.5392783062060434,-0.8333312140570747,6.0,0,21.511213,,0.99,,86593736.0,"(15,25]",>0,missing,OK,1,1,1,0,1,ledger
IOR,AMEX:IOR,"Income Opportunity Realty Investors, Inc. Common Stock",Daily,2025-07-21,2025-07-29,18.639999389648438,18.440000534057617,3.493481505162994,-66.54205157589988,-0.6654205157589987,-1.0729552689893753,6.0,0,21.511213,,0.99,,86593736.0,"(15,25]",>0,missing,OK,1,1,1,0,1,ledger
IOR,AMEX:IOR,"Income Opportunity Realty Investors, Inc. Common Stock",Daily,2025-12-03,2025-12-16,17.850000381469727,18.350000381469727,6.108763075871214,244.35052303484855,2.4435052303484857,2.8011203883169395,9.0,1,21.511213,,0.99,,86593736.0,"(15,25]",>0,missing,OK,1,1,1,0,1,ledger
IOR,AMEX:IOR,"Income Opportunity Realty Investors, Inc. Common Stock",Weekly,2017-04-21,2017-08-11,8.850000381469727,9.430000305175781,2.1415546521970557,92.00756010060154,0.9200756010060154,6.5536711718167595,16.0,1,21.511213,,0.99,,86593736.0,"(15,25]",>0,missing,OK,1,1,1,0,1,ledger
IOR,AMEX:IOR,"Income Opportunity Realty Investors, Inc. Common Stock",Weekly,2018-10-05,2018-10-12,12.0,11.710000038146973,2.9357938913513175,-37.839116288899234,-0.3783911628889923,-2.4166663487752276,1.0,0,21.511213,,0.99,,86593736.0,"(15,25]",>0,missing,OK,1,1,1,0,1,ledger
IOR,AMEX:IOR,"Income Opportunity Realty Investors, Inc. Common Stock",Weekly,2021-02-12,2021-03-26,11.739999771118164,11.289999961853027,6.641527758819548,-56.819127274700485,-0.5681912727470049,-3.8330478538184583,6.0,0,21.511213,,0.99,,86593736.0,"(15,25]",>0,missing,OK,1,1,1,0,1,ledger
IOR,AMEX:IOR,"Income Opportunity Realty Investors, Inc. Common Stock",Weekly,2025-10-24,2025-11-28,18.200000762939453,17.899999618530273,2.5483679976744105,-51.30962638365555,-0.5130962638365555,-1.648357867215424,5.0,0,21.511213,,0.99,,86593736.0,"(15,25]",>0,missing,OK,1,1,1,0,1,ledger
IOR,AMEX:IOR,"Income Opportunity Realty Investors, Inc. Common Stock",Monthly,2021-10-31,2025-10-31,12.90999984741211,17.799999237060547,2.1526320914483503,257.3684406016381,2.573684406016381,37.87760997246386,48.0,1,21.511213,,0.99,,86593736.0,"(15,25]",>0,missing,OK,1,1,1,0,1,ledger
ITRG,AMEX:ITRG,Integra Resources Corp. Common Shares,Daily,2024-09-11,2024-09-17,0.8970000147819519,0.9399999976158142,1.9320304450112464,80.6575610609173,0.806575610609173,4.793754974944454,4.0,1,55.250004,4.455645,0.04,0.496,448128192.0,>40,>0,>0,OK,1,1,0,1,1,ledger
ITRG,AMEX:ITRG,Integra Resources Corp. Common Shares,Daily,2024-11-07,2024-11-08,1.090000033378601,1.0199999809265137,2.714282794876729,-100.0,-1.0,-6.422022964083117,1.0,0,55.250004,4.455645,0.04,0.496,448128192.0,>40,>0,>0,OK,1,1,0,1,1,ledger
ITRG,AMEX:ITRG,Integra Resources Corp. Common Shares,Daily,2025-02-26,2025-02-27,1.1299999952316284,1.0700000524520874,1.74999888241351,-74.999888241351,-0.74999888241351,-5.309729471922889,1.0,0,55.250004,4.455645,0.04,0.496,448128192.0,>40,>0,>0,OK,1,1,0,1,1,ledger
ITRG,AMEX:ITRG,Integra Resources Corp. Common Shares,Daily,2026-01-16,2026-01-21,4.150000095367432,4.170000076293945,1.5543058184805514,7.490623995428082,0.07490623995428082,0.4819272401665552,2.0,1,55.250004,4.455645,0.04,0.496,448128192.0,>40,>0,>0,OK,1,1,0,1,1,ledger
ITRG,AMEX:ITRG,Integra Resources Corp. Common Shares,Daily,2026-03-10,2026-03-12,3.6600000858306885,3.4700000286102295,2.721641554131771,-68.04106019835746,-0.6804106019835745,-5.191258272261373,2.0,0,55.250004,4.455645,0.04,0.496,448128192.0,>40,>0,>0,OK,1,1,0,1,1,ledger
ITRG,AMEX:ITRG,Integra Resources Corp. Common Shares,Weekly,2025-01-24,2025-02-28,0.949999988079071,1.090000033378601,2.062500325962969,87.50004656613844,0.8750004656613845,14.7368470585578,5.0,1,55.250004,4.455645,0.04,0.496,448128192.0,>40,>0,>0,OK,1,1,0,1,1,ledger
LGL,AMEX:LGL,"LGL Group, Inc. (The) Common Stock",Daily,2026-02-06,2026-02-17,6.820000171661377,6.989999771118164,2.2142836463710167,60.71409716912209,0.6071409716912209,2.4926626858921996,6.0,1,730.00006,365.00003,0.01,0.02,47818176.0,>40,>0,>0,OK,1,1,0,1,1,ledger
LGL,AMEX:LGL,"LGL Group, Inc. (The) Common Stock",Daily,2026-05-01,2026-05-05,7.170000076293945,6.96999979019165,1.6000003814697266,-80.00011444091797,-0.8000011444091797,-2.7894042395278715,2.0,0,730.00006,365.00003,0.01,0.02,47818176.0,>40,>0,>0,OK,1,1,0,1,1,ledger
LGL,AMEX:LGL,"LGL Group, Inc. (The) Common Stock",Weekly,2016-10-28,2017-01-06,1.564857006072998,1.7420810461044312,1.6666603437955774,313.3326167412766,3.1333261674127653,11.325254597937743,10.0,1,730.00006,365.00003,0.01,0.02,47818176.0,>40,>0,>0,OK,1,1,0,1,1,ledger
LGL,AMEX:LGL,"LGL Group, Inc. (The) Common Stock",Weekly,2017-02-03,2017-03-10,1.8552039861679077,1.8853700160980225,1.7499930083960045,15.384629414589957,0.15384629414589956,1.6260222679030256,5.0,1,730.00006,365.00003,0.01,0.02,47818176.0,>40,>0,>0,OK,1,1,0,1,1,ledger
LGL,AMEX:LGL,"LGL Group, Inc. (The) Common Stock",Weekly,2018-01-19,2018-02-02,2.1870288848876953,2.1380090713500977,1.999990164478029,-28.888895133664743,-0.28888895133664744,-2.2413884826269608,2.0,0,730.00006,365.00003,0.01,0.02,47818176.0,>40,>0,>0,OK,1,1,0,1,1,ledger
LGL,AMEX:LGL,"LGL Group, Inc. (The) Common Stock",Weekly,2020-08-07,2020-08-14,3.766968011856079,3.269231081008911,2.231940171770315,-50.19007055642158,-0.5019007055642157,-13.213197703845662,1.0,0,730.00006,365.00003,0.01,0.02,47818176.0,>40,>0,>0,OK,1,1,0,1,1,ledger
LGL,AMEX:LGL,"LGL Group, Inc. (The) Common Stock",Weekly,2021-07-23,2021-11-12,4.023378849029541,4.464554786682129,3.943959058325168,120.48108514894722,1.204810851489472,10.965309363273153,16.0,1,730.00006,365.00003,0.01,0.02,47818176.0,>40,>0,>0,OK,1,1,0,1,1,ledger
LGL,AMEX:LGL,"LGL Group, Inc. (The) Common Stock",Monthly,2018-07-31,2020-02-29,2.0550529956817627,4.374056816101074,1.9619786187664694,965.2937940397275,9.652937940397274,112.84399114242711,19.0,1,730.00006,365.00003,0.01,0.02,47818176.0,>40,>0,>0,OK,1,1,0,1,1,ledger
MHH,AMEX:MHH,"Mastech Digital, Inc Common Stock",Weekly,2017-09-01,2017-11-10,4.559999942779541,5.25,1.7104876099421658,188.83784779759685,1.8883784779759687,15.131580392079357,10.0,1,41.736843,7.8905473,0.19,1.005,95145616.0,>40,>0,>0,OK,1,1,0,1,1,ledger
MHH,AMEX:MHH,"Mastech Digital, Inc Common Stock",Weekly,2017-11-24,2017-12-15,5.300000190734863,4.909999847412109,2.7759994506835937,-62.400054931640625,-0.6240005493164062,-7.358496779010097,3.0,0,41.736843,7.8905473,0.19,1.005,95145616.0,>40,>0,>0,OK,1,1,0,1,1,ledger
MHH,AMEX:MHH,"Mastech Digital, Inc Common Stock",Weekly,2020-08-07,2020-08-21,22.65999984741211,21.6299991607666,2.1543933603942755,-30.3145728555104,-0.30314572855510397,-4.545457606272399,2.0,0,41.736843,7.8905473,0.19,1.005,95145616.0,>40,>0,>0,OK,1,1,0,1,1,ledger
MHH,AMEX:MHH,"Mastech Digital, Inc Common Stock",Weekly,2021-08-27,2021-10-01,17.010000228881836,17.010000228881836,1.684542874950131,0.0,0.0,0.0,5.0,0,41.736843,7.8905473,0.19,1.005,95145616.0,>40,>0,>0,OK,1,1,0,1,1,ledger
MHH,AMEX:MHH,"Mastech Digital, Inc Common Stock",Monthly,2019-01-31,2019-03-31,7.75,6.159999847412109,1.9179487881732635,-81.53847733898431,-0.815384773389843,-20.51613100113407,2.0,0,41.736843,7.8905473,0.19,1.005,95145616.0,>40,>0,>0,OK,1,1,0,1,1,ledger
MHH,AMEX:MHH,"Mastech Digital, Inc Common Stock",Monthly,2021-10-31,2021-12-31,18.540000915527344,17.06999969482422,2.5198229779167725,-32.37887498382535,-0.3237887498382535,-7.928808781621967,2.0,0,41.736843,7.8905473,0.19,1.005,95145616.0,>40,>0,>0,OK,1,1,0,1,1,ledger
MXC,AMEX:MXC,Mexco Energy Corporation Common Stock,Daily,2024-08-27,2024-09-03,12.029999732971191,11.359999656677246,1.73803583125009,-56.25525481761679,-0.562552548176168,-5.569410566632386,4.0,0,14.0,,0.63,,18045720.0,"(0,15]",>0,missing,OK,1,1,1,0,1,ledger
MXC,AMEX:MXC,Mexco Energy Corporation Common Stock,Daily,2024-11-20,2024-11-25,12.210000038146973,11.970000267028809,1.9611692361200834,-40.928723819434396,-0.4092872381943439,-1.9656000849168478,3.0,0,14.0,,0.63,,18045720.0,"(0,15]",>0,missing,OK,1,1,1,0,1,ledger
MXC,AMEX:MXC,Mexco Energy Corporation Common Stock,Daily,2025-07-21,2025-07-22,8.208000183105469,8.0600004196167,9.145359711841984,-17.37052240989106,-0.17370522409891062,-1.80311598668574,1.0,0,14.0,,0.63,,18045720.0,"(0,15]",>0,missing,OK,1,1,1,0,1,ledger
MXC,AMEX:MXC,Mexco Energy Corporation Common Stock,Weekly,2017-11-10,2018-02-09,4.349999904632568,3.309999942779541,3.6395830632745914,-180.2460199458333,-1.802460199458333,-23.90804562421877,13.0,0,14.0,,0.63,,18045720.0,"(0,15]",>0,missing,OK,1,1,1,0,1,ledger
MXC,AMEX:MXC,Mexco Energy Corporation Common Stock,Weekly,2018-09-28,2018-10-19,5.599999904632568,4.78000020980835,8.898112930084174,-82.07480311318496,-0.8207480311318496,-14.642851942655902,3.0,0,14.0,,0.63,,18045720.0,"(0,15]",>0,missing,OK,1,1,1,0,1,ledger
MXC,AMEX:MXC,Mexco Energy Corporation Common Stock,Weekly,2019-06-21,2019-09-27,3.8919999599456787,3.934999942779541,4.007755587122209,6.181256441303456,0.06181256441303456,1.1048299916853663,14.0,1,14.0,,0.63,,18045720.0,"(0,15]",>0,missing,OK,1,1,1,0,1,ledger
MXC,AMEX:MXC,Mexco Energy Corporation Common Stock,Weekly,2021-12-31,2022-01-21,9.380000114440918,9.34000015258789,5.7716914405149,-2.6782765720775488,-0.02678276572077549,-0.426438820522461,3.0,0,14.0,,0.63,,18045720.0,"(0,15]",>0,missing,OK,1,1,1,0,1,ledger
MXC,AMEX:MXC,Mexco Energy Corporation Common Stock,Weekly,2022-04-15,2022-06-17,19.34000015258789,16.579999923706055,5.580188944484906,-65.09434853469283,-0.6509434853469283,-14.270942125677902,9.0,0,14.0,,0.63,,18045720.0,"(0,15]",>0,missing,OK,1,1,1,0,1,ledger
MXC,AMEX:MXC,Mexco Energy Corporation Common Stock,Weekly,2024-07-05,2024-07-26,11.859999656677246,10.979999542236328,4.226752526418303,-79.81849930357045,-0.7981849930357044,-7.419899999284342,3.0,0,14.0,,0.63,,18045720.0,"(0,15]",>0,missing,OK,1,1,1,0,1,ledger
MXC,AMEX:MXC,Mexco Energy Corporation Common Stock,Weekly,2025-09-19,2025-11-21,8.989999771118164,8.699999809265137,5.424483793898519,-22.440799457061647,-0.2244079945706165,-3.2258061094139223,9.0,0,14.0,,0.63,,18045720.0,"(0,15]",>0,missing,OK,1,1,1,0,1,ledger
MXC,AMEX:MXC,Mexco Energy Corporation Common Stock,Monthly,2024-04-30,2025-03-31,12.399999618530273,8.170000076293945,9.05325679859917,-125.14794652425127,-1.2514794652425127,-34.11290058360256,11.0,0,14.0,,0.63,,18045720.0,"(0,15]",>0,missing,OK,1,1,1,0,1,ledger
NG,AMEX:NG,NovaGold Resources Inc.,Daily,2025-05-16,2025-05-21,3.5999999046325684,3.5899999141693115,5.1766210407106446,-3.545627375784357,-0.03545627375784357,-0.27777752022683677,3.0,0,,-26.360607,-0.16,-0.24013104,2777481216.0,missing,<=0,<=0,OK,0,0,0,0,0,ledger
NG,AMEX:NG,NovaGold Resources Inc.,Daily,2025-08-04,2025-08-19,5.480000019073486,5.909999847412109,1.658536783929884,104.87804594385881,1.048780459438588,7.846712168649297,11.0,1,,-26.360607,-0.16,-0.24013104,2777481216.0,missing,<=0,<=0,OK,0,0,0,0,0,ledger
NG,AMEX:NG,NovaGold Resources Inc.,Daily,2026-03-10,2026-03-11,12.3100004196167,11.699999809265137,1.632810998243154,-47.65627211889928,-0.47656272118899284,-4.955325666597794,1.0,0,,-26.360607,-0.16,-0.24013104,2777481216.0,missing,<=0,<=0,OK,0,0,0,0,0,ledger
NG,AMEX:NG,NovaGold Resources Inc.,Weekly,2017-05-12,2017-05-26,4.409999847412109,3.950000047683716,3.461540542411706,-88.46154375189417,-0.8846154375189417,-10.430834821872661,2.0,0,,-26.360607,-0.16,-0.24013104,2777481216.0,missing,<=0,<=0,OK,0,0,0,0,0,ledger
NG,AMEX:NG,NovaGold Resources Inc.,Weekly,2019-10-04,2019-11-08,6.5,6.260000228881836,2.7717924560654628,-45.87790638261565,-0.45877906382615646,-3.692304171048678,5.0,0,,-26.360607,-0.16,-0.24013104,2777481216.0,missing,<=0,<=0,OK,0,0,0,0,0,ledger
NG,AMEX:NG,NovaGold Resources Inc.,Weekly,2020-07-03,2020-10-16,9.229999542236328,11.0,2.70149381730656,132.0896183629322,1.3208961836293223,19.176603960424686,15.0,1,,-26.360607,-0.16,-0.24013104,2777481216.0,missing,<=0,<=0,OK,0,0,0,0,0,ledger
NG,AMEX:NG,NovaGold Resources Inc.,Weekly,2025-11-14,2025-12-12,8.619999885559082,9.710000038146973,2.400000200773581,114.73688120327623,1.1473688120327623,12.645013538967056,4.0,1,,-26.360607,-0.16,-0.24013104,2777481216.0,missing,<=0,<=0,OK,0,0,0,0,0,ledger
NG,AMEX:NG,NovaGold Resources Inc.,Monthly,2022-03-31,2022-04-30,7.730000019073486,6.21999979019165,2.909090736680802,-85.79545639270569,-0.8579545639270569,-19.53428493086632,1.0,0,,-26.360607,-0.16,-0.24013104,2777481216.0,missing,<=0,<=0,OK,0,0,0,0,0,ledger
NHC,AMEX:NHC,National HealthCare Corporation Common Stock,Daily,2024-11-21,2024-11-26,125.8499984741211,126.20999908447266,2.727929125276039,8.919672657133633,0.08919672657133633,0.2860553156268735,3.0,1,28.32653,484.18604,7.35,0.43,3252009216.0,"(25,40]",>0,>0,OK,1,1,0,0,1,ledger
NHC,AMEX:NHC,National HealthCare Corporation Common Stock,Daily,2025-05-27,2025-06-09,104.44999694824219,104.45999908447266,1.614286150251116,0.28577532087053575,0.002857753208705357,0.00957600433001935,9.0,1,28.32653,484.18604,7.35,0.43,3252009216.0,"(25,40]",>0,>0,OK,1,1,0,0,1,ledger
NHC,AMEX:NHC,National HealthCare Corporation Common Stock,Daily,2026-02-25,2026-03-05,160.3300018310547,168.08999633789062,1.7671845905524388,121.24974072016613,1.2124974072016612,4.8400139825438995,6.0,1,28.32653,484.18604,7.35,0.43,3252009216.0,"(25,40]",>0,>0,OK,1,1,0,0,1,ledger
NHC,AMEX:NHC,National HealthCare Corporation Common Stock,Weekly,2021-02-12,2021-04-16,65.43000030517578,73.11000061035156,1.7169029906309916,148.65627293164314,1.4865627293164314,11.73773539562136,9.0,1,28.32653,484.18604,7.35,0.43,3252009216.0,"(25,40]",>0,>0,OK,1,1,0,0,1,ledger
NHC,AMEX:NHC,National HealthCare Corporation Common Stock,Weekly,2021-05-14,2021-06-18,72.66999816894531,68.80999755859375,1.5136344929664483,-82.75673899843835,-0.8275673899843835,-5.311683924055869,5.0,0,28.32653,484.18604,7.35,0.43,3252009216.0,"(25,40]",>0,>0,OK,1,1,0,0,1,ledger
OBE,AMEX:OBE,Obsidian Energy Ltd. Common Shares,Daily,2025-02-04,2025-02-06,5.400000095367432,5.199999809265137,1.9999988910771633,-46.51166143255088,-0.46511661432550877,-3.703708936484497,2.0,0,31.8,7.74643,0.3,1.2315351,637050368.0,"(25,40]",>0,>0,OK,1,1,0,1,1,ledger
OBE,AMEX:OBE,Obsidian Energy Ltd. Common Shares,Daily,2025-05-20,2025-05-28,4.75,4.849999904632568,1.6724096819382757,38.8932268523396,0.388932268523396,2.105261150159334,5.0,1,31.8,7.74643,0.3,1.2315351,637050368.0,"(25,40]",>0,>0,OK,1,1,0,1,1,ledger
OBE,AMEX:OBE,Obsidian Energy Ltd. Common Shares,Daily,2025-08-05,2025-08-11,5.949999809265137,5.679999828338623,2.2913464342515604,-106.6660459138533,-1.066660459138533,-4.53781495095309,4.0,0,31.8,7.74643,0.3,1.2315351,637050368.0,"(25,40]",>0,>0,OK,1,1,0,1,1,ledger
OBE,AMEX:OBE,Obsidian Energy Ltd. Common Shares,Weekly,2016-11-25,2017-02-03,11.6899995803833,12.109999656677246,1.666667928141356,33.333358562827115,0.33333358562827115,3.592815152865677,10.0,1,31.8,7.74643,0.3,1.2315351,637050368.0,"(25,40]",>0,>0,OK,1,1,0,1,1,ledger
OBE,AMEX:OBE,Obsidian Energy Ltd. Common Shares,Weekly,2017-02-17,2017-03-10,12.25,10.5,1.6666666666666667,-138.8888636594142,-1.388888636594142,-14.285714285714285,3.0,0,31.8,7.74643,0.3,1.2315351,637050368.0,"(25,40]",>0,>0,OK,1,1,0,1,1,ledger
OBE,AMEX:OBE,Obsidian Energy Ltd. Common Shares,Weekly,2021-09-03,2021-09-10,2.759999990463257,2.5399999618530273,2.241379522965467,-37.93104440505513,-0.3793104440505513,-7.971015556898724,1.0,0,31.8,7.74643,0.3,1.2315351,637050368.0,"(25,40]",>0,>0,OK,1,1,0,1,1,ledger
OBE,AMEX:OBE,Obsidian Energy Ltd. Common Shares,Monthly,2017-11-30,2018-01-31,8.890000343322754,7.28000020980835,1.733333030579637,-51.11110606521618,-0.5111110606521617,-18.11023702292283,2.0,0,31.8,7.74643,0.3,1.2315351,637050368.0,"(25,40]",>0,>0,OK,1,1,0,1,1,ledger
OPHC,AMEX:OPHC,"OptimumBank Holdings, Inc. Common Stock",Daily,2024-09-11,2024-10-01,4.559999942779541,4.550000190734863,3.7393442231609355,-8.902978154493846,-0.08902978154493846,-0.21929281074908086,14.0,0,15.5172415,8.035714,0.58,1.12,110415264.0,"(15,25]",>0,>0,OK,1,1,1,1,1,ledger
OPHC,AMEX:OPHC,"OptimumBank Holdings, Inc. Common Stock",Daily,2024-12-02,2024-12-09,5.03000020980835,4.960000038146973,2.636360089645277,-21.21214748410906,-0.2121214748410906,-1.3916534541067953,5.0,0,15.5172415,8.035714,0.58,1.12,110415264.0,"(15,25]",>0,>0,OK,1,1,1,1,1,ledger
OPHC,AMEX:OPHC,"OptimumBank Holdings, Inc. Common Stock",Daily,2025-05-29,2025-05-30,4.449999809265137,4.400000095367432,3.0551385028700606,-46.28965625796656,-0.4628965625796656,-1.1235891245119385,1.0,0,15.5172415,8.035714,0.58,1.12,110415264.0,"(15,25]",>0,>0,OK,1,1,1,1,1,ledger
OPHC,AMEX:OPHC,"OptimumBank Holdings, Inc. Common Stock",Daily,2025-08-06,2025-08-07,4.550000190734863,4.050000190734863,2.304802112116995,-768.2693245155926,-7.682693245155927,-10.989010528354413,1.0,0,15.5172415,8.035714,0.58,1.12,110415264.0,"(15,25]",>0,>0,OK,1,1,1,1,1,ledger
OPHC,AMEX:OPHC,"OptimumBank Holdings, Inc. Common Stock",Weekly,2016-11-18,2017-03-24,4.21999979019165,3.4600000381469727,2.858975362182399,-97.43589900341,-0.9743589900341,-18.009473692655387,18.0,0,15.5172415,8.035714,0.58,1.12,110415264.0,"(15,25]",>0,>0,OK,1,1,1,1,1,ledger
OPHC,AMEX:OPHC,"OptimumBank Holdings, Inc. Common Stock",Weekly,2024-09-20,2024-10-04,4.610000133514404,4.510000228881836,1.5774068339754943,-42.63258966309135,-0.42632589663091347,-2.169195265431241,2.0,0,15.5172415,8.035714,0.58,1.12,110415264.0,"(15,25]",>0,>0,OK,1,1,1,1,1,ledger
ORLA,AMEX:ORLA,Orla Mining Ltd.,Daily,2025-06-12,2025-06-18,11.020000457763672,11.0600004196167,2.60869227674696,7.400539209112916,0.07400539209112916,0.36297604529450883,4.0,1,13.11111,5.3484416,0.72,1.765,3542952192.0,"(0,15]",>0,>0,OK,1,1,1,1,1,ledger
ORLA,AMEX:ORLA,Orla Mining Ltd.,Daily,2025-10-23,2025-10-24,10.949999809265137,10.779999732971191,3.696803584382423,-21.23165146248345,-0.2123165146248345,-1.5525121393162302,1.0,0,13.11111,5.3484416,0.72,1.765,3542952192.0,"(0,15]",>0,>0,OK,1,1,1,1,1,ledger
ORLA,AMEX:ORLA,Orla Mining Ltd.,Daily,2025-12-10,2025-12-29,12.65999984741211,13.710000038146973,2.454167079470701,151.58095239159886,1.5158095239159886,8.293840469117374,12.0,1,13.11111,5.3484416,0.72,1.765,3542952192.0,"(0,15]",>0,>0,OK,1,1,1,1,1,ledger
ORLA,AMEX:ORLA,Orla Mining Ltd.,Daily,2026-02-03,2026-02-05,15.779999732971191,14.649999618530273,3.7363948117233337,-98.99475322326626,-0.9899475322326626,-7.160964091018726,2.0,0,13.11111,5.3484416,0.72,1.765,3542952192.0,"(0,15]",>0,>0,OK,1,1,1,1,1,ledger
ORLA,AMEX:ORLA,Orla Mining Ltd.,Daily,2026-03-10,2026-03-11,18.270000457763672,17.739999771118164,2.8320574009417343,-40.45802527015891,-0.4045802527015891,-2.9009341727755067,1.0,0,13.11111,5.3484416,0.72,1.765,3542952192.0,"(0,15]",>0,>0,OK,1,1,1,1,1,ledger
ORLA,AMEX:ORLA,Orla Mining Ltd.,Daily,2026-04-24,2026-04-28,14.59000015258789,13.619999885559082,4.292547303425158,-94.41660259919497,-0.9441660259919497,-6.648391068431589,2.0,0,13.11111,5.3484416,0.72,1.765,3542952192.0,"(0,15]",>0,>0,OK,1,1,1,1,1,ledger
ORLA,AMEX:ORLA,Orla Mining Ltd.,Weekly,2022-01-21,2022-01-28,3.799999952316284,3.2300000190734863,1.7708434055217774,-118.75064153608312,-1.1875064153608312,-14.999998431456696,1.0,0,13.11111,5.3484416,0.72,1.765,3542952192.0,"(0,15]",>0,>0,OK,1,1,1,1,1,ledger
ORLA,AMEX:ORLA,Orla Mining Ltd.,Monthly,2018-07-31,2018-11-30,1.0369999408721924,0.8309999704360962,4.6183718639639215,-216.91389194732523,-2.1691389194732524,-19.864993460157308,4.0,0,13.11111,5.3484416,0.72,1.765,3542952192.0,"(0,15]",>0,>0,OK,1,1,1,1,1,ledger
PHYS,AMEX:PHYS,Sprott Physical Gold Trust,Daily,2024-07-23,2024-07-25,18.610000610351562,18.290000915527344,3.3290463564672734,-174.6387021613206,-1.7463870216132056,-1.7195039458850057,2.0,0,2.6072636,,,,14715189248.0,"(0,15]",missing,missing,OK,1,0,0,0,0,ledger
PHYS,AMEX:PHYS,Sprott Physical Gold Trust,Daily,2024-08-08,2024-08-14,18.799999237060547,19.030000686645508,1.692320671391053,88.46266707748286,0.8846266707748287,1.2234120155258184,4.0,1,2.6072636,,,,14715189248.0,"(0,15]",missing,missing,OK,1,0,0,0,0,ledger
PHYS,AMEX:PHYS,Sprott Physical Gold Trust,Daily,2026-06-04,2026-06-05,33.810001373291016,32.540000915527344,1.5071865236596296,-208.05775919938256,-2.0805775919938254,-3.7562863241021276,1.0,0,2.6072636,,,,14715189248.0,"(0,15]",missing,missing,OK,1,0,0,0,0,ledger
PHYS,AMEX:PHYS,Sprott Physical Gold Trust,Weekly,2020-11-06,2020-11-13,15.489999771118164,15.039999961853027,1.5074628565246972,-67.16414298850182,-0.6716414298850182,-2.9050988761419005,1.0,0,2.6072636,,,,14715189248.0,"(0,15]",missing,missing,OK,1,0,0,0,0,ledger
PHYS,AMEX:PHYS,Sprott Physical Gold Trust,Weekly,2023-03-03,2023-04-21,14.3100004196167,15.510000228881836,2.2153778809304003,312.7593910812087,3.1275939108120876,8.38574265602488,7.0,1,2.6072636,,,,14715189248.0,"(0,15]",missing,missing,OK,1,0,0,0,0,ledger
PHYS,AMEX:PHYS,Sprott Physical Gold Trust,Monthly,2021-04-30,2021-09-30,13.970000267028809,13.800000190734863,2.708068854196689,-18.196520174412854,-0.18196520174412853,-1.2168938657443673,5.0,0,2.6072636,,,,14715189248.0,"(0,15]",missing,missing,OK,1,0,0,0,0,ledger
PLX,AMEX:PLX,"Protalix BioTherapeutics, Inc. (DE) Common Stock",Daily,2025-08-18,2025-08-28,1.5399999618530273,1.5499999523162842,1.713252508224342,12.237507495702687,0.12237507495702687,0.6493500461665078,8.0,1,12.473683,3.8225803,0.19,0.62,190954784.0,"(0,15]",>0,>0,OK,1,1,1,1,1,ledger
PLX,AMEX:PLX,"Protalix BioTherapeutics, Inc. (DE) Common Stock",Daily,2026-06-04,2026-06-08,2.009999990463257,1.9600000381469727,2.000843207847714,-55.57890437879178,-0.5557890437879178,-2.487559828533153,2.0,0,12.473683,3.8225803,0.19,0.62,190954784.0,"(0,15]",>0,>0,OK,1,1,1,1,1,ledger
PLX,AMEX:PLX,"Protalix BioTherapeutics, Inc. (DE) Common Stock",Weekly,2017-05-26,2017-06-16,9.199999809265137,8.399999618530273,3.093825332635311,-41.950179935046535,-0.4195017993504654,-8.695654427396825,3.0,0,12.473683,3.8225803,0.19,0.62,190954784.0,"(0,15]",>0,>0,OK,1,1,1,1,1,ledger
PLX,AMEX:PLX,"Protalix BioTherapeutics, Inc. (DE) Common Stock",Weekly,2022-05-20,2022-06-17,1.1399999856948853,1.090000033378601,3.8830655328993253,-22.575940494937054,-0.22575940494937055,-4.3859607845351665,4.0,0,12.473683,3.8225803,0.19,0.62,190954784.0,"(0,15]",>0,>0,OK,1,1,1,1,1,ledger
PLX,AMEX:PLX,"Protalix BioTherapeutics, Inc. (DE) Common Stock",Weekly,2023-06-09,2023-06-16,2.2799999713897705,2.1500000953674316,3.3421052549024037,-34.210494119374296,-0.342104941193743,-5.701749019895717,1.0,0,12.473683,3.8225803,0.19,0.62,190954784.0,"(0,15]",>0,>0,OK,1,1,1,1,1,ledger
PLX,AMEX:PLX,"Protalix BioTherapeutics, Inc. (DE) Common Stock",Weekly,2026-04-10,2026-04-24,2.299999952316284,2.180000066757202,2.773149075045988,-37.39073397970245,-0.37390733979702456,-5.217386436822859,2.0,0,12.473683,3.8225803,0.19,0.62,190954784.0,"(0,15]",>0,>0,OK,1,1,1,1,1,ledger
PLX,AMEX:PLX,"Protalix BioTherapeutics, Inc. (DE) Common Stock",Monthly,2017-10-31,2018-03-31,7.800000190734863,5.400000095367432,2.433333396911621,-80.0000031789144,-0.8000000317891439,-30.76923123948437,5.0,0,12.473683,3.8225803,0.19,0.62,190954784.0,"(0,15]",>0,>0,OK,1,1,1,1,1,ledger
PRK,AMEX:PRK,Park National Corporation Common Stock,Daily,2024-12-16,2024-12-17,188.02000427246094,184.0,4.051426678362641,-81.55609194302592,-0.8155609194302592,-2.138072641800138,1.0,0,18.560072,15.883576,11.32,13.2275,3795280128.0,"(15,25]",>0,>0,OK,1,1,1,1,1,ledger
PRK,AMEX:PRK,Park National Corporation Common Stock,Daily,2025-07-17,2025-07-22,172.27000427246094,169.8699951171875,1.6689766738721938,-55.55567329292587,-0.5555567329292587,-1.3931671769611158,3.0,0,18.560072,15.883576,11.32,13.2275,3795280128.0,"(15,25]",>0,>0,OK,1,1,1,1,1,ledger
PRK,AMEX:PRK,Park National Corporation Common Stock,Weekly,2021-08-06,2021-09-03,121.25,114.2699966430664,1.6255894965856357,-54.788104610155244,-0.5478810461015524,-5.75670379953286,4.0,0,18.560072,15.883576,11.32,13.2275,3795280128.0,"(15,25]",>0,>0,OK,1,1,1,1,1,ledger
PRK,AMEX:PRK,Park National Corporation Common Stock,Weekly,2024-08-16,2024-09-27,164.66000366210938,165.6999969482422,2.2568947328266367,8.965454645904202,0.08965454645904201,0.6316004269421317,6.0,1,18.560072,15.883576,11.32,13.2275,3795280128.0,"(15,25]",>0,>0,OK,1,1,1,1,1,ledger
PRK,AMEX:PRK,Park National Corporation Common Stock,Monthly,2025-05-31,2025-10-31,162.55999755859375,152.19000244140625,1.8474995811433854,-42.171600901007125,-0.42171600901007117,-6.3791801629731815,5.0,0,18.560072,15.883576,11.32,13.2275,3795280128.0,"(15,25]",>0,>0,OK,1,1,1,1,1,ledger
PSLV,AMEX:PSLV,Sprott Physical Silver Trust,Daily,2025-06-23,2025-06-27,12.25,12.149999618530273,1.526914325048064,-46.27031826601448,-0.46270318266014476,-0.8163296446508291,4.0,0,1.336326,,,,12302388224.0,"(0,15]",missing,missing,OK,1,0,0,0,0,ledger
PSLV,AMEX:PSLV,Sprott Physical Silver Trust,Daily,2026-05-18,2026-05-19,25.0,23.8799991607666,3.3956672213144867,-94.84164390409656,-0.9484164390409655,-4.480003356933594,1.0,0,1.336326,,,,12302388224.0,"(0,15]",missing,missing,OK,1,0,0,0,0,ledger
PSLV,AMEX:PSLV,Sprott Physical Silver Trust,Weekly,2019-10-25,2019-11-08,6.599999904632568,6.170000076293945,1.512821421977799,-110.25640398636001,-1.1025640398636,-6.515149008362929,2.0,0,1.336326,,,,12302388224.0,"(0,15]",missing,missing,OK,1,0,0,0,0,ledger
PSLV,AMEX:PSLV,Sprott Physical Silver Trust,Weekly,2021-04-16,2021-06-18,9.3100004196167,9.279999732971191,2.5652146871259593,-4.347922235521438,-0.043479222355214384,-0.3222415176512201,9.0,0,1.336326,,,,12302388224.0,"(0,15]",missing,missing,OK,1,0,0,0,0,ledger
PSLV,AMEX:PSLV,Sprott Physical Silver Trust,Weekly,2023-06-09,2023-06-23,8.300000190734863,7.659999847412109,1.568180660571099,-145.45460456658216,-1.4545460456658217,-7.710847332716623,2.0,0,1.336326,,,,12302388224.0,"(0,15]",missing,missing,OK,1,0,0,0,0,ledger
PSLV,AMEX:PSLV,Sprott Physical Silver Trust,Weekly,2024-11-22,2024-12-20,10.5,9.880000114440918,2.101717444376838,-102.60347285903472,-1.0260347285903473,-5.904760814848401,4.0,0,1.336326,,,,12302388224.0,"(0,15]",missing,missing,OK,1,0,0,0,0,ledger
REPX,AMEX:REPX,"Riley Exploration Permian, Inc. Common Stock",Daily,2024-12-11,2024-12-17,32.58000183105469,32.18000030517578,2.1971133037450024,-19.23082566115248,-0.19230825661152479,-1.227751698582263,4.0,0,11.893993,4.0938945,2.83,8.222,730285632.0,"(0,15]",>0,>0,OK,1,1,1,1,1,ledger
REPX,AMEX:REPX,"Riley Exploration Permian, Inc. Common Stock",Daily,2025-01-29,2025-01-31,33.86000061035156,33.150001525878906,2.5102010629242875,-48.29921733895244,-0.4829921733895244,-2.096866720834015,2.0,0,11.893993,4.0938945,2.83,8.222,730285632.0,"(0,15]",>0,>0,OK,1,1,1,1,1,ledger
REPX,AMEX:REPX,"Riley Exploration Permian, Inc. Common Stock",Daily,2025-05-27,2025-05-30,26.31999969482422,25.65999984741211,2.089285471001494,-39.28569806676627,-0.3928569806676627,-2.507598233528465,3.0,0,11.893993,4.0938945,2.83,8.222,730285632.0,"(0,15]",>0,>0,OK,1,1,1,1,1,ledger
REPX,AMEX:REPX,"Riley Exploration Permian, Inc. Common Stock",Daily,2025-10-01,2025-10-02,27.350000381469727,26.219999313354492,1.7148681286642586,-110.10241846948571,-1.1010241846948572,-4.131630904403339,1.0,0,11.893993,4.0938945,2.83,8.222,730285632.0,"(0,15]",>0,>0,OK,1,1,1,1,1,ledger
REPX,AMEX:REPX,"Riley Exploration Permian, Inc. Common Stock",Daily,2026-01-28,2026-02-05,27.56999969482422,27.65999984741211,1.682021213496337,8.904829290134318,0.08904829290134317,0.3264423416181124,6.0,1,11.893993,4.0938945,2.83,8.222,730285632.0,"(0,15]",>0,>0,OK,1,1,1,1,1,ledger
REPX,AMEX:REPX,"Riley Exploration Permian, Inc. Common Stock",Daily,2026-06-01,2026-06-05,35.619998931884766,34.720001220703125,2.3085958920439644,-35.15619412059223,-0.3515619412059223,-2.5266640599924886,4.0,0,11.893993,4.0938945,2.83,8.222,730285632.0,"(0,15]",>0,>0,OK,1,1,1,1,1,ledger
REPX,AMEX:REPX,"Riley Exploration Permian, Inc. Common Stock",Weekly,2020-01-17,2020-03-13,6.960000038146973,6.119999885559082,9.947367221254721,-36.842108565353975,-0.36842108565353976,-12.068967643447483,8.0,0,11.893993,4.0938945,2.83,8.222,730285632.0,"(0,15]",>0,>0,OK,1,1,1,1,1,ledger
REPX,AMEX:REPX,"Riley Exploration Permian, Inc. Common Stock",Weekly,2020-11-20,2021-12-03,12.960000038146973,16.510000228881836,8.977008126888437,80.96641473744536,0.8096641473744536,27.391976699734983,54.0,1,11.893993,4.0938945,2.83,8.222,730285632.0,"(0,15]",>0,>0,OK,1,1,1,1,1,ledger
REPX,AMEX:REPX,"Riley Exploration Permian, Inc. Common Stock",Weekly,2021-12-17,2022-01-28,19.079999923706055,23.059999465942383,13.313715657897452,88.13803201332634,0.8813803201332633,20.859536468296078,6.0,1,11.893993,4.0938945,2.83,8.222,730285632.0,"(0,15]",>0,>0,OK,1,1,1,1,1,ledger
REPX,AMEX:REPX,"Riley Exploration Permian, Inc. Common Stock",Weekly,2026-07-17,2026-07-31,35.0,34.27000045776367,1.9492531449897943,-21.791028630153754,-0.21791028630153755,-2.0857129778180803,2.0,0,11.893993,4.0938945,2.83,8.222,730285632.0,"(0,15]",>0,>0,OK,1,1,1,1,1,ledger
REPX,AMEX:REPX,"Riley Exploration Permian, Inc. Common Stock",Monthly,2020-01-31,2020-03-31,6.960000038146973,5.400000095367432,6.736457498846691,-46.335421575053694,-0.4633542157505369,-22.413792158467785,2.0,0,11.893993,4.0938945,2.83,8.222,730285632.0,"(0,15]",>0,>0,OK,1,1,1,1,1,ledger
RLGT,AMEX:RLGT,"Radiant Logistics, Inc. Common Stock",Daily,2024-10-23,2024-10-28,6.690000057220459,6.769999980926514,1.591564022143377,38.583342358038124,0.38583342358038125,1.1958134980837773,3.0,1,25.818182,18.725275,0.33,0.455,399005792.0,"(25,40]",>0,>0,OK,1,1,0,1,1,ledger
RLGT,AMEX:RLGT,"Radiant Logistics, Inc. Common Stock",Daily,2024-11-15,2024-11-26,7.050000190734863,7.570000171661377,1.8846128452481385,199.99981660125445,1.9999981660125445,7.375886054725213,7.0,1,25.818182,18.725275,0.33,0.455,399005792.0,"(25,40]",>0,>0,OK,1,1,0,1,1,ledger
RLGT,AMEX:RLGT,"Radiant Logistics, Inc. Common Stock",Daily,2025-06-03,2025-06-05,6.130000114440918,5.920000076293945,2.8275855265105054,-72.41381578298316,-0.7241381578298316,-3.425775435994842,2.0,0,25.818182,18.725275,0.33,0.455,399005792.0,"(25,40]",>0,>0,OK,1,1,0,1,1,ledger
RLGT,AMEX:RLGT,"Radiant Logistics, Inc. Common Stock",Daily,2026-02-26,2026-03-05,7.360000133514404,7.329999923706055,3.1666651213616346,-8.333388522798769,-0.08333388522798768,-0.4076115389148029,5.0,0,25.818182,18.725275,0.33,0.455,399005792.0,"(25,40]",>0,>0,OK,1,1,0,1,1,ledger
RLGT,AMEX:RLGT,"Radiant Logistics, Inc. Common Stock",Weekly,2021-12-31,2022-01-07,7.289999961853027,6.940000057220459,1.7058823199420614,-41.176463988412294,-0.41176463988412293,-4.8010961106178485,1.0,0,25.818182,18.725275,0.33,0.455,399005792.0,"(25,40]",>0,>0,OK,1,1,0,1,1,ledger
RLGT,AMEX:RLGT,"Radiant Logistics, Inc. Common Stock",Weekly,2023-11-03,2024-01-05,6.139999866485596,6.46999979019165,2.8928580855837636,58.92856382593739,0.5892856382593739,5.37459170817441,9.0,1,25.818182,18.725275,0.33,0.455,399005792.0,"(25,40]",>0,>0,OK,1,1,0,1,1,ledger
RLGT,AMEX:RLGT,"Radiant Logistics, Inc. Common Stock",Weekly,2026-04-03,2026-07-24,7.269999980926514,8.880000114440918,2.0163930325507735,263.93439034819266,2.639343903481927,22.14580657136701,16.0,1,25.818182,18.725275,0.33,0.455,399005792.0,"(25,40]",>0,>0,OK,1,1,0,1,1,ledger
SEB,AMEX:SEB,Seaboard Corporation Common Stock,Daily,2024-11-21,2024-11-26,2672.72998046875,2619.97998046875,1.9173459144141134,-64.31386920049167,-0.6431386920049167,-1.973637456289115,3.0,0,7.2515726,,605.71,,4206970880.0,"(0,15]",>0,missing,OK,1,1,1,0,1,ledger
SEB,AMEX:SEB,Seaboard Corporation Common Stock,Daily,2025-12-10,2025-12-23,4406.35009765625,4281.009765625,2.2110189618952023,-70.40008117907115,-0.7040008117907116,-2.8445386601922276,9.0,0,7.2515726,,605.71,,4206970880.0,"(0,15]",>0,missing,OK,1,1,1,0,1,ledger
SEB,AMEX:SEB,Seaboard Corporation Common Stock,Daily,2026-04-20,2026-04-29,5634.27978515625,5396.64013671875,1.5042403557761919,-100.66935567276865,-1.0066935567276865,-4.217746677464825,7.0,0,7.2515726,,605.71,,4206970880.0,"(0,15]",>0,missing,OK,1,1,1,0,1,ledger
SEB,AMEX:SEB,Seaboard Corporation Common Stock,Weekly,2017-01-27,2017-05-12,3916.68994140625,3763.25,2.3165211780282555,-56.5718897797904,-0.5657188977979041,-3.917592245026137,15.0,0,7.2515726,,605.71,,4206970880.0,"(0,15]",>0,missing,OK,1,1,1,0,1,ledger
SEB,AMEX:SEB,Seaboard Corporation Common Stock,Weekly,2019-06-14,2019-07-12,4105.0,3994.530029296875,2.3670893520174143,-40.94069411180372,-0.4094069411180372,-2.6911076906973204,4.0,0,7.2515726,,605.71,,4206970880.0,"(0,15]",>0,missing,OK,1,1,1,0,1,ledger
SEB,AMEX:SEB,Seaboard Corporation Common Stock,Weekly,2021-12-24,2022-01-21,3930.989990234375,3731.02001953125,1.6515019046218997,-70.41444331826314,-0.7041444331826313,-5.087012971284679,4.0,0,7.2515726,,605.71,,4206970880.0,"(0,15]",>0,missing,OK,1,1,1,0,1,ledger
SIF,AMEX:SIF,"SIFCO Industries, Inc. Common Stock",Daily,2024-09-19,2024-10-02,4.769999980926514,4.289999961853027,3.6060616131549286,-145.45458486258417,-1.4545458486258418,-10.062893521862284,9.0,0,23.235292,,1.19,,172926640.0,"(15,25]",>0,missing,OK,1,1,1,0,1,ledger
SIF,AMEX:SIF,"SIFCO Industries, Inc. Common Stock",Daily,2025-12-04,2025-12-16,6.489999771118164,6.730000019073486,1.8289484168687473,31.57899029698808,0.3157899029698808,3.698000869327805,8.0,1,23.235292,,1.19,,172926640.0,"(15,25]",>0,missing,OK,1,1,1,0,1,ledger
SIF,AMEX:SIF,"SIFCO Industries, Inc. Common Stock",Daily,2026-07-14,2026-07-16,22.860000610351562,22.1200008392334,1.6466163203083881,-27.8195418634367,-0.278195418634367,-3.237094275417798,2.0,0,23.235292,,1.19,,172926640.0,"(15,25]",>0,missing,OK,1,1,1,0,1,ledger
SIF,AMEX:SIF,"SIFCO Industries, Inc. Common Stock",Weekly,2018-01-26,2018-02-23,6.699999809265137,5.75,1.944400045271931,-147.7743737714766,-1.477743737714766,-14.179102034472054,4.0,0,23.235292,,1.19,,172926640.0,"(15,25]",>0,missing,OK,1,1,1,0,1,ledger
SIF,AMEX:SIF,"SIFCO Industries, Inc. Common Stock",Weekly,2023-12-08,2024-01-05,3.930000066757202,3.559999942779541,1.5223875020283368,-55.22389281271262,-0.5522389281271262,-9.41476126444351,4.0,0,23.235292,,1.19,,172926640.0,"(15,25]",>0,missing,OK,1,1,1,0,1,ledger
SIF,AMEX:SIF,"SIFCO Industries, Inc. Common Stock",Monthly,2017-10-31,2018-02-28,7.300000190734863,5.0,2.196066312228,-113.50456524682212,-1.1350456524682213,-31.50685110466183,4.0,0,23.235292,,1.19,,172926640.0,"(15,25]",>0,missing,OK,1,1,1,0,1,ledger
SIF,AMEX:SIF,"SIFCO Industries, Inc. Common Stock",Monthly,2023-01-31,2023-03-31,3.4800000190734863,3.009999990463257,7.84379953376715,-30.021058162025884,-0.3002105816202588,-13.505747874546337,2.0,0,23.235292,,1.19,,172926640.0,"(15,25]",>0,missing,OK,1,1,1,0,1,ledger
SVM,AMEX:SVM,Silvercorp Metals Inc.,Daily,2025-03-04,2025-03-10,3.5799999237060547,3.5999999046325684,1.5823547643791083,11.764705882352942,0.11764705882352941,0.558658697003811,4.0,1,,6.125988,-0.05,1.66667,2258477824.0,missing,<=0,>0,OK,0,0,0,0,0,ledger
SVM,AMEX:SVM,Silvercorp Metals Inc.,Daily,2026-02-03,2026-02-05,10.739999771118164,9.579999923706055,3.07547346354893,-109.43400300497531,-1.094340030049753,-10.800743688389664,2.0,0,,6.125988,-0.05,1.66667,2258477824.0,missing,<=0,>0,OK,0,0,0,0,0,ledger
SVM,AMEX:SVM,Silvercorp Metals Inc.,Daily,2026-05-26,2026-05-27,12.489999771118164,11.949999809265137,3.831776742154747,-63.08411162892262,-0.6308411162892262,-4.3234585408217665,1.0,0,,6.125988,-0.05,1.66667,2258477824.0,missing,<=0,>0,OK,0,0,0,0,0,ledger
SVM,AMEX:SVM,Silvercorp Metals Inc.,Weekly,2019-06-07,2019-06-14,2.2799999713897705,2.1600000858306885,1.8642861704437566,-42.857106364499465,-0.4285710636449947,-5.2631529414422,1.0,0,,6.125988,-0.05,1.66667,2258477824.0,missing,<=0,>0,OK,0,0,0,0,0,ledger
SVM,AMEX:SVM,Silvercorp Metals Inc.,Weekly,2024-07-05,2024-08-02,3.5999999046325684,3.319999933242798,2.342763778931662,-83.03466110747665,-0.8303466110747664,-7.777777189089913,4.0,0,,6.125988,-0.05,1.66667,2258477824.0,missing,<=0,>0,OK,0,0,0,0,0,ledger
SVM,AMEX:SVM,Silvercorp Metals Inc.,Monthly,2025-02-28,2026-06-30,3.5299999713897705,10.100000381469727,2.1851467565470792,802.0342726453785,8.020342726453785,186.11899329543985,16.0,1,,6.125988,-0.05,1.66667,2258477824.0,missing,<=0,>0,OK,0,0,0,0,0,ledger
TGB,AMEX:TGB,Taseko Mines Limited,Daily,2025-04-01,2025-04-03,2.2899999618530273,2.059999942779541,1.5625014901175405,-143.75014901175405,-1.4375014901175405,-10.043669122482186,2.0,0,195.75,9.321356,0.04,0.8400066,2863018496.0,>40,>0,>0,OK,1,1,0,1,1,ledger
TGB,AMEX:TGB,Taseko Mines Limited,Daily,2026-07-20,2026-07-23,7.019999980926514,7.260000228881836,2.1960802096588554,47.058895027521,0.47058895027520997,3.4188069602194866,3.0,1,195.75,9.321356,0.04,0.8400066,2863018496.0,>40,>0,>0,OK,1,1,0,1,1,ledger
TGB,AMEX:TGB,Taseko Mines Limited,Weekly,2018-02-16,2018-03-02,1.8200000524520874,1.2799999713897705,2.133332777023448,-179.99998410543185,-1.7999998410543185,-29.670333269209216,2.0,0,195.75,9.321356,0.04,0.8400066,2863018496.0,>40,>0,>0,OK,1,1,0,1,1,ledger
TGB,AMEX:TGB,Taseko Mines Limited,Weekly,2020-11-27,2021-01-15,0.9399999976158142,1.309999942779541,2.4999998137355157,231.24992782251232,2.312499278225123,39.36169639384923,7.0,1,195.75,9.321356,0.04,0.8400066,2863018496.0,>40,>0,>0,OK,1,1,0,1,1,ledger
TGB,AMEX:TGB,Taseko Mines Limited,Weekly,2021-07-30,2021-08-20,1.809999942779541,1.5299999713897705,3.371965375432937,-109.78489093835768,-1.0978489093835768,-15.469612168041635,3.0,0,195.75,9.321356,0.04,0.8400066,2863018496.0,>40,>0,>0,OK,1,1,0,1,1,ledger
TGB,AMEX:TGB,Taseko Mines Limited,Weekly,2024-06-21,2024-07-19,2.509999990463257,2.2100000381469727,2.3703709263533788,-111.11110129964626,-1.1111110129964625,-11.95218938072246,4.0,0,195.75,9.321356,0.04,0.8400066,2863018496.0,>40,>0,>0,OK,1,1,0,1,1,ledger
TGB,AMEX:TGB,Taseko Mines Limited,Monthly,2021-09-30,2022-05-31,1.8899999856948853,1.590000033378601,1.9500003427267278,-74.99999254941896,-0.7499999254941896,-15.873013470208305,8.0,0,195.75,9.321356,0.04,0.8400066,2863018496.0,>40,>0,>0,OK,1,1,0,1,1,ledger
TMP,AMEX:TMP,Tompkins Financial Corporation Common Stock,Daily,2024-08-15,2024-08-27,56.88999938964844,60.33000183105469,2.413793859432772,98.85065787093825,0.9885065787093825,6.046761255603361,8.0,1,8.248578,12.204328,12.31,8.32,1460440192.0,"(0,15]",>0,>0,OK,1,1,1,0,1,ledger
TMP,AMEX:TMP,Tompkins Financial Corporation Common Stock,Daily,2025-02-28,2025-03-04,68.88999938964844,66.47000122070312,1.7829809200081812,-102.9787123521601,-1.029787123521601,-3.512843940174206,2.0,0,8.248578,12.204328,12.31,8.32,1460440192.0,"(0,15]",>0,>0,OK,1,1,1,0,1,ledger
TMP,AMEX:TMP,Tompkins Financial Corporation Common Stock,Daily,2025-09-26,2025-09-29,68.62999725341797,66.47000122070312,1.7428033359138932,-140.99026652739343,-1.4099026652739344,-3.147306016549884,1.0,0,8.248578,12.204328,12.31,8.32,1460440192.0,"(0,15]",>0,>0,OK,1,1,1,0,1,ledger
TMP,AMEX:TMP,Tompkins Financial Corporation Common Stock,Daily,2025-11-20,2025-11-28,65.79000091552734,69.11000061035156,2.000129017478607,202.45214021273298,2.0245214021273297,5.04635909503484,5.0,1,8.248578,12.204328,12.31,8.32,1460440192.0,"(0,15]",>0,>0,OK,1,1,1,0,1,ledger
TMP,AMEX:TMP,Tompkins Financial Corporation Common Stock,Daily,2026-01-05,2026-01-20,73.38999938964844,75.01000213623047,2.1069500826176535,86.63103567858673,0.8663103567858673,2.2073889631487456,10.0,1,8.248578,12.204328,12.31,8.32,1460440192.0,"(0,15]",>0,>0,OK,1,1,1,0,1,ledger
TMP,AMEX:TMP,Tompkins Financial Corporation Common Stock,Weekly,2018-01-12,2018-02-02,83.11000061035156,82.41999816894531,1.620911006754341,-15.134406553935653,-0.15134406553935653,-0.8302279344711117,3.0,0,8.248578,12.204328,12.31,8.32,1460440192.0,"(0,15]",>0,>0,OK,1,1,1,0,1,ledger
TMP,AMEX:TMP,Tompkins Financial Corporation Common Stock,Weekly,2024-01-26,2024-02-02,53.84000015258789,48.560001373291016,2.9380736518835726,-132.58995114400452,-1.3258995114400451,-9.806832771792044,1.0,0,8.248578,12.204328,12.31,8.32,1460440192.0,"(0,15]",>0,>0,OK,1,1,1,0,1,ledger
TMP,AMEX:TMP,Tompkins Financial Corporation Common Stock,Weekly,2026-03-27,2026-04-24,76.45999908447266,82.33000183105469,2.1540024533111084,120.53386932280154,1.2053386932280155,7.677220529517505,4.0,1,8.248578,12.204328,12.31,8.32,1460440192.0,"(0,15]",>0,>0,OK,1,1,1,0,1,ledger
TOPS,AMEX:TOPS,"TOP Ships, Inc. Common Stock",Daily,2025-06-24,2025-06-25,6.090000152587891,5.480000019073486,6.242901802007408,-70.78384482780952,-0.7078384482780952,-10.0164223026364,1.0,0,1.1029412,0.34246576,0.68,2.19,4156252.0,"(0,15]",>0,>0,OK,1,1,0,1,1,ledger
TOPS,AMEX:TOPS,"TOP Ships, Inc. Common Stock",Daily,2026-02-02,2026-02-03,5.179999828338623,5.010000228881836,1.902828961059691,-68.82552711296526,-0.6882552711296527,-3.2818456581167674,1.0,0,1.1029412,0.34246576,0.68,2.19,4156252.0,"(0,15]",>0,>0,OK,1,1,0,1,1,ledger
TOPS,AMEX:TOPS,"TOP Ships, Inc. Common Stock",Weekly,2017-02-17,2017-03-10,69551996928.0,29376000000.0,4.245902406322563,-152.45902250888423,-1.5245902250888423,-57.76397328978212,3.0,0,1.1029412,0.34246576,0.68,2.19,4156252.0,"(0,15]",>0,>0,OK,1,1,0,1,1,ledger
TOPS,AMEX:TOPS,"TOP Ships, Inc. Common Stock",Weekly,2024-02-16,2024-04-19,14.569999694824219,12.699999809265137,2.0491856999257143,-87.09039446758824,-0.8709039446758825,-12.834591110001,9.0,0,1.1029412,0.34246576,0.68,2.19,4156252.0,"(0,15]",>0,>0,OK,1,1,0,1,1,ledger
TRT,AMEX:TRT,Trio-Tech International Common Stock,Daily,2025-04-01,2025-04-04,3.0350000858306885,2.934999942779541,1.8645114504074627,-86.72162148605278,-0.8672162148605278,-3.2948975361816872,3.0,0,230.40001,,0.05,,116497144.0,>40,>0,missing,OK,1,1,0,0,1,ledger
TRT,AMEX:TRT,Trio-Tech International Common Stock,Daily,2025-06-18,2025-09-17,2.6649999618530273,2.565000057220459,1.8459909909794026,-83.90859047458197,-0.8390859047458197,-3.752341690955839,62.0,0,230.40001,,0.05,,116497144.0,>40,>0,missing,OK,1,1,0,0,1,ledger
TRT,AMEX:TRT,Trio-Tech International Common Stock,Daily,2025-10-28,2025-10-31,3.7249999046325684,3.690000057220459,1.9807687899064574,-13.461480267652375,-0.13461480267652376,-0.9395932431724917,3.0,0,230.40001,,0.05,,116497144.0,>40,>0,missing,OK,1,1,0,0,1,ledger
TRT,AMEX:TRT,Trio-Tech International Common Stock,Daily,2026-06-30,2026-07-01,12.319999694824219,11.100000381469727,2.836658796990415,-65.91851018189116,-0.6591851018189117,-9.90259207447082,1.0,0,230.40001,,0.05,,116497144.0,>40,>0,missing,OK,1,1,0,0,1,ledger
TRT,AMEX:TRT,Trio-Tech International Common Stock,Weekly,2017-09-15,2017-10-06,2.2049999237060547,2.4749999046325684,4.117257703281024,136.39992924009232,1.3639992924009232,12.244897517851658,3.0,1,230.40001,,0.05,,116497144.0,>40,>0,missing,OK,1,1,0,0,1,ledger
TRT,AMEX:TRT,Trio-Tech International Common Stock,Weekly,2018-01-19,2018-02-16,3.299999952316284,2.9649999141693115,1.8888896916452331,-67.6767910296795,-0.6767679102967951,-10.151516454169482,4.0,0,230.40001,,0.05,,116497144.0,>40,>0,missing,OK,1,1,0,0,1,ledger
TRT,AMEX:TRT,Trio-Tech International Common Stock,Weekly,2019-10-25,2019-11-08,1.809999942779541,1.725000023841858,1.561914952735475,-71.76356750522932,-0.7176356750522932,-4.696128266565152,2.0,0,230.40001,,0.05,,116497144.0,>40,>0,missing,OK,1,1,0,0,1,ledger
TRT,AMEX:TRT,Trio-Tech International Common Stock,Weekly,2021-05-28,2021-06-18,2.6600000858306885,2.555000066757202,2.0761899355588755,-20.0,-0.2,-3.9473690107305384,3.0,0,230.40001,,0.05,,116497144.0,>40,>0,missing,OK,1,1,0,0,1,ledger
TRT,AMEX:TRT,Trio-Tech International Common Stock,Monthly,2023-07-31,2023-11-30,2.8499999046325684,2.444999933242798,4.8666676299742795,-49.09091697251684,-0.49090916972516835,-14.210525787438034,4.0,0,230.40001,,0.05,,116497144.0,>40,>0,missing,OK,1,1,0,0,1,ledger
UEC,AMEX:UEC,Uranium Energy Corp.,Daily,2024-07-26,2024-08-01,5.730000019073486,5.329999923706055,3.5428574542610862,-114.28577267395364,-1.1428577267395366,-6.980804433437153,4.0,0,,-105.0,-0.22,-0.1,5147318272.0,missing,<=0,<=0,OK,0,0,0,0,0,ledger
UEC,AMEX:UEC,Uranium Energy Corp.,Daily,2024-10-28,2024-10-30,8.029999732971191,7.78000020980835,1.5609770280706,-60.975516147340414,-0.6097551614734041,-3.1133191964670104,2.0,0,,-105.0,-0.22,-0.1,5147318272.0,missing,<=0,<=0,OK,0,0,0,0,0,ledger
UEC,AMEX:UEC,Uranium Energy Corp.,Daily,2025-10-02,2025-10-17,13.680000305175781,14.869999885559082,1.5,129.34776974986784,1.2934776974986784,8.698827147928267,11.0,1,,-105.0,-0.22,-0.1,5147318272.0,missing,<=0,<=0,OK,0,0,0,0,0,ledger
UEC,AMEX:UEC,Uranium Energy Corp.,Weekly,2016-11-11,2017-03-03,0.9200000166893005,1.3200000524520874,3.571428084859993,571.4286809065015,5.714286809065016,43.478263968105296,16.0,1,,-105.0,-0.22,-0.1,5147318272.0,missing,<=0,<=0,OK,0,0,0,0,0,ledger
UEC,AMEX:UEC,Uranium Energy Corp.,Weekly,2017-03-17,2017-04-28,1.4500000476837158,1.2400000095367432,2.318675519075632,-103.60043432284128,-1.036004343228413,-14.482760775245115,6.0,0,,-105.0,-0.22,-0.1,5147318272.0,missing,<=0,<=0,OK,0,0,0,0,0,ledger
UEC,AMEX:UEC,Uranium Energy Corp.,Weekly,2018-04-06,2018-08-17,1.3899999856948853,1.6100000143051147,3.499720159152765,126.21942903042148,1.262194290304215,15.827340350672566,19.0,1,,-105.0,-0.22,-0.1,5147318272.0,missing,<=0,<=0,OK,0,0,0,0,0,ledger
UEC,AMEX:UEC,Uranium Energy Corp.,Weekly,2020-07-17,2020-07-31,0.9900000095367432,0.9700000286102295,1.9285714893925008,-14.285702121499822,-0.14285702121499824,-2.020200074126503,2.0,0,,-105.0,-0.22,-0.1,5147318272.0,missing,<=0,<=0,OK,0,0,0,0,0,ledger
UEC,AMEX:UEC,Uranium Energy Corp.,Weekly,2021-08-27,2021-09-24,2.380000114440918,2.930000066757202,2.6326522916520188,112.24485873581258,1.1224485873581258,23.109240582767107,4.0,1,,-105.0,-0.22,-0.1,5147318272.0,missing,<=0,<=0,OK,0,0,0,0,0,ledger
UEC,AMEX:UEC,Uranium Energy Corp.,Weekly,2022-01-07,2022-01-14,3.880000114440918,3.319999933242798,2.32926761898393,-68.2926907275545,-0.682926907275545,-14.432993935073954,1.0,0,,-105.0,-0.22,-0.1,5147318272.0,missing,<=0,<=0,OK,0,0,0,0,0,ledger
UEC,AMEX:UEC,Uranium Energy Corp.,Weekly,2022-06-10,2022-06-17,4.019999980926514,3.3299999237060547,2.411215032403761,-64.48599067939273,-0.6448599067939272,-17.164180609310115,1.0,0,,-105.0,-0.22,-0.1,5147318272.0,missing,<=0,<=0,OK,0,0,0,0,0,ledger
UEC,AMEX:UEC,Uranium Energy Corp.,Weekly,2026-04-17,2026-05-15,14.970000267028809,13.649999618530273,1.7378639548162094,-42.71846547946051,-0.4271846547946051,-8.817639445243138,4.0,0,,-105.0,-0.22,-0.1,5147318272.0,missing,<=0,<=0,OK,0,0,0,0,0,ledger
USAS,AMEX:USAS,Americas Gold and Silver Corporation,Daily,2024-08-12,2024-08-28,0.574999988079071,0.625,3.0,100.0,1.0,8.695654427396825,12.0,1,,12.262569,-0.24,0.358,1481812736.0,missing,<=0,>0,OK,0,0,0,0,0,ledger
USAS,AMEX:USAS,Americas Gold and Silver Corporation,Daily,2025-10-23,2025-10-24,4.199999809265137,4.019999980926514,1.9166677014700002,-37.499981373539995,-0.3749998137354,-4.285710393165878,1.0,0,,12.262569,-0.24,0.358,1481812736.0,missing,<=0,>0,OK,0,0,0,0,0,ledger
USAS,AMEX:USAS,Americas Gold and Silver Corporation,Daily,2026-02-09,2026-02-12,8.0,7.179999828338623,1.7123287223834542,-56.16439385180555,-0.5616439385180555,-10.250002145767212,3.0,0,,12.262569,-0.24,0.358,1481812736.0,missing,<=0,>0,OK,0,0,0,0,0,ledger
USAS,AMEX:USAS,Americas Gold and Silver Corporation,Weekly,2020-09-18,2020-09-25,7.699999809265137,6.474999904632568,1.8636366986046442,-111.36363734883719,-1.1136363734883719,-15.90909006463311,1.0,0,,12.262569,-0.24,0.358,1481812736.0,missing,<=0,>0,OK,0,0,0,0,0,ledger
UUUU,AMEX:UUUU,Energy Fuels Inc.,Daily,2024-07-23,2024-07-24,5.739999771118164,5.53000020980835,4.168650086996247,-90.24891221986975,-0.9024891221986975,-3.6585290885631188,1.0,0,,38.969696,-0.31,0.33,3213960192.0,missing,<=0,>0,OK,0,0,0,0,0,ledger
UUUU,AMEX:UUUU,Energy Fuels Inc.,Daily,2025-06-24,2025-06-27,5.650000095367432,5.550000190734863,1.6255058168705225,-27.55093491532916,-0.2755093491532916,-1.7699097866309885,3.0,0,,38.969696,-0.31,0.33,3213960192.0,missing,<=0,>0,OK,0,0,0,0,0,ledger
UUUU,AMEX:UUUU,Energy Fuels Inc.,Daily,2025-09-03,2025-09-12,11.4399995803833,11.930000305175781,2.0905856361532402,53.915166760567246,0.5391516676056725,4.283223275923082,7.0,1,,38.969696,-0.31,0.33,3213960192.0,missing,<=0,>0,OK,0,0,0,0,0,ledger
UUUU,AMEX:UUUU,Energy Fuels Inc.,Weekly,2018-12-07,2018-12-21,3.4100000858306885,2.75,1.5218289763080843,-147.70693476146286,-1.4770693476146286,-19.354840739539455,2.0,0,,38.969696,-0.31,0.33,3213960192.0,missing,<=0,>0,OK,0,0,0,0,0,ledger
UUUU,AMEX:UUUU,Energy Fuels Inc.,Weekly,2020-07-17,2020-07-31,1.75,1.7100000381469727,1.8749993946404258,-12.49998603016367,-0.1249998603016367,-2.285712105887277,2.0,0,,38.969696,-0.31,0.33,3213960192.0,missing,<=0,>0,OK,0,0,0,0,0,ledger
UUUU,AMEX:UUUU,Energy Fuels Inc.,Weekly,2026-01-02,2026-02-06,16.68000030517578,21.219999313354492,2.315217116379355,98.69562242793022,0.9869562242793022,27.218218975511384,5.0,1,,38.969696,-0.31,0.33,3213960192.0,missing,<=0,>0,OK,0,0,0,0,0,ledger
UUUU,AMEX:UUUU,Energy Fuels Inc.,Weekly,2026-04-17,2026-05-15,20.489999771118164,18.40999984741211,1.7353627758843262,-48.71193678502352,-0.4871193678502352,-10.151293054858568,4.0,0,,38.969696,-0.31,0.33,3213960192.0,missing,<=0,>0,OK,0,0,0,0,0,ledger
UUUU,AMEX:UUUU,Energy Fuels Inc.,Monthly,2017-07-31,2017-10-31,1.7799999713897705,1.3799999952316284,2.1156068799923884,-90.99383234537852,-0.9099383234537851,-22.471909134123983,3.0,0,,38.969696,-0.31,0.33,3213960192.0,missing,<=0,>0,OK,0,0,0,0,0,ledger
VKI,AMEX:VKI,Invesco Advantage Municipal Income Trust II Common Shares of Beneficial Interest (DE),Daily,2024-09-27,2024-10-02,9.279999732971191,9.300000190734863,1.5555567329292588,22.22269317170347,0.22222693171703473,0.21552218037907528,3.0,1,35.8,,0.25,,397597216.0,"(25,40]",>0,missing,OK,1,1,0,0,1,ledger
VKI,AMEX:VKI,Invesco Advantage Municipal Income Trust II Common Shares of Beneficial Interest (DE),Daily,2024-11-25,2024-12-09,9.0,9.130000114440918,2.0545218788156063,133.5441670413415,1.335441670413415,1.4444457160101998,9.0,1,35.8,,0.25,,397597216.0,"(25,40]",>0,missing,OK,1,1,0,0,1,ledger
VKI,AMEX:VKI,Invesco Advantage Municipal Income Trust II Common Shares of Beneficial Interest (DE),Daily,2025-07-31,2025-08-18,8.210000038146973,8.289999961853027,4.285735694822888,114.28610354223433,1.1428610354223434,0.9744205034633712,12.0,1,35.8,,0.25,,397597216.0,"(25,40]",>0,missing,OK,1,1,0,0,1,ledger
VKI,AMEX:VKI,Invesco Advantage Municipal Income Trust II Common Shares of Beneficial Interest (DE),Daily,2026-01-30,2026-03-06,8.930000305175781,9.25,3.199984741269145,319.9984741269145,3.199984741269145,3.5834231118530715,24.0,1,35.8,,0.25,,397597216.0,"(25,40]",>0,missing,OK,1,1,0,0,1,ledger
VKI,AMEX:VKI,Invesco Advantage Municipal Income Trust II Common Shares of Beneficial Interest (DE),Monthly,2022-11-30,2023-02-28,8.930000305175781,8.539999961853027,3.526784402831901,-34.821447958137114,-0.3482144795813712,-4.3673049271533815,3.0,0,35.8,,0.25,,397597216.0,"(25,40]",>0,missing,OK,1,1,0,0,1,ledger
WRN,AMEX:WRN,Western Copper and Gold Corporation Common Stock,Daily,2024-10-21,2024-10-25,1.2200000286102295,1.1399999856948853,1.7999957084717153,-159.99985694905718,-1.5999985694905718,-6.557380413054316,4.0,0,221.00002,-114.330055,0.01,-0.01933,498649952.0,>40,>0,<=0,OK,1,1,0,0,1,ledger
WRN,AMEX:WRN,Western Copper and Gold Corporation Common Stock,Daily,2024-12-10,2024-12-13,1.1299999952316284,1.0499999523162842,3.000001986823387,-133.33353201567206,-1.3333353201567206,-7.079649845391881,3.0,0,221.00002,-114.330055,0.01,-0.01933,498649952.0,>40,>0,<=0,OK,1,1,0,0,1,ledger
WRN,AMEX:WRN,Western Copper and Gold Corporation Common Stock,Daily,2025-06-30,2025-07-07,1.25,1.2300000190734863,2.4285689957306076,-28.57137991461215,-0.28571379914612155,-1.5999984741210938,4.0,0,221.00002,-114.330055,0.01,-0.01933,498649952.0,>40,>0,<=0,OK,1,1,0,0,1,ledger
WRN,AMEX:WRN,Western Copper and Gold Corporation Common Stock,Daily,2026-07-30,2026-07-31,2.109999895095825,2.0399999618530273,1.7411533670740964,-60.940295201031134,-0.6094029520103114,-3.3175325461150704,1.0,0,221.00002,-114.330055,0.01,-0.01933,498649952.0,>40,>0,<=0,OK,1,1,0,0,1,ledger
WRN,AMEX:WRN,Western Copper and Gold Corporation Common Stock,Weekly,2017-06-16,2017-08-18,1.0499999523162842,1.1200000047683716,5.43188086919029,50.697592767574726,0.5069759276757473,6.666671964857554,9.0,1,221.00002,-114.330055,0.01,-0.01933,498649952.0,>40,>0,<=0,OK,1,1,0,0,1,ledger
WRN,AMEX:WRN,Western Copper and Gold Corporation Common Stock,Weekly,2019-06-07,2019-09-13,0.5600000023841858,0.6399999856948853,2.4545449619451487,72.72724809725743,0.7272724809725742,14.285711244660995,14.0,1,221.00002,-114.330055,0.01,-0.01933,498649952.0,>40,>0,<=0,OK,1,1,0,0,1,ledger
WRN,AMEX:WRN,Western Copper and Gold Corporation Common Stock,Weekly,2021-04-23,2021-07-16,1.340000033378601,1.7300000190734863,3.2206684468374074,216.56220921007082,2.165622092100708,29.104475819419285,12.0,1,221.00002,-114.330055,0.01,-0.01933,498649952.0,>40,>0,<=0,OK,1,1,0,0,1,ledger
WRN,AMEX:WRN,Western Copper and Gold Corporation Common Stock,Weekly,2021-07-30,2021-08-20,1.940000057220459,1.5800000429153442,2.405405013556029,-97.29729990962647,-0.9729729990962647,-18.55670122097346,3.0,0,221.00002,-114.330055,0.01,-0.01933,498649952.0,>40,>0,<=0,OK,1,1,0,0,1,ledger
WRN,AMEX:WRN,Western Copper and Gold Corporation Common Stock,Weekly,2022-06-10,2022-06-17,1.75,1.5199999809265137,2.0967748882124293,-74.19356823464085,-0.7419356823464084,-13.142858232770646,1.0,0,221.00002,-114.330055,0.01,-0.01933,498649952.0,>40,>0,<=0,OK,1,1,0,0,1,ledger
WRN,AMEX:WRN,Western Copper and Gold Corporation Common Stock,Weekly,2023-06-16,2023-06-23,1.6399999856948853,1.5499999523162842,2.3077408165024718,-61.08727356597211,-0.6108727356597212,-5.487806961197449,1.0,0,221.00002,-114.330055,0.01,-0.01933,498649952.0,>40,>0,<=0,OK,1,1,0,0,1,ledger
WRN,AMEX:WRN,Western Copper and Gold Corporation Common Stock,Weekly,2024-08-16,2024-10-11,1.190000057220459,1.2100000381469727,2.4736829887140206,10.526302580692116,0.10526302580692116,1.6806705852795165,8.0,1,221.00002,-114.330055,0.01,-0.01933,498649952.0,>40,>0,<=0,OK,1,1,0,0,1,ledger
WRN,AMEX:WRN,Western Copper and Gold Corporation Common Stock,Weekly,2025-05-09,2025-05-16,1.159999966621399,1.0299999713897705,1.5370291008759116,-105.16511347830632,-1.051651134783063,-11.206896463132214,1.0,0,221.00002,-114.330055,0.01,-0.01933,498649952.0,>40,>0,<=0,OK,1,1,0,0,1,ledger
WRN,AMEX:WRN,Western Copper and Gold Corporation Common Stock,Monthly,2017-07-31,2017-10-31,1.2300000190734863,1.0199999809265137,1.5312500640284283,-65.62501338776231,-0.6562501338776231,-17.073173568335225,3.0,0,221.00002,-114.330055,0.01,-0.01933,498649952.0,>40,>0,<=0,OK,1,1,0,0,1,ledger
WRN,AMEX:WRN,Western Copper and Gold Corporation Common Stock,Monthly,2022-02-28,2022-05-31,1.7799999713897705,1.690000057220459,2.0192307515962584,-17.307676436632466,-0.17307676436632466,-5.056175034600831,3.0,0,221.00002,-114.330055,0.01,-0.01933,498649952.0,>40,>0,<=0,OK,1,1,0,0,1,ledger
XTNT,AMEX:XTNT,"Xtant Medical Holdings, Inc. Common Stock",Daily,2024-08-06,2024-08-09,0.6899999976158142,0.6200000047683716,2.333333002196431,-116.66665010982155,-1.1666665010982156,-10.144926534683554,3.0,0,43.579998,-87.159996,0.01,-0.005,61126596.0,>40,>0,<=0,OK,1,1,0,0,1,ledger
XTNT,AMEX:XTNT,"Xtant Medical Holdings, Inc. Common Stock",Weekly,2017-06-02,2017-08-18,7.199999809265137,7.800000190734863,2.4166669840062505,20.833349200312526,0.20833349200312526,8.33333885228207,11.0,1,43.579998,-87.159996,0.01,-0.005,61126596.0,>40,>0,<=0,OK,1,1,0,0,1,ledger
XTNT,AMEX:XTNT,"Xtant Medical Holdings, Inc. Common Stock",Weekly,2017-09-01,2017-10-13,9.119999885559082,8.039999961853027,2.525657024912103,-50.51313157730138,-0.5051313157730138,-11.842104575200306,6.0,0,43.579998,-87.159996,0.01,-0.005,61126596.0,>40,>0,<=0,OK,1,1,0,0,1,ledger
XTNT,AMEX:XTNT,"Xtant Medical Holdings, Inc. Common Stock",Weekly,2018-06-15,2018-06-29,6.579999923706055,5.550000190734863,3.7272736467936305,-78.03030084096754,-0.7803030084096755,-15.65349156404039,2.0,0,43.579998,-87.159996,0.01,-0.005,61126596.0,>40,>0,<=0,OK,1,1,0,0,1,ledger
XTNT,AMEX:XTNT,"Xtant Medical Holdings, Inc. Common Stock",Weekly,2019-04-05,2019-06-07,3.4000000953674316,2.9100000858306885,1.9852937824998675,-72.05881785769007,-0.7205881785769007,-14.411764582135689,9.0,0,43.579998,-87.159996,0.01,-0.005,61126596.0,>40,>0,<=0,OK,1,1,0,0,1,ledger
XTNT,AMEX:XTNT,"Xtant Medical Holdings, Inc. Common Stock",Weekly,2021-06-04,2021-07-16,1.6799999475479126,1.2899999618530273,8.570123658379767,-68.21118613131267,-0.6821118613131267,-23.214285587575155,6.0,0,43.579998,-87.159996,0.01,-0.005,61126596.0,>40,>0,<=0,OK,1,1,0,0,1,ledger
YCBD,AMEX:YCBD,"cbdMD, Inc. Common Stock",Daily,2024-07-31,2024-08-06,4.639999866485596,4.263999938964844,1.7099717069490055,-116.47630155013461,-1.164763015501346,-8.103446946983208,4.0,0,0.23153527,-0.62696636,2.41,-0.89,5857839.0,"(0,15]",>0,<=0,OK,1,1,0,0,1,ledger
YCBD,AMEX:YCBD,"cbdMD, Inc. Common Stock",Daily,2025-12-23,2025-12-29,1.659999966621399,1.3600000143051147,2.5714283281443238,-85.7142662515459,-0.8571426625154589,-18.072286647503653,3.0,0,0.23153527,-0.62696636,2.41,-0.89,5857839.0,"(0,15]",>0,<=0,OK,1,1,0,0,1,ledger
YCBD,AMEX:YCBD,"cbdMD, Inc. Common Stock",Daily,2026-05-06,2026-05-11,0.9129999876022339,0.8080000281333923,2.2037036560090866,-64.81478960480281,-0.6481478960480281,-11.500543361955314,3.0,0,0.23153527,-0.62696636,2.41,-0.89,5857839.0,"(0,15]",>0,<=0,OK,1,1,0,0,1,ledger
YCBD,AMEX:YCBD,"cbdMD, Inc. Common Stock",Weekly,2018-11-09,2018-11-16,1486.800048828125,1339.199951171875,3.738392987909101,-35.235451474637514,-0.3523545147463752,-9.927367017009875,1.0,0,0.23153527,-0.62696636,2.41,-0.89,5857839.0,"(0,15]",>0,<=0,OK,1,1,0,0,1,ledger
YCBD,AMEX:YCBD,"cbdMD, Inc. Common Stock",Weekly,2020-10-09,2021-02-19,896.4000244140625,1602.0,2.20547894937799,268.49309150905447,2.6849309150905447,78.71485457033063,19.0,1,0.23153527,-0.62696636,2.41,-0.89,5857839.0,"(0,15]",>0,<=0,OK,1,1,0,0,1,ledger
YCBD,AMEX:YCBD,"cbdMD, Inc. Common Stock",Weekly,2021-03-12,2021-03-26,1616.4000244140625,1389.5999755859375,1.9663864995485052,-52.94118485131444,-0.5294118485131444,-14.031183209758918,2.0,0,0.23153527,-0.62696636,2.41,-0.89,5857839.0,"(0,15]",>0,<=0,OK,1,1,0,0,1,ledger
YCBD,AMEX:YCBD,"cbdMD, Inc. Common Stock",Weekly,2026-01-30,2026-02-13,1.0399999618530273,0.7009999752044678,3.534278885266615,-78.82371776000656,-0.7882371776000655,-32.59615375798129,2.0,0,0.23153527,-0.62696636,2.41,-0.89,5857839.0,"(0,15]",>0,<=0,OK,1,1,0,0,1,ledger
YCBD,AMEX:YCBD,"cbdMD, Inc. Common Stock",Weekly,2026-07-10,2026-07-17,0.7870000004768372,0.5699999928474426,2.4923046408217924,-111.9731155205405,-1.1197311552054052,-27.5730632144747,1.0,0,0.23153527,-0.62696636,2.41,-0.89,5857839.0,"(0,15]",>0,<=0,OK,1,1,0,0,1,ledger
CBOE,CBOE:CBOE,"Cboe Global Markets, Inc.",Daily,2025-05-15,2025-05-28,219.13999938964844,225.99000549316406,2.5950729936348336,105.30960132344076,1.0530960132344076,3.1258584113326418,8.0,1,22.462618,18.934155,12.84,15.23279,30119995392.0,"(15,25]",>0,>0,OK,1,1,1,1,1,ledger
CBOE,CBOE:CBOE,"Cboe Global Markets, Inc.",Daily,2025-08-15,2025-08-22,247.6300048828125,246.42999267578125,1.5632124964090073,-24.553327588170436,-0.24553327588170437,-0.48459887064135837,5.0,0,22.462618,18.934155,12.84,15.23279,30119995392.0,"(15,25]",>0,>0,OK,1,1,1,1,1,ledger
AACB,NASDAQ:AACB,Artius II Acquisition Inc.,Daily,2025-06-27,2025-07-02,10.100000381469727,10.100000381469727,3.498118079722342,0.0,0.0,0.0,3.0,0,31.939392,,0.33,,291694496.0,"(25,40]",>0,missing,OK,1,1,0,0,1,ledger
AACB,NASDAQ:AACB,Artius II Acquisition Inc.,Daily,2025-12-30,2026-01-02,10.300000190734863,10.289999961853027,3.415390037124796,-85.38678666116066,-0.8538678666116065,-0.09708959899662353,2.0,0,31.939392,,0.33,,291694496.0,"(25,40]",>0,missing,OK,1,1,0,0,1,ledger
AAL,NASDAQ:AAL,American Airlines Group Inc.,Daily,2024-07-22,2024-07-24,10.6899995803833,10.170000076293945,1.617651431216078,-152.94139096531703,-1.5294139096531703,-4.864354766145934,2.0,0,,6.6765575,-0.49,2.48032,10962221056.0,missing,<=0,>0,OK,0,0,0,0,0,ledger
AAL,NASDAQ:AAL,American Airlines Group Inc.,Daily,2025-04-24,2025-05-15,9.609999656677246,11.760000228881836,2.3769815770366045,315.4637106029651,3.154637106029651,22.372535369558737,15.0,1,,6.6765575,-0.49,2.48032,10962221056.0,missing,<=0,>0,OK,0,0,0,0,0,ledger
AAL,NASDAQ:AAL,American Airlines Group Inc.,Daily,2026-01-02,2026-01-13,15.479999542236328,15.350000381469727,1.8262337742035093,-27.288348160591713,-0.27288348160591713,-0.8397878850829807,7.0,0,,6.6765575,-0.49,2.48032,10962221056.0,missing,<=0,>0,OK,0,0,0,0,0,ledger
AAL,NASDAQ:AAL,American Airlines Group Inc.,Daily,2026-04-30,2026-05-11,11.710000038146973,12.789999961853027,3.0741817468160124,195.30096614863942,1.9530096614863943,9.222885740288667,7.0,1,,6.6765575,-0.49,2.48032,10962221056.0,missing,<=0,>0,OK,0,0,0,0,0,ledger
AAL,NASDAQ:AAL,American Airlines Group Inc.,Daily,2026-06-08,2026-06-10,13.600000381469727,13.420000076293945,3.2054896996003373,-32.05496492921435,-0.32054964929214347,-1.3235316185802117,2.0,0,,6.6765575,-0.49,2.48032,10962221056.0,missing,<=0,>0,OK,0,0,0,0,0,ledger
AAL,NASDAQ:AAL,American Airlines Group Inc.,Daily,2026-07-09,2026-07-13,17.059999465942383,16.309999465942383,1.8210563511774378,-78.94746352442313,-0.7894746352442312,-4.396248672206922,2.0,0,,6.6765575,-0.49,2.48032,10962221056.0,missing,<=0,>0,OK,0,0,0,0,0,ledger
AAL,NASDAQ:AAL,American Airlines Group Inc.,Weekly,2025-10-17,2026-01-16,11.859999656677246,15.369999885559082,2.0087001080100704,327.9319052292513,3.279319052292513,29.595281032792325,13.0,1,,6.6765575,-0.49,2.48032,10962221056.0,missing,<=0,>0,OK,0,0,0,0,0,ledger
AAME,NASDAQ:AAME,Atlantic American Corporation,Daily,2025-04-14,2025-04-21,1.3799999952316284,1.3300000429153442,3.347939274536167,-35.61633912653341,-0.35616339126533414,-3.6231849629747175,4.0,0,6.695652,,0.23,,31411730.0,"(0,15]",>0,missing,OK,1,1,1,0,1,ledger
AAME,NASDAQ:AAME,Atlantic American Corporation,Weekly,2017-05-26,2017-08-11,3.799999952316284,3.200000047683716,2.7361976295645354,-193.14329888245595,-1.9314329888245596,-15.789471372673027,11.0,0,6.695652,,0.23,,31411730.0,"(0,15]",>0,missing,OK,1,1,1,0,1,ledger
AAME,NASDAQ:AAME,Atlantic American Corporation,Weekly,2020-07-24,2020-09-11,1.809999942779541,1.940000057220459,5.234623428508712,40.7485996211095,0.407485996211095,7.18232699175019,7.0,1,6.695652,,0.23,,31411730.0,"(0,15]",>0,missing,OK,1,1,1,0,1,ledger
AAME,NASDAQ:AAME,Atlantic American Corporation,Weekly,2023-06-16,2023-06-23,2.240000009536743,2.109999895095825,78.80697555410603,-74.61701127926821,-0.7461701127926821,-5.803576512832401,1.0,0,6.695652,,0.23,,31411730.0,"(0,15]",>0,missing,OK,1,1,1,0,1,ledger
AAME,NASDAQ:AAME,Atlantic American Corporation,Weekly,2024-09-06,2024-09-20,1.6699999570846558,1.4299999475479126,7.249016120049765,-130.80931442155494,-1.3080931442155497,-14.371258425402287,2.0,0,6.695652,,0.23,,31411730.0,"(0,15]",>0,missing,OK,1,1,1,0,1,ledger
AAMI,NASDAQ:AAMI,Acadian Asset Management Inc.,Daily,2024-10-08,2024-10-21,23.709999084472656,26.18000030517578,2.752811733845389,277.52841737102887,2.7752841737102885,10.41755089025159,9.0,1,38.141075,14.229102,2.41,6.46,3275016448.0,"(25,40]",>0,>0,OK,1,1,0,1,1,ledger
AAMI,NASDAQ:AAMI,Acadian Asset Management Inc.,Daily,2026-07-02,2026-07-13,73.08999633789062,78.80999755859375,3.3263216436144902,150.52652924370526,1.5052652924370524,7.825970046926677,6.0,1,38.141075,14.229102,2.41,6.46,3275016448.0,"(25,40]",>0,>0,OK,1,1,0,1,1,ledger
AAMI,NASDAQ:AAMI,Acadian Asset Management Inc.,Weekly,2023-03-31,2023-04-07,23.579999923706055,22.360000610351562,1.736842052428005,-64.21050306832225,-0.6421050306832224,-5.173873271000187,1.0,0,38.141075,14.229102,2.41,6.46,3275016448.0,"(25,40]",>0,>0,OK,1,1,0,1,1,ledger
AAMI,NASDAQ:AAMI,Acadian Asset Management Inc.,Weekly,2025-11-28,2026-02-06,44.84000015258789,50.97999954223633,1.882415360155375,169.84612261704063,1.6984612261704064,13.693129725143576,10.0,1,38.141075,14.229102,2.41,6.46,3275016448.0,"(25,40]",>0,>0,OK,1,1,0,1,1,ledger
AAOI,NASDAQ:AAOI,"Applied Optoelectronics, Inc.",Daily,2024-07-31,2024-08-02,9.550000190734863,7.650000095367432,1.6357823465445152,-121.40575245357846,-1.2140575245357845,-19.895288559373615,2.0,0,,27.583824,-0.65,4.772,10562356224.0,missing,<=0,>0,OK,0,0,0,0,0,ledger
AAOI,NASDAQ:AAOI,"Applied Optoelectronics, Inc.",Daily,2024-12-13,2024-12-17,36.43000030517578,32.11000061035156,1.617234481959883,-86.57314414778398,-0.8657314414778398,-11.858357558702671,2.0,0,,27.583824,-0.65,4.772,10562356224.0,missing,<=0,>0,OK,0,0,0,0,0,ledger
AAOI,NASDAQ:AAOI,"Applied Optoelectronics, Inc.",Daily,2025-08-06,2025-08-08,23.229999542236328,21.59000015258789,3.0363637750799004,-59.63634144176137,-0.5963634144176136,-7.059833930115336,2.0,0,,27.583824,-0.65,4.772,10562356224.0,missing,<=0,>0,OK,0,0,0,0,0,ledger
AAOI,NASDAQ:AAOI,"Applied Optoelectronics, Inc.",Daily,2026-03-18,2026-03-20,92.62999725341797,87.54000091552734,3.143811971035082,-44.04620768680475,-0.44046207686804745,-5.494976237519869,2.0,0,,27.583824,-0.65,4.772,10562356224.0,missing,<=0,>0,OK,0,0,0,0,0,ledger
AAOI,NASDAQ:AAOI,"Applied Optoelectronics, Inc.",Daily,2026-05-21,2026-05-28,176.80999755859375,169.02000427246094,2.549265000404053,-34.92570704282683,-0.3492570704282683,-4.405855660707906,4.0,0,,27.583824,-0.65,4.772,10562356224.0,missing,<=0,>0,OK,0,0,0,0,0,ledger
AAOI,NASDAQ:AAOI,"Applied Optoelectronics, Inc.",Weekly,2020-09-25,2020-10-16,10.729999542236328,10.979999542236328,3.7732962751547032,13.791287247731601,0.137912872477316,2.3299162224185466,3.0,1,,27.583824,-0.65,4.772,10562356224.0,missing,<=0,>0,OK,0,0,0,0,0,ledger
AAOI,NASDAQ:AAOI,"Applied Optoelectronics, Inc.",Weekly,2023-11-03,2023-12-29,9.470000267028809,19.31999969482422,2.416369732350155,350.5337351209011,3.505337351209011,104.01266261934146,8.0,1,,27.583824,-0.65,4.772,10562356224.0,missing,<=0,>0,OK,0,0,0,0,0,ledger
AAOI,NASDAQ:AAOI,"Applied Optoelectronics, Inc.",Monthly,2018-05-31,2018-07-31,46.77000045776367,38.43000030517578,2.3375981953946856,-34.42014160194303,-0.3442014160194302,-17.831943705280587,2.0,0,,27.583824,-0.65,4.772,10562356224.0,missing,<=0,>0,OK,0,0,0,0,0,ledger
AAON,NASDAQ:AAON,"AAON, Inc.",Daily,2024-11-20,2024-11-27,132.0500030517578,136.02999877929688,2.652843620267094,87.83945525445823,0.8783945525445823,3.0140065396129363,5.0,1,65.445206,28.086422,1.46,3.402,7826664448.0,>40,>0,>0,OK,1,1,0,1,1,ledger
AAON,NASDAQ:AAON,"AAON, Inc.",Daily,2025-05-27,2025-05-28,100.19000244140625,97.12999725341797,1.886502815508161,-84.51996051777479,-0.845199605177748,-3.0542021293769834,1.0,0,65.445206,28.086422,1.46,3.402,7826664448.0,>40,>0,>0,OK,1,1,0,1,1,ledger
AAON,NASDAQ:AAON,"AAON, Inc.",Daily,2026-06-15,2026-06-16,131.25999450683594,130.66000366210938,1.5177882585672413,-4.74301291871223,-0.0474301291871223,-0.45710107407883166,1.0,0,65.445206,28.086422,1.46,3.402,7826664448.0,>40,>0,>0,OK,1,1,0,1,1,ledger
AAON,NASDAQ:AAON,"AAON, Inc.",Weekly,2018-04-20,2018-05-04,24.03333282470703,19.766666412353516,1.8143265142694533,-276.4688610273545,-2.7646886102735446,-17.7531199832894,2.0,0,65.445206,28.086422,1.46,3.402,7826664448.0,>40,>0,>0,OK,1,1,0,1,1,ledger
AAON,NASDAQ:AAON,"AAON, Inc.",Weekly,2018-10-26,2018-11-23,22.066667556762695,24.98666763305664,4.494954998560765,193.01868251986713,1.9301868251986711,13.23262821077423,4.0,1,65.445206,28.086422,1.46,3.402,7826664448.0,>40,>0,>0,OK,1,1,0,1,1,ledger
AAON,NASDAQ:AAON,"AAON, Inc.",Weekly,2019-01-04,2019-05-10,23.739999771118164,32.266666412353516,2.832317001368581,389.9390549726415,3.8993905497264145,35.91687752081955,18.0,1,65.445206,28.086422,1.46,3.402,7826664448.0,>40,>0,>0,OK,1,1,0,1,1,ledger
AAON,NASDAQ:AAON,"AAON, Inc.",Weekly,2021-05-14,2021-06-04,45.7599983215332,42.880001068115234,2.15555757702025,-73.84612675953015,-0.7384612675953015,-6.2937005224118066,3.0,0,65.445206,28.086422,1.46,3.402,7826664448.0,>40,>0,>0,OK,1,1,0,1,1,ledger
AAON,NASDAQ:AAON,"AAON, Inc.",Weekly,2022-10-21,2022-12-16,37.5,50.893333435058594,1.935570651338222,471.3407840088427,4.713407840088427,35.715555826822914,8.0,1,65.445206,28.086422,1.46,3.402,7826664448.0,>40,>0,>0,OK,1,1,0,1,1,ledger
AAON,NASDAQ:AAON,"AAON, Inc.",Weekly,2025-01-10,2025-01-31,122.06999969482422,116.37999725341797,2.647678122431315,-68.47858980086505,-0.6847858980086505,-4.661261944483733,3.0,0,65.445206,28.086422,1.46,3.402,7826664448.0,>40,>0,>0,OK,1,1,0,1,1,ledger
AAPL,NASDAQ:AAPL,Apple Inc.,Daily,2025-02-04,2025-02-07,232.8000030517578,227.6300048828125,2.026758735111948,-72.81681302196834,-0.7281681302196834,-2.2207895623591893,3.0,0,34.84009,32.521572,8.88,9.51307,4515147284480.0,"(25,40]",>0,>0,OK,1,1,0,1,1,ledger
AAPL,NASDAQ:AAPL,Apple Inc.,Daily,2025-08-22,2025-09-08,227.75999450683594,237.8800048828125,1.5593740847569062,214.41413871044566,2.1441413871044563,4.443278284182091,10.0,1,34.84009,32.521572,8.88,9.51307,4515147284480.0,"(25,40]",>0,>0,OK,1,1,0,1,1,ledger
AAPL,NASDAQ:AAPL,Apple Inc.,Daily,2025-12-19,2025-12-31,273.6700134277344,271.8599853515625,2.2246992520469933,-26.93493671690864,-0.2693493671690864,-0.6613907214389907,7.0,0,34.84009,32.521572,8.88,9.51307,4515147284480.0,"(25,40]",>0,>0,OK,1,1,0,1,1,ledger
AAPL,NASDAQ:AAPL,Apple Inc.,Daily,2026-02-17,2026-02-19,263.8800048828125,260.5799865722656,2.0201640273028896,-39.14608783479254,-0.3914608783479254,-1.25057535602684,2.0,0,34.84009,32.521572,8.88,9.51307,4515147284480.0,"(25,40]",>0,>0,OK,1,1,0,1,1,ledger
AAPL,NASDAQ:AAPL,Apple Inc.,Weekly,2017-10-06,2017-11-17,38.82500076293945,42.537498474121094,1.5700326299544474,241.8565524576842,2.418565524576842,9.56213171468993,6.0,1,34.84009,32.521572,8.88,9.51307,4515147284480.0,"(25,40]",>0,>0,OK,1,1,0,1,1,ledger
AAPL,NASDAQ:AAPL,Apple Inc.,Weekly,2020-10-02,2020-10-23,113.0199966430664,115.04000091552734,2.516129404399516,20.362950053605736,0.20362950053605736,1.7872981175538385,3.0,1,34.84009,32.521572,8.88,9.51307,4515147284480.0,"(25,40]",>0,>0,OK,1,1,0,1,1,ledger
AAPL,NASDAQ:AAPL,Apple Inc.,Weekly,2021-10-15,2022-01-21,144.83999633789062,162.41000366210938,1.8904129632511246,267.42813612621376,2.674281361262138,12.130632262120804,14.0,1,34.84009,32.521572,8.88,9.51307,4515147284480.0,"(25,40]",>0,>0,OK,1,1,0,1,1,ledger
AAT,NASDAQ:AAT,"American Assets Trust, Inc.",Daily,2024-08-06,2024-08-12,25.510000228881836,24.450000762939453,1.69999809265258,-88.33323266777504,-0.8833323266777505,-4.155231111061598,4.0,0,79.89655,32.180553,0.29,0.72,1797354240.0,>40,>0,>0,OK,1,1,0,1,1,ledger
AAT,NASDAQ:AAT,"American Assets Trust, Inc.",Daily,2024-10-04,2024-10-21,26.469999313354492,27.520000457763672,2.2000082651984285,175.00063578449448,1.750006357844945,3.966759243093139,11.0,1,79.89655,32.180553,0.29,0.72,1797354240.0,>40,>0,>0,OK,1,1,0,1,1,ledger
AAT,NASDAQ:AAT,"American Assets Trust, Inc.",Daily,2025-10-03,2025-10-06,20.399999618530273,20.170000076293945,1.876390762441729,-59.119080416951476,-0.5911908041695146,-1.1274487575353127,1.0,0,79.89655,32.180553,0.29,0.72,1797354240.0,>40,>0,>0,OK,1,1,0,1,1,ledger
AAT,NASDAQ:AAT,"American Assets Trust, Inc.",Weekly,2024-03-29,2024-04-05,21.90999984741211,20.770000457763672,1.6080001831054687,-91.199951171875,-0.91199951171875,-5.203100856174073,1.0,0,79.89655,32.180553,0.29,0.72,1797354240.0,>40,>0,>0,OK,1,1,0,1,1,ledger
ABEO,NASDAQ:ABEO,Abeona Therapeutics Inc. - Common Stock,Daily,2025-05-12,2025-05-14,5.599999904632568,5.389999866485596,3.2473525523354563,-39.6479101160333,-0.396479101160333,-3.750000745058072,2.0,0,7.1789474,23.790422,0.95,0.28667,388706880.0,"(0,15]",>0,>0,OK,1,1,1,0,1,ledger
ABEO,NASDAQ:ABEO,Abeona Therapeutics Inc. - Common Stock,Daily,2025-05-29,2025-06-10,6.159999847412109,6.460000038146973,2.1706101418307324,64.47359494969312,0.6447359494969312,4.870133087111958,8.0,1,7.1789474,23.790422,0.95,0.28667,388706880.0,"(0,15]",>0,>0,OK,1,1,1,0,1,ledger
ABEO,NASDAQ:ABEO,Abeona Therapeutics Inc. - Common Stock,Daily,2025-08-20,2025-08-25,7.0,7.010000228881836,1.680207691622039,3.1115671615204223,0.031115671615204222,0.14286041259765625,3.0,1,7.1789474,23.790422,0.95,0.28667,388706880.0,"(0,15]",>0,>0,OK,1,1,1,0,1,ledger
ABEO,NASDAQ:ABEO,Abeona Therapeutics Inc. - Common Stock,Daily,2025-12-19,2026-01-23,5.110000133514404,5.159999847412109,1.6129035235196125,16.128942944116215,0.16128942944116212,0.9784679567770923,22.0,1,7.1789474,23.790422,0.95,0.28667,388706880.0,"(0,15]",>0,>0,OK,1,1,1,0,1,ledger
ABEO,NASDAQ:ABEO,Abeona Therapeutics Inc. - Common Stock,Weekly,2018-01-26,2018-02-09,406.25,352.0,2.80485359052109,-93.63895832970408,-0.9363895832970408,-13.353846153846154,2.0,0,7.1789474,23.790422,0.95,0.28667,388706880.0,"(0,15]",>0,>0,OK,1,1,1,0,1,ledger
ABEO,NASDAQ:ABEO,Abeona Therapeutics Inc. - Common Stock,Weekly,2021-05-21,2021-07-02,40.5,38.75,5.003671172874252,-16.140874751207264,-0.16140874751207263,-4.320987654320987,6.0,0,7.1789474,23.790422,0.95,0.28667,388706880.0,"(0,15]",>0,>0,OK,1,1,1,0,1,ledger
ABG,NASDAQ:ABG,"Asbury Automotive Group, Inc.",Daily,2026-04-24,2026-05-04,203.05999755859375,193.35000610351562,1.89506941491255,-146.62233745834362,-1.4662233745834363,-4.781833729844436,6.0,0,8.483061,7.3484435,26.27,30.32615,4000584704.0,"(0,15]",>0,>0,OK,1,1,1,1,1,ledger
ABG,NASDAQ:ABG,"Asbury Automotive Group, Inc.",Weekly,2021-07-02,2021-08-20,177.58999633789062,185.75,1.9843435600598947,41.21213335563069,0.41212133355630687,4.594855470678533,7.0,1,8.483061,7.3484435,26.27,30.32615,4000584704.0,"(0,15]",>0,>0,OK,1,1,1,1,1,ledger
ABG,NASDAQ:ABG,"Asbury Automotive Group, Inc.",Weekly,2024-01-26,2024-03-01,213.9199981689453,209.8000030517578,1.5525810592651663,-26.25872833719098,-0.26258728337190984,-1.9259513614681762,5.0,0,8.483061,7.3484435,26.27,30.32615,4000584704.0,"(0,15]",>0,>0,OK,1,1,1,1,1,ledger
ABG,NASDAQ:ABG,"Asbury Automotive Group, Inc.",Monthly,2025-06-30,2025-07-31,238.5399932861328,222.1199951171875,1.9321837819455367,-42.86199990590291,-0.42861999905902914,-6.88354097052784,1.0,0,8.483061,7.3484435,26.27,30.32615,4000584704.0,"(0,15]",>0,>0,OK,1,1,1,1,1,ledger
ABNB,NASDAQ:ABNB,"Airbnb, Inc.",Daily,2025-03-03,2025-03-06,140.97999572753906,134.77000427246094,4.4251845279323465,-119.74013838685327,-1.197401383868533,-4.404874197244045,3.0,0,37.20099,25.107937,4.03,5.97102,88978251776.0,"(25,40]",>0,>0,OK,1,1,0,1,1,ledger
ABNB,NASDAQ:ABNB,"Airbnb, Inc.",Daily,2025-06-16,2025-06-17,137.2100067138672,133.3699951171875,1.757601155592532,-101.18756630603626,-1.0118756630603625,-2.7986381523087522,1.0,0,37.20099,25.107937,4.03,5.97102,88978251776.0,"(25,40]",>0,>0,OK,1,1,0,1,1,ledger
ABNB,NASDAQ:ABNB,"Airbnb, Inc.",Weekly,2023-06-02,2023-08-04,118.05999755859375,140.1699981689453,1.831152128396817,152.3777324652681,1.5237773246526811,18.727766447206864,9.0,1,37.20099,25.107937,4.03,5.97102,88978251776.0,"(25,40]",>0,>0,OK,1,1,0,1,1,ledger
ABNB,NASDAQ:ABNB,"Airbnb, Inc.",Monthly,2023-01-31,2023-10-31,111.11000061035156,118.29000091552734,3.09235868375767,20.40166858359583,0.20401668583595828,6.462064859809619,9.0,1,37.20099,25.107937,4.03,5.97102,88978251776.0,"(25,40]",>0,>0,OK,1,1,0,1,1,ledger
ABR,NASDAQ:ABR,"Arbor Realty Trust, Inc.",Daily,2024-08-21,2024-08-30,13.149999618530273,13.600000381469727,1.891717229100922,103.81384428412973,1.0381384428412972,3.422059133030971,7.0,1,57.999996,9.0,0.09,0.58,1058241472.0,>40,>0,>0,OK,1,1,0,1,1,ledger
ABR,NASDAQ:ABR,"Arbor Realty Trust, Inc.",Daily,2026-03-19,2026-03-20,7.829999923706055,7.510000228881836,3.400914823076962,-101.70953419632293,-1.0170953419632291,-4.086841608457617,1.0,0,57.999996,9.0,0.09,0.58,1058241472.0,>40,>0,>0,OK,1,1,0,1,1,ledger
ABR,NASDAQ:ABR,"Arbor Realty Trust, Inc.",Daily,2026-07-27,2026-07-30,5.079999923706055,4.789999961853027,1.5424486165384157,-154.24486165384155,-1.5424486165384157,-5.7086607521336585,3.0,0,57.999996,9.0,0.09,0.58,1058241472.0,>40,>0,>0,OK,1,1,0,1,1,ledger
ABR,NASDAQ:ABR,"Arbor Realty Trust, Inc.",Weekly,2019-07-05,2019-07-19,12.329999923706055,12.109999656677246,2.7758618421701686,-37.93108551171211,-0.3793108551171211,-1.7842681945668872,2.0,0,57.999996,9.0,0.09,0.58,1058241472.0,>40,>0,>0,OK,1,1,0,1,1,ledger
ABUS,NASDAQ:ABUS,Arbutus Biopharma Corporation,Daily,2024-10-02,2024-10-07,3.9000000953674316,3.7300000190734863,3.279998779296875,-68.00003051757812,-0.6800003051757812,-4.358976208638504,3.0,0,5.261905,-26.741976,0.84,-0.16528323,873116672.0,"(0,15]",>0,<=0,OK,1,1,1,0,1,ledger
ABUS,NASDAQ:ABUS,Arbutus Biopharma Corporation,Daily,2025-02-19,2025-02-24,3.390000104904175,3.3399999141693115,1.5333308961671854,-33.3334392970789,-0.333334392970789,-1.4749318344424251,3.0,0,5.261905,-26.741976,0.84,-0.16528323,873116672.0,"(0,15]",>0,<=0,OK,1,1,1,0,1,ledger
ABUS,NASDAQ:ABUS,Arbutus Biopharma Corporation,Daily,2025-09-23,2025-09-25,4.460000038146973,4.320000171661377,2.285712096157547,-49.999914850571265,-0.4999991485057127,-3.1390104324699157,2.0,0,5.261905,-26.741976,0.84,-0.16528323,873116672.0,"(0,15]",>0,<=0,OK,1,1,1,0,1,ledger
ABUS,NASDAQ:ABUS,Arbutus Biopharma Corporation,Daily,2026-06-11,2026-06-23,4.289999961853027,4.449999809265137,2.173912863199577,69.56514527983083,0.6956514527983083,3.7296002059403017,7.0,1,5.261905,-26.741976,0.84,-0.16528323,873116672.0,"(0,15]",>0,<=0,OK,1,1,1,0,1,ledger
ABUS,NASDAQ:ABUS,Arbutus Biopharma Corporation,Daily,2026-07-16,2026-07-17,4.739999771118164,4.559999942779541,2.2857176916972355,-64.28571428571429,-0.6428571428571429,-3.797464916251698,1.0,0,5.261905,-26.741976,0.84,-0.16528323,873116672.0,"(0,15]",>0,<=0,OK,1,1,1,0,1,ledger
ABUS,NASDAQ:ABUS,Arbutus Biopharma Corporation,Weekly,2018-01-05,2018-03-30,5.550000190734863,5.0,2.1599998474121094,-44.00001525878906,-0.4400001525878906,-9.90991300600368,12.0,0,5.261905,-26.741976,0.84,-0.16528323,873116672.0,"(0,15]",>0,<=0,OK,1,1,1,0,1,ledger
ABUS,NASDAQ:ABUS,Arbutus Biopharma Corporation,Weekly,2022-10-28,2022-12-02,2.4200000762939453,2.4800000190734863,11.578946972157523,10.526304782153408,0.10526304782153409,2.4793364003288203,5.0,1,5.261905,-26.741976,0.84,-0.16528323,873116672.0,"(0,15]",>0,<=0,OK,1,1,1,0,1,ledger
ABUS,NASDAQ:ABUS,Arbutus Biopharma Corporation,Monthly,2018-05-31,2018-10-31,5.849999904632568,4.239999771118164,1.5483874441062146,-103.87099552849719,-1.0387099552849717,-27.52137025232185,5.0,0,5.261905,-26.741976,0.84,-0.16528323,873116672.0,"(0,15]",>0,<=0,OK,1,1,1,0,1,ledger
ABVX,NASDAQ:ABVX,ABIVAX Société Anonyme,Daily,2024-09-26,2024-10-01,11.600000381469727,10.970000267028809,2.0933329264322915,-84.00001525878906,-0.8400001525878906,-5.431035290716918,3.0,0,,-39.797565,-5.33,-3.14567,10911644672.0,missing,<=0,<=0,OK,0,0,0,0,0,ledger
ABVX,NASDAQ:ABVX,ABIVAX Société Anonyme,Daily,2025-05-22,2025-05-23,6.050000190734863,5.670000076293945,4.316877298685045,-85.43824009087449,-0.8543824009087448,-6.280993429105351,1.0,0,,-39.797565,-5.33,-3.14567,10911644672.0,missing,<=0,<=0,OK,0,0,0,0,0,ledger
ABVX,NASDAQ:ABVX,ABIVAX Société Anonyme,Daily,2025-06-24,2025-07-08,6.650000095367432,7.75,2.0416661285692004,114.58331884609386,1.1458331884609385,16.541351712142948,9.0,1,,-39.797565,-5.33,-3.14567,10911644672.0,missing,<=0,<=0,OK,0,0,0,0,0,ledger
ABVX,NASDAQ:ABVX,ABIVAX Société Anonyme,Daily,2025-09-30,2025-10-01,84.9000015258789,82.4000015258789,1.672233946817237,-52.19205683021813,-0.5219205683021813,-2.9446407009050044,1.0,0,,-39.797565,-5.33,-3.14567,10911644672.0,missing,<=0,<=0,OK,0,0,0,0,0,ledger
ABVX,NASDAQ:ABVX,ABIVAX Société Anonyme,Daily,2025-12-05,2025-12-12,114.51000213623047,125.54499816894531,2.1113338695911135,148.02137253336772,1.4802137253336771,9.636709306481988,5.0,1,,-39.797565,-5.33,-3.14567,10911644672.0,missing,<=0,<=0,OK,0,0,0,0,0,ledger
ABVX,NASDAQ:ABVX,ABIVAX Société Anonyme,Daily,2026-01-07,2026-01-08,126.4800033569336,115.48999786376953,2.1741230098091093,-106.90660157441512,-1.0690660157441512,-8.689124922103026,1.0,0,,-39.797565,-5.33,-3.14567,10911644672.0,missing,<=0,<=0,OK,0,0,0,0,0,ledger
ABVX,NASDAQ:ABVX,ABIVAX Société Anonyme,Weekly,2024-08-23,2024-09-20,11.600000381469727,11.300000190734863,3.7147743264461304,-20.561494294901053,-0.20561494294901053,-2.586208455769491,4.0,0,,-39.797565,-5.33,-3.14567,10911644672.0,missing,<=0,<=0,OK,0,0,0,0,0,ledger
ABX,NASDAQ:ABX,"Abacus Global Management, Inc.",Daily,2024-10-04,2024-10-15,9.699999809265137,9.770000457763672,4.280406046693453,13.871815753347404,0.13871815753347402,0.7216561842781968,7.0,1,28.578947,9.559858,0.38,1.136,1041716864.0,"(25,40]",>0,>0,OK,1,1,0,1,1,ledger
ABX,NASDAQ:ABX,"Abacus Global Management, Inc.",Daily,2025-09-11,2025-09-18,6.449999809265137,6.489999771118164,2.3815554115701127,13.049605907487747,0.13049605907487746,0.620154465672529,5.0,1,28.578947,9.559858,0.38,1.136,1041716864.0,"(25,40]",>0,>0,OK,1,1,0,1,1,ledger
ABX,NASDAQ:ABX,"Abacus Global Management, Inc.",Weekly,2024-07-19,2024-08-02,10.079999923706055,9.609999656677246,1.7275204416317549,-25.613093038593405,-0.25613093038593404,-4.662701097084993,2.0,0,28.578947,9.559858,0.38,1.136,1041716864.0,"(25,40]",>0,>0,OK,1,1,0,1,1,ledger
ABX,NASDAQ:ABX,"Abacus Global Management, Inc.",Monthly,2025-04-30,2025-06-30,8.260000228881836,5.139999866485596,2.598958110850727,-162.50001241763383,-1.6250001241763383,-37.7724004351341,2.0,0,28.578947,9.559858,0.38,1.136,1041716864.0,"(25,40]",>0,>0,OK,1,1,0,1,1,ledger
ACA,NASDAQ:ACA,"Arcosa, Inc.",Daily,2024-07-22,2024-07-24,89.55000305175781,88.05999755859375,1.6983999930322036,-71.99504291979112,-0.7199504291979113,-1.6638810076900545,2.0,0,32.487698,28.561316,4.47,5.0845,7131290624.0,"(25,40]",>0,>0,OK,1,1,0,1,1,ledger
ACA,NASDAQ:ACA,"Arcosa, Inc.",Daily,2024-10-24,2024-10-29,93.80999755859375,94.29000091552734,1.5900631517759265,19.87590786601335,0.1987590786601335,0.5116761213364104,3.0,1,32.487698,28.561316,4.47,5.0845,7131290624.0,"(25,40]",>0,>0,OK,1,1,0,1,1,ledger
ACA,NASDAQ:ACA,"Arcosa, Inc.",Daily,2024-12-11,2024-12-16,107.97000122070312,107.83999633789062,2.2202663813309553,-5.286547969180522,-0.052865479691805224,-0.12040833689235127,3.0,0,32.487698,28.561316,4.47,5.0845,7131290624.0,"(25,40]",>0,>0,OK,1,1,0,1,1,ledger
ACA,NASDAQ:ACA,"Arcosa, Inc.",Weekly,2019-09-06,2019-10-11,33.83000183105469,33.0099983215332,1.8942290528066121,-26.282140630158086,-0.2628214063015809,-2.4238943693131922,5.0,0,32.487698,28.561316,4.47,5.0845,7131290624.0,"(25,40]",>0,>0,OK,1,1,0,1,1,ledger
ACA,NASDAQ:ACA,"Arcosa, Inc.",Weekly,2026-04-10,2026-05-22,111.5999984741211,120.75,1.6523299517322583,77.9320638683333,0.7793206386833329,8.198926210559671,6.0,1,32.487698,28.561316,4.47,5.0845,7131290624.0,"(25,40]",>0,>0,OK,1,1,0,1,1,ledger
ACA,NASDAQ:ACA,"Arcosa, Inc.",Monthly,2021-12-31,2022-01-31,52.70000076293945,46.65999984741211,2.0015781269641817,-76.71024750583247,-0.7671024750583247,-11.461102140580785,1.0,0,32.487698,28.561316,4.47,5.0845,7131290624.0,"(25,40]",>0,>0,OK,1,1,0,1,1,ledger
ACAD,NASDAQ:ACAD,ACADIA Pharmaceuticals Inc.,Daily,2024-11-25,2024-11-26,16.540000915527344,16.209999084472656,2.4659040171314377,-37.5001625579248,-0.3750016255792481,-1.9951742006549102,1.0,0,12.285068,31.769247,2.21,0.8546,4649053696.0,"(0,15]",>0,>0,OK,1,1,1,0,1,ledger
ACAD,NASDAQ:ACAD,ACADIA Pharmaceuticals Inc.,Daily,2024-12-26,2024-12-30,17.3700008392334,16.690000534057617,1.527270741108724,-61.818188123464374,-0.6181818812346437,-3.914797192409302,2.0,0,12.285068,31.769247,2.21,0.8546,4649053696.0,"(0,15]",>0,>0,OK,1,1,1,0,1,ledger
ACAD,NASDAQ:ACAD,ACADIA Pharmaceuticals Inc.,Daily,2025-01-13,2025-01-14,17.899999618530273,16.899999618530273,1.655556002958511,-111.11115820615905,-1.1111115820615904,-5.586592297827701,1.0,0,12.285068,31.769247,2.21,0.8546,4649053696.0,"(0,15]",>0,>0,OK,1,1,1,0,1,ledger
ACAD,NASDAQ:ACAD,ACADIA Pharmaceuticals Inc.,Daily,2026-07-27,2026-08-03,25.389999389648438,25.610000610351562,1.6551726972872896,18.96562496917001,0.18965624969170009,0.8664876959107768,5.0,1,12.285068,31.769247,2.21,0.8546,4649053696.0,"(0,15]",>0,>0,OK,1,1,1,0,1,ledger
ACAD,NASDAQ:ACAD,ACADIA Pharmaceuticals Inc.,Weekly,2017-06-09,2017-10-13,27.399999618530273,35.400001525878906,4.421120401001118,263.357898836702,2.6335789883670206,29.197087659586433,18.0,1,12.285068,31.769247,2.21,0.8546,4649053696.0,"(0,15]",>0,>0,OK,1,1,1,0,1,ledger
ACAD,NASDAQ:ACAD,ACADIA Pharmaceuticals Inc.,Weekly,2017-12-01,2018-01-05,30.15999984741211,28.899999618530273,2.660241428994919,-30.361454089194986,-0.30361454089194984,-4.17771961291953,5.0,0,12.285068,31.769247,2.21,0.8546,4649053696.0,"(0,15]",>0,>0,OK,1,1,1,0,1,ledger
ACAD,NASDAQ:ACAD,ACADIA Pharmaceuticals Inc.,Weekly,2019-01-04,2019-04-12,17.56999969482422,25.68000030517578,1.6797754043070725,227.80904008379477,2.278090400837948,46.15822852143026,14.0,1,12.285068,31.769247,2.21,0.8546,4649053696.0,"(0,15]",>0,>0,OK,1,1,1,0,1,ledger
ACAD,NASDAQ:ACAD,ACADIA Pharmaceuticals Inc.,Weekly,2026-02-20,2026-03-06,23.989999771118164,22.15999984741211,1.7580650867459242,-73.79033312465295,-0.7379033312465295,-7.628178162424214,2.0,0,12.285068,31.769247,2.21,0.8546,4649053696.0,"(0,15]",>0,>0,OK,1,1,1,0,1,ledger
ACCO,NASDAQ:ACCO,ACCO Brands Corporation,Daily,2024-11-22,2024-11-26,5.820000171661377,5.860000133514404,2.583330187535887,16.666633553009337,0.16666633553009336,0.687284547649918,2.0,1,6.9365077,4.5679283,0.63,0.95667,403384064.0,"(0,15]",>0,>0,OK,1,1,1,1,1,ledger
ACCO,NASDAQ:ACCO,ACCO Brands Corporation,Daily,2025-10-01,2025-10-07,4.070000171661377,3.9700000286102295,1.840729319528803,-96.88059991357774,-0.9688059991357774,-2.4570058681429323,4.0,0,6.9365077,4.5679283,0.63,0.95667,403384064.0,"(0,15]",>0,>0,OK,1,1,1,1,1,ledger
ACCO,NASDAQ:ACCO,ACCO Brands Corporation,Daily,2026-05-21,2026-05-29,3.8499999046325684,3.9600000381469727,1.8235308142282733,64.70602259929792,0.6470602259929793,2.857146395823154,5.0,1,6.9365077,4.5679283,0.63,0.95667,403384064.0,"(0,15]",>0,>0,OK,1,1,1,1,1,ledger
ACCO,NASDAQ:ACCO,ACCO Brands Corporation,Weekly,2025-02-14,2025-02-21,5.369999885559082,4.559999942779541,2.4318182557082277,-184.09087214588612,-1.8409087214588615,-15.083798138576872,1.0,0,6.9365077,4.5679283,0.63,0.95667,403384064.0,"(0,15]",>0,>0,OK,1,1,1,1,1,ledger
ACEL,NASDAQ:ACEL,"Accel Entertainment, Inc.",Daily,2024-10-04,2024-10-07,11.510000228881836,11.40999984741211,3.3890909406548704,-42.90005104634838,-0.4290005104634838,-0.8688130276383262,1.0,0,19.934425,12.471794,0.61,0.975,989737600.0,"(15,25]",>0,>0,OK,1,1,1,1,1,ledger
ACEL,NASDAQ:ACEL,"Accel Entertainment, Inc.",Daily,2024-11-21,2024-11-27,11.510000228881836,11.600000381469727,2.932665455128233,35.42823879129911,0.35428238791299105,0.7819300677514747,4.0,1,19.934425,12.471794,0.61,0.975,989737600.0,"(15,25]",>0,>0,OK,1,1,1,1,1,ledger
ACEL,NASDAQ:ACEL,"Accel Entertainment, Inc.",Daily,2025-05-27,2025-05-28,11.300000190734863,11.220000267028809,2.2188542341552084,-29.099716287413184,-0.2909971628741318,-0.7079639146523954,1.0,0,19.934425,12.471794,0.61,0.975,989737600.0,"(15,25]",>0,>0,OK,1,1,1,1,1,ledger
ACEL,NASDAQ:ACEL,"Accel Entertainment, Inc.",Daily,2026-03-19,2026-03-27,11.069999694824219,10.75,5.327824855373204,-76.11168643502378,-0.7611168643502378,-2.890692896530383,6.0,0,19.934425,12.471794,0.61,0.975,989737600.0,"(15,25]",>0,>0,OK,1,1,1,1,1,ledger
ACEL,NASDAQ:ACEL,"Accel Entertainment, Inc.",Weekly,2018-09-14,2018-09-21,10.079999923706055,10.050000190734863,1.7031445643091307,-42.57827572298304,-0.4257827572298304,-0.29761640077633633,1.0,0,19.934425,12.471794,0.61,0.975,989737600.0,"(15,25]",>0,>0,OK,1,1,1,1,1,ledger
ACEL,NASDAQ:ACEL,"Accel Entertainment, Inc.",Weekly,2018-12-07,2020-01-10,10.029999732971191,12.0,4.409216890870758,2347.6111186570383,23.476111186570385,19.641079954896814,57.0,1,19.934425,12.471794,0.61,0.975,989737600.0,"(15,25]",>0,>0,OK,1,1,1,1,1,ledger
ACEL,NASDAQ:ACEL,"Accel Entertainment, Inc.",Weekly,2020-11-13,2020-11-20,10.9399995803833,10.319999694824219,2.6226428787783367,-38.993723140409124,-0.3899372314040912,-5.6672752224855145,1.0,0,19.934425,12.471794,0.61,0.975,989737600.0,"(15,25]",>0,>0,OK,1,1,1,1,1,ledger
ACEL,NASDAQ:ACEL,"Accel Entertainment, Inc.",Weekly,2024-08-16,2024-09-06,11.109999656677246,11.180000305175781,1.8518530728348634,8.642061068163034,0.08642061068163033,0.6300688628416284,3.0,1,19.934425,12.471794,0.61,0.975,989737600.0,"(15,25]",>0,>0,OK,1,1,1,1,1,ledger
ACEL,NASDAQ:ACEL,"Accel Entertainment, Inc.",Monthly,2019-01-31,2020-03-31,10.119999885559082,7.5,1.999993188057302,-1871.4239003821501,-18.7142390038215,-25.889327225168635,14.0,0,19.934425,12.471794,0.61,0.975,989737600.0,"(15,25]",>0,>0,OK,1,1,1,1,1,ledger
ACFN,NASDAQ:ACFN,"Acorn Energy, Inc. - Common Stock",Daily,2025-05-29,2025-05-30,17.959999084472656,17.799999237060547,1.7538481457887072,-29.230744353485278,-0.2923074435348528,-0.8908677926962563,1.0,0,23.636366,,0.77,,45650296.0,"(15,25]",>0,missing,OK,1,1,1,0,1,ledger
ACFN,NASDAQ:ACFN,"Acorn Energy, Inc. - Common Stock",Weekly,2017-06-09,2017-06-30,4.159999847412109,3.680000066757202,4.522066935917859,-45.220646897830036,-0.4522064689783004,-11.538456688971031,3.0,0,23.636366,,0.77,,45650296.0,"(15,25]",>0,missing,OK,1,1,1,0,1,ledger
ACGL,NASDAQ:ACGL,Arch Capital Group Ltd.,Daily,2025-08-27,2025-09-05,91.70999908447266,91.29000091552734,1.6763017687463007,-25.14438950454871,-0.2514438950454871,-0.45796333348390805,6.0,0,7.9109697,10.192409,12.58,9.76413,33936318464.0,"(0,15]",>0,>0,OK,1,1,1,0,1,ledger
ACGL,NASDAQ:ACGL,Arch Capital Group Ltd.,Weekly,2018-11-02,2018-12-21,28.030000686645508,25.549999237060547,1.7225127073368018,-129.84301820469548,-1.2984301820469548,-8.847668172789316,7.0,0,7.9109697,10.192409,12.58,9.76413,33936318464.0,"(0,15]",>0,>0,OK,1,1,1,0,1,ledger
ACGL,NASDAQ:ACGL,Arch Capital Group Ltd.,Weekly,2023-06-23,2023-07-28,72.41000366210938,77.25,1.75297569039196,144.04748388971893,1.4404748388971893,6.68415425094543,5.0,1,7.9109697,10.192409,12.58,9.76413,33936318464.0,"(0,15]",>0,>0,OK,1,1,1,0,1,ledger
ACGL,NASDAQ:ACGL,Arch Capital Group Ltd.,Monthly,2025-03-31,2025-07-31,96.18000030517578,86.05999755859375,2.289459602199893,-114.19091383441341,-1.141909138344134,-10.521940855137883,4.0,0,7.9109697,10.192409,12.58,9.76413,33936318464.0,"(0,15]",>0,>0,OK,1,1,1,0,1,ledger
ACIC,NASDAQ:ACIC,American Coastal Insurance Corporation - Common Stock,Daily,2025-09-17,2025-09-23,11.130000114440918,11.15999984741211,1.6428558453413018,7.14279226706509,0.0714279226706509,0.26953937702361247,4.0,1,5.106481,10.866995,2.16,1.015,534558432.0,"(0,15]",>0,>0,OK,1,1,1,0,1,ledger
ACIC,NASDAQ:ACIC,American Coastal Insurance Corporation - Common Stock,Weekly,2021-06-11,2021-06-25,5.909999847412109,5.800000190734863,3.2205584460090098,-15.744903260888723,-0.15744903260888723,-1.8612463539303323,2.0,0,5.106481,10.866995,2.16,1.015,534558432.0,"(0,15]",>0,>0,OK,1,1,1,0,1,ledger
ACIC,NASDAQ:ACIC,American Coastal Insurance Corporation - Common Stock,Weekly,2023-07-21,2024-03-01,4.900000095367432,11.899999618530273,1.8018863404846148,660.3772006199782,6.603772006199781,142.8571303453809,32.0,1,5.106481,10.866995,2.16,1.015,534558432.0,"(0,15]",>0,>0,OK,1,1,1,0,1,ledger
ACIC,NASDAQ:ACIC,American Coastal Insurance Corporation - Common Stock,Weekly,2024-04-05,2024-04-19,11.210000038146973,10.630000114440918,2.235294653882753,-42.64706397964185,-0.4264706397964185,-5.173951130529429,2.0,0,5.106481,10.866995,2.16,1.015,534558432.0,"(0,15]",>0,>0,OK,1,1,1,0,1,ledger
ACIC,NASDAQ:ACIC,American Coastal Insurance Corporation - Common Stock,Weekly,2025-05-02,2025-05-09,11.6899995803833,11.15999984741211,2.3706306857855113,-37.06293519746736,-0.3706293519746736,-4.533787442221733,1.0,0,5.106481,10.866995,2.16,1.015,534558432.0,"(0,15]",>0,>0,OK,1,1,1,0,1,ledger
ACIC,NASDAQ:ACIC,American Coastal Insurance Corporation - Common Stock,Weekly,2026-02-06,2026-02-20,11.3100004196167,10.890000343322754,2.6669036020133374,-64.0056980750971,-0.6400569807509711,-3.7135283882525205,2.0,0,5.106481,10.866995,2.16,1.015,534558432.0,"(0,15]",>0,>0,OK,1,1,1,0,1,ledger
ACIC,NASDAQ:ACIC,American Coastal Insurance Corporation - Common Stock,Monthly,2019-09-30,2020-01-31,13.989999771118164,10.140000343322754,2.581040310098771,-117.73700341485451,-1.1773700341485451,-27.519653257919213,4.0,0,5.106481,10.866995,2.16,1.015,534558432.0,"(0,15]",>0,>0,OK,1,1,1,0,1,ledger
ACIC,NASDAQ:ACIC,American Coastal Insurance Corporation - Common Stock,Monthly,2025-09-30,2026-01-31,11.390000343322754,11.050000190734863,1.989404550474867,-18.330567144678035,-0.18330567144678037,-2.98507587655352,4.0,0,5.106481,10.866995,2.16,1.015,534558432.0,"(0,15]",>0,>0,OK,1,1,1,0,1,ledger
ACIW,NASDAQ:ACIW,"ACI Worldwide, Inc.",Daily,2024-11-20,2024-11-26,54.72999954223633,57.29999923706055,3.083215127712249,162.7076730021219,1.6270767300212192,4.695778761775604,4.0,1,29.035534,14.895834,1.97,3.84,5815041536.0,"(25,40]",>0,>0,OK,1,1,0,1,1,ledger
ACIW,NASDAQ:ACIW,"ACI Worldwide, Inc.",Daily,2025-03-14,2025-03-21,52.91999816894531,53.04999923706055,2.361992481073225,5.882403709061031,0.05882403709061032,0.2456558439405276,5.0,1,29.035534,14.895834,1.97,3.84,5815041536.0,"(25,40]",>0,>0,OK,1,1,0,1,1,ledger
ACIW,NASDAQ:ACIW,"ACI Worldwide, Inc.",Daily,2025-09-17,2025-09-25,49.7599983215332,51.709999084472656,1.5810931055124626,163.99633033818208,1.6399633033818208,3.9188119548139286,6.0,1,29.035534,14.895834,1.97,3.84,5815041536.0,"(25,40]",>0,>0,OK,1,1,0,1,1,ledger
ACIW,NASDAQ:ACIW,"ACI Worldwide, Inc.",Daily,2026-07-24,2026-07-30,56.310001373291016,57.689998626708984,1.6566496833640036,59.22730338771046,0.5922730338771046,2.4507142954404713,4.0,1,29.035534,14.895834,1.97,3.84,5815041536.0,"(25,40]",>0,>0,OK,1,1,0,1,1,ledger
ACIW,NASDAQ:ACIW,"ACI Worldwide, Inc.",Weekly,2019-06-07,2019-07-19,32.34000015258789,33.95000076293945,1.8527714319332906,84.7432598957579,0.847432598957579,4.978356842162007,6.0,1,29.035534,14.895834,1.97,3.84,5815041536.0,"(25,40]",>0,>0,OK,1,1,0,1,1,ledger
ACIW,NASDAQ:ACIW,"ACI Worldwide, Inc.",Weekly,2025-01-03,2025-04-04,53.209999084472656,50.18000030517578,1.9967119496078525,-93.07745799875809,-0.930774579987581,-5.694416146271024,13.0,0,29.035534,14.895834,1.97,3.84,5815041536.0,"(25,40]",>0,>0,OK,1,1,0,1,1,ledger
ACLS,NASDAQ:ACLS,"Axcelis Technologies, Inc.",Daily,2024-07-22,2024-07-24,136.91000366210938,125.62999725341797,2.3060561639970554,-119.87249754335214,-1.1987249754335214,-8.238993577511103,2.0,0,40.610462,28.816006,3.44,4.848,4293525248.0,>40,>0,>0,OK,1,1,0,1,1,ledger
ACLS,NASDAQ:ACLS,"Axcelis Technologies, Inc.",Daily,2025-10-15,2025-10-22,83.7699966430664,81.4000015258789,4.067942120259367,-50.318377449384386,-0.5031837744938439,-2.8291694069008453,5.0,0,40.610462,28.816006,3.44,4.848,4293525248.0,>40,>0,>0,OK,1,1,0,1,1,ledger
ACLS,NASDAQ:ACLS,"Axcelis Technologies, Inc.",Daily,2026-05-20,2026-05-28,149.55999755859375,155.5500030517578,1.881399381836835,51.109256563752304,0.511092565637523,4.005085310874876,5.0,1,40.610462,28.816006,3.44,4.848,4293525248.0,>40,>0,>0,OK,1,1,0,1,1,ledger
ACLS,NASDAQ:ACLS,"Axcelis Technologies, Inc.",Weekly,2018-03-09,2018-03-23,26.850000381469727,25.799999237060547,2.060605511812844,-21.21214106208862,-0.21212141062088619,-3.910618731811371,2.0,0,40.610462,28.816006,3.44,4.848,4293525248.0,>40,>0,>0,OK,1,1,0,1,1,ledger
ACLS,NASDAQ:ACLS,"Axcelis Technologies, Inc.",Weekly,2020-09-18,2020-10-23,22.540000915527344,23.040000915527344,3.076968168357713,17.170583051118744,0.17170583051118743,2.2182785256923405,5.0,1,40.610462,28.816006,3.44,4.848,4293525248.0,>40,>0,>0,OK,1,1,0,1,1,ledger
ACLS,NASDAQ:ACLS,"Axcelis Technologies, Inc.",Weekly,2022-10-28,2022-12-30,59.869998931884766,79.36000061035156,2.331020822802589,193.1615597990649,1.9316155979906489,32.55387009550634,9.0,1,40.610462,28.816006,3.44,4.848,4293525248.0,>40,>0,>0,OK,1,1,0,1,1,ledger
ACLS,NASDAQ:ACLS,"Axcelis Technologies, Inc.",Weekly,2024-09-27,2024-10-04,107.37000274658203,100.27999877929688,4.166301949446538,-57.64851401637189,-0.5764851401637189,-6.603337790741424,1.0,0,40.610462,28.816006,3.44,4.848,4293525248.0,>40,>0,>0,OK,1,1,0,1,1,ledger
ACLS,NASDAQ:ACLS,"Axcelis Technologies, Inc.",Weekly,2025-11-07,2025-11-21,85.73999786376953,76.87999725341797,2.0510954703382707,-105.71672215306423,-1.0571672215306422,-10.333567566013974,2.0,0,40.610462,28.816006,3.44,4.848,4293525248.0,>40,>0,>0,OK,1,1,0,1,1,ledger
ACLS,NASDAQ:ACLS,"Axcelis Technologies, Inc.",Monthly,2019-01-31,2019-03-31,20.829999923706055,20.1200008392334,3.0204841078252267,-13.221584722598868,-0.13221584722598867,-3.408540984508721,2.0,0,40.610462,28.816006,3.44,4.848,4293525248.0,>40,>0,>0,OK,1,1,0,1,1,ledger
ACMR,NASDAQ:ACMR,"ACM Research, Inc.",Daily,2024-10-28,2024-10-31,19.690000534057617,18.795000076293945,5.346774503666263,-72.17746959393463,-0.7217746959393463,-4.545456747020386,3.0,0,59.789856,36.61692,1.38,2.25333,5702223872.0,>40,>0,>0,OK,1,1,0,1,1,ledger
ACMR,NASDAQ:ACMR,"ACM Research, Inc.",Daily,2024-11-20,2024-11-25,18.68000030517578,18.440000534057617,3.602990575325459,-25.137115673614286,-0.25137115673614285,-1.2847953276085646,3.0,0,59.789856,36.61692,1.38,2.25333,5702223872.0,>40,>0,>0,OK,1,1,0,1,1,ledger
ACMR,NASDAQ:ACMR,"ACM Research, Inc.",Daily,2025-03-24,2025-03-27,27.739999771118164,26.920000076293945,1.8711721823338447,-52.908993803762556,-0.5290899380376255,-2.956019111715968,3.0,0,59.789856,36.61692,1.38,2.25333,5702223872.0,>40,>0,>0,OK,1,1,0,1,1,ledger
ACMR,NASDAQ:ACMR,"ACM Research, Inc.",Daily,2025-09-05,2025-09-25,27.40999984741211,37.959999084472656,3.055572361268779,660.5794882053026,6.605794882053025,38.489599765746135,14.0,1,59.789856,36.61692,1.38,2.25333,5702223872.0,>40,>0,>0,OK,1,1,0,1,1,ledger
ACMR,NASDAQ:ACMR,"ACM Research, Inc.",Weekly,2020-03-27,2020-08-21,9.460000038146973,32.05666732788086,1.8360419642823234,545.3741593442618,5.453741593442618,238.8654037908453,21.0,1,59.789856,36.61692,1.38,2.25333,5702223872.0,>40,>0,>0,OK,1,1,0,1,1,ledger
ACMR,NASDAQ:ACMR,"ACM Research, Inc.",Weekly,2020-09-18,2020-10-23,24.280000686645508,22.656667709350586,2.7704247217023488,-32.88316830459046,-0.3288316830459046,-6.685885219878878,5.0,0,59.789856,36.61692,1.38,2.25333,5702223872.0,>40,>0,>0,OK,1,1,0,1,1,ledger
ACMR,NASDAQ:ACMR,"ACM Research, Inc.",Weekly,2025-05-09,2025-05-23,22.190000534057617,22.40999984741211,1.5735563379906494,4.096820837478648,0.040968208374786486,0.9914344662445287,2.0,1,59.789856,36.61692,1.38,2.25333,5702223872.0,>40,>0,>0,OK,1,1,0,1,1,ledger
ACMR,NASDAQ:ACMR,"ACM Research, Inc.",Weekly,2025-11-28,2026-02-27,33.40999984741211,55.68000030517578,2.365656016084919,449.89892980418665,4.498989298041866,66.65669128845768,13.0,1,59.789856,36.61692,1.38,2.25333,5702223872.0,>40,>0,>0,OK,1,1,0,1,1,ledger
ACMR,NASDAQ:ACMR,"ACM Research, Inc.",Weekly,2026-04-10,2026-06-05,48.06999969482422,76.29000091552734,2.161320088070207,258.6617929916563,2.586617929916563,58.706056583856444,8.0,1,59.789856,36.61692,1.38,2.25333,5702223872.0,>40,>0,>0,OK,1,1,0,1,1,ledger
ACMR,NASDAQ:ACMR,"ACM Research, Inc.",Monthly,2025-01-31,2025-04-30,20.549999237060547,19.469999313354492,2.0733538373331264,-16.167665098100688,-0.1616766509810069,-5.255474276409447,3.0,0,59.789856,36.61692,1.38,2.25333,5702223872.0,>40,>0,>0,OK,1,1,0,1,1,ledger
ACNB,NASDAQ:ACNB,ACNB Corporation - Common Stock,Daily,2026-01-08,2026-01-12,48.65999984741211,48.02000045776367,2.6388900073962773,-35.555536717536384,-0.35555536717536385,-1.315247414006054,2.0,0,12.184358,11.494071,5.37,5.6925,668174016.0,"(0,15]",>0,>0,OK,1,1,1,1,1,ledger
ACNB,NASDAQ:ACNB,ACNB Corporation - Common Stock,Weekly,2021-11-26,2022-01-28,29.290000915527344,32.70000076293945,1.9432309973180524,148.90823074744713,1.4890823074744715,11.642197817769222,9.0,1,12.184358,11.494071,5.37,5.6925,668174016.0,"(0,15]",>0,>0,OK,1,1,1,1,1,ledger
ACNB,NASDAQ:ACNB,ACNB Corporation - Common Stock,Weekly,2022-05-27,2022-06-10,33.22999954223633,31.889999389648438,1.672619561219068,-79.76189935558875,-0.7976189935558876,-4.0325012670695655,2.0,0,12.184358,11.494071,5.37,5.6925,668174016.0,"(0,15]",>0,>0,OK,1,1,1,1,1,ledger
ACNB,NASDAQ:ACNB,ACNB Corporation - Common Stock,Weekly,2024-03-29,2024-04-05,37.599998474121094,34.75,3.0416681678213195,-79.16665783634518,-0.7916665783634518,-7.579783483455881,1.0,0,12.184358,11.494071,5.37,5.6925,668174016.0,"(0,15]",>0,>0,OK,1,1,1,1,1,ledger
ACNB,NASDAQ:ACNB,ACNB Corporation - Common Stock,Weekly,2025-01-24,2025-04-04,39.689998626708984,38.529998779296875,2.9026328443492777,-30.526317902879796,-0.30526317902879796,-2.922650258373905,10.0,0,12.184358,11.494071,5.37,5.6925,668174016.0,"(0,15]",>0,>0,OK,1,1,1,1,1,ledger
ACR,NASDAQ:ACR,ACRES Commercial Realty Corp.,Daily,2025-04-09,2025-04-11,19.149999618530273,16.59000015258789,2.4145073111725153,-132.64243840154327,-1.3264243840154326,-13.368143691581222,2.0,0,22.850746,12.497959,0.67,1.225,109177160.0,"(15,25]",>0,>0,OK,1,1,1,1,1,ledger
ACR,NASDAQ:ACR,ACRES Commercial Realty Corp.,Weekly,2025-05-02,2025-05-23,18.799999237060547,18.1200008392334,2.187773973258794,-29.694266041100466,-0.29694266041100464,-3.61701290118493,3.0,0,22.850746,12.497959,0.67,1.225,109177160.0,"(15,25]",>0,>0,OK,1,1,1,1,1,ledger
ACR,NASDAQ:ACR,ACRES Commercial Realty Corp.,Monthly,2022-03-31,2022-05-31,13.40999984741211,9.850000381469727,1.7620289518226357,-124.9566046903916,-1.249566046903916,-26.547349041390177,2.0,0,22.850746,12.497959,0.67,1.225,109177160.0,"(15,25]",>0,>0,OK,1,1,1,1,1,ledger
ACT,NASDAQ:ACT,"Enact Holdings, Inc.",Daily,2024-08-06,2024-08-20,32.7599983215332,34.040000915527344,1.850474253414072,119.62665801524813,1.1962665801524812,3.9072120255659253,10.0,1,10.365801,9.726029,4.62,4.9239,6685479936.0,"(0,15]",>0,>0,OK,1,1,1,1,1,ledger
ACT,NASDAQ:ACT,"Enact Holdings, Inc.",Weekly,2022-10-07,2022-11-18,23.149999618530273,24.010000228881836,2.5993611917282387,49.347723456214645,0.4934772345621465,3.7149055054980664,6.0,1,10.365801,9.726029,4.62,4.9239,6685479936.0,"(0,15]",>0,>0,OK,1,1,1,1,1,ledger
ACT,NASDAQ:ACT,"Enact Holdings, Inc.",Weekly,2025-10-24,2025-12-05,36.66999816894531,37.9900016784668,1.5555579103079522,73.3335593895634,0.7333355938956341,3.599682507318352,6.0,1,10.365801,9.726029,4.62,4.9239,6685479936.0,"(0,15]",>0,>0,OK,1,1,1,1,1,ledger
ADAM,NASDAQ:ADAM,"Adamas Trust, Inc.",Daily,2025-12-10,2025-12-22,7.199999809265137,7.190000057220459,3.05555952920233,-5.555423100663069,-0.05555423100663069,-0.13888544874417647,8.0,0,5.6272187,7.747707,1.69,1.22746,854756736.0,"(0,15]",>0,>0,OK,1,1,1,0,1,ledger
ADAM,NASDAQ:ADAM,"Adamas Trust, Inc.",Daily,2026-07-09,2026-07-17,9.180000305175781,8.979999542236328,1.6537159025699044,-80.66940616849574,-0.8066940616849573,-2.1786574759337487,6.0,0,5.6272187,7.747707,1.69,1.22746,854756736.0,"(0,15]",>0,>0,OK,1,1,1,0,1,ledger
ADAM,NASDAQ:ADAM,"Adamas Trust, Inc.",Weekly,2017-08-18,2017-09-08,25.0,24.719999313354492,1.8676362839577192,-29.71246442646545,-0.29712464426465446,-1.1200027465820312,3.0,0,5.6272187,7.747707,1.69,1.22746,854756736.0,"(0,15]",>0,>0,OK,1,1,1,0,1,ledger
ADAM,NASDAQ:ADAM,"Adamas Trust, Inc.",Weekly,2019-03-15,2019-05-10,24.079999923706055,24.280000686645508,1.7099855717761054,24.42846515413409,0.2442846515413409,0.8305679550378994,8.0,1,5.6272187,7.747707,1.69,1.22746,854756736.0,"(0,15]",>0,>0,OK,1,1,1,0,1,ledger
ADAM,NASDAQ:ADAM,"Adamas Trust, Inc.",Weekly,2021-08-27,2021-09-10,17.600000381469727,17.0,1.962962112636009,-55.555594801414976,-0.5555559480141496,-3.409093002642436,2.0,0,5.6272187,7.747707,1.69,1.22746,854756736.0,"(0,15]",>0,>0,OK,1,1,1,0,1,ledger
ADAM,NASDAQ:ADAM,"Adamas Trust, Inc.",Weekly,2026-04-10,2026-07-17,7.590000152587891,8.979999542236328,2.166666961010612,257.40731256324716,2.5740731256324714,18.31356207778866,14.0,1,5.6272187,7.747707,1.69,1.22746,854756736.0,"(0,15]",>0,>0,OK,1,1,1,0,1,ledger
ADBE,NASDAQ:ADBE,Adobe Inc.,Daily,2025-03-03,2025-03-10,440.7200012207031,435.0799865722656,2.5493375302290064,-57.55922614354533,-0.5755922614354534,-1.2797274080631302,5.0,0,14.384916,9.367745,17.9,27.48687,102352273408.0,"(0,15]",>0,>0,OK,1,1,1,1,1,ledger
ADBE,NASDAQ:ADBE,Adobe Inc.,Weekly,2019-11-01,2020-02-28,277.82000732421875,345.1199951171875,1.933697426155822,368.76705639982873,3.687670563998288,24.22431287118533,17.0,1,14.384916,9.367745,17.9,27.48687,102352273408.0,"(0,15]",>0,>0,OK,1,1,1,1,1,ledger
ADBE,NASDAQ:ADBE,Adobe Inc.,Weekly,2022-09-09,2022-09-16,394.7799987792969,299.5,1.6181470393337767,-273.5090673893561,-2.735090673893561,-24.134961009654262,1.0,0,14.384916,9.367745,17.9,27.48687,102352273408.0,"(0,15]",>0,>0,OK,1,1,1,1,1,ledger
ADEA,NASDAQ:ADEA,Adeia Inc.,Daily,2024-09-26,2024-10-01,11.960000038146973,11.739999771118164,1.80434751059926,-47.826141040126885,-0.4782614104012688,-1.8394671097584243,3.0,0,25.581966,20.223555,1.22,1.54325,3442267904.0,"(25,40]",>0,>0,OK,1,1,0,1,1,ledger
ADEA,NASDAQ:ADEA,Adeia Inc.,Daily,2025-03-19,2025-03-21,13.869999885559082,13.640000343322754,6.670197164014842,-42.73377818061181,-0.4273377818061181,-1.658251940404087,2.0,0,25.581966,20.223555,1.22,1.54325,3442267904.0,"(25,40]",>0,>0,OK,1,1,0,1,1,ledger
ADEA,NASDAQ:ADEA,Adeia Inc.,Daily,2025-05-27,2025-06-02,12.970000267028809,12.670000076293945,2.7585253296550425,-71.65007068136748,-0.7165007068136748,-2.313031492354687,4.0,0,25.581966,20.223555,1.22,1.54325,3442267904.0,"(25,40]",>0,>0,OK,1,1,0,1,1,ledger
ADEA,NASDAQ:ADEA,Adeia Inc.,Daily,2026-02-02,2026-02-03,18.790000915527344,17.65999984741211,1.7499967488415038,-128.40905642710686,-1.2840905642710685,-6.013842538886969,1.0,0,25.581966,20.223555,1.22,1.54325,3442267904.0,"(25,40]",>0,>0,OK,1,1,0,1,1,ledger
ADEA,NASDAQ:ADEA,Adeia Inc.,Weekly,2018-01-26,2018-02-02,10.247804641723633,9.357636451721191,1.90865475094637,-82.80920231524341,-0.828092023152434,-8.68642817777915,1.0,0,25.581966,20.223555,1.22,1.54325,3442267904.0,"(25,40]",>0,>0,OK,1,1,0,1,1,ledger
ADEA,NASDAQ:ADEA,Adeia Inc.,Weekly,2021-05-28,2021-06-18,9.301185607910156,9.33592414855957,1.562771797519286,3.463225688680483,0.03463225688680483,0.3734850815133805,3.0,1,25.581966,20.223555,1.22,1.54325,3442267904.0,"(25,40]",>0,>0,OK,1,1,0,1,1,ledger
ADEA,NASDAQ:ADEA,Adeia Inc.,Weekly,2023-09-15,2023-10-06,9.949999809265137,9.029999732971191,2.938701357806475,-111.71923091537475,-1.1171923091537475,-9.246232099796316,3.0,0,25.581966,20.223555,1.22,1.54325,3442267904.0,"(25,40]",>0,>0,OK,1,1,0,1,1,ledger
ADEA,NASDAQ:ADEA,Adeia Inc.,Weekly,2025-01-24,2025-01-31,13.279999732971191,12.850000381469727,1.5774352588180198,-46.142586062128984,-0.4614258606212898,-3.237946989064127,1.0,0,25.581966,20.223555,1.22,1.54325,3442267904.0,"(25,40]",>0,>0,OK,1,1,0,1,1,ledger
ADEA,NASDAQ:ADEA,Adeia Inc.,Monthly,2017-12-31,2018-06-30,10.595189094543457,6.991086959838867,2.7987011338623913,-107.79222705428238,-1.0779222705428237,-34.01640218540988,6.0,0,25.581966,20.223555,1.22,1.54325,3442267904.0,"(25,40]",>0,>0,OK,1,1,0,1,1,ledger
ADI,NASDAQ:ADI,"Analog Devices, Inc.",Daily,2024-10-23,2024-10-31,226.85000610351562,223.11000061035156,1.7777794171453902,-65.31345353102137,-0.6531345353102136,-1.6486688968645795,6.0,0,53.78925,25.247686,7.07,15.06237,185234341888.0,>40,>0,>0,OK,1,1,0,1,1,ledger
ADI,NASDAQ:ADI,"Analog Devices, Inc.",Daily,2024-12-09,2024-12-17,219.0399932861328,213.82000732421875,2.3615569331520097,-84.95717258935512,-0.8495717258935513,-2.383120033744328,6.0,0,53.78925,25.247686,7.07,15.06237,185234341888.0,>40,>0,>0,OK,1,1,0,1,1,ledger
ADI,NASDAQ:ADI,"Analog Devices, Inc.",Daily,2025-03-14,2025-03-20,208.75,205.89999389648438,5.247164621866268,-38.99465141701559,-0.3899465141701559,-1.3652723849176647,4.0,0,53.78925,25.247686,7.07,15.06237,185234341888.0,>40,>0,>0,OK,1,1,0,1,1,ledger
ADI,NASDAQ:ADI,"Analog Devices, Inc.",Daily,2026-03-17,2026-03-18,313.6600036621094,308.5899963378906,4.880791954178505,-49.95084111306544,-0.4995084111306544,-1.6164022396940418,1.0,0,53.78925,25.247686,7.07,15.06237,185234341888.0,>40,>0,>0,OK,1,1,0,1,1,ledger
ADI,NASDAQ:ADI,"Analog Devices, Inc.",Weekly,2017-07-14,2017-08-04,81.55000305175781,77.77999877929688,1.631384915248338,-68.79565625978908,-0.6879565625978907,-4.622935783421378,3.0,0,53.78925,25.247686,7.07,15.06237,185234341888.0,>40,>0,>0,OK,1,1,0,1,1,ledger
ADI,NASDAQ:ADI,"Analog Devices, Inc.",Weekly,2021-12-31,2022-01-07,175.77000427246094,168.83999633789062,1.7051401797626127,-73.03238766601598,-0.7303238766601597,-3.942656748092304,1.0,0,53.78925,25.247686,7.07,15.06237,185234341888.0,>40,>0,>0,OK,1,1,0,1,1,ledger
ADI,NASDAQ:ADI,"Analog Devices, Inc.",Weekly,2026-04-03,2026-05-22,318.3399963378906,397.07000732421875,2.285292109396746,401.0722452809991,4.010722452809991,24.73142297292828,7.0,1,53.78925,25.247686,7.07,15.06237,185234341888.0,>40,>0,>0,OK,1,1,0,1,1,ledger
ADMA,NASDAQ:ADMA,"ADMA Biologics, Inc.",Daily,2024-09-12,2024-09-24,17.649999618530273,19.290000915527344,1.761058891768941,170.89573691760862,1.7089573691760864,9.291792251798555,8.0,1,13.102941,9.045685,0.68,0.985,2065094912.0,"(0,15]",>0,>0,OK,1,1,1,1,1,ledger
ADMA,NASDAQ:ADMA,"ADMA Biologics, Inc.",Daily,2024-11-19,2024-11-29,20.6299991607666,20.110000610351562,1.7398849857444947,-30.057727630543166,-0.30057727630543163,-2.520594142359219,7.0,0,13.102941,9.045685,0.68,0.985,2065094912.0,"(0,15]",>0,>0,OK,1,1,1,1,1,ledger
ADMA,NASDAQ:ADMA,"ADMA Biologics, Inc.",Daily,2025-05-07,2025-05-08,23.610000610351562,21.200000762939453,1.5191215604665758,-177.72250864395573,-1.7772250864395571,-10.207538268150106,1.0,0,13.102941,9.045685,0.68,0.985,2065094912.0,"(0,15]",>0,>0,OK,1,1,1,1,1,ledger
ADMA,NASDAQ:ADMA,"ADMA Biologics, Inc.",Daily,2025-10-20,2025-11-04,14.6899995803833,14.630000114440918,1.5669211666869638,-10.331247298111373,-0.10331247298111373,-0.4084374925544911,11.0,0,13.102941,9.045685,0.68,0.985,2065094912.0,"(0,15]",>0,>0,OK,1,1,1,1,1,ledger
ADMA,NASDAQ:ADMA,"ADMA Biologics, Inc.",Daily,2026-03-09,2026-03-12,15.8100004196167,14.989999771118164,1.5840540239280483,-96.21673166179767,-0.9621673166179767,-5.186594729504855,3.0,0,13.102941,9.045685,0.68,0.985,2065094912.0,"(0,15]",>0,>0,OK,1,1,1,1,1,ledger
ADMA,NASDAQ:ADMA,"ADMA Biologics, Inc.",Weekly,2019-07-12,2019-07-26,4.070000171661377,3.640000104904175,3.2830757764601586,-62.93904520014932,-0.6293904520014932,-10.565111759729382,2.0,0,13.102941,9.045685,0.68,0.985,2065094912.0,"(0,15]",>0,>0,OK,1,1,1,1,1,ledger
ADMA,NASDAQ:ADMA,"ADMA Biologics, Inc.",Weekly,2025-01-03,2025-01-17,18.440000534057617,16.020000457763672,2.4813567713089966,-115.47855571975887,-1.1547855571975887,-13.123644285282666,2.0,0,13.102941,9.045685,0.68,0.985,2065094912.0,"(0,15]",>0,>0,OK,1,1,1,1,1,ledger
ADMA,NASDAQ:ADMA,"ADMA Biologics, Inc.",Monthly,2018-01-31,2018-10-31,3.7200000286102295,5.369999885559082,2.118128595449691,96.49121755206866,0.9649121755206866,44.3548345230869,9.0,1,13.102941,9.045685,0.68,0.985,2065094912.0,"(0,15]",>0,>0,OK,1,1,1,1,1,ledger
ADNT,NASDAQ:ADNT,Adient plc Ordinary Shares,Daily,2024-10-04,2024-10-08,22.15999984741211,21.34000015258789,2.368287180886856,-93.14119145271778,-0.9314119145271778,-3.700359659162994,2.0,0,32.55385,6.4582877,0.65,3.27641,1659227136.0,"(25,40]",>0,>0,OK,1,1,0,1,1,ledger
ADNT,NASDAQ:ADNT,Adient plc Ordinary Shares,Daily,2025-09-05,2025-09-09,24.579999923706055,24.059999465942383,1.667886794191679,-68.83347134367804,-0.6883347134367804,-2.115542959225806,2.0,0,32.55385,6.4582877,0.65,3.27641,1659227136.0,"(25,40]",>0,>0,OK,1,1,0,1,1,ledger
ADNT,NASDAQ:ADNT,Adient plc Ordinary Shares,Daily,2026-02-24,2026-02-27,24.889999389648438,24.31999969482422,2.3063919254226213,-54.10051557754179,-0.5410051557754179,-2.290075165937036,3.0,0,32.55385,6.4582877,0.65,3.27641,1659227136.0,"(25,40]",>0,>0,OK,1,1,0,1,1,ledger
ADNT,NASDAQ:ADNT,Adient plc Ordinary Shares,Daily,2026-06-02,2026-06-03,22.790000915527344,22.420000076293945,1.7822324189915042,-34.61563849291377,-0.34615638492913764,-1.6235227045616683,1.0,0,32.55385,6.4582877,0.65,3.27641,1659227136.0,"(25,40]",>0,>0,OK,1,1,0,1,1,ledger
ADNT,NASDAQ:ADNT,Adient plc Ordinary Shares,Weekly,2023-03-31,2023-04-28,40.959999084472656,36.939998626708984,1.542453823246273,-94.811379319652,-0.94811379319652,-9.814454461957242,4.0,0,32.55385,6.4582877,0.65,3.27641,1659227136.0,"(25,40]",>0,>0,OK,1,1,0,1,1,ledger
ADNT,NASDAQ:ADNT,Adient plc Ordinary Shares,Weekly,2023-09-01,2023-09-08,40.439998626708984,38.0,1.89391683359697,-76.1310495125397,-0.7613104951253971,-6.033626878259744,1.0,0,32.55385,6.4582877,0.65,3.27641,1659227136.0,"(25,40]",>0,>0,OK,1,1,0,1,1,ledger
ADNT,NASDAQ:ADNT,Adient plc Ordinary Shares,Weekly,2026-04-10,2026-05-01,20.420000076293945,21.31999969482422,3.1834631049334186,41.52341649919623,0.4152341649919623,4.407441798078659,3.0,1,32.55385,6.4582877,0.65,3.27641,1659227136.0,"(25,40]",>0,>0,OK,1,1,0,1,1,ledger
ADP,NASDAQ:ADP,"Automatic Data Processing, Inc.",Daily,2025-06-23,2025-06-25,310.239990234375,298.19000244140625,3.155454047497946,-193.10908094995892,-1.9310908094995891,-3.884085924533914,2.0,0,24.624205,20.194468,10.99,13.4007,107652636672.0,"(15,25]",>0,>0,OK,1,1,1,1,1,ledger
ADP,NASDAQ:ADP,"Automatic Data Processing, Inc.",Daily,2026-01-15,2026-01-20,260.20001220703125,255.10000610351562,1.7786313579388118,-115.11497831024255,-1.1511497831024256,-1.9600329993288947,2.0,0,24.624205,20.194468,10.99,13.4007,107652636672.0,"(15,25]",>0,>0,OK,1,1,1,1,1,ledger
ADP,NASDAQ:ADP,"Automatic Data Processing, Inc.",Weekly,2017-09-01,2017-11-03,107.3499984741211,112.23999786376953,2.9612731939084465,100.42042960851293,1.0042042960851294,4.555192789152458,9.0,1,24.624205,20.194468,10.99,13.4007,107652636672.0,"(15,25]",>0,>0,OK,1,1,1,1,1,ledger
ADP,NASDAQ:ADP,"Automatic Data Processing, Inc.",Weekly,2023-01-13,2023-01-20,245.36000061035156,237.1699981689453,2.242791731547354,-62.13958657736769,-0.6213958657736769,-3.3379533832054933,1.0,0,24.624205,20.194468,10.99,13.4007,107652636672.0,"(15,25]",>0,>0,OK,1,1,1,1,1,ledger
ADP,NASDAQ:ADP,"Automatic Data Processing, Inc.",Weekly,2025-07-25,2025-08-01,308.6300048828125,300.44000244140625,1.750202489048038,-67.29657686935633,-0.6729657686935633,-2.6536637111858297,1.0,0,24.624205,20.194468,10.99,13.4007,107652636672.0,"(15,25]",>0,>0,OK,1,1,1,1,1,ledger
ADPT,NASDAQ:ADPT,Adaptive Biotechnologies Corporation,Daily,2024-07-23,2024-08-01,4.199999809265137,4.449999809265137,1.5982874303594814,88.79368967757478,0.8879368967757477,5.952381222696814,7.0,1,,-132.89667,-0.4,-0.18473,3904913408.0,missing,<=0,<=0,OK,0,0,0,0,0,ledger
ADPT,NASDAQ:ADPT,Adaptive Biotechnologies Corporation,Daily,2024-10-22,2024-10-25,4.699999809265137,4.449999809265137,3.508434651519737,-80.10122821795241,-0.8010122821795241,-5.319149152031316,3.0,0,,-132.89667,-0.4,-0.18473,3904913408.0,missing,<=0,<=0,OK,0,0,0,0,0,ledger
ADPT,NASDAQ:ADPT,Adaptive Biotechnologies Corporation,Daily,2025-12-10,2025-12-23,15.739999771118164,16.75,4.090436957924353,82.29764715142599,0.82297647151426,6.416774101452773,9.0,1,,-132.89667,-0.4,-0.18473,3904913408.0,missing,<=0,<=0,OK,0,0,0,0,0,ledger
ADPT,NASDAQ:ADPT,Adaptive Biotechnologies Corporation,Daily,2026-06-18,2026-06-23,17.530000686645508,17.229999542236328,1.695366346391658,-25.4943416751506,-0.254943416751506,-1.711358429310975,2.0,0,,-132.89667,-0.4,-0.18473,3904913408.0,missing,<=0,<=0,OK,0,0,0,0,0,ledger
ADPT,NASDAQ:ADPT,Adaptive Biotechnologies Corporation,Weekly,2025-12-19,2026-01-02,17.0,15.90999984741211,1.5537190538605288,-45.041327199342355,-0.45041327199342357,-6.41176560345818,2.0,0,,-132.89667,-0.4,-0.18473,3904913408.0,missing,<=0,<=0,OK,0,0,0,0,0,ledger
ADSK,NASDAQ:ADSK,"Autodesk, Inc.",Daily,2025-12-18,2025-12-23,299.239990234375,297.5799865722656,2.8206591146567597,-22.554442472592175,-0.22554442472592176,-0.5547399132078581,3.0,0,34.679825,16.636591,6.84,14.25833,50085765120.0,"(25,40]",>0,>0,OK,1,1,0,1,1,ledger
ADSK,NASDAQ:ADSK,"Autodesk, Inc.",Weekly,2021-09-24,2021-10-08,294.6700134277344,278.94000244140625,2.8352687620433983,-89.69993499832198,-0.8969993499832197,-5.338178392619442,2.0,0,34.679825,16.636591,6.84,14.25833,50085765120.0,"(25,40]",>0,>0,OK,1,1,0,1,1,ledger
ADUS,NASDAQ:ADUS,Addus HomeCare Corporation,Daily,2025-01-08,2025-01-22,126.41999816894531,132.66000366210938,2.119531057618711,215.75652377628188,2.157565237762819,4.935932276177568,8.0,1,21.567364,15.1201935,5.27,7.5171,2121438464.0,"(15,25]",>0,>0,OK,1,1,1,1,1,ledger
ADUS,NASDAQ:ADUS,Addus HomeCare Corporation,Daily,2025-09-05,2025-09-10,113.22000122070312,110.2699966430664,1.732788585203504,-91.93770688848764,-0.9193770688848764,-2.6055507382358942,3.0,0,21.567364,15.1201935,5.27,7.5171,2121438464.0,"(15,25]",>0,>0,OK,1,1,1,1,1,ledger
ADUS,NASDAQ:ADUS,Addus HomeCare Corporation,Weekly,2017-09-29,2017-10-13,35.29999923706055,34.5,1.5352118124543983,-22.53519461944894,-0.22535194619448942,-2.266286839521086,2.0,0,21.567364,15.1201935,5.27,7.5171,2121438464.0,"(15,25]",>0,>0,OK,1,1,1,1,1,ledger
ADUS,NASDAQ:ADUS,Addus HomeCare Corporation,Monthly,2021-10-31,2022-01-31,93.5,79.83000183105469,1.7372793671933089,-66.87865232957786,-0.6687865232957786,-14.620318897267715,3.0,0,21.567364,15.1201935,5.27,7.5171,2121438464.0,"(15,25]",>0,>0,OK,1,1,1,1,1,ledger
ADUS,NASDAQ:ADUS,Addus HomeCare Corporation,Monthly,2025-04-30,2025-07-31,104.55000305175781,106.77999877929688,2.0250150116496273,14.304010006787664,0.14304010006787662,2.1329465924884725,3.0,1,21.567364,15.1201935,5.27,7.5171,2121438464.0,"(15,25]",>0,>0,OK,1,1,1,1,1,ledger
AEIS,NASDAQ:AEIS,"Advanced Energy Industries, Inc.",Daily,2024-10-24,2024-11-12,107.3499984741211,114.29000091552734,1.8629386076805496,230.04968268664993,2.3004968268664996,6.464837019144699,13.0,1,61.734177,27.779543,5.53,12.28926,13672820736.0,>40,>0,>0,OK,1,1,0,1,1,ledger
AEIS,NASDAQ:AEIS,"Advanced Energy Industries, Inc.",Daily,2025-01-14,2025-01-23,118.06999969482422,125.29000091552734,2.5316706906380673,171.95362370341016,1.7195362370341016,6.115017565312677,6.0,1,61.734177,27.779543,5.53,12.28926,13672820736.0,>40,>0,>0,OK,1,1,0,1,1,ledger
AEIS,NASDAQ:AEIS,"Advanced Energy Industries, Inc.",Weekly,2017-07-14,2017-08-04,71.58999633789062,69.30999755859375,1.8486771942095468,-28.751573623449286,-0.2875157362344929,-3.1848008044807425,3.0,0,61.734177,27.779543,5.53,12.28926,13672820736.0,>40,>0,>0,OK,1,1,0,1,1,ledger
AEIS,NASDAQ:AEIS,"Advanced Energy Industries, Inc.",Weekly,2017-11-24,2017-12-01,85.1500015258789,72.55000305175781,1.575999755859375,-201.5999755859375,-2.015999755859375,-14.797414266976478,1.0,0,61.734177,27.779543,5.53,12.28926,13672820736.0,>40,>0,>0,OK,1,1,0,1,1,ledger
AEIS,NASDAQ:AEIS,"Advanced Energy Industries, Inc.",Weekly,2022-10-28,2022-12-23,79.0199966430664,83.72000122070312,1.728675939637763,42.649782299106974,0.42649782299106975,5.947867346624495,8.0,1,61.734177,27.779543,5.53,12.28926,13672820736.0,>40,>0,>0,OK,1,1,0,1,1,ledger
AEIS,NASDAQ:AEIS,"Advanced Energy Industries, Inc.",Monthly,2022-07-31,2022-09-30,89.48999786376953,77.41000366210938,1.6435740070570177,-55.05923909811772,-0.5505923909811772,-13.498708783130725,2.0,0,61.734177,27.779543,5.53,12.28926,13672820736.0,>40,>0,>0,OK,1,1,0,1,1,ledger
AENT,NASDAQ:AENT,Alliance Entertainment Holding Corporation - common stock,Weekly,2023-08-25,2023-09-08,2.200000047683716,1.840000033378601,2.567021848715922,-48.63831430720741,-0.4863831430720741,-16.36363665919658,2.0,0,11.880435,8.036765,0.46,0.68,278482016.0,"(0,15]",>0,>0,OK,1,1,1,1,1,ledger
AENT,NASDAQ:AENT,Alliance Entertainment Holding Corporation - common stock,Weekly,2024-09-06,2025-01-10,1.7200000286102295,7.559999942779541,3.66129026365826,941.9354627829563,9.419354627829563,339.5348730830003,18.0,1,11.880435,8.036765,0.46,0.68,278482016.0,"(0,15]",>0,>0,OK,1,1,1,1,1,ledger
AENT,NASDAQ:AENT,Alliance Entertainment Holding Corporation - common stock,Weekly,2025-01-31,2025-02-14,6.579999923706055,4.190000057220459,2.1554402672923474,-103.19515899101586,-1.0319515899101586,-36.32218684190312,2.0,0,11.880435,8.036765,0.46,0.68,278482016.0,"(0,15]",>0,>0,OK,1,1,1,1,1,ledger
AENT,NASDAQ:AENT,Alliance Entertainment Holding Corporation - common stock,Monthly,2025-06-30,2026-02-28,3.7699999809265137,5.409999847412109,4.016701075813291,84.4320634709032,0.844320634709032,43.5013229385362,8.0,1,11.880435,8.036765,0.46,0.68,278482016.0,"(0,15]",>0,>0,OK,1,1,1,1,1,ledger
AEP,NASDAQ:AEP,"American Electric Power Company, Inc.",Daily,2024-08-07,2024-08-08,99.56999969482422,98.04000091552734,2.059577493596174,-65.10637330814008,-0.6510637330814009,-1.53660619060583,1.0,0,22.205883,18.714361,5.78,6.85837,69873410048.0,"(15,25]",>0,>0,OK,1,1,1,1,1,ledger
AEP,NASDAQ:AEP,"American Electric Power Company, Inc.",Daily,2024-09-23,2024-09-24,102.52999877929688,101.41000366210938,1.7712708376264175,-74.86088856874312,-0.7486088856874312,-1.0923584614473363,1.0,0,22.205883,18.714361,5.78,6.85837,69873410048.0,"(15,25]",>0,>0,OK,1,1,1,1,1,ledger
AEP,NASDAQ:AEP,"American Electric Power Company, Inc.",Daily,2024-12-05,2024-12-06,97.44999694824219,95.8499984741211,2.017501663199887,-98.71545458952146,-0.9871545458952146,-1.641866110032705,1.0,0,22.205883,18.714361,5.78,6.85837,69873410048.0,"(15,25]",>0,>0,OK,1,1,1,1,1,ledger
AEP,NASDAQ:AEP,"American Electric Power Company, Inc.",Weekly,2017-07-21,2017-09-15,69.9800033569336,73.02999877929688,1.5989269904734706,163.10111992819404,1.6310111992819405,4.358381360467724,8.0,1,22.205883,18.714361,5.78,6.85837,69873410048.0,"(15,25]",>0,>0,OK,1,1,1,1,1,ledger
AEP,NASDAQ:AEP,"American Electric Power Company, Inc.",Weekly,2017-10-06,2017-12-22,71.52999877929688,73.6500015258789,1.5454566472206595,107.07107682585676,1.0707107682585677,2.9637953065303693,11.0,1,22.205883,18.714361,5.78,6.85837,69873410048.0,"(15,25]",>0,>0,OK,1,1,1,1,1,ledger
AEP,NASDAQ:AEP,"American Electric Power Company, Inc.",Weekly,2021-01-01,2021-01-08,83.2699966430664,79.18000030517578,2.5030611194561425,-93.57868855078685,-0.9357868855078684,-4.911728717153953,1.0,0,22.205883,18.714361,5.78,6.85837,69873410048.0,"(15,25]",>0,>0,OK,1,1,1,1,1,ledger
AFBI,NASDAQ:AFBI,"Affinity Bancshares, Inc. - Common Stock",Daily,2024-08-26,2024-09-30,21.34000015258789,21.40999984741211,1.5487816224564799,17.073102652611208,0.17073102652611208,0.3280210605609107,24.0,1,16.78832,,1.37,,140182352.0,"(15,25]",>0,missing,OK,1,1,1,0,1,ledger
AFBI,NASDAQ:AFBI,"Affinity Bancshares, Inc. - Common Stock",Daily,2024-11-12,2024-11-25,21.5,21.450000762939453,2.7829262525819076,-19.597798429305005,-0.19597798429305005,-0.23255459097928777,9.0,0,16.78832,,1.37,,140182352.0,"(15,25]",>0,missing,OK,1,1,1,0,1,ledger
AFBI,NASDAQ:AFBI,"Affinity Bancshares, Inc. - Common Stock",Daily,2025-02-11,2025-03-04,18.40999984741211,19.600000381469727,1.7458115167139403,383.87180134006854,3.8387180134006855,6.463881281481354,14.0,1,16.78832,,1.37,,140182352.0,"(15,25]",>0,missing,OK,1,1,1,0,1,ledger
AFBI,NASDAQ:AFBI,"Affinity Bancshares, Inc. - Common Stock",Daily,2025-06-02,2025-06-06,18.25,18.06999969482422,1.9230799327047223,-46.153996635236126,-0.4615399663523612,-0.9863030420590754,4.0,0,16.78832,,1.37,,140182352.0,"(15,25]",>0,missing,OK,1,1,1,0,1,ledger
AFBI,NASDAQ:AFBI,"Affinity Bancshares, Inc. - Common Stock",Daily,2025-08-04,2025-09-11,19.18000030517578,19.559999465942383,1.6046512659463104,88.37183513422401,0.8837183513422402,1.9812260412949922,27.0,1,16.78832,,1.37,,140182352.0,"(15,25]",>0,missing,OK,1,1,1,0,1,ledger
AFBI,NASDAQ:AFBI,"Affinity Bancshares, Inc. - Common Stock",Daily,2025-11-07,2025-11-18,18.81999969482422,18.809999465942383,2.0217438176902793,-2.1739671271955285,-0.021739671271955287,-0.0531361798299399,7.0,0,16.78832,,1.37,,140182352.0,"(15,25]",>0,missing,OK,1,1,1,0,1,ledger
AFBI,NASDAQ:AFBI,"Affinity Bancshares, Inc. - Common Stock",Weekly,2022-02-18,2022-03-18,15.692999839782715,15.149999618530273,3.254515687967373,-76.60176055078301,-0.76601760550783,-3.46014290955323,4.0,0,16.78832,,1.37,,140182352.0,"(15,25]",>0,missing,OK,1,1,1,0,1,ledger
AFBI,NASDAQ:AFBI,"Affinity Bancshares, Inc. - Common Stock",Weekly,2023-12-01,2024-02-02,14.539999961853027,16.200000762939453,1.5627574768896653,209.20799535320538,2.092079953532054,11.416786832473068,9.0,1,16.78832,,1.37,,140182352.0,"(15,25]",>0,missing,OK,1,1,1,0,1,ledger
AFBI,NASDAQ:AFBI,"Affinity Bancshares, Inc. - Common Stock",Weekly,2025-04-18,2025-05-23,18.399999618530273,18.31999969482422,2.9285724990224837,-5.7142818217364235,-0.057142818217364236,-0.43478220306857157,5.0,0,16.78832,,1.37,,140182352.0,"(15,25]",>0,missing,OK,1,1,1,0,1,ledger
AFBI,NASDAQ:AFBI,"Affinity Bancshares, Inc. - Common Stock",Monthly,2022-12-31,2023-03-31,15.100000381469727,14.319999694824219,2.2480617862690115,-60.46517129543723,-0.6046517129543723,-5.1655673307313394,3.0,0,16.78832,,1.37,,140182352.0,"(15,25]",>0,missing,OK,1,1,1,0,1,ledger
AFBI,NASDAQ:AFBI,"Affinity Bancshares, Inc. - Common Stock",Monthly,2025-07-31,2025-10-31,19.0,18.905000686645508,1.75,-4.749965667724609,-0.047499656677246094,-0.4999963860762746,3.0,0,16.78832,,1.37,,140182352.0,"(15,25]",>0,missing,OK,1,1,1,0,1,ledger
AFJK,NASDAQ:AFJK,"Aimei Health Technology Co., Ltd",Daily,2024-09-12,2024-10-21,10.479999542236328,10.510000228881836,2.0001271617497456,200.01271617497457,2.0001271617497456,0.28626610644971423,27.0,1,80.46666,,0.15,,38217628.0,>40,>0,missing,OK,1,1,0,0,1,ledger
AFJK,NASDAQ:AFJK,"Aimei Health Technology Co., Ltd",Daily,2024-10-23,2024-10-30,10.520000457763672,10.539999961853027,3.548508246524227,83.49314069412482,0.8349314069412481,0.190109346189201,5.0,1,80.46666,,0.15,,38217628.0,>40,>0,missing,OK,1,1,0,0,1,ledger
AFJK,NASDAQ:AFJK,"Aimei Health Technology Co., Ltd",Daily,2024-12-11,2024-12-18,10.619999885559082,10.604999542236328,2.1667037543313095,-50.00158947134183,-0.5000158947134183,-0.1412461721694663,5.0,0,80.46666,,0.15,,38217628.0,>40,>0,missing,OK,1,1,0,0,1,ledger
AFJK,NASDAQ:AFJK,"Aimei Health Technology Co., Ltd",Daily,2025-08-06,2025-08-22,11.210000038146973,11.25,2.250005960470162,100.0,1.0,0.3568239225415684,12.0,1,80.46666,,0.15,,38217628.0,>40,>0,missing,OK,1,1,0,0,1,ledger
AFJK,NASDAQ:AFJK,"Aimei Health Technology Co., Ltd",Daily,2026-01-21,2026-02-05,57.20000076293945,47.84000015258789,4.026971203657081,-51.51353810636193,-0.5151353810636193,-16.36363721242468,11.0,0,80.46666,,0.15,,38217628.0,>40,>0,missing,OK,1,1,0,0,1,ledger
AFJK,NASDAQ:AFJK,"Aimei Health Technology Co., Ltd",Weekly,2026-04-10,2026-07-10,56.0,12.6899995803833,2.2847925302717624,-133.0568400453451,-1.3305684004534508,-77.33928646360125,13.0,0,80.46666,,0.15,,38217628.0,>40,>0,missing,OK,1,1,0,0,1,ledger
AFRM,NASDAQ:AFRM,"Affirm Holdings, Inc.",Daily,2024-10-04,2024-10-17,39.36000061035156,43.93000030517578,3.7023779429216654,196.28617361761545,1.9628617361761547,11.610771402331538,9.0,1,69.132744,21.007286,1.13,3.71871,26162276352.0,>40,>0,>0,OK,1,1,0,1,1,ledger
AFRM,NASDAQ:AFRM,"Affirm Holdings, Inc.",Daily,2024-10-29,2024-11-08,42.869998931884766,46.47999954223633,2.9010303426181854,145.05151713090928,1.4505151713090927,8.420808724738754,8.0,1,69.132744,21.007286,1.13,3.71871,26162276352.0,>40,>0,>0,OK,1,1,0,1,1,ledger
AFRM,NASDAQ:AFRM,"Affirm Holdings, Inc.",Daily,2025-05-27,2025-06-12,51.18000030517578,61.04999923706055,1.5553075883092062,220.5587105551644,2.205587105551644,19.28487470307151,12.0,1,69.132744,21.007286,1.13,3.71871,26162276352.0,>40,>0,>0,OK,1,1,0,1,1,ledger
AFRM,NASDAQ:AFRM,"Affirm Holdings, Inc.",Daily,2025-06-16,2025-07-01,60.849998474121094,67.0999984741211,1.5762533115900015,212.31863132171534,2.1231863132171536,10.271158844248884,10.0,1,69.132744,21.007286,1.13,3.71871,26162276352.0,>40,>0,>0,OK,1,1,0,1,1,ledger
AFRM,NASDAQ:AFRM,"Affirm Holdings, Inc.",Weekly,2022-09-09,2022-09-23,26.25,19.280000686645508,1.7230592539248086,-81.58777731508474,-0.8158777731508473,-26.55237833658854,2.0,0,69.132744,21.007286,1.13,3.71871,26162276352.0,>40,>0,>0,OK,1,1,0,1,1,ledger
AFRM,NASDAQ:AFRM,"Affirm Holdings, Inc.",Weekly,2023-03-31,2023-04-28,11.270000457763672,9.859999656677246,2.9970560807648177,-36.81055438401291,-0.36810554384012906,-12.511097993036064,4.0,0,69.132744,21.007286,1.13,3.71871,26162276352.0,>40,>0,>0,OK,1,1,0,1,1,ledger
AFRM,NASDAQ:AFRM,"Affirm Holdings, Inc.",Weekly,2024-04-26,2024-05-24,33.33000183105469,30.030000686645508,3.7338312884745584,-64.34281460933158,-0.6434281460933158,-9.900992988648616,4.0,0,69.132744,21.007286,1.13,3.71871,26162276352.0,>40,>0,>0,OK,1,1,0,1,1,ledger
AFRM,NASDAQ:AFRM,"Affirm Holdings, Inc.",Weekly,2025-10-24,2025-11-21,75.38999938964844,64.37999725341797,2.476888507073527,-110.81083737402906,-1.1081083737402906,-14.604061845558547,4.0,0,69.132744,21.007286,1.13,3.71871,26162276352.0,>40,>0,>0,OK,1,1,0,1,1,ledger
AFYA,NASDAQ:AFYA,Afya Limited - Class A Common Shares,Daily,2024-09-04,2024-09-06,16.799999237060547,16.149999618530273,4.043169218947253,-93.52516603545747,-0.9352516603545749,-3.8690455240996915,2.0,0,8.658384,6.9793377,1.61,1.9973241,1274849536.0,"(0,15]",>0,>0,OK,1,1,1,1,1,ledger
AFYA,NASDAQ:AFYA,Afya Limited - Class A Common Shares,Daily,2025-12-16,2026-01-02,14.630000114440918,14.949999809265137,1.6562484477973127,66.66653421203735,0.6666653421203734,2.1872842947441593,11.0,1,8.658384,6.9793377,1.61,1.9973241,1274849536.0,"(0,15]",>0,>0,OK,1,1,1,1,1,ledger
AFYA,NASDAQ:AFYA,Afya Limited - Class A Common Shares,Daily,2026-07-27,2026-07-30,14.199999809265137,14.289999961853027,1.8720001220703124,14.4000244140625,0.144000244140625,0.6338038999772931,3.0,1,8.658384,6.9793377,1.61,1.9973241,1274849536.0,"(0,15]",>0,>0,OK,1,1,1,1,1,ledger
AFYA,NASDAQ:AFYA,Afya Limited - Class A Common Shares,Weekly,2026-06-05,2026-06-19,14.4399995803833,14.069999694824219,1.6952113438647418,-36.46673871230897,-0.36466738712308966,-2.562326151738438,2.0,0,8.658384,6.9793377,1.61,1.9973241,1274849536.0,"(0,15]",>0,>0,OK,1,1,1,1,1,ledger
AGEN,NASDAQ:AGEN,Agenus Inc. - Common Stock,Daily,2024-07-23,2024-07-24,6.909999847412109,6.130000114440918,6.637557814991146,-43.764102761312756,-0.43764102761312756,-11.287984807457153,1.0,0,3.8073394,-138.33334,2.18,-0.06,345632192.0,"(0,15]",>0,<=0,OK,1,1,0,0,1,ledger
AGEN,NASDAQ:AGEN,Agenus Inc. - Common Stock,Daily,2024-09-27,2024-10-01,5.309999942779541,5.099999904632568,2.6176065078022814,-45.05715952267596,-0.4505715952267596,-3.9548030209026197,2.0,0,3.8073394,-138.33334,2.18,-0.06,345632192.0,"(0,15]",>0,<=0,OK,1,1,0,0,1,ledger
AGEN,NASDAQ:AGEN,Agenus Inc. - Common Stock,Daily,2025-12-10,2025-12-12,4.090000152587891,3.7899999618530273,2.2222200637018603,-111.11109148819874,-1.1111109148819873,-7.334967714977769,2.0,0,3.8073394,-138.33334,2.18,-0.06,345632192.0,"(0,15]",>0,<=0,OK,1,1,0,0,1,ledger
AGEN,NASDAQ:AGEN,Agenus Inc. - Common Stock,Daily,2026-01-21,2026-01-23,3.4000000953674316,3.240000009536743,4.232480976934469,-46.067851444929936,-0.46067851444929936,-4.705884745376678,2.0,0,3.8073394,-138.33334,2.18,-0.06,345632192.0,"(0,15]",>0,<=0,OK,1,1,0,0,1,ledger
AGEN,NASDAQ:AGEN,Agenus Inc. - Common Stock,Daily,2026-04-01,2026-04-02,3.4000000953674316,3.3299999237060547,2.9928136218927097,-29.92821776664889,-0.2992821776664889,-2.0588285205272077,1.0,0,3.8073394,-138.33334,2.18,-0.06,345632192.0,"(0,15]",>0,<=0,OK,1,1,0,0,1,ledger
AGEN,NASDAQ:AGEN,Agenus Inc. - Common Stock,Weekly,2017-09-08,2017-10-20,81.64867401123047,84.98528289794922,1.7432435342846413,22.973007755969313,0.22973007755969313,4.086543874870291,6.0,1,3.8073394,-138.33334,2.18,-0.06,345632192.0,"(0,15]",>0,<=0,OK,1,1,0,0,1,ledger
AGEN,NASDAQ:AGEN,Agenus Inc. - Common Stock,Weekly,2019-05-03,2019-05-31,53.18939971923828,50.049068450927734,3.123828975390277,-42.71899279762412,-0.42718992797624117,-5.904054726856991,4.0,0,3.8073394,-138.33334,2.18,-0.06,345632192.0,"(0,15]",>0,<=0,OK,1,1,0,0,1,ledger
AGEN,NASDAQ:AGEN,Agenus Inc. - Common Stock,Weekly,2021-01-29,2021-03-05,72.22767639160156,62.806671142578125,3.3050836681630096,-81.35595230369515,-0.8135595230369516,-13.043483771989218,5.0,0,3.8073394,-138.33334,2.18,-0.06,345632192.0,"(0,15]",>0,<=0,OK,1,1,0,0,1,ledger
AGEN,NASDAQ:AGEN,Agenus Inc. - Common Stock,Weekly,2025-11-14,2025-12-05,4.340000152587891,3.930000066757202,3.9523300278930806,-54.01518835557902,-0.5401518835557901,-9.447006253817994,3.0,0,3.8073394,-138.33334,2.18,-0.06,345632192.0,"(0,15]",>0,<=0,OK,1,1,0,0,1,ledger
AGEN,NASDAQ:AGEN,Agenus Inc. - Common Stock,Monthly,2017-06-30,2017-08-31,76.74190521240234,72.42394256591797,3.3180366282223694,-20.390188746919115,-0.20390188746919113,-5.626603398147775,2.0,0,3.8073394,-138.33334,2.18,-0.06,345632192.0,"(0,15]",>0,<=0,OK,1,1,0,0,1,ledger
AGM,NASDAQ:AGM,Federal Agricultural Mortgage Corporation,Daily,2024-08-13,2024-09-03,179.42999267578125,190.99000549316406,6.196127736009808,195.81003953260148,1.9581003953260148,6.442631270832759,14.0,1,13.017771,10.446846,18.57,23.14,2623655168.0,"(0,15]",>0,>0,OK,1,1,1,1,1,ledger
AGM,NASDAQ:AGM,Federal Agricultural Mortgage Corporation,Daily,2024-11-22,2024-12-09,205.08999633789062,211.05999755859375,2.136459284405498,136.55963101548605,1.3655963101548605,2.9109178055020326,10.0,1,13.017771,10.446846,18.57,23.14,2623655168.0,"(0,15]",>0,>0,OK,1,1,1,1,1,ledger
AGM,NASDAQ:AGM,Federal Agricultural Mortgage Corporation,Daily,2025-06-18,2025-06-30,188.55999755859375,194.27999877929688,1.674793999659578,113.37073588496266,1.1337073588496267,3.033517869518254,7.0,1,13.017771,10.446846,18.57,23.14,2623655168.0,"(0,15]",>0,>0,OK,1,1,1,1,1,ledger
AGM,NASDAQ:AGM,Federal Agricultural Mortgage Corporation,Daily,2026-05-20,2026-06-03,175.30999755859375,174.6999969482422,2.114536909851613,-11.52697519392402,-0.1152697519392402,-0.34795540405371483,9.0,0,13.017771,10.446846,18.57,23.14,2623655168.0,"(0,15]",>0,>0,OK,1,1,1,1,1,ledger
AGM,NASDAQ:AGM,Federal Agricultural Mortgage Corporation,Weekly,2020-02-28,2020-03-13,75.05999755859375,56.31999969482422,2.04268391964942,-285.6708054596712,-2.856708054596712,-24.966691278054746,2.0,0,13.017771,10.446846,18.57,23.14,2623655168.0,"(0,15]",>0,>0,OK,1,1,1,1,1,ledger
AGM,NASDAQ:AGM,Federal Agricultural Mortgage Corporation,Weekly,2020-08-07,2020-09-11,63.45000076293945,66.80999755859375,1.9353608149331416,49.944745837030275,0.4994474583703028,5.295503160366925,5.0,1,13.017771,10.446846,18.57,23.14,2623655168.0,"(0,15]",>0,>0,OK,1,1,1,1,1,ledger
AGM,NASDAQ:AGM,Federal Agricultural Mortgage Corporation,Weekly,2022-10-14,2022-12-09,104.86000061035156,119.05999755859375,1.6788733423524975,200.0,2.0,13.541862355129904,8.0,1,13.017771,10.446846,18.57,23.14,2623655168.0,"(0,15]",>0,>0,OK,1,1,1,1,1,ledger
AGM,NASDAQ:AGM,Federal Agricultural Mortgage Corporation,Monthly,2019-01-31,2020-01-31,70.75,76.30000305175781,1.8769026780133078,36.73066067221477,0.36730660672214765,7.844527281636485,12.0,1,13.017771,10.446846,18.57,23.14,2623655168.0,"(0,15]",>0,>0,OK,1,1,1,1,1,ledger
AGM-A,NASDAQ:AGM.A,Federal Agricultural Mortgage Corporation,Daily,2024-12-12,2024-12-17,162.0,157.74000549316406,3.461242820874004,-294.8975080749716,-2.948975080749716,-2.629626238787616,3.0,0,9.303047,,18.38,,1855790464.0,"(0,15]",>0,missing,OK,1,1,1,0,1,ledger
AGM-A,NASDAQ:AGM.A,Federal Agricultural Mortgage Corporation,Daily,2025-05-27,2025-06-02,136.89999389648438,133.0,3.210810214326253,-133.4982272939653,-1.3349822729396532,-2.8487904093212144,4.0,0,9.303047,,18.38,,1855790464.0,"(0,15]",>0,missing,OK,1,1,1,0,1,ledger
AGM-A,NASDAQ:AGM.A,Federal Agricultural Mortgage Corporation,Daily,2025-11-03,2025-11-20,121.51000213623047,128.86000061035156,2.1821649088466817,419.8667547548522,4.1986675475485224,6.048883503335529,13.0,1,9.303047,,18.38,,1855790464.0,"(0,15]",>0,missing,OK,1,1,1,0,1,ledger
AGM-A,NASDAQ:AGM.A,Federal Agricultural Mortgage Corporation,Daily,2025-12-23,2026-01-07,132.58999633789062,134.11000061035156,5.102959766031131,74.51025857748724,0.7451025857748723,1.1463943845260984,9.0,1,9.303047,,18.38,,1855790464.0,"(0,15]",>0,missing,OK,1,1,1,0,1,ledger
AGM-A,NASDAQ:AGM.A,Federal Agricultural Mortgage Corporation,Daily,2026-07-10,2026-07-14,146.0500030517578,143.5,2.3010274359834333,-150.06704573700407,-1.5006704573700405,-1.7459794580450174,2.0,0,9.303047,,18.38,,1855790464.0,"(0,15]",>0,missing,OK,1,1,1,0,1,ledger
AGM-A,NASDAQ:AGM.A,Federal Agricultural Mortgage Corporation,Weekly,2023-01-06,2023-03-17,96.0,109.87000274658203,3.8724143876702177,333.3978656610218,3.333978656610218,14.447919527689615,10.0,1,9.303047,,18.38,,1855790464.0,"(0,15]",>0,missing,OK,1,1,1,0,1,ledger
AGMH,NASDAQ:AGMH,AGM Group Holdings Inc. - Class A Ordinary Shares,Daily,2025-05-08,2025-05-13,4.900000095367432,4.449999809265137,1.964285580479378,-32.14287538917573,-0.3214287538917573,-9.18367912947053,3.0,0,0.028149739,,32.59,,2109039.0,"(0,15]",>0,missing,OK,1,1,0,0,1,ledger
AGMH,NASDAQ:AGMH,AGM Group Holdings Inc. - Class A Ordinary Shares,Daily,2025-09-12,2025-09-18,2.3299999237060547,2.2300000190734863,4.792579266578367,-23.37841097615029,-0.23378410976150288,-4.291841541072258,4.0,0,0.028149739,,32.59,,2109039.0,"(0,15]",>0,missing,OK,1,1,0,0,1,ledger
AGMH,NASDAQ:AGMH,AGM Group Holdings Inc. - Class A Ordinary Shares,Daily,2025-11-28,2025-12-03,3.059999942779541,2.799999952316284,40.83097839729261,-70.58546332613048,-0.7058546332613048,-8.496731873370125,3.0,0,0.028149739,,32.59,,2109039.0,"(0,15]",>0,missing,OK,1,1,0,0,1,ledger
AGMH,NASDAQ:AGMH,AGM Group Holdings Inc. - Class A Ordinary Shares,Daily,2026-05-21,2026-06-02,1.100000023841858,1.2269999980926514,2.4204927330987354,97.58811913381139,0.9758811913381139,11.545451954376656,7.0,1,0.028149739,,32.59,,2109039.0,"(0,15]",>0,missing,OK,1,1,0,0,1,ledger
AGMH,NASDAQ:AGMH,AGM Group Holdings Inc. - Class A Ordinary Shares,Weekly,2018-08-24,2018-11-09,940.5,1036.0999755859375,1.9646273734033193,28.478897487918395,0.284788974879184,10.164803358419723,11.0,1,0.028149739,,32.59,,2109039.0,"(0,15]",>0,missing,OK,1,1,0,0,1,ledger
AGMH,NASDAQ:AGMH,AGM Group Holdings Inc. - Class A Ordinary Shares,Weekly,2020-01-03,2020-01-17,808.0,772.8499755859375,2.8511908886219746,-24.06228795779471,-0.2406228795779471,-4.350250546294864,2.0,0,0.028149739,,32.59,,2109039.0,"(0,15]",>0,missing,OK,1,1,0,0,1,ledger
AGMH,NASDAQ:AGMH,AGM Group Holdings Inc. - Class A Ordinary Shares,Weekly,2020-07-24,2020-08-07,897.5,742.5,3.4096385542168677,-124.49799196787149,-1.2449799196787148,-17.270194986072422,2.0,0,0.028149739,,32.59,,2109039.0,"(0,15]",>0,missing,OK,1,1,0,0,1,ledger
AGMH,NASDAQ:AGMH,AGM Group Holdings Inc. - Class A Ordinary Shares,Weekly,2022-10-07,2023-05-12,89.5,93.5,1.5784201911081235,20.366712143330624,0.20366712143330623,4.4692737430167595,31.0,1,0.028149739,,32.59,,2109039.0,"(0,15]",>0,missing,OK,1,1,0,0,1,ledger
AGMH,NASDAQ:AGMH,AGM Group Holdings Inc. - Class A Ordinary Shares,Weekly,2026-01-23,2026-01-30,2.140000104904175,1.7200000286102295,10.503086832885726,-27.63970673365933,-0.27639706733659336,-19.626170827349192,1.0,0,0.028149739,,32.59,,2109039.0,"(0,15]",>0,missing,OK,1,1,0,0,1,ledger
AGMH,NASDAQ:AGMH,AGM Group Holdings Inc. - Class A Ordinary Shares,Monthly,2019-06-30,2019-12-31,960.0,846.75,2.842514790051682,-19.6283522081154,-0.196283522081154,-11.796875,6.0,0,0.028149739,,32.59,,2109039.0,"(0,15]",>0,missing,OK,1,1,0,0,1,ledger
AGNC,NASDAQ:AGNC,AGNC Investment Corp.,Daily,2024-07-29,2024-07-31,10.100000381469727,10.010000228881836,2.043470869458853,-39.13041675477769,-0.3913041675477769,-0.8910905860262356,2.0,0,5.2935324,7.087569,2.01,1.50122,12613523456.0,"(0,15]",>0,>0,OK,1,1,1,0,1,ledger
AGNC,NASDAQ:AGNC,AGNC Investment Corp.,Daily,2024-10-10,2024-10-17,10.369999885559082,10.460000038146973,2.0000039736467747,37.50009934116937,0.37500099341169363,0.8678896198757134,5.0,1,5.2935324,7.087569,2.01,1.50122,12613523456.0,"(0,15]",>0,>0,OK,1,1,1,0,1,ledger
AGNC,NASDAQ:AGNC,AGNC Investment Corp.,Daily,2024-12-05,2024-12-10,9.550000190734863,9.609999656677246,1.9155440128704966,39.63159754469426,0.3963159754469425,0.6282666465346521,3.0,1,5.2935324,7.087569,2.01,1.50122,12613523456.0,"(0,15]",>0,>0,OK,1,1,1,0,1,ledger
AGNC,NASDAQ:AGNC,AGNC Investment Corp.,Daily,2025-09-26,2025-10-06,9.84000015258789,9.880000114440918,3.33332450303056,22.222163353537063,0.22222163353537067,0.40650367106455254,6.0,1,5.2935324,7.087569,2.01,1.50122,12613523456.0,"(0,15]",>0,>0,OK,1,1,1,0,1,ledger
AGNC,NASDAQ:AGNC,AGNC Investment Corp.,Daily,2025-11-03,2025-11-12,10.050000190734863,10.199999809265137,1.5499988079059677,74.99988079059676,0.7499988079059676,1.4925334893879774,7.0,1,5.2935324,7.087569,2.01,1.50122,12613523456.0,"(0,15]",>0,>0,OK,1,1,1,0,1,ledger
AGNC,NASDAQ:AGNC,AGNC Investment Corp.,Daily,2026-05-06,2026-05-12,10.789999961853027,10.739999771118164,1.5927768751521276,-24.133080596292487,-0.24133080596292486,-0.46339379899568106,4.0,0,5.2935324,7.087569,2.01,1.50122,12613523456.0,"(0,15]",>0,>0,OK,1,1,1,0,1,ledger
AGNC,NASDAQ:AGNC,AGNC Investment Corp.,Weekly,2017-08-11,2017-09-15,21.34000015258789,21.110000610351562,1.6470038635470312,-37.881013467728096,-0.378810134677281,-1.0777860383868658,5.0,0,5.2935324,7.087569,2.01,1.50122,12613523456.0,"(0,15]",>0,>0,OK,1,1,1,0,1,ledger
AGNC,NASDAQ:AGNC,AGNC Investment Corp.,Weekly,2021-08-27,2021-09-10,16.530000686645508,16.010000228881836,2.538458716942376,-57.14285714285714,-0.5714285714285714,-3.1457981619067765,2.0,0,5.2935324,7.087569,2.01,1.50122,12613523456.0,"(0,15]",>0,>0,OK,1,1,1,0,1,ledger
AGO,NASDAQ:AGO,Assured Guaranty Ltd. Common Stock,Daily,2024-10-24,2024-10-25,85.16999816894531,83.04000091552734,1.6258857877012238,-136.34374070514525,-1.3634374070514526,-2.500877420700249,1.0,0,9.61601,11.573066,8.62,7.16232,3670573312.0,"(0,15]",>0,>0,OK,1,1,1,0,1,ledger
AGO,NASDAQ:AGO,Assured Guaranty Ltd. Common Stock,Daily,2025-05-27,2025-06-09,85.37000274658203,83.97000122070312,2.215517269728729,-60.34490129469527,-0.6034490129469526,-1.6399220813366533,9.0,0,9.61601,11.573066,8.62,7.16232,3670573312.0,"(0,15]",>0,>0,OK,1,1,1,0,1,ledger
AGO,NASDAQ:AGO,Assured Guaranty Ltd. Common Stock,Daily,2025-10-14,2025-10-15,82.27999877929688,80.9800033569336,1.6648672278056607,-70.27008078916872,-0.7027008078916872,-1.5799652912615056,1.0,0,9.61601,11.573066,8.62,7.16232,3670573312.0,"(0,15]",>0,>0,OK,1,1,1,0,1,ledger
AGO,NASDAQ:AGO,Assured Guaranty Ltd. Common Stock,Weekly,2017-04-07,2017-06-23,38.70000076293945,40.650001525878906,1.576205953758537,72.49066889025026,0.7249066889025026,5.038761562007115,11.0,1,9.61601,11.573066,8.62,7.16232,3670573312.0,"(0,15]",>0,>0,OK,1,1,1,0,1,ledger
AGO,NASDAQ:AGO,Assured Guaranty Ltd. Common Stock,Weekly,2022-05-06,2022-06-17,58.11000061035156,53.38999938964844,1.9089933417058924,-119.02841831455555,-1.1902841831455555,-8.122528258694109,6.0,0,9.61601,11.573066,8.62,7.16232,3670573312.0,"(0,15]",>0,>0,OK,1,1,1,0,1,ledger
AGO,NASDAQ:AGO,Assured Guaranty Ltd. Common Stock,Weekly,2023-01-27,2023-03-03,62.209999084472656,59.5099983215332,1.5178168807582975,-83.29488335822461,-0.832948833582246,-4.340139531706506,5.0,0,9.61601,11.573066,8.62,7.16232,3670573312.0,"(0,15]",>0,>0,OK,1,1,1,0,1,ledger
AGO,NASDAQ:AGO,Assured Guaranty Ltd. Common Stock,Weekly,2024-05-31,2024-06-14,77.72000122070312,75.5199966430664,5.269442983683467,-61.40254434412377,-0.6140254434412377,-2.830680060579669,2.0,0,9.61601,11.573066,8.62,7.16232,3670573312.0,"(0,15]",>0,>0,OK,1,1,1,0,1,ledger
AGO,NASDAQ:AGO,Assured Guaranty Ltd. Common Stock,Monthly,2024-07-31,2025-05-31,82.37000274658203,84.55000305175781,1.6244283398842179,24.88584216389085,0.2488584216389085,2.646594916213283,10.0,1,9.61601,11.573066,8.62,7.16232,3670573312.0,"(0,15]",>0,>0,OK,1,1,1,0,1,ledger
AGRO,NASDAQ:AGRO,Adecoagro S.A. Common Shares,Daily,2024-08-27,2024-09-09,10.819999694824219,11.210000038146973,2.700002384188065,97.50017881410486,0.9750017881410485,3.6044395039060104,8.0,1,459.5,7.3656707,0.02,1.24768,1326194688.0,>40,>0,>0,OK,1,1,0,1,1,ledger
AGRO,NASDAQ:AGRO,Adecoagro S.A. Common Shares,Daily,2025-07-01,2025-07-09,9.199999809265137,9.149999618530273,1.8890255870250066,-23.612876135081592,-0.23612876135081592,-0.5434803453420628,5.0,0,459.5,7.3656707,0.02,1.24768,1326194688.0,>40,>0,>0,OK,1,1,0,1,1,ledger
AGRO,NASDAQ:AGRO,Adecoagro S.A. Common Shares,Daily,2025-11-05,2025-11-12,7.960000038146973,7.900000095367432,1.848484235470913,-18.181805045805277,-0.18181805045805277,-0.7537681217588103,5.0,0,459.5,7.3656707,0.02,1.24768,1326194688.0,>40,>0,>0,OK,1,1,0,1,1,ledger
AGRO,NASDAQ:AGRO,Adecoagro S.A. Common Shares,Weekly,2017-05-12,2017-05-19,11.5,11.109999656677246,2.4520562798839913,-53.42473806599953,-0.5342473806599953,-3.3913073332413384,1.0,0,459.5,7.3656707,0.02,1.24768,1326194688.0,>40,>0,>0,OK,1,1,0,1,1,ledger
AGRO,NASDAQ:AGRO,Adecoagro S.A. Common Shares,Weekly,2021-04-09,2021-06-18,8.210000038146973,10.880000114440918,2.102942156131952,392.64716916433565,3.9264716916433566,32.52131624711386,10.0,1,459.5,7.3656707,0.02,1.24768,1326194688.0,>40,>0,>0,OK,1,1,0,1,1,ledger
AGRO,NASDAQ:AGRO,Adecoagro S.A. Common Shares,Weekly,2021-07-30,2021-08-13,9.5600004196167,9.050000190734863,2.9556765857528475,-68.2079506432293,-0.682079506432293,-5.334730193477167,2.0,0,459.5,7.3656707,0.02,1.24768,1326194688.0,>40,>0,>0,OK,1,1,0,1,1,ledger
AGRO,NASDAQ:AGRO,Adecoagro S.A. Common Shares,Weekly,2026-07-03,2026-08-07,9.640000343322754,9.1899995803833,4.6672715124985045,-33.604411863518436,-0.3360441186351844,-4.668057540590762,5.0,0,459.5,7.3656707,0.02,1.24768,1326194688.0,>40,>0,>0,OK,1,1,0,1,1,ledger
AGRO,NASDAQ:AGRO,Adecoagro S.A. Common Shares,Monthly,2022-08-31,2023-10-31,9.220000267028809,10.550000190734863,1.9159289757454483,58.84954818628887,0.5884954818628887,14.42516144454141,14.0,1,459.5,7.3656707,0.02,1.24768,1326194688.0,>40,>0,>0,OK,1,1,0,1,1,ledger
AGYS,NASDAQ:AGYS,"Agilysys, Inc.",Daily,2024-10-24,2024-10-29,110.97000122070312,102.51000213623047,3.8139513335659605,-218.60447235972865,-2.1860447235972864,-7.6236811673516645,3.0,0,71.787094,34.758297,1.55,3.20125,3138457856.0,>40,>0,>0,OK,1,1,0,1,1,ledger
AGYS,NASDAQ:AGYS,"Agilysys, Inc.",Daily,2024-12-11,2024-12-18,132.8300018310547,129.19000244140625,1.5042041859138133,-76.47066366192126,-0.7647066366192127,-2.740344304352356,5.0,0,71.787094,34.758297,1.55,3.20125,3138457856.0,>40,>0,>0,OK,1,1,0,1,1,ledger
AGYS,NASDAQ:AGYS,"Agilysys, Inc.",Daily,2025-11-10,2025-11-13,127.25,125.4800033569336,3.1034466429366314,-30.517167444075255,-0.3051716744407525,-1.3909600338439343,3.0,0,71.787094,34.758297,1.55,3.20125,3138457856.0,>40,>0,>0,OK,1,1,0,1,1,ledger
AGYS,NASDAQ:AGYS,"Agilysys, Inc.",Weekly,2021-04-23,2021-05-14,50.9900016784668,48.04999923706055,2.099357553801583,-47.11541106714293,-0.4711541106714293,-5.765841036729795,3.0,0,71.787094,34.758297,1.55,3.20125,3138457856.0,>40,>0,>0,OK,1,1,0,1,1,ledger
AII,NASDAQ:AII,"American Integrity Insurance Group, Inc.",Daily,2025-10-22,2025-10-28,22.940000534057617,23.75,1.6898853878676614,87.74402117181224,0.8774402117181224,3.53094789487832,4.0,1,4.322314,6.946312,4.84,3.01167,409839872.0,"(0,15]",>0,>0,OK,1,1,0,0,1,ledger
AII,NASDAQ:AII,"American Integrity Insurance Group, Inc.",Daily,2026-03-10,2026-03-27,19.399999618530273,18.639999389648438,2.1428581159940236,-90.47620128882248,-0.9047620128882249,-3.917527030031008,13.0,0,4.322314,6.946312,4.84,3.01167,409839872.0,"(0,15]",>0,>0,OK,1,1,0,0,1,ledger
AII,NASDAQ:AII,"American Integrity Insurance Group, Inc.",Weekly,2026-02-27,2026-03-20,20.360000610351562,18.780000686645508,2.150536928718508,-56.63080305503827,-0.5663080305503827,-7.760313734483589,3.0,0,4.322314,6.946312,4.84,3.01167,409839872.0,"(0,15]",>0,>0,OK,1,1,0,0,1,ledger
AIRT,NASDAQ:AIRT,"Air T, Inc. - Common Stock",Daily,2024-08-15,2024-08-16,22.68000030517578,21.739999771118164,5.540798350871435,-65.76203735798308,-0.6576203735798308,-4.144623110269979,1.0,0,1.0743562,,27.57,,79727088.0,"(0,15]",>0,missing,OK,1,1,0,0,1,ledger
AIRT,NASDAQ:AIRT,"Air T, Inc. - Common Stock",Daily,2025-08-06,2025-08-07,22.850000381469727,21.649999618530273,2.6865608072524303,-85.97000049029732,-0.8597000049029733,-5.251644389085426,1.0,0,1.0743562,,27.57,,79727088.0,"(0,15]",>0,missing,OK,1,1,0,0,1,ledger
AIRT,NASDAQ:AIRT,"Air T, Inc. - Common Stock",Daily,2025-09-22,2025-09-30,23.010000228881836,23.719999313354492,3.9657397745639127,76.30545262011096,0.7630545262011096,3.085610940505229,6.0,1,1.0743562,,27.57,,79727088.0,"(0,15]",>0,missing,OK,1,1,0,0,1,ledger
AIRT,NASDAQ:AIRT,"Air T, Inc. - Common Stock",Weekly,2018-03-09,2018-04-06,18.0,16.5,3.270758326001722,-93.98732058165322,-0.9398732058165321,-8.333333333333332,4.0,0,1.0743562,,27.57,,79727088.0,"(0,15]",>0,missing,OK,1,1,0,0,1,ledger
AIRT,NASDAQ:AIRT,"Air T, Inc. - Common Stock",Weekly,2020-07-31,2020-08-21,12.319999694824219,11.600000381469727,1.956726390526987,-38.81106372414069,-0.3881106372414069,-5.844150415498571,3.0,0,1.0743562,,27.57,,79727088.0,"(0,15]",>0,missing,OK,1,1,0,0,1,ledger
AIRT,NASDAQ:AIRT,"Air T, Inc. - Common Stock",Weekly,2021-12-31,2022-01-28,25.149999618530273,21.889999389648438,4.689658088769671,-85.409423288144,-0.8540942328814399,-12.962227746834238,4.0,0,1.0743562,,27.57,,79727088.0,"(0,15]",>0,missing,OK,1,1,0,0,1,ledger
AIRT,NASDAQ:AIRT,"Air T, Inc. - Common Stock",Monthly,2022-08-31,2023-02-28,17.690000534057617,22.25,4.1017162220978,73.75325212456899,0.7375325212456899,25.777271499586778,6.0,1,1.0743562,,27.57,,79727088.0,"(0,15]",>0,missing,OK,1,1,0,0,1,ledger
AIRT,NASDAQ:AIRT,"Air T, Inc. - Common Stock",Monthly,2024-11-30,2025-02-28,19.739999771118164,17.309999465942383,1.9599398021453773,-43.85500966546677,-0.43855009665466765,-12.310032083846043,3.0,0,1.0743562,,27.57,,79727088.0,"(0,15]",>0,missing,OK,1,1,0,0,1,ledger
AISP,NASDAQ:AISP,"Airship AI Holdings, Inc.",Daily,2024-11-25,2024-12-03,2.7300000190734863,3.0,3.479166687362723,56.24999379118308,0.5624999379118308,9.890109122348903,5.0,1,14.035714,49.125004,0.14,0.04,67673736.0,"(0,15]",>0,>0,OK,1,1,1,0,1,ledger
AISP,NASDAQ:AISP,"Airship AI Holdings, Inc.",Daily,2025-01-14,2025-01-17,4.690000057220459,5.070000171661377,3.577378396287241,45.77118841816143,0.45771188418161424,8.102347757030222,3.0,1,14.035714,49.125004,0.14,0.04,67673736.0,"(0,15]",>0,>0,OK,1,1,1,0,1,ledger
AISP,NASDAQ:AISP,"Airship AI Holdings, Inc.",Daily,2025-10-14,2025-10-16,5.900000095367432,5.260000228881836,1.5662648595111213,-77.10842473670543,-0.7710842473670544,-10.847455188824682,2.0,0,14.035714,49.125004,0.14,0.04,67673736.0,"(0,15]",>0,>0,OK,1,1,1,0,1,ledger
AISP,NASDAQ:AISP,"Airship AI Holdings, Inc.",Weekly,2023-07-28,2023-08-25,10.760000228881836,10.699999809265137,5.268203183710988,-12.180905020744785,-0.12180905020744785,-0.5576247057657765,4.0,0,14.035714,49.125004,0.14,0.04,67673736.0,"(0,15]",>0,>0,OK,1,1,1,0,1,ledger
AIV,NASDAQ:AIV,Apartment Investment and Management Company,Daily,2026-01-30,2026-02-02,5.880000114440918,5.809999942779541,1.885807298605012,-88.00450046333106,-0.8800450046333105,-1.190479086717377,1.0,0,22.250002,-5.933334,0.12,-0.45,397194112.0,"(15,25]",>0,<=0,OK,1,1,1,0,1,ledger
AIV,NASDAQ:AIV,Apartment Investment and Management Company,Weekly,2022-10-21,2022-11-04,7.619999885559082,7.510000228881836,1.8869564315997884,-9.565186743928102,-0.09565186743928102,-1.443565069937995,2.0,0,22.250002,-5.933334,0.12,-0.45,397194112.0,"(15,25]",>0,<=0,OK,1,1,1,0,1,ledger
AKAM,NASDAQ:AKAM,"Akamai Technologies, Inc.",Daily,2025-05-16,2025-05-21,78.02999877929688,76.41999816894531,2.553459738153447,-50.62894515233596,-0.5062894515233596,-2.0633097982038313,3.0,0,39.790325,17.123001,3.1,7.20376,17933295616.0,"(25,40]",>0,>0,OK,1,1,0,1,1,ledger
AKAM,NASDAQ:AKAM,"Akamai Technologies, Inc.",Daily,2026-02-06,2026-02-20,95.08000183105469,94.16999816894531,2.357140651367931,-21.66673024488513,-0.21666730244885132,-0.9570926005305912,9.0,0,39.790325,17.123001,3.1,7.20376,17933295616.0,"(25,40]",>0,>0,OK,1,1,0,1,1,ledger
AKAM,NASDAQ:AKAM,"Akamai Technologies, Inc.",Daily,2026-02-24,2026-03-02,100.12999725341797,97.63999938964844,1.7946319762904948,-33.42280380875916,-0.3342280380875916,-2.486765137391966,4.0,0,39.790325,17.123001,3.1,7.20376,17933295616.0,"(25,40]",>0,>0,OK,1,1,0,1,1,ledger
AKAM,NASDAQ:AKAM,"Akamai Technologies, Inc.",Daily,2026-05-21,2026-05-28,146.24000549316406,143.1300048828125,2.359949987159372,-38.206398569347826,-0.38206398569347827,-2.1266414753361986,4.0,0,39.790325,17.123001,3.1,7.20376,17933295616.0,"(25,40]",>0,>0,OK,1,1,0,1,1,ledger
AKAM,NASDAQ:AKAM,"Akamai Technologies, Inc.",Weekly,2019-12-20,2020-01-31,86.86000061035156,93.3499984741211,1.572863531716593,163.06513542163873,1.6306513542163872,7.471791179098937,6.0,1,39.790325,17.123001,3.1,7.20376,17933295616.0,"(25,40]",>0,>0,OK,1,1,0,1,1,ledger
AKAM,NASDAQ:AKAM,"Akamai Technologies, Inc.",Monthly,2017-09-30,2018-11-30,48.720001220703125,68.75,3.324173757101427,290.5026248524181,2.9050262485241807,41.11247593890722,14.0,1,39.790325,17.123001,3.1,7.20376,17933295616.0,"(25,40]",>0,>0,OK,1,1,0,1,1,ledger
AKO-A,NASDAQ:AKO.A,Embotelladora Andina S.A. Common Stock,Daily,2024-09-27,2024-10-01,14.5600004196167,14.479999542236328,1.737589785940138,-15.796459087675304,-0.15796459087675302,-0.549456559579393,2.0,0,12.37234,,1.88,,3669538560.0,"(0,15]",>0,missing,OK,1,1,1,0,1,ledger
AKO-A,NASDAQ:AKO.A,Embotelladora Andina S.A. Common Stock,Daily,2025-01-29,2025-02-03,14.680000305175781,14.199999809265137,1.930884643345596,-94.57408359978895,-0.9457408359978896,-3.269758078556776,3.0,0,12.37234,,1.88,,3669538560.0,"(0,15]",>0,missing,OK,1,1,1,0,1,ledger
AKO-A,NASDAQ:AKO.A,Embotelladora Andina S.A. Common Stock,Daily,2025-03-24,2025-03-28,16.049999237060547,16.200000762939453,1.880718997637295,43.40154725230566,0.43401547252305667,0.9345889907118654,4.0,1,12.37234,,1.88,,3669538560.0,"(0,15]",>0,missing,OK,1,1,1,0,1,ledger
AKO-A,NASDAQ:AKO.A,Embotelladora Andina S.A. Common Stock,Daily,2025-11-14,2025-11-21,22.399999618530273,21.0,1.59406693334745,-204.7424574482528,-2.047424574482528,-6.2499984034469875,5.0,0,12.37234,,1.88,,3669538560.0,"(0,15]",>0,missing,OK,1,1,1,0,1,ledger
AKO-A,NASDAQ:AKO.A,Embotelladora Andina S.A. Common Stock,Daily,2026-02-12,2026-02-17,24.75,23.5,1.7822576551605327,-100.8064702199758,-1.008064702199758,-5.05050505050505,2.0,0,12.37234,,1.88,,3669538560.0,"(0,15]",>0,missing,OK,1,1,1,0,1,ledger
AKO-A,NASDAQ:AKO.A,Embotelladora Andina S.A. Common Stock,Weekly,2016-12-09,2016-12-23,21.25,20.799999237060547,1.5090902470362413,-40.90914608031322,-0.4090914608031322,-2.1176506491268383,2.0,0,12.37234,,1.88,,3669538560.0,"(0,15]",>0,missing,OK,1,1,1,0,1,ledger
AKO-A,NASDAQ:AKO.A,Embotelladora Andina S.A. Common Stock,Weekly,2024-09-20,2024-10-11,14.5,14.199999809265137,2.50249518167727,-30.029961272650294,-0.3002996127265029,-2.0689668326542296,3.0,0,12.37234,,1.88,,3669538560.0,"(0,15]",>0,missing,OK,1,1,1,0,1,ledger
AKO-A,NASDAQ:AKO.A,Embotelladora Andina S.A. Common Stock,Weekly,2025-08-08,2025-11-21,18.8700008392334,21.0,2.242035005278612,135.66859790580622,1.3566859790580623,11.287753397117143,15.0,1,12.37234,,1.88,,3669538560.0,"(0,15]",>0,missing,OK,1,1,1,0,1,ledger
AKO-B,NASDAQ:AKO.B,Embotelladora Andina S.A. Common Stock,Daily,2025-11-17,2025-11-18,27.639999389648438,27.190000534057617,1.5447497893299817,-39.9503292420517,-0.399503292420517,-1.6280711487980393,1.0,0,16.537233,18.616768,1.88,1.67,4904813056.0,"(15,25]",>0,>0,OK,1,1,1,0,1,ledger
AKO-B,NASDAQ:AKO.B,Embotelladora Andina S.A. Common Stock,Daily,2026-02-11,2026-02-18,32.0,30.719999313354492,1.645540329898877,-113.24150865602799,-1.1324150865602798,-4.000002145767212,4.0,0,16.537233,18.616768,1.88,1.67,4904813056.0,"(15,25]",>0,>0,OK,1,1,1,0,1,ledger
AKO-B,NASDAQ:AKO.B,Embotelladora Andina S.A. Common Stock,Monthly,2019-06-30,2019-08-31,21.5,18.200000762939453,3.142195972511249,-108.35156366399765,-1.0835156366399765,-15.348833660746731,2.0,0,16.537233,18.616768,1.88,1.67,4904813056.0,"(15,25]",>0,>0,OK,1,1,1,0,1,ledger
ALAB,NASDAQ:ALAB,"Astera Labs, Inc.",Daily,2024-11-18,2024-11-27,90.37999725341797,99.5999984741211,1.6971595374710358,161.1515394706211,1.611515394706211,10.201373645598828,7.0,1,244.37163,77.085556,1.48,4.6918,61993111552.0,>40,>0,>0,OK,1,1,0,1,1,ledger
ALAB,NASDAQ:ALAB,"Astera Labs, Inc.",Daily,2025-10-02,2025-10-07,209.60000610351562,212.10000610351562,2.270015453740806,10.647354472941657,0.10647354472941657,1.1927480568704372,3.0,1,244.37163,77.085556,1.48,4.6918,61993111552.0,>40,>0,>0,OK,1,1,0,1,1,ledger
ALAB,NASDAQ:ALAB,"Astera Labs, Inc.",Weekly,2025-04-25,2025-06-27,66.11000061035156,91.0199966430664,4.281274488607548,131.20882397619036,1.3120882397619034,37.679618518736504,9.0,1,244.37163,77.085556,1.48,4.6918,61993111552.0,>40,>0,>0,OK,1,1,0,1,1,ledger
ALAB,NASDAQ:ALAB,"Astera Labs, Inc.",Weekly,2025-10-31,2025-11-07,186.67999267578125,165.49000549316406,1.9968562975388056,-55.51477128405294,-0.5551477128405294,-11.350968509742314,1.0,0,244.37163,77.085556,1.48,4.6918,61993111552.0,>40,>0,>0,OK,1,1,0,1,1,ledger
ALF,NASDAQ:ALF,Centurion Acquisition Corp.,Daily,2025-11-19,2025-11-26,10.645000457763672,10.609999656677246,2.1199313370207897,-140.0,-1.4,-0.3288003718299401,5.0,0,33.781254,,0.32,,388484384.0,"(25,40]",>0,missing,OK,1,1,0,0,1,ledger
ALF,NASDAQ:ALF,Centurion Acquisition Corp.,Daily,2025-12-23,2026-01-12,10.625,10.670000076293945,2.2534742111134296,225.34742111134295,2.2534742111134296,0.42353012982536764,12.0,1,33.781254,,0.32,,388484384.0,"(25,40]",>0,missing,OK,1,1,0,0,1,ledger
ALF,NASDAQ:ALF,Centurion Acquisition Corp.,Daily,2026-07-28,2026-07-30,10.84000015258789,10.75,5.000031789426837,-300.00317894268363,-3.0000317894268367,-0.8302596985333475,2.0,0,33.781254,,0.32,,388484384.0,"(25,40]",>0,missing,OK,1,1,0,0,1,ledger
ALG,NASDAQ:ALG,Alamo Group Inc.,Daily,2024-10-04,2024-10-08,175.75999450683594,172.22999572753906,3.219626801286302,-82.47663051616077,-0.8247663051616078,-2.008419941751637,2.0,0,19.60069,14.149361,8.69,12.038,2073080448.0,"(15,25]",>0,>0,OK,1,1,1,1,1,ledger
ALG,NASDAQ:ALG,Alamo Group Inc.,Weekly,2019-06-07,2019-07-05,97.91000366210938,96.70999908447266,1.513710590768853,-21.937921569283812,-0.21937921569283814,-1.2256199905557903,4.0,0,19.60069,14.149361,8.69,12.038,2073080448.0,"(15,25]",>0,>0,OK,1,1,1,1,1,ledger
ALG,NASDAQ:ALG,Alamo Group Inc.,Monthly,2018-08-31,2018-10-31,95.30000305175781,85.72000122070312,2.591124287649205,-98.15334918962104,-0.9815334918962104,-10.05246749661881,2.0,0,19.60069,14.149361,8.69,12.038,2073080448.0,"(15,25]",>0,>0,OK,1,1,1,1,1,ledger
ALGM,NASDAQ:ALGM,"Allegro MicroSystems, Inc.",Daily,2024-07-31,2024-08-02,24.040000915527344,22.790000915527344,5.332560392015832,-72.29612109953293,-0.7229612109953293,-5.199667023276318,2.0,0,612.1428,28.580767,0.07,1.49926,7987327488.0,>40,>0,>0,OK,1,1,0,1,1,ledger
ALGM,NASDAQ:ALGM,"Allegro MicroSystems, Inc.",Daily,2025-01-15,2025-01-23,23.399999618530273,24.940000534057617,2.009091114012592,140.00003467905404,1.4000003467905402,6.581200600994153,5.0,1,612.1428,28.580767,0.07,1.49926,7987327488.0,>40,>0,>0,OK,1,1,0,1,1,ledger
ALGM,NASDAQ:ALGM,"Allegro MicroSystems, Inc.",Daily,2025-11-10,2025-11-11,27.600000381469727,26.610000610351562,3.0780585629918096,-66.38950844939494,-0.6638950844939494,-3.5869556428804863,1.0,0,612.1428,28.580767,0.07,1.49926,7987327488.0,>40,>0,>0,OK,1,1,0,1,1,ledger
ALGM,NASDAQ:ALGM,"Allegro MicroSystems, Inc.",Daily,2025-12-19,2025-12-31,26.700000762939453,26.3799991607666,2.0579695322023777,-23.18850394876147,-0.23188503948761469,-1.1985078390597843,7.0,0,612.1428,28.580767,0.07,1.49926,7987327488.0,>40,>0,>0,OK,1,1,0,1,1,ledger
ALGM,NASDAQ:ALGM,"Allegro MicroSystems, Inc.",Daily,2026-02-20,2026-02-25,38.93000030517578,38.119998931884766,1.717770780471401,-28.223054869190396,-0.28223054869190395,-2.080661101827233,3.0,0,612.1428,28.580767,0.07,1.49926,7987327488.0,>40,>0,>0,OK,1,1,0,1,1,ledger
ALGM,NASDAQ:ALGM,"Allegro MicroSystems, Inc.",Weekly,2021-05-28,2021-07-16,26.209999084472656,25.229999542236328,2.0312502579047225,-23.55768216784852,-0.2355768216784852,-3.7390292883180605,7.0,0,612.1428,28.580767,0.07,1.49926,7987327488.0,>40,>0,>0,OK,1,1,0,1,1,ledger
ALGM,NASDAQ:ALGM,"Allegro MicroSystems, Inc.",Weekly,2025-09-19,2025-09-26,31.450000762939453,29.709999084472656,2.3074912769194085,-57.357695641246615,-0.5735769564124661,-5.532596617667519,1.0,0,612.1428,28.580767,0.07,1.49926,7987327488.0,>40,>0,>0,OK,1,1,0,1,1,ledger
ALGN,NASDAQ:ALGN,"Align Technology, Inc.",Weekly,2023-11-17,2024-01-05,206.63999938964844,264.67999267578125,6.746592773193531,189.56824891689413,1.8956824891689412,28.087491994563134,7.0,1,30.029463,13.826106,5.77,12.53209,12409273344.0,"(25,40]",>0,>0,OK,1,1,0,1,1,ledger
ALGN,NASDAQ:ALGN,"Align Technology, Inc.",Monthly,2023-01-31,2023-09-30,269.7300109863281,305.32000732421875,4.78828791183145,36.43529222656301,0.36435292226563004,13.19467426251452,8.0,1,30.029463,13.826106,5.77,12.53209,12409273344.0,"(25,40]",>0,>0,OK,1,1,0,1,1,ledger
ALHC,NASDAQ:ALHC,"Alignment Healthcare, Inc.",Daily,2024-09-25,2024-10-01,11.260000228881836,10.0,1.8114957719345024,-207.49875223393954,-2.0749875223393954,-11.190055091206327,4.0,0,75.11111,17.966778,0.18,0.7525,2804523264.0,>40,>0,>0,OK,1,1,0,1,1,ledger
ALHC,NASDAQ:ALHC,"Alignment Healthcare, Inc.",Daily,2024-11-20,2024-12-05,11.949999809265137,12.199999809265137,2.0000008292822895,21.73913764593295,0.21739137645932952,2.092050242596395,10.0,1,75.11111,17.966778,0.18,0.7525,2804523264.0,>40,>0,>0,OK,1,1,0,1,1,ledger
ALHC,NASDAQ:ALHC,"Alignment Healthcare, Inc.",Daily,2025-02-12,2025-02-13,14.520000457763672,13.869999885559082,2.204309284654801,-110.21562594000035,-1.1021562594000036,-4.476587821710724,1.0,0,75.11111,17.966778,0.18,0.7525,2804523264.0,>40,>0,>0,OK,1,1,0,1,1,ledger
ALHC,NASDAQ:ALHC,"Alignment Healthcare, Inc.",Weekly,2022-10-28,2022-11-18,13.0,11.899999618530273,2.9806768047943564,-53.14012288118414,-0.5314012288118414,-8.461541395920975,3.0,0,75.11111,17.966778,0.18,0.7525,2804523264.0,>40,>0,>0,OK,1,1,0,1,1,ledger
ALHC,NASDAQ:ALHC,"Alignment Healthcare, Inc.",Monthly,2022-07-31,2022-09-30,14.680000305175781,11.84000015258789,1.6290395824514778,-33.25526939930079,-0.3325526939930079,-19.346049683572428,2.0,0,75.11111,17.966778,0.18,0.7525,2804523264.0,>40,>0,>0,OK,1,1,0,1,1,ledger
ALIS,NASDAQ:ALIS,Calisa Acquisition Corp,Daily,2026-07-09,2026-07-14,10.180000305175781,10.154999732971191,1.7499940395298381,-62.50149011754047,-0.6250149011754047,-0.24558518128804863,3.0,0,509.25003,,0.02,,85834088.0,>40,>0,missing,OK,1,1,0,0,1,ledger
ALKS,NASDAQ:ALKS,Alkermes plc,Daily,2024-11-20,2024-12-10,27.90999984741211,30.600000381469727,2.552906647237556,287.3356484613342,2.8733564846133417,9.638124502917336,13.0,1,130.71053,27.168203,0.38,1.82824,8332801024.0,>40,>0,>0,OK,1,1,0,1,1,ledger
ALKS,NASDAQ:ALKS,Alkermes plc,Daily,2024-12-16,2024-12-18,30.670000076293945,30.06999969482422,1.840512893119084,-69.89294248705593,-0.6989294248705593,-1.9563103357586573,2.0,0,130.71053,27.168203,0.38,1.82824,8332801024.0,>40,>0,>0,OK,1,1,0,1,1,ledger
ALKS,NASDAQ:ALKS,Alkermes plc,Weekly,2017-09-15,2017-09-22,52.02000045776367,50.369998931884766,3.5365716485765812,-51.27722380344112,-0.5127722380344112,-3.1718598834280733,1.0,0,130.71053,27.168203,0.38,1.82824,8332801024.0,>40,>0,>0,OK,1,1,0,1,1,ledger
ALKS,NASDAQ:ALKS,Alkermes plc,Weekly,2020-09-11,2020-09-25,17.399999618530273,16.739999771118164,1.7685394045055012,-36.02579690038392,-0.36025796900383916,-3.793102654492228,2.0,0,130.71053,27.168203,0.38,1.82824,8332801024.0,>40,>0,>0,OK,1,1,0,1,1,ledger
ALKS,NASDAQ:ALKS,Alkermes plc,Monthly,2022-01-31,2022-07-31,25.5,25.600000381469727,1.6783230754730836,2.237772637023374,0.02237772637023374,0.39215835870481003,6.0,1,130.71053,27.168203,0.38,1.82824,8332801024.0,>40,>0,>0,OK,1,1,0,1,1,ledger
ALLT,NASDAQ:ALLT,Allot Ltd. - Ordinary Shares,Daily,2024-08-06,2024-08-27,2.819999933242798,3.2899999618530273,1.7352950044983988,138.23533742899156,1.3823533742899157,16.666668075759958,15.0,1,58.499996,22.135134,0.14,0.37,400680160.0,>40,>0,>0,OK,1,1,0,1,1,ledger
ALLT,NASDAQ:ALLT,Allot Ltd. - Ordinary Shares,Daily,2024-09-11,2024-09-20,3.0,3.0,2.479999542236328,0.0,0.0,0.0,7.0,0,58.499996,22.135134,0.14,0.37,400680160.0,>40,>0,>0,OK,1,1,0,1,1,ledger
ALLT,NASDAQ:ALLT,Allot Ltd. - Ordinary Shares,Daily,2024-10-31,2024-11-12,3.440000057220459,3.9100000858306885,1.750344905645421,316.40853304084095,3.1640853304084096,13.662791302102256,8.0,1,58.499996,22.135134,0.14,0.37,400680160.0,>40,>0,>0,OK,1,1,0,1,1,ledger
ALLT,NASDAQ:ALLT,Allot Ltd. - Ordinary Shares,Daily,2025-09-26,2025-10-09,9.9399995803833,10.350000381469727,1.654838905513177,95.56130147544269,0.9556130147544268,4.124756724291688,9.0,1,58.499996,22.135134,0.14,0.37,400680160.0,>40,>0,>0,OK,1,1,0,1,1,ledger
ALLT,NASDAQ:ALLT,Allot Ltd. - Ordinary Shares,Daily,2025-10-14,2025-10-16,10.260000228881836,9.600000381469727,1.7846135788431208,-101.53834867769504,-1.0153834867769505,-6.432746907297468,2.0,0,58.499996,22.135134,0.14,0.37,400680160.0,>40,>0,>0,OK,1,1,0,1,1,ledger
ALLT,NASDAQ:ALLT,Allot Ltd. - Ordinary Shares,Daily,2026-01-22,2026-01-29,10.609999656677246,10.180000305175781,2.3392886945207954,-76.78567171092742,-0.7678567171092742,-4.05277441484978,5.0,0,58.499996,22.135134,0.14,0.37,400680160.0,>40,>0,>0,OK,1,1,0,1,1,ledger
ALLT,NASDAQ:ALLT,Allot Ltd. - Ordinary Shares,Daily,2026-06-12,2026-06-16,7.369999885559082,7.150000095367432,3.209303872917302,-51.162762329849464,-0.5116276232984946,-2.9850718264286837,2.0,0,58.499996,22.135134,0.14,0.37,400680160.0,>40,>0,>0,OK,1,1,0,1,1,ledger
ALLT,NASDAQ:ALLT,Allot Ltd. - Ordinary Shares,Weekly,2016-11-25,2016-12-02,4.980000019073486,4.650000095367432,1.699999165535172,-82.49996125699013,-0.8249996125699013,-6.626504466709824,1.0,0,58.499996,22.135134,0.14,0.37,400680160.0,>40,>0,>0,OK,1,1,0,1,1,ledger
ALLT,NASDAQ:ALLT,Allot Ltd. - Ordinary Shares,Weekly,2019-01-04,2019-05-03,6.139999866485596,7.150000095367432,2.510640067934107,214.8937616482746,2.1489376164827463,16.449515486063657,17.0,1,58.499996,22.135134,0.14,0.37,400680160.0,>40,>0,>0,OK,1,1,0,1,1,ledger
ALLT,NASDAQ:ALLT,Allot Ltd. - Ordinary Shares,Weekly,2019-06-07,2019-08-02,7.230000019073486,7.130000114440918,2.265305248612064,-20.408133475411272,-0.20408133475411272,-1.3831245417532267,8.0,0,58.499996,22.135134,0.14,0.37,400680160.0,>40,>0,>0,OK,1,1,0,1,1,ledger
ALLT,NASDAQ:ALLT,Allot Ltd. - Ordinary Shares,Weekly,2025-03-21,2025-04-04,6.309999942779541,4.849999904632568,2.1006712204088895,-97.98659479332147,-0.9798659479332146,-23.137877201055026,2.0,0,58.499996,22.135134,0.14,0.37,400680160.0,>40,>0,>0,OK,1,1,0,1,1,ledger
ALLT,NASDAQ:ALLT,Allot Ltd. - Ordinary Shares,Weekly,2025-11-21,2025-12-19,9.3100004196167,8.920000076293945,1.7248215324899794,-31.880620819668053,-0.31880620819668054,-4.189047537538248,4.0,0,58.499996,22.135134,0.14,0.37,400680160.0,>40,>0,>0,OK,1,1,0,1,1,ledger
ALM,NASDAQ:ALM,Almonty Industries Inc.,Daily,2024-10-22,2024-10-24,1.4602500200271606,1.3949999809265137,1.6666666666666667,-87.87886085663736,-0.8787886085663735,-4.468415559373409,2.0,0,,9.088207,-0.51,1.4612342,3768091648.0,missing,<=0,>0,OK,0,0,0,0,0,ledger
ALM,NASDAQ:ALM,Almonty Industries Inc.,Daily,2025-02-18,2025-02-21,3.0374999046325684,2.891249895095825,2.0000010596385787,-65.00003178915736,-0.6500003178915735,-4.814815279950908,3.0,0,,9.088207,-0.51,1.4612342,3768091648.0,missing,<=0,>0,OK,0,0,0,0,0,ledger
ALM,NASDAQ:ALM,Almonty Industries Inc.,Daily,2025-03-31,2025-04-04,3.5325000286102295,3.1500000953674316,1.7135080347613347,-138.71250578821366,-1.3871250578821366,-10.828023500208788,4.0,0,,9.088207,-0.51,1.4612342,3768091648.0,missing,<=0,>0,OK,0,0,0,0,0,ledger
ALM,NASDAQ:ALM,Almonty Industries Inc.,Daily,2025-04-28,2025-05-01,3.9375,3.7125000953674316,1.856305865910431,-80.70892838159419,-0.8070892838159418,-5.714283292255704,3.0,0,,9.088207,-0.51,1.4612342,3768091648.0,missing,<=0,>0,OK,0,0,0,0,0,ledger
ALM,NASDAQ:ALM,Almonty Industries Inc.,Daily,2025-06-23,2025-07-02,5.242499828338623,7.132500171661377,1.9086229252812468,890.6903988425703,8.906903988425702,36.051509875236476,7.0,1,,9.088207,-0.51,1.4612342,3768091648.0,missing,<=0,>0,OK,0,0,0,0,0,ledger
ALM,NASDAQ:ALM,Almonty Industries Inc.,Weekly,2017-11-24,2017-12-08,1.028249979019165,0.9359999895095825,1.5454552752330402,-62.12121941899707,-0.6212121941899706,-8.971552773342008,2.0,0,,9.088207,-0.51,1.4612342,3768091648.0,missing,<=0,>0,OK,0,0,0,0,0,ledger
ALM,NASDAQ:ALM,Almonty Industries Inc.,Weekly,2019-07-12,2019-07-19,1.430999994277954,1.3342499732971191,3.080875407703897,-78.38915931007107,-0.7838915931007107,-6.7610077825089405,1.0,0,,9.088207,-0.51,1.4612342,3768091648.0,missing,<=0,>0,OK,0,0,0,0,0,ledger
ALM,NASDAQ:ALM,Almonty Industries Inc.,Weekly,2021-10-15,2021-12-03,1.6425000429153442,1.597499966621399,3.177569052238163,-18.691614699850163,-0.18691614699850165,-2.7397306008024653,7.0,0,,9.088207,-0.51,1.4612342,3768091648.0,missing,<=0,>0,OK,0,0,0,0,0,ledger
ALM,NASDAQ:ALM,Almonty Industries Inc.,Weekly,2022-07-22,2022-08-26,1.5142500400543213,1.496250033378601,2.2262408385315156,-11.56489443573108,-0.11564894435731081,-1.1887076902487315,5.0,0,,9.088207,-0.51,1.4612342,3768091648.0,missing,<=0,>0,OK,0,0,0,0,0,ledger
ALM,NASDAQ:ALM,Almonty Industries Inc.,Weekly,2025-08-08,2025-09-05,4.119999885559082,4.139999866485596,4.442709617782652,2.0833317811287184,0.020833317811287184,0.4854364437391164,4.0,1,,9.088207,-0.51,1.4612342,3768091648.0,missing,<=0,>0,OK,0,0,0,0,0,ledger
ALM,NASDAQ:ALM,Almonty Industries Inc.,Weekly,2025-12-05,2026-03-20,7.239999771118164,16.200000762939453,1.9058176516414955,496.3989941244675,4.963989941244675,123.7569236889283,15.0,1,,9.088207,-0.51,1.4612342,3768091648.0,missing,<=0,>0,OK,0,0,0,0,0,ledger
ALM,NASDAQ:ALM,Almonty Industries Inc.,Monthly,2022-03-31,2022-04-30,1.7572499513626099,1.4984999895095825,1.7950314156404574,-71.42856672742585,-0.7142856672742584,-14.724710144529354,1.0,0,,9.088207,-0.51,1.4612342,3768091648.0,missing,<=0,>0,OK,0,0,0,0,0,ledger
ALMS,NASDAQ:ALMS,Alumis Inc.,Daily,2025-05-02,2025-05-13,4.590000152587891,4.460000038146973,6.684048927242379,-14.72757935002476,-0.1472757935002476,-2.8322464078268608,7.0,0,,-9.180772,-1.78,-2.954,3457582592.0,missing,<=0,<=0,OK,0,0,0,0,0,ledger
ALNT,NASDAQ:ALNT,Allient Inc.,Daily,2024-09-12,2024-09-18,19.209999084472656,20.510000228881836,9.807702394641812,125.00022924885238,1.250002292488524,6.767314973273289,4.0,1,63.039997,30.537802,1.5,3.09649,1607190144.0,>40,>0,>0,OK,1,1,0,1,1,ledger
ALNT,NASDAQ:ALNT,Allient Inc.,Daily,2024-12-24,2025-01-10,24.020000457763672,23.329999923706055,3.826532399640328,-70.40825064908272,-0.7040825064908272,-2.8726083301742706,10.0,0,63.039997,30.537802,1.5,3.09649,1607190144.0,>40,>0,>0,OK,1,1,0,1,1,ledger
ALNT,NASDAQ:ALNT,Allient Inc.,Weekly,2021-12-31,2022-01-21,36.4900016784668,35.790000915527344,2.2554922684328838,-19.23077326151089,-0.19230773261510892,-1.9183357926577795,3.0,0,63.039997,30.537802,1.5,3.09649,1607190144.0,>40,>0,>0,OK,1,1,0,1,1,ledger
ALNT,NASDAQ:ALNT,Allient Inc.,Weekly,2023-05-19,2023-06-02,35.79999923706055,35.29999923706055,2.877057985960617,-15.842827124333478,-0.15842827124333478,-1.3966480744569252,2.0,0,63.039997,30.537802,1.5,3.09649,1607190144.0,>40,>0,>0,OK,1,1,0,1,1,ledger
ALNY,NASDAQ:ALNY,"Alnylam Pharmaceuticals, Inc.",Daily,2025-02-28,2025-03-07,246.75,244.52000427246094,3.948292802019817,-21.756055878429876,-0.21756055878429878,-0.9037470020421733,5.0,0,38.286716,17.386402,5.72,12.59605,29304197120.0,"(25,40]",>0,>0,OK,1,1,0,1,1,ledger
ALNY,NASDAQ:ALNY,"Alnylam Pharmaceuticals, Inc.",Daily,2025-09-22,2025-09-25,458.9200134277344,449.5799865722656,1.667103206455156,-61.56900849140298,-0.6156900849140299,-2.0352189013738693,3.0,0,38.286716,17.386402,5.72,12.59605,29304197120.0,"(25,40]",>0,>0,OK,1,1,0,1,1,ledger
ALNY,NASDAQ:ALNY,"Alnylam Pharmaceuticals, Inc.",Weekly,2019-06-07,2019-09-27,70.4000015258789,81.0999984741211,2.968279101422217,123.6782591484139,1.236782591484139,15.198858972053984,16.0,1,38.286716,17.386402,5.72,12.59605,29304197120.0,"(25,40]",>0,>0,OK,1,1,0,1,1,ledger
ALNY,NASDAQ:ALNY,"Alnylam Pharmaceuticals, Inc.",Weekly,2021-05-21,2021-09-10,140.05999755859375,189.5500030517578,2.5600812444167382,330.37396267197977,3.3037396267197976,35.33486102801054,16.0,1,38.286716,17.386402,5.72,12.59605,29304197120.0,"(25,40]",>0,>0,OK,1,1,0,1,1,ledger
ALRM,NASDAQ:ALRM,"Alarm.com Holdings, Inc.",Daily,2024-11-20,2024-12-18,60.20000076293945,64.54000091552734,3.935891604022073,240.58823458306355,2.4058823458306353,7.209302487683185,19.0,1,23.182571,18.801952,2.41,2.9715,2763362816.0,"(15,25]",>0,>0,OK,1,1,1,1,1,ledger
ALRM,NASDAQ:ALRM,"Alarm.com Holdings, Inc.",Daily,2025-01-06,2025-01-07,60.70000076293945,59.86000061035156,5.685572605456469,-51.02439627276724,-0.5102439627276724,-1.383855258698374,1.0,0,23.182571,18.801952,2.41,2.9715,2763362816.0,"(15,25]",>0,>0,OK,1,1,1,1,1,ledger
ALRM,NASDAQ:ALRM,"Alarm.com Holdings, Inc.",Daily,2025-05-27,2025-06-11,57.72999954223633,58.650001525878906,1.7823514232180322,54.11773945629369,0.5411773945629369,1.5936289467133768,11.0,1,23.182571,18.801952,2.41,2.9715,2763362816.0,"(15,25]",>0,>0,OK,1,1,1,1,1,ledger
ALRM,NASDAQ:ALRM,"Alarm.com Holdings, Inc.",Daily,2025-09-11,2025-09-17,56.560001373291016,55.220001220703125,1.9038428150484783,-85.89737006198877,-0.8589737006198878,-2.3691657002340007,4.0,0,23.182571,18.801952,2.41,2.9715,2763362816.0,"(15,25]",>0,>0,OK,1,1,1,1,1,ledger
ALRM,NASDAQ:ALRM,"Alarm.com Holdings, Inc.",Daily,2026-07-24,2026-07-30,51.779998779296875,54.220001220703125,1.677597280097056,133.3336112715046,1.333336112715046,4.712248935745114,4.0,1,23.182571,18.801952,2.41,2.9715,2763362816.0,"(15,25]",>0,>0,OK,1,1,1,1,1,ledger
ALRM,NASDAQ:ALRM,"Alarm.com Holdings, Inc.",Weekly,2016-09-23,2016-12-23,26.950000762939453,27.329999923706055,2.543209682736535,15.637823582047378,0.15637823582047378,1.4100153989203628,13.0,1,23.182571,18.801952,2.41,2.9715,2763362816.0,"(15,25]",>0,>0,OK,1,1,1,1,1,ledger
ALRM,NASDAQ:ALRM,"Alarm.com Holdings, Inc.",Weekly,2017-01-13,2017-03-31,29.020000457763672,30.739999771118164,2.3119655959975027,73.50423936734718,0.7350423936734717,5.926944473546153,11.0,1,23.182571,18.801952,2.41,2.9715,2763362816.0,"(15,25]",>0,>0,OK,1,1,1,1,1,ledger
ALRM,NASDAQ:ALRM,"Alarm.com Holdings, Inc.",Weekly,2018-02-16,2018-03-02,38.400001525878906,37.369998931884766,2.647408029344645,-24.588251578604197,-0.24588251578604198,-2.682298315274782,2.0,0,23.182571,18.801952,2.41,2.9715,2763362816.0,"(15,25]",>0,>0,OK,1,1,1,1,1,ledger
ALRM,NASDAQ:ALRM,"Alarm.com Holdings, Inc.",Weekly,2018-11-02,2019-03-01,46.869998931884766,59.310001373291016,2.240336154926697,209.07564447538942,2.0907564447538944,26.541503573501373,17.0,1,23.182571,18.801952,2.41,2.9715,2763362816.0,"(15,25]",>0,>0,OK,1,1,1,1,1,ledger
ALRM,NASDAQ:ALRM,"Alarm.com Holdings, Inc.",Weekly,2020-08-28,2020-09-11,60.400001525878906,55.935001373291016,2.605089470059198,-81.56888596647988,-0.8156888596647989,-7.392384171836191,2.0,0,23.182571,18.801952,2.41,2.9715,2763362816.0,"(15,25]",>0,>0,OK,1,1,1,1,1,ledger
ALRM,NASDAQ:ALRM,"Alarm.com Holdings, Inc.",Weekly,2024-05-03,2024-05-24,68.2699966430664,67.11000061035156,1.9870064942321572,-25.550589724005636,-0.25550589724005635,-1.6991300567650673,3.0,0,23.182571,18.801952,2.41,2.9715,2763362816.0,"(15,25]",>0,>0,OK,1,1,1,1,1,ledger
ALRM,NASDAQ:ALRM,"Alarm.com Holdings, Inc.",Weekly,2025-01-17,2025-01-31,61.36000061035156,60.66999816894531,2.24922394829381,-17.838742068819982,-0.17838742068819982,-1.1245150497763279,2.0,0,23.182571,18.801952,2.41,2.9715,2763362816.0,"(15,25]",>0,>0,OK,1,1,1,1,1,ledger
ALRM,NASDAQ:ALRM,"Alarm.com Holdings, Inc.",Monthly,2020-01-31,2020-03-31,43.93000030517578,38.90999984741211,3.5859017690914214,-65.292813643788,-0.65292813643788,-11.427271620510828,2.0,0,23.182571,18.801952,2.41,2.9715,2763362816.0,"(15,25]",>0,>0,OK,1,1,1,1,1,ledger
ALRM,NASDAQ:ALRM,"Alarm.com Holdings, Inc.",Monthly,2021-12-31,2022-02-28,84.80999755859375,65.83000183105469,1.892308939863157,-150.52814197416524,-1.5052814197416522,-22.379431993764783,2.0,0,23.182571,18.801952,2.41,2.9715,2763362816.0,"(15,25]",>0,>0,OK,1,1,1,1,1,ledger
ALRS,NASDAQ:ALRS,Alerus Financial Corporation - Common Stock,Daily,2025-05-27,2025-06-02,21.09000015258789,20.8700008392334,2.140656916829456,-32.704366470129465,-0.32704366470129465,-1.043145148235083,4.0,0,31.59259,12.099291,1.08,2.82,849698432.0,"(25,40]",>0,>0,OK,1,1,0,1,1,ledger
ALRS,NASDAQ:ALRS,Alerus Financial Corporation - Common Stock,Daily,2025-12-30,2026-01-12,22.31999969482422,23.6200008392334,1.911395094486307,164.55731348400602,1.6455731348400602,5.824377966773166,8.0,1,31.59259,12.099291,1.08,2.82,849698432.0,"(25,40]",>0,>0,OK,1,1,0,1,1,ledger
ALRS,NASDAQ:ALRS,Alerus Financial Corporation - Common Stock,Weekly,2022-01-07,2022-01-21,29.75,28.059999465942383,3.1680804172917365,-62.54739180143459,-0.6254739180143459,-5.680674064059217,2.0,0,31.59259,12.099291,1.08,2.82,849698432.0,"(25,40]",>0,>0,OK,1,1,0,1,1,ledger
ALRS,NASDAQ:ALRS,Alerus Financial Corporation - Common Stock,Monthly,2019-07-31,2020-03-31,19.639999389648438,16.520000457763672,6.931074494996256,-315.2324066643752,-3.1523240666437524,-15.885942102061412,8.0,0,31.59259,12.099291,1.08,2.82,849698432.0,"(25,40]",>0,>0,OK,1,1,0,1,1,ledger
ALTO,NASDAQ:ALTO,"Alto Ingredients, Inc. - Common Stock",Daily,2024-09-11,2024-09-19,1.399999976158142,1.7300000190734863,1.9169085013710736,486.5999314770272,4.865999314770272,23.571432038229396,6.0,1,14.2972975,8.672131,0.37,0.61,409901184.0,"(0,15]",>0,>0,OK,1,1,1,1,1,ledger
ALTO,NASDAQ:ALTO,"Alto Ingredients, Inc. - Common Stock",Daily,2024-09-26,2024-10-23,1.6799999475479126,1.7100000381469727,1.583333747254461,25.00007450580301,0.2500007450580301,1.7857197342682936,19.0,1,14.2972975,8.672131,0.37,0.61,409901184.0,"(0,15]",>0,>0,OK,1,1,1,1,1,ledger
ALTO,NASDAQ:ALTO,"Alto Ingredients, Inc. - Common Stock",Daily,2026-01-12,2026-01-23,2.5399999618530273,2.819999933242798,3.045086605287962,133.22250353188042,1.3322250353188043,11.023621086415284,8.0,1,14.2972975,8.672131,0.37,0.61,409901184.0,"(0,15]",>0,>0,OK,1,1,1,1,1,ledger
ALTO,NASDAQ:ALTO,"Alto Ingredients, Inc. - Common Stock",Weekly,2017-02-10,2017-03-10,7.650000095367432,7.25,3.664520243971547,-44.41844164080859,-0.4441844164080859,-5.228759351384289,4.0,0,14.2972975,8.672131,0.37,0.61,409901184.0,"(0,15]",>0,>0,OK,1,1,1,1,1,ledger
ALTO,NASDAQ:ALTO,"Alto Ingredients, Inc. - Common Stock",Weekly,2020-11-27,2021-01-01,6.690000057220459,5.429999828338623,3.2860363739645044,-87.16646313581893,-0.8716646313581893,-18.83408397765152,5.0,0,14.2972975,8.672131,0.37,0.61,409901184.0,"(0,15]",>0,>0,OK,1,1,1,1,1,ledger
ALTO,NASDAQ:ALTO,"Alto Ingredients, Inc. - Common Stock",Monthly,2019-12-31,2020-02-29,0.6499999761581421,0.4399999976158142,15.46945086432579,-31.539654390363964,-0.3153965439036397,-32.307690191550996,2.0,0,14.2972975,8.672131,0.37,0.61,409901184.0,"(0,15]",>0,>0,OK,1,1,1,1,1,ledger
ALTO,NASDAQ:ALTO,"Alto Ingredients, Inc. - Common Stock",Monthly,2021-05-31,2021-07-31,6.670000076293945,5.300000190734863,2.2714284384331673,-65.23809275118931,-0.6523809275118931,-20.539728184235578,2.0,0,14.2972975,8.672131,0.37,0.61,409901184.0,"(0,15]",>0,>0,OK,1,1,1,1,1,ledger
ALX,NASDAQ:ALX,"Alexander's, Inc.",Weekly,2025-08-22,2025-09-19,229.80999755859375,232.3000030517578,1.648778526123593,13.230640504561828,0.13230640504561827,1.0835061657964622,4.0,1,68.46,21.048424,4.0,13.01,1398580224.0,>40,>0,>0,OK,1,1,0,1,1,ledger
AMAL,NASDAQ:AMAL,Amalgamated Financial Corp.,Daily,2024-08-08,2024-08-12,28.739999771118164,28.020000457763672,2.3333333333333335,-41.37927632552526,-0.4137927632552526,-2.50521683746861,2.0,0,13.212202,10.700322,3.77,4.655,1489326464.0,"(0,15]",>0,>0,OK,1,1,1,1,1,ledger
AMAL,NASDAQ:AMAL,Amalgamated Financial Corp.,Daily,2024-09-13,2024-09-23,30.8700008392334,31.170000076293945,1.538960669008328,19.48045835789766,0.19480458357897656,0.9718148004689099,6.0,1,13.212202,10.700322,3.77,4.655,1489326464.0,"(0,15]",>0,>0,OK,1,1,1,1,1,ledger
AMAL,NASDAQ:AMAL,Amalgamated Financial Corp.,Daily,2024-11-05,2024-11-07,33.349998474121094,35.31999969482422,1.8396275983186503,185.8495998157425,1.858495998157425,5.907050407309029,2.0,1,13.212202,10.700322,3.77,4.655,1489326464.0,"(0,15]",>0,>0,OK,1,1,1,1,1,ledger
AMAL,NASDAQ:AMAL,Amalgamated Financial Corp.,Daily,2024-12-16,2024-12-18,35.470001220703125,33.40999984741211,2.3899993896484375,-206.00013732910156,-2.0600013732910156,-5.8077285097149485,2.0,0,13.212202,10.700322,3.77,4.655,1489326464.0,"(0,15]",>0,>0,OK,1,1,1,1,1,ledger
AMAL,NASDAQ:AMAL,Amalgamated Financial Corp.,Daily,2025-01-29,2025-02-03,34.599998474121094,33.77000045776367,2.2523369483839226,-77.56993019458527,-0.7756993019458527,-2.398838303354883,3.0,0,13.212202,10.700322,3.77,4.655,1489326464.0,"(0,15]",>0,>0,OK,1,1,1,1,1,ledger
AMAL,NASDAQ:AMAL,Amalgamated Financial Corp.,Weekly,2021-09-24,2021-11-19,15.229999542236328,17.959999084472656,2.851428440638951,155.9999738420759,1.559999738420759,17.925145267834086,8.0,1,13.212202,10.700322,3.77,4.655,1489326464.0,"(0,15]",>0,>0,OK,1,1,1,1,1,ledger
AMAL,NASDAQ:AMAL,Amalgamated Financial Corp.,Weekly,2023-01-06,2023-01-27,24.1299991607666,22.600000381469727,1.8211015806397814,-87.07132909540479,-0.8707132909540478,-6.3406499482375756,3.0,0,13.212202,10.700322,3.77,4.655,1489326464.0,"(0,15]",>0,>0,OK,1,1,1,1,1,ledger
AMAL,NASDAQ:AMAL,Amalgamated Financial Corp.,Monthly,2025-05-31,2025-09-30,30.219999313354492,27.149999618530273,1.5356457460969168,-59.15222557141461,-0.5915222557141461,-10.158834429448707,4.0,0,13.212202,10.700322,3.77,4.655,1489326464.0,"(0,15]",>0,>0,OK,1,1,1,1,1,ledger
AMAT,NASDAQ:AMAT,"Applied Materials, Inc.",Daily,2024-07-22,2024-07-24,223.47000122070312,206.52999877929688,2.3492747101107145,-122.75361373379168,-1.2275361373379168,-7.580436903777518,2.0,0,51.51932,32.153282,10.61,17.00044,433994104832.0,>40,>0,>0,OK,1,1,0,1,1,ledger
AMAT,NASDAQ:AMAT,"Applied Materials, Inc.",Daily,2024-08-30,2024-09-03,197.25999450683594,183.3699951171875,1.9506805171958492,-172.14067177433242,-1.7214067177433243,-7.041467999821467,1.0,0,51.51932,32.153282,10.61,17.00044,433994104832.0,>40,>0,>0,OK,1,1,0,1,1,ledger
AMAT,NASDAQ:AMAT,"Applied Materials, Inc.",Daily,2024-11-14,2024-11-15,186.0,168.8800048828125,1.5037745989816855,-309.0589211630154,-3.090589211630154,-9.204298450100806,1.0,0,51.51932,32.153282,10.61,17.00044,433994104832.0,>40,>0,>0,OK,1,1,0,1,1,ledger
AMAT,NASDAQ:AMAT,"Applied Materials, Inc.",Daily,2025-01-29,2025-02-03,175.27999877929688,178.8000030517578,3.85676704314039,53.7231269269533,0.5372312692695329,2.0082178782378572,3.0,1,51.51932,32.153282,10.61,17.00044,433994104832.0,>40,>0,>0,OK,1,1,0,1,1,ledger
AMAT,NASDAQ:AMAT,"Applied Materials, Inc.",Daily,2025-05-27,2025-05-29,161.8300018310547,159.47999572753906,2.358185959436834,-38.087630484942764,-0.3808763048494276,-1.4521448908892405,2.0,0,51.51932,32.153282,10.61,17.00044,433994104832.0,>40,>0,>0,OK,1,1,0,1,1,ledger
AMAT,NASDAQ:AMAT,"Applied Materials, Inc.",Daily,2025-07-28,2025-07-29,190.27000427246094,188.41000366210938,1.7568880964098557,-30.14588593742658,-0.3014588593742658,-0.9775585055898236,1.0,0,51.51932,32.153282,10.61,17.00044,433994104832.0,>40,>0,>0,OK,1,1,0,1,1,ledger
AMAT,NASDAQ:AMAT,"Applied Materials, Inc.",Weekly,2018-05-04,2018-05-18,52.560001373291016,49.5099983215332,2.0414939368469707,-63.27807561965091,-0.6327807561965092,-5.802897587646768,2.0,0,51.51932,32.153282,10.61,17.00044,433994104832.0,>40,>0,>0,OK,1,1,0,1,1,ledger
AMAT,NASDAQ:AMAT,"Applied Materials, Inc.",Weekly,2025-09-12,2025-11-14,167.8000030517578,226.00999450683594,2.498874192274452,436.684046955397,4.36684046955397,34.6901015473303,9.0,1,51.51932,32.153282,10.61,17.00044,433994104832.0,>40,>0,>0,OK,1,1,0,1,1,ledger
AMBA,NASDAQ:AMBA,"Ambarella, Inc.",Daily,2024-07-22,2024-07-24,58.16999816894531,54.599998474121094,2.386996958870944,-110.52632200537364,-1.1052632200537365,-6.137183784080127,2.0,0,,71.67325,-1.6,1.14729,3607280896.0,missing,<=0,>0,OK,0,0,0,0,0,ledger
AMBA,NASDAQ:AMBA,"Ambarella, Inc.",Daily,2024-09-11,2024-09-20,52.38999938964844,54.400001525878906,3.9965549310262727,69.31047319383808,0.6931047319383807,3.836614162334994,7.0,1,,71.67325,-1.6,1.14729,3607280896.0,missing,<=0,>0,OK,0,0,0,0,0,ledger
AMBA,NASDAQ:AMBA,"Ambarella, Inc.",Daily,2024-12-03,2024-12-18,71.83999633789062,69.75,2.9737714362992986,-65.56085665353224,-0.6556085665353224,-2.9092378124026945,11.0,0,,71.67325,-1.6,1.14729,3607280896.0,missing,<=0,>0,OK,0,0,0,0,0,ledger
AMBA,NASDAQ:AMBA,"Ambarella, Inc.",Daily,2025-02-26,2025-02-27,75.80999755859375,62.83000183105469,2.342702197358212,-371.28517030557526,-3.7128517030557524,-17.121746663435506,1.0,0,,71.67325,-1.6,1.14729,3607280896.0,missing,<=0,>0,OK,0,0,0,0,0,ledger
AMBA,NASDAQ:AMBA,"Ambarella, Inc.",Daily,2025-09-04,2025-09-12,81.19000244140625,80.37000274658203,2.1797142372306126,-14.59073477006618,-0.1459073477006618,-1.009976191854412,6.0,0,,71.67325,-1.6,1.14729,3607280896.0,missing,<=0,>0,OK,0,0,0,0,0,ledger
AMBA,NASDAQ:AMBA,"Ambarella, Inc.",Daily,2025-11-19,2025-11-26,87.44000244140625,73.88999938964844,1.5572384171966995,-228.11443573329498,-2.2811443573329497,-15.496343405111066,5.0,0,,71.67325,-1.6,1.14729,3607280896.0,missing,<=0,>0,OK,0,0,0,0,0,ledger
AMBA,NASDAQ:AMBA,"Ambarella, Inc.",Daily,2026-07-09,2026-07-13,78.37999725341797,72.0,2.0471832725214707,-83.61729423375554,-0.8361729423375553,-8.13982837073875,2.0,0,,71.67325,-1.6,1.14729,3607280896.0,missing,<=0,>0,OK,0,0,0,0,0,ledger
AMBA,NASDAQ:AMBA,"Ambarella, Inc.",Weekly,2019-01-04,2019-05-17,36.11000061035156,45.41999816894531,1.7127373852116712,238.70628961615446,2.3870628961615448,25.782324567241567,19.0,1,,71.67325,-1.6,1.14729,3607280896.0,missing,<=0,>0,OK,0,0,0,0,0,ledger
AMBA,NASDAQ:AMBA,"Ambarella, Inc.",Weekly,2019-06-07,2019-08-02,38.959999084472656,46.630001068115234,3.4119984364407525,198.8604489295054,1.988604489295054,19.68686387033162,8.0,1,,71.67325,-1.6,1.14729,3607280896.0,missing,<=0,>0,OK,0,0,0,0,0,ledger
AMBA,NASDAQ:AMBA,"Ambarella, Inc.",Weekly,2023-05-19,2023-06-23,72.37999725341797,78.4000015258789,1.931132228223514,42.30503218500993,0.4230503218500992,8.317220918624251,5.0,1,,71.67325,-1.6,1.14729,3607280896.0,missing,<=0,>0,OK,0,0,0,0,0,ledger
AMBA,NASDAQ:AMBA,"Ambarella, Inc.",Weekly,2026-02-13,2026-02-27,66.20999908447266,60.34000015258789,3.6882961216910455,-71.03114143810011,-0.710311414381001,-8.865728761596339,2.0,0,,71.67325,-1.6,1.14729,3607280896.0,missing,<=0,>0,OK,0,0,0,0,0,ledger
AMBA,NASDAQ:AMBA,"Ambarella, Inc.",Monthly,2022-11-30,2023-03-31,74.19999694824219,77.41999816894531,5.37112299904805,11.275195698741564,0.11275195698741564,4.33962446514549,4.0,1,,71.67325,-1.6,1.14729,3607280896.0,missing,<=0,>0,OK,0,0,0,0,0,ledger
AMCX,NASDAQ:AMCX,AMC Global Media Inc.,Daily,2025-06-23,2025-07-01,6.269999980926514,6.139999866485596,1.8400001525878906,-26.000022888183594,-0.26000022888183594,-2.0733670627812018,6.0,0,,4.4900274,-0.55,2.53896,470249664.0,missing,<=0,>0,OK,0,0,0,0,0,ledger
AMCX,NASDAQ:AMCX,AMC Global Media Inc.,Daily,2025-10-21,2025-10-28,7.420000076293945,7.579999923706055,3.5945955002023338,43.24321537838973,0.4324321537838973,2.1563321531935107,5.0,1,,4.4900274,-0.55,2.53896,470249664.0,missing,<=0,>0,OK,0,0,0,0,0,ledger
AMCX,NASDAQ:AMCX,AMC Global Media Inc.,Daily,2026-07-27,2026-07-30,10.130000114440918,9.710000038146973,1.6949148158924126,-71.18643519865516,-0.7118643519865516,-4.146101397325852,3.0,0,,4.4900274,-0.55,2.53896,470249664.0,missing,<=0,>0,OK,0,0,0,0,0,ledger
AMCX,NASDAQ:AMCX,AMC Global Media Inc.,Weekly,2019-04-05,2019-05-03,58.25,56.2599983215332,2.554030548669202,-49.97567348858503,-0.4997567348858503,-3.4163118943635995,4.0,0,,4.4900274,-0.55,2.53896,470249664.0,missing,<=0,>0,OK,0,0,0,0,0,ledger
AMCX,NASDAQ:AMCX,AMC Global Media Inc.,Weekly,2021-05-21,2021-06-18,50.970001220703125,61.439998626708984,4.767861483400123,152.84599947100793,1.5284599947100792,20.541489415843156,4.0,1,,4.4900274,-0.55,2.53896,470249664.0,missing,<=0,>0,OK,0,0,0,0,0,ledger
AMCX,NASDAQ:AMCX,AMC Global Media Inc.,Weekly,2023-03-31,2023-05-05,17.579999923706055,15.0600004196167,3.370090548127755,-85.95776550004496,-0.8595776550004497,-14.33446823109037,5.0,0,,4.4900274,-0.55,2.53896,470249664.0,missing,<=0,>0,OK,0,0,0,0,0,ledger
AMCX,NASDAQ:AMCX,AMC Global Media Inc.,Weekly,2026-02-20,2026-03-13,8.350000381469727,7.210000038146973,1.569104531191728,-92.6829173738456,-0.9268291737384561,-13.652698098704716,3.0,0,,4.4900274,-0.55,2.53896,470249664.0,missing,<=0,>0,OK,0,0,0,0,0,ledger
AMCX,NASDAQ:AMCX,AMC Global Media Inc.,Monthly,2022-01-31,2022-04-30,42.630001068115234,32.630001068115234,3.489916824120188,-85.119930459194,-0.8511993045919399,-23.457658337896266,3.0,0,,4.4900274,-0.55,2.53896,470249664.0,missing,<=0,>0,OK,0,0,0,0,0,ledger
AMD,NASDAQ:AMD,"Advanced Micro Devices, Inc.",Daily,2024-07-22,2024-07-24,155.8699951171875,144.6300048828125,3.7808427117021655,-135.29649857540426,-1.3529649857540424,-7.211131447027028,2.0,0,172.86,37.2609,3.0,13.91754,845596852224.0,>40,>0,>0,OK,1,1,0,1,1,ledger
AMD,NASDAQ:AMD,"Advanced Micro Devices, Inc.",Daily,2024-09-10,2024-09-17,142.83999633789062,150.82000732421875,1.7893760105574366,74.37105464867086,0.7437105464867086,5.586678235031078,5.0,1,172.86,37.2609,3.0,13.91754,845596852224.0,>40,>0,>0,OK,1,1,0,1,1,ledger
AMD,NASDAQ:AMD,"Advanced Micro Devices, Inc.",Daily,2025-04-02,2025-04-03,102.95999908447266,93.80000305175781,3.0965797448809425,-219.201335598914,-2.1920133559891397,-8.896655122539,1.0,0,172.86,37.2609,3.0,13.91754,845596852224.0,>40,>0,>0,OK,1,1,0,1,1,ledger
AMD,NASDAQ:AMD,"Advanced Micro Devices, Inc.",Daily,2025-07-08,2025-07-18,137.82000732421875,156.99000549316406,2.0104979811289296,388.1296177680973,3.8812961776809733,13.90944503714057,8.0,1,172.86,37.2609,3.0,13.91754,845596852224.0,>40,>0,>0,OK,1,1,0,1,1,ledger
AMD,NASDAQ:AMD,"Advanced Micro Devices, Inc.",Daily,2025-08-22,2025-08-29,167.75999450683594,162.6300048828125,1.9863312619234428,-53.943139718281834,-0.5394313971828184,-3.0579338292803766,5.0,0,172.86,37.2609,3.0,13.91754,845596852224.0,>40,>0,>0,OK,1,1,0,1,1,ledger
AMD,NASDAQ:AMD,"Advanced Micro Devices, Inc.",Daily,2026-01-12,2026-01-26,207.69000244140625,251.30999755859375,3.0542217057626395,505.9822507685632,5.059822507685632,21.002452984945013,9.0,1,172.86,37.2609,3.0,13.91754,845596852224.0,>40,>0,>0,OK,1,1,0,1,1,ledger
AMD,NASDAQ:AMD,"Advanced Micro Devices, Inc.",Daily,2026-02-02,2026-02-04,246.27000427246094,200.19000244140625,1.7653570842696482,-393.1740361055199,-3.9317403610552,-18.711171085242707,2.0,0,172.86,37.2609,3.0,13.91754,845596852224.0,>40,>0,>0,OK,1,1,0,1,1,ledger
AMD,NASDAQ:AMD,"Advanced Micro Devices, Inc.",Weekly,2016-09-23,2016-10-21,6.550000190734863,6.519999980926514,1.5730326724408588,-3.370808790516409,-0.033708087905164094,-0.4580184570190646,4.0,0,172.86,37.2609,3.0,13.91754,845596852224.0,>40,>0,>0,OK,1,1,0,1,1,ledger
AMD,NASDAQ:AMD,"Advanced Micro Devices, Inc.",Weekly,2017-09-01,2017-10-27,13.1899995803833,11.84000015258789,1.6512841768505868,-90.61921379298457,-0.9061921379298457,-10.235022522693509,8.0,0,172.86,37.2609,3.0,13.91754,845596852224.0,>40,>0,>0,OK,1,1,0,1,1,ledger
AMD,NASDAQ:AMD,"Advanced Micro Devices, Inc.",Weekly,2018-11-30,2018-12-21,21.299999237060547,16.93000030517578,2.502924415813968,-85.18517829994606,-0.8518517829994605,-20.516427645129983,3.0,0,172.86,37.2609,3.0,13.91754,845596852224.0,>40,>0,>0,OK,1,1,0,1,1,ledger
AMD,NASDAQ:AMD,"Advanced Micro Devices, Inc.",Weekly,2020-10-02,2020-10-23,81.80000305175781,81.95999908447266,1.5698098794364423,2.0125275545741315,0.02012527554574131,0.19559416472589675,3.0,1,172.86,37.2609,3.0,13.91754,845596852224.0,>40,>0,>0,OK,1,1,0,1,1,ledger
AMD,NASDAQ:AMD,"Advanced Micro Devices, Inc.",Weekly,2023-07-14,2023-08-11,115.94000244140625,107.56999969482422,1.6146740646931,-80.01673679514164,-0.8001673679514163,-7.219253553847442,4.0,0,172.86,37.2609,3.0,13.91754,845596852224.0,>40,>0,>0,OK,1,1,0,1,1,ledger
AMD,NASDAQ:AMD,"Advanced Micro Devices, Inc.",Weekly,2024-05-17,2024-06-14,164.47000122070312,159.6300048828125,2.6954100562696546,-20.76360722786199,-0.20763607227861988,-2.9427836699507344,4.0,0,172.86,37.2609,3.0,13.91754,845596852224.0,>40,>0,>0,OK,1,1,0,1,1,ledger
AMGN,NASDAQ:AMGN,Amgen Inc.,Daily,2025-03-17,2025-03-20,317.1700134277344,315.0400085449219,2.1934342476682493,-24.97075249274626,-0.2497075249274626,-0.6715656564733258,3.0,0,27.160168,16.628693,14.36,23.45464,210497028096.0,"(25,40]",>0,>0,OK,1,1,0,1,1,ledger
AMGN,NASDAQ:AMGN,Amgen Inc.,Daily,2025-10-28,2025-11-24,292.0899963378906,334.29998779296875,2.027398644989929,727.6905477681275,7.276905477681276,14.451022624632948,19.0,1,27.160168,16.628693,14.36,23.45464,210497028096.0,"(25,40]",>0,>0,OK,1,1,0,1,1,ledger
AMGN,NASDAQ:AMGN,Amgen Inc.,Daily,2026-01-14,2026-01-28,328.9700012207031,342.2200012207031,1.5337688241747283,144.33562714005518,1.443356271400552,4.027722877719385,9.0,1,27.160168,16.628693,14.36,23.45464,210497028096.0,"(25,40]",>0,>0,OK,1,1,0,1,1,ledger
AMGN,NASDAQ:AMGN,Amgen Inc.,Daily,2026-02-13,2026-02-26,369.19000244140625,379.3299865722656,1.599857128072582,101.83636753933811,1.0183636753933811,2.746548948726931,8.0,1,27.160168,16.628693,14.36,23.45464,210497028096.0,"(25,40]",>0,>0,OK,1,1,0,1,1,ledger
AMGN,NASDAQ:AMGN,Amgen Inc.,Weekly,2017-04-28,2017-05-19,163.32000732421875,156.50999450683594,3.4180454887781395,-111.42620521334712,-1.1142620521334712,-4.1697358020954205,3.0,0,27.160168,16.628693,14.36,23.45464,210497028096.0,"(25,40]",>0,>0,OK,1,1,0,1,1,ledger
AMGN,NASDAQ:AMGN,Amgen Inc.,Weekly,2017-12-01,2018-02-02,177.1999969482422,187.00999450683594,1.5359120959162098,108.39772652549902,1.0839772652549904,5.536116099064676,9.0,1,27.160168,16.628693,14.36,23.45464,210497028096.0,"(25,40]",>0,>0,OK,1,1,0,1,1,ledger
AMGN,NASDAQ:AMGN,Amgen Inc.,Weekly,2021-03-12,2021-04-30,230.36000061035156,239.63999938964844,3.7031685629102924,74.17526092196954,0.7417526092196953,4.028476625589948,7.0,1,27.160168,16.628693,14.36,23.45464,210497028096.0,"(25,40]",>0,>0,OK,1,1,0,1,1,ledger
AMGN,NASDAQ:AMGN,Amgen Inc.,Weekly,2024-03-29,2024-04-05,284.32000732421875,269.95001220703125,2.8111461953163532,-88.97833156652551,-0.8897833156652551,-5.054162474328075,1.0,0,27.160168,16.628693,14.36,23.45464,210497028096.0,"(25,40]",>0,>0,OK,1,1,0,1,1,ledger
AMGN,NASDAQ:AMGN,Amgen Inc.,Weekly,2025-05-30,2025-06-27,288.17999267578125,277.1300048828125,1.7831780264310748,-41.30836558119159,-0.41308365581191586,-3.834404911447343,4.0,0,27.160168,16.628693,14.36,23.45464,210497028096.0,"(25,40]",>0,>0,OK,1,1,0,1,1,ledger
AMGN,NASDAQ:AMGN,Amgen Inc.,Weekly,2025-09-19,2025-12-12,285.4100036621094,317.739990234375,1.8194214099331283,227.37487767576178,2.273748776757618,11.327559005444106,12.0,1,27.160168,16.628693,14.36,23.45464,210497028096.0,"(25,40]",>0,>0,OK,1,1,0,1,1,ledger
AMGN,NASDAQ:AMGN,Amgen Inc.,Monthly,2021-12-31,2022-09-30,224.97000122070312,225.39999389648438,1.5191795373452026,1.633090185637963,0.01633090185637963,0.19113333931105453,9.0,1,27.160168,16.628693,14.36,23.45464,210497028096.0,"(25,40]",>0,>0,OK,1,1,0,1,1,ledger
AMKR,NASDAQ:AMKR,"Amkor Technology, Inc.",Daily,2025-08-04,2025-08-15,22.350000381469727,23.760000228881836,3.878813249705558,138.10927663265397,1.3810927663265395,6.308724041817615,9.0,1,22.804081,19.797033,2.45,2.82214,13848637440.0,"(15,25]",>0,>0,OK,1,1,1,1,1,ledger
AMKR,NASDAQ:AMKR,"Amkor Technology, Inc.",Daily,2025-11-19,2025-11-20,31.43000030517578,30.190000534057617,3.8480298750089137,-70.27327718550578,-0.7027327718550578,-3.9452744482282593,1.0,0,22.804081,19.797033,2.45,2.82214,13848637440.0,"(15,25]",>0,>0,OK,1,1,1,1,1,ledger
AMKR,NASDAQ:AMKR,"Amkor Technology, Inc.",Daily,2026-02-19,2026-02-23,48.34000015258789,47.06999969482422,2.1604942341546396,-31.35804190139618,-0.3135804190139618,-2.6272247698693527,2.0,0,22.804081,19.797033,2.45,2.82214,13848637440.0,"(15,25]",>0,>0,OK,1,1,1,1,1,ledger
AMKR,NASDAQ:AMKR,"Amkor Technology, Inc.",Daily,2026-06-29,2026-07-01,82.33999633789062,79.98999786376953,1.8893294975252202,-30.961786666345002,-0.30961786666345004,-2.8540181912051996,2.0,0,22.804081,19.797033,2.45,2.82214,13848637440.0,"(15,25]",>0,>0,OK,1,1,1,1,1,ledger
AMKR,NASDAQ:AMKR,"Amkor Technology, Inc.",Weekly,2017-02-03,2017-04-14,10.069999694824219,10.899999618530273,3.1900139946598722,109.86354937043208,1.0986354937043208,8.242303365040401,10.0,1,22.804081,19.797033,2.45,2.82214,13848637440.0,"(15,25]",>0,>0,OK,1,1,1,1,1,ledger
AMKR,NASDAQ:AMKR,"Amkor Technology, Inc.",Weekly,2020-10-09,2020-10-30,12.6899995803833,11.850000381469727,1.5707077421032858,-42.42421177354564,-0.42424211773545645,-6.619379248932979,3.0,0,22.804081,19.797033,2.45,2.82214,13848637440.0,"(15,25]",>0,>0,OK,1,1,1,1,1,ledger
AMKR,NASDAQ:AMKR,"Amkor Technology, Inc.",Weekly,2021-05-28,2021-07-09,21.100000381469727,22.780000686645508,1.6241830656084413,54.90198033934605,0.5490198033934606,7.962086610439958,6.0,1,22.804081,19.797033,2.45,2.82214,13848637440.0,"(15,25]",>0,>0,OK,1,1,1,1,1,ledger
AMKR,NASDAQ:AMKR,"Amkor Technology, Inc.",Weekly,2022-10-07,2022-12-23,17.920000076293945,24.5,2.6669615252170926,334.25917395153243,3.342591739515324,36.71874941792339,11.0,1,22.804081,19.797033,2.45,2.82214,13848637440.0,"(15,25]",>0,>0,OK,1,1,1,1,1,ledger
AMKR,NASDAQ:AMKR,"Amkor Technology, Inc.",Weekly,2023-03-03,2023-03-17,26.600000381469727,24.739999771118164,2.0730687054256283,-80.66757410259393,-0.8066757410259393,-6.992483397283291,2.0,0,22.804081,19.797033,2.45,2.82214,13848637440.0,"(15,25]",>0,>0,OK,1,1,1,1,1,ledger
AMKR,NASDAQ:AMKR,"Amkor Technology, Inc.",Weekly,2026-03-20,2026-06-05,45.810001373291016,64.94999694824219,2.017888814202411,342.3970492396196,3.4239704923961964,41.78125955287686,11.0,1,22.804081,19.797033,2.45,2.82214,13848637440.0,"(15,25]",>0,>0,OK,1,1,1,1,1,ledger
AMPH,NASDAQ:AMPH,"Amphastar Pharmaceuticals, Inc.",Daily,2024-09-11,2024-09-20,45.06999969482422,49.18000030517578,2.877548319458573,279.5916460794287,2.795916460794287,9.11914940798979,7.0,1,12.208589,6.7237906,1.63,2.95964,877449088.0,"(0,15]",>0,>0,OK,1,1,1,1,1,ledger
AMPH,NASDAQ:AMPH,"Amphastar Pharmaceuticals, Inc.",Daily,2024-09-26,2024-10-02,47.880001068115234,46.5,1.9476226435466466,-98.09209576105933,-0.9809209576105933,-2.882207680304793,4.0,0,12.208589,6.7237906,1.63,2.95964,877449088.0,"(0,15]",>0,>0,OK,1,1,1,1,1,ledger
AMPH,NASDAQ:AMPH,"Amphastar Pharmaceuticals, Inc.",Daily,2026-01-26,2026-02-10,26.600000381469727,28.56999969482422,2.4745756958587917,166.94905117512042,1.6694905117512042,7.406012350010515,11.0,1,12.208589,6.7237906,1.63,2.95964,877449088.0,"(0,15]",>0,>0,OK,1,1,1,1,1,ledger
AMPH,NASDAQ:AMPH,"Amphastar Pharmaceuticals, Inc.",Daily,2026-04-24,2026-05-08,21.40999984741211,19.0,2.091247658484791,-272.4273242498113,-2.724273242498113,-11.256421600130993,10.0,0,12.208589,6.7237906,1.63,2.95964,877449088.0,"(0,15]",>0,>0,OK,1,1,1,1,1,ledger
AMPH,NASDAQ:AMPH,"Amphastar Pharmaceuticals, Inc.",Daily,2026-07-07,2026-07-08,20.079999923706055,18.8799991607666,1.9200000762939453,-120.00007629394531,-1.2000007629394531,-5.976099439735334,1.0,0,12.208589,6.7237906,1.63,2.95964,877449088.0,"(0,15]",>0,>0,OK,1,1,1,1,1,ledger
AMPH,NASDAQ:AMPH,"Amphastar Pharmaceuticals, Inc.",Daily,2026-07-27,2026-07-31,19.18000030517578,19.940000534057617,1.5070569259716504,97.8943191443566,0.9789431914435659,3.962462027056108,4.0,1,12.208589,6.7237906,1.63,2.95964,877449088.0,"(0,15]",>0,>0,OK,1,1,1,1,1,ledger
AMPH,NASDAQ:AMPH,"Amphastar Pharmaceuticals, Inc.",Weekly,2019-04-26,2019-05-17,21.59000015258789,21.920000076293945,1.9492393355453421,16.751271001416473,0.16751271001416473,1.5284850457330783,3.0,1,12.208589,6.7237906,1.63,2.95964,877449088.0,"(0,15]",>0,>0,OK,1,1,1,1,1,ledger
AMPH,NASDAQ:AMPH,"Amphastar Pharmaceuticals, Inc.",Weekly,2023-11-10,2024-01-12,52.560001373291016,54.209999084472656,1.721778962445895,18.814112030301832,0.1881411203030183,3.139264969692536,9.0,1,12.208589,6.7237906,1.63,2.95964,877449088.0,"(0,15]",>0,>0,OK,1,1,1,1,1,ledger
AMPH,NASDAQ:AMPH,"Amphastar Pharmaceuticals, Inc.",Weekly,2025-10-24,2026-02-27,24.520000457763672,20.229999542236328,2.999486788693385,-190.9169362994211,-1.909169362994211,-17.49592510374125,18.0,0,12.208589,6.7237906,1.63,2.95964,877449088.0,"(0,15]",>0,>0,OK,1,1,1,1,1,ledger
AMPH,NASDAQ:AMPH,"Amphastar Pharmaceuticals, Inc.",Monthly,2022-10-31,2023-08-31,30.899999618530273,53.310001373291016,2.6458095836325044,437.26106008254584,4.372610600825459,72.52427841883143,10.0,1,12.208589,6.7237906,1.63,2.95964,877449088.0,"(0,15]",>0,>0,OK,1,1,1,1,1,ledger
AMPY,NASDAQ:AMPY,Amplify Energy Corp.,Daily,2024-08-07,2024-08-12,6.5,7.090000152587891,3.4374990686774622,122.91669357153998,1.2291669357153998,9.076925424429087,3.0,1,15.92,3.719626,0.25,1.07,164324000.0,"(15,25]",>0,>0,OK,1,1,1,1,1,ledger
AMPY,NASDAQ:AMPY,Amplify Energy Corp.,Daily,2025-10-15,2025-10-17,4.650000095367432,4.199999809265137,4.871796784160198,-115.38472824551987,-1.1538472824551986,-9.677425309100709,2.0,0,15.92,3.719626,0.25,1.07,164324000.0,"(15,25]",>0,>0,OK,1,1,1,1,1,ledger
AMPY,NASDAQ:AMPY,Amplify Energy Corp.,Daily,2025-11-21,2025-12-08,5.320000171661377,5.21999979019165,1.6488940228808455,-28.429319479497593,-0.28429319479497595,-1.8797063579510669,10.0,0,15.92,3.719626,0.25,1.07,164324000.0,"(15,25]",>0,>0,OK,1,1,1,1,1,ledger
AMPY,NASDAQ:AMPY,Amplify Energy Corp.,Daily,2026-04-06,2026-04-08,6.190000057220459,5.880000114440918,1.5958168324803064,-82.45053423108004,-0.8245053423108004,-5.008076573730155,2.0,0,15.92,3.719626,0.25,1.07,164324000.0,"(15,25]",>0,>0,OK,1,1,1,1,1,ledger
AMPY,NASDAQ:AMPY,Amplify Energy Corp.,Weekly,2021-05-07,2021-07-16,3.0,3.2100000381469727,1.76923065636992,32.3076934363008,0.323076934363008,7.000001271565755,10.0,1,15.92,3.719626,0.25,1.07,164324000.0,"(15,25]",>0,>0,OK,1,1,1,1,1,ledger
AMPY,NASDAQ:AMPY,Amplify Energy Corp.,Weekly,2022-07-29,2022-09-23,6.849999904632568,5.989999771118164,2.213234894519073,-63.23529772692451,-0.632352977269245,-12.554746649453193,8.0,0,15.92,3.719626,0.25,1.07,164324000.0,"(15,25]",>0,>0,OK,1,1,1,1,1,ledger
AMPY,NASDAQ:AMPY,Amplify Energy Corp.,Monthly,2019-01-31,2019-05-31,9.680000305175781,6.690000057220459,3.7167626289820204,-86.4161792753096,-0.8641617927530961,-30.888431339786266,4.0,0,15.92,3.719626,0.25,1.07,164324000.0,"(15,25]",>0,>0,OK,1,1,1,1,1,ledger
AMRC,NASDAQ:AMRC,"Ameresco, Inc.",Daily,2025-08-15,2025-08-27,21.43000030517578,24.540000915527344,1.582607642825097,135.21735056138218,1.3521735056138218,14.51236848372995,8.0,1,48.172417,16.122332,0.58,1.733,1482669952.0,>40,>0,>0,OK,1,1,0,1,1,ledger
AMRC,NASDAQ:AMRC,"Ameresco, Inc.",Weekly,2019-06-28,2019-07-19,14.729999542236328,14.109999656677246,3.0181831107658614,-56.36365527950041,-0.5636365527950041,-4.209096434669358,3.0,0,48.172417,16.122332,0.58,1.733,1482669952.0,>40,>0,>0,OK,1,1,0,1,1,ledger
AMRC,NASDAQ:AMRC,"Ameresco, Inc.",Weekly,2021-10-15,2021-12-03,62.900001525878906,81.33999633789062,2.1728139447649193,308.68020845279784,3.086802084527978,29.31636623955401,7.0,1,48.172417,16.122332,0.58,1.733,1482669952.0,>40,>0,>0,OK,1,1,0,1,1,ledger
AMRC,NASDAQ:AMRC,"Ameresco, Inc.",Weekly,2023-09-15,2023-09-29,46.75,38.560001373291016,2.597155429885523,-129.3838271346027,-1.2938382713460272,-17.518713640019218,2.0,0,48.172417,16.122332,0.58,1.733,1482669952.0,>40,>0,>0,OK,1,1,0,1,1,ledger
AMRC,NASDAQ:AMRC,"Ameresco, Inc.",Weekly,2024-11-01,2024-11-08,32.33000183105469,26.479999542236328,1.7898776979001503,-142.45973881882884,-1.4245973881882885,-18.094654987613147,1.0,0,48.172417,16.122332,0.58,1.733,1482669952.0,>40,>0,>0,OK,1,1,0,1,1,ledger
AMRC,NASDAQ:AMRC,"Ameresco, Inc.",Weekly,2025-11-28,2025-12-12,34.709999084472656,30.059999465942383,2.0604844974058514,-93.75000961365417,-0.9375000961365416,-13.396714898245063,2.0,0,48.172417,16.122332,0.58,1.733,1482669952.0,>40,>0,>0,OK,1,1,0,1,1,ledger
AMRX,NASDAQ:AMRX,"Amneal Pharmaceuticals, Inc.",Daily,2025-10-17,2025-10-27,9.920000076293945,10.25,2.097224540182841,91.6667328941129,0.9166673289411291,3.326612108548902,6.0,1,38.5,15.626189,0.48,1.18263,5901243392.0,"(25,40]",>0,>0,OK,1,1,0,1,1,ledger
AMRX,NASDAQ:AMRX,"Amneal Pharmaceuticals, Inc.",Daily,2026-02-24,2026-02-26,14.65999984741211,14.489999771118164,1.873579322892687,-41.90901735689301,-0.4190901735689301,-1.159618540677918,2.0,0,38.5,15.626189,0.48,1.18263,5901243392.0,"(25,40]",>0,>0,OK,1,1,0,1,1,ledger
AMRX,NASDAQ:AMRX,"Amneal Pharmaceuticals, Inc.",Daily,2026-04-28,2026-05-08,12.734999656677246,13.199999809265137,2.4424529738286243,95.84308888991151,0.9584308888991151,3.651355831361021,8.0,1,38.5,15.626189,0.48,1.18263,5901243392.0,"(25,40]",>0,>0,OK,1,1,0,1,1,ledger
AMRX,NASDAQ:AMRX,"Amneal Pharmaceuticals, Inc.",Weekly,2018-11-09,2018-11-30,19.75,17.709999084472656,1.884461797178188,-81.27492946230251,-0.8127492946230251,-10.329118559632121,3.0,0,38.5,15.626189,0.48,1.18263,5901243392.0,"(25,40]",>0,>0,OK,1,1,0,1,1,ledger
AMRX,NASDAQ:AMRX,"Amneal Pharmaceuticals, Inc.",Weekly,2021-05-21,2021-06-04,5.71999979019165,5.460000038146973,2.597025919661219,-39.14353309245156,-0.39143533092451566,-4.545450377297415,2.0,0,38.5,15.626189,0.48,1.18263,5901243392.0,"(25,40]",>0,>0,OK,1,1,0,1,1,ledger
AMRX,NASDAQ:AMRX,"Amneal Pharmaceuticals, Inc.",Weekly,2024-01-26,2024-04-19,5.489999771118164,5.420000076293945,1.5690263408078802,-13.559420756804746,-0.13559420756804746,-1.2750400317405062,12.0,0,38.5,15.626189,0.48,1.18263,5901243392.0,"(25,40]",>0,>0,OK,1,1,0,1,1,ledger
AMRX,NASDAQ:AMRX,"Amneal Pharmaceuticals, Inc.",Weekly,2026-04-03,2026-05-15,12.479999542236328,11.930000305175781,3.220599176345,-60.24920979939053,-0.6024920979939052,-4.407045330403841,6.0,0,38.5,15.626189,0.48,1.18263,5901243392.0,"(25,40]",>0,>0,OK,1,1,0,1,1,ledger
AMRX,NASDAQ:AMRX,"Amneal Pharmaceuticals, Inc.",Monthly,2019-11-30,2021-11-30,3.759999990463257,4.179999828338623,5.246238902518731,10.701405763332284,0.10701405763332285,11.170208482463838,24.0,1,38.5,15.626189,0.48,1.18263,5901243392.0,"(25,40]",>0,>0,OK,1,1,0,1,1,ledger
AMSC,NASDAQ:AMSC,American Superconductor Corporation,Weekly,2023-11-03,2024-01-12,7.75,10.109999656677246,4.8832496770456615,119.79694964574868,1.1979694964574867,30.451608473254787,10.0,1,10.967214,23.80783,3.05,1.405,1621064192.0,"(0,15]",>0,>0,OK,1,1,1,0,1,ledger
AMSC,NASDAQ:AMSC,American Superconductor Corporation,Weekly,2024-09-20,2024-12-13,22.030000686645508,25.829999923706055,2.1297404368932225,75.84828469975251,0.758482846997525,17.249201627869624,12.0,1,10.967214,23.80783,3.05,1.405,1621064192.0,"(0,15]",>0,>0,OK,1,1,1,0,1,ledger
AMSC,NASDAQ:AMSC,American Superconductor Corporation,Weekly,2025-01-03,2025-02-28,28.68000030517578,22.709999084472656,1.6950997757913506,-108.34847500386834,-1.0834847500386835,-20.81590361638085,8.0,0,10.967214,23.80783,3.05,1.405,1621064192.0,"(0,15]",>0,>0,OK,1,1,1,0,1,ledger
AMSC,NASDAQ:AMSC,American Superconductor Corporation,Monthly,2021-06-30,2021-12-31,17.389999389648438,10.880000114440918,3.016437699821393,-136.46285941366656,-1.3646285941366656,-37.435304794102855,6.0,0,10.967214,23.80783,3.05,1.405,1621064192.0,"(0,15]",>0,>0,OK,1,1,1,0,1,ledger
AMSC,NASDAQ:AMSC,American Superconductor Corporation,Monthly,2023-11-30,2024-04-30,9.460000038146973,12.350000381469727,2.149456839691616,78.53262168839493,0.7853262168839493,30.54968638127879,5.0,1,10.967214,23.80783,3.05,1.405,1621064192.0,"(0,15]",>0,>0,OK,1,1,1,0,1,ledger
AMSF,NASDAQ:AMSF,"AMERISAFE, Inc.",Weekly,2018-01-19,2018-02-02,62.0,61.0,1.5945197977479708,-27.39724882057971,-0.27397248820579706,-1.6129032258064515,2.0,0,12.008064,14.766918,2.48,2.01667,556998336.0,"(0,15]",>0,>0,OK,1,1,1,0,1,ledger
AMSF,NASDAQ:AMSF,"AMERISAFE, Inc.",Weekly,2022-12-23,2023-03-10,53.31999969482422,50.790000915527344,1.5723683825270187,-55.482412661444876,-0.5548241266144488,-4.744933971825327,11.0,0,12.008064,14.766918,2.48,2.01667,556998336.0,"(0,15]",>0,>0,OK,1,1,1,0,1,ledger
AMSF,NASDAQ:AMSF,"AMERISAFE, Inc.",Weekly,2025-01-17,2025-04-04,51.09000015258789,50.11000061035156,3.3763854675469096,-36.16235694880421,-0.36162356948804214,-1.918182695849312,11.0,0,12.008064,14.766918,2.48,2.01667,556998336.0,"(0,15]",>0,>0,OK,1,1,1,0,1,ledger
AMTB,NASDAQ:AMTB,Amerant Bancorp Inc.,Daily,2026-01-02,2026-01-12,19.709999084472656,19.8799991607666,2.7723182001615063,36.53441636092849,0.3653441636092849,0.8625067691041636,6.0,1,21.192858,10.73056,1.4,2.765,1162763008.0,"(15,25]",>0,>0,OK,1,1,1,1,1,ledger
AMTB,NASDAQ:AMTB,Amerant Bancorp Inc.,Weekly,2025-01-17,2025-03-07,22.209999084472656,21.579999923706055,1.700422997001357,-26.58225505045221,-0.2658225505045221,-2.8365564463577284,7.0,0,21.192858,10.73056,1.4,2.765,1162763008.0,"(15,25]",>0,>0,OK,1,1,1,1,1,ledger
AMZN,NASDAQ:AMZN,"Amazon.com, Inc.",Daily,2026-01-22,2026-01-30,234.33999633789062,239.3000030517578,1.957107617539855,66.48810181264804,0.6648810181264804,2.1165856411107233,6.0,1,22.300646,26.888481,12.44,10.31743,2992339156992.0,"(15,25]",>0,>0,OK,1,1,1,0,1,ledger
AMZN,NASDAQ:AMZN,"Amazon.com, Inc.",Daily,2026-07-30,2026-08-04,235.5,277.4200134277344,2.4175583967482757,448.8225895514829,4.488225895514829,17.800430330248144,3.0,1,22.300646,26.888481,12.44,10.31743,2992339156992.0,"(15,25]",>0,>0,OK,1,1,1,0,1,ledger
AMZN,NASDAQ:AMZN,"Amazon.com, Inc.",Weekly,2017-09-01,2017-09-22,48.912498474121094,47.755001068115234,2.5062070823164126,-55.22419570008718,-0.5522419570008718,-2.3664655090524045,3.0,0,22.300646,26.888481,12.44,10.31743,2992339156992.0,"(15,25]",>0,>0,OK,1,1,1,0,1,ledger
AMZN,NASDAQ:AMZN,"Amazon.com, Inc.",Weekly,2019-09-06,2019-09-20,91.67549896240234,89.70800018310547,2.2476671006944446,-43.72219509548611,-0.4372219509548611,-2.146155517630484,2.0,0,22.300646,26.888481,12.44,10.31743,2992339156992.0,"(15,25]",>0,>0,OK,1,1,1,0,1,ledger
AMZN,NASDAQ:AMZN,"Amazon.com, Inc.",Weekly,2021-08-27,2021-09-17,167.48150634765625,173.12600708007812,2.435436990335909,64.9277387149883,0.6492773871498829,3.3702232894329733,3.0,1,22.300646,26.888481,12.44,10.31743,2992339156992.0,"(15,25]",>0,>0,OK,1,1,1,0,1,ledger
ANDE,NASDAQ:ANDE,"The Andersons, Inc.",Daily,2025-03-06,2025-03-11,42.810001373291016,42.33000183105469,4.1961721614730205,-22.966483597715563,-0.22966483597715562,-1.1212322514331847,3.0,0,19.861334,12.344759,3.75,6.03333,2536346112.0,"(15,25]",>0,>0,OK,1,1,1,1,1,ledger
ANDE,NASDAQ:ANDE,"The Andersons, Inc.",Daily,2026-02-20,2026-03-05,65.6500015258789,63.56999969482422,1.6036349209872158,-75.63643022017047,-0.7563643022017046,-3.1683195471591286,9.0,0,19.861334,12.344759,3.75,6.03333,2536346112.0,"(15,25]",>0,>0,OK,1,1,1,1,1,ledger
ANDE,NASDAQ:ANDE,"The Andersons, Inc.",Monthly,2022-08-31,2022-09-30,37.029998779296875,31.030000686645508,2.860677839062955,-78.12499146287462,-0.7812499146287462,-16.20307396824952,1.0,0,19.861334,12.344759,3.75,6.03333,2536346112.0,"(15,25]",>0,>0,OK,1,1,1,1,1,ledger
ANGI,NASDAQ:ANGI,Angi Inc.,Daily,2025-02-04,2025-02-06,18.299999237060547,17.799999237060547,1.7717306290563817,-49.214708406141675,-0.4921470840614167,-2.732240551067438,2.0,0,14.113637,6.6515994,0.44,0.93361,251182176.0,"(0,15]",>0,>0,OK,1,1,1,1,1,ledger
ANGI,NASDAQ:ANGI,Angi Inc.,Daily,2025-12-19,2026-01-14,12.789999961853027,12.510000228881836,1.8588226054370631,-32.94113027185316,-0.3294113027185316,-2.189208239298734,16.0,0,14.113637,6.6515994,0.44,0.93361,251182176.0,"(0,15]",>0,>0,OK,1,1,1,1,1,ledger
ANGI,NASDAQ:ANGI,Angi Inc.,Daily,2026-01-22,2026-01-23,13.119999885559082,12.6899995803833,1.5368424539751664,-45.26319910615602,-0.4526319910615602,-3.2774413790130734,1.0,0,14.113637,6.6515994,0.44,0.93361,251182176.0,"(0,15]",>0,>0,OK,1,1,1,1,1,ledger
ANGI,NASDAQ:ANGI,Angi Inc.,Weekly,2018-04-20,2018-05-04,139.10000610351562,132.5,1.9478825028155269,-69.1185093306575,-0.691185093306575,-4.7447921020248005,2.0,0,14.113637,6.6515994,0.44,0.93361,251182176.0,"(0,15]",>0,>0,OK,1,1,1,1,1,ledger
ANGI,NASDAQ:ANGI,Angi Inc.,Weekly,2020-10-02,2020-10-30,120.30000305175781,106.0,2.173159466854088,-61.904758759269214,-0.6190475875926922,-11.886951528675677,4.0,0,14.113637,6.6515994,0.44,0.93361,251182176.0,"(0,15]",>0,>0,OK,1,1,1,1,1,ledger
ANGI,NASDAQ:ANGI,Angi Inc.,Monthly,2021-09-30,2021-11-30,123.4000015258789,96.0999984741211,2.024054127643609,-80.90291005129552,-0.8090291005129552,-22.123178860765716,2.0,0,14.113637,6.6515994,0.44,0.93361,251182176.0,"(0,15]",>0,>0,OK,1,1,1,1,1,ledger
ANIP,NASDAQ:ANIP,"ANI Pharmaceuticals, Inc.",Weekly,2018-03-02,2018-08-03,62.689998626708984,65.02999877929688,1.8087348532375522,35.24096939279666,0.35240969392796656,3.7326530608519377,22.0,1,20.41237,7.360916,3.88,10.75953,1800581632.0,"(15,25]",>0,>0,OK,1,1,1,1,1,ledger
ANIP,NASDAQ:ANIP,"ANI Pharmaceuticals, Inc.",Weekly,2019-11-29,2020-01-03,61.619998931884766,60.150001525878906,3.6251799566248595,-21.03001223541328,-0.2103001223541328,-2.3855849261386814,5.0,0,20.41237,7.360916,3.88,10.75953,1800581632.0,"(15,25]",>0,>0,OK,1,1,1,1,1,ledger
ANIP,NASDAQ:ANIP,"ANI Pharmaceuticals, Inc.",Weekly,2021-12-10,2022-01-07,43.720001220703125,43.869998931884766,3.414772731978168,3.1024115449736573,0.031024115449736572,0.34308716146744034,4.0,1,20.41237,7.360916,3.88,10.75953,1800581632.0,"(15,25]",>0,>0,OK,1,1,1,1,1,ledger
ANIP,NASDAQ:ANIP,"ANI Pharmaceuticals, Inc.",Weekly,2025-06-06,2025-09-26,61.959999084472656,93.05000305175781,2.8647620791480657,592.1905517578125,5.921905517578125,50.17754103724058,16.0,1,20.41237,7.360916,3.88,10.75953,1800581632.0,"(15,25]",>0,>0,OK,1,1,1,1,1,ledger
ANNA,NASDAQ:ANNA,"AleAnna, Inc. - Class A Common Stock",Daily,2024-09-16,2024-10-09,11.050000190734863,11.100000381469727,6.666719649044728,166.6687859617891,1.6666878596178911,0.4524904060796952,17.0,1,17.642857,,0.14,,101121800.0,"(15,25]",>0,missing,OK,1,1,1,0,1,ledger
ANNA,NASDAQ:ANNA,"AleAnna, Inc. - Class A Common Stock",Daily,2025-02-10,2025-02-25,8.890000343322754,8.050000190734863,3.890030010565693,-75.99131121428722,-0.7599131121428722,-9.448820249133192,10.0,0,17.642857,,0.14,,101121800.0,"(15,25]",>0,missing,OK,1,1,1,0,1,ledger
ANNA,NASDAQ:ANNA,"AleAnna, Inc. - Class A Common Stock",Daily,2025-06-26,2025-06-27,8.25,7.21999979019165,8.237705709344251,-84.4262612247291,-0.8442626122472909,-12.484851027979996,1.0,0,17.642857,,0.14,,101121800.0,"(15,25]",>0,missing,OK,1,1,1,0,1,ledger
ANNA,NASDAQ:ANNA,"AleAnna, Inc. - Class A Common Stock",Daily,2026-02-06,2026-02-12,2.680000066757202,2.559999942779541,2.8703336373444768,-57.40674118098714,-0.5740674118098714,-4.477616454795883,4.0,0,17.642857,,0.14,,101121800.0,"(15,25]",>0,missing,OK,1,1,1,0,1,ledger
ANNA,NASDAQ:ANNA,"AleAnna, Inc. - Class A Common Stock",Daily,2026-03-11,2026-03-17,3.4800000190734863,3.2300000190734863,3.084179324447831,-39.139335696931575,-0.39139335696931576,-7.183908006602824,4.0,0,17.642857,,0.14,,101121800.0,"(15,25]",>0,missing,OK,1,1,1,0,1,ledger
ANNA,NASDAQ:ANNA,"AleAnna, Inc. - Class A Common Stock",Daily,2026-04-21,2026-05-01,4.639999866485596,3.5399999618530273,5.213224032512777,-95.57575804752565,-0.9557575804752565,-23.706895178549313,8.0,0,17.642857,,0.14,,101121800.0,"(15,25]",>0,missing,OK,1,1,1,0,1,ledger
ANNA,NASDAQ:ANNA,"AleAnna, Inc. - Class A Common Stock",Weekly,2026-07-10,2026-07-31,3.180000066757202,2.809999942779541,6.88852298839234,-34.16560677262515,-0.3416560677262514,-11.635223780198467,3.0,0,17.642857,,0.14,,101121800.0,"(15,25]",>0,missing,OK,1,1,1,0,1,ledger
ANSC,NASDAQ:ANSC,Agriculture & Natural Solutions Acquisition Corporation,Daily,2025-06-12,2025-06-16,10.795000076293945,10.78499984741211,1.6190735694822889,-47.62034514078111,-0.47620345140781106,-0.09263759899174673,2.0,0,52.045452,,0.22,,475715840.0,>40,>0,missing,OK,1,1,0,0,1,ledger
ANSC,NASDAQ:ANSC,Agriculture & Natural Solutions Acquisition Corporation,Daily,2025-06-27,2025-07-23,10.835000038146973,10.878000259399414,3.510420976847415,158.89310989818108,1.5889310989818108,0.39686406184632933,17.0,1,52.045452,,0.22,,475715840.0,>40,>0,missing,OK,1,1,0,0,1,ledger
AOMR,NASDAQ:AOMR,"Angel Oak Mortgage REIT, Inc.",Daily,2024-11-21,2024-12-04,9.399999618530273,9.479999542236328,2.9459261389658216,33.19350052093274,0.33193500520932734,0.8510630526872615,8.0,1,14.030769,6.527761,0.65,1.39711,227221584.0,"(0,15]",>0,>0,OK,1,1,1,1,1,ledger
AOMR,NASDAQ:AOMR,"Angel Oak Mortgage REIT, Inc.",Daily,2025-01-14,2025-01-29,9.619999885559082,10.050000190734863,2.0769211018596634,165.38458716942378,1.6538458716942377,4.469857695333965,10.0,1,14.030769,6.527761,0.65,1.39711,227221584.0,"(0,15]",>0,>0,OK,1,1,1,1,1,ledger
AOMR,NASDAQ:AOMR,"Angel Oak Mortgage REIT, Inc.",Daily,2025-05-29,2025-05-30,9.270000457763672,9.109999656677246,3.318126655413692,-54.17379295513849,-0.5417379295513849,-1.7260063989794554,1.0,0,14.030769,6.527761,0.65,1.39711,227221584.0,"(0,15]",>0,>0,OK,1,1,1,1,1,ledger
AOMR,NASDAQ:AOMR,"Angel Oak Mortgage REIT, Inc.",Monthly,2025-01-31,2025-05-31,10.220000267028809,9.109999656677246,1.8896878160724753,-67.7723778536461,-0.6777237785364609,-10.861062439817973,4.0,0,14.030769,6.527761,0.65,1.39711,227221584.0,"(0,15]",>0,>0,OK,1,1,1,1,1,ledger
AORT,NASDAQ:AORT,"Artivion, Inc.",Daily,2024-08-06,2024-08-09,25.399999618530273,24.850000381469727,2.3999995231629554,-34.374944120658846,-0.34374944120658846,-2.1653513595303417,3.0,0,112.083336,37.36111,0.24,0.72,1305816192.0,>40,>0,>0,OK,1,1,0,1,1,ledger
AORT,NASDAQ:AORT,"Artivion, Inc.",Daily,2024-11-20,2024-12-09,27.170000076293945,29.0,3.108915061148751,201.03584728229677,2.0103584728229675,6.735369593549414,12.0,1,112.083336,37.36111,0.24,0.72,1305816192.0,>40,>0,>0,OK,1,1,0,1,1,ledger
AORT,NASDAQ:AORT,"Artivion, Inc.",Daily,2025-07-23,2025-07-31,31.239999771118164,30.90999984741211,1.6666647967178658,-32.352919177072934,-0.3235291917707293,-1.0563377916895647,6.0,0,112.083336,37.36111,0.24,0.72,1305816192.0,>40,>0,>0,OK,1,1,0,1,1,ledger
AORT,NASDAQ:AORT,"Artivion, Inc.",Daily,2026-01-06,2026-01-12,45.36000061035156,42.88999938964844,1.7409636477701254,-148.79526793654733,-1.4879526793654734,-5.445328896533234,4.0,0,112.083336,37.36111,0.24,0.72,1305816192.0,>40,>0,>0,OK,1,1,0,1,1,ledger
AORT,NASDAQ:AORT,"Artivion, Inc.",Weekly,2021-07-30,2021-08-13,27.0,25.139999389648438,2.606039178308548,-90.7721783473152,-0.9077217834731519,-6.888891149450231,2.0,0,112.083336,37.36111,0.24,0.72,1305816192.0,>40,>0,>0,OK,1,1,0,1,1,ledger
AORT,NASDAQ:AORT,"Artivion, Inc.",Monthly,2022-03-31,2022-05-31,21.3799991607666,19.559999465942383,2.273859270902089,-37.7593321588497,-0.377593321588497,-8.512627531641872,2.0,0,112.083336,37.36111,0.24,0.72,1305816192.0,>40,>0,>0,OK,1,1,0,1,1,ledger
APA,NASDAQ:APA,APA Corporation,Daily,2024-07-25,2024-07-29,31.280000686645508,30.780000686645508,1.6260855287163394,-43.47820318045816,-0.43478203180458164,-1.5984654380569336,2.0,0,8.605769,8.680092,4.16,4.12438,12654234624.0,"(0,15]",>0,>0,OK,1,1,1,0,1,ledger
APA,NASDAQ:APA,APA Corporation,Daily,2025-02-04,2025-02-12,22.389999389648438,22.3700008392334,2.77419449114544,-1.612786621485056,-0.01612786621485056,-0.0893191199651617,6.0,0,8.605769,8.680092,4.16,4.12438,12654234624.0,"(0,15]",>0,>0,OK,1,1,1,0,1,ledger
APA,NASDAQ:APA,APA Corporation,Daily,2025-06-26,2025-07-15,18.450000762939453,18.649999618530273,3.376891968338561,23.369365804734745,0.23369365804734746,1.0840045925231523,12.0,1,8.605769,8.680092,4.16,4.12438,12654234624.0,"(0,15]",>0,>0,OK,1,1,1,0,1,ledger
APA,NASDAQ:APA,APA Corporation,Daily,2025-12-30,2025-12-31,24.700000762939453,24.459999084472656,2.8224243256106627,-22.430029822331633,-0.22430029822331632,-0.9716666844274024,1.0,0,8.605769,8.680092,4.16,4.12438,12654234624.0,"(0,15]",>0,>0,OK,1,1,1,0,1,ledger
APA,NASDAQ:APA,APA Corporation,Weekly,2021-07-30,2021-08-13,18.75,17.8799991607666,2.540538603273114,-39.82470307731219,-0.39824703077312196,-4.640004475911459,2.0,0,8.605769,8.680092,4.16,4.12438,12654234624.0,"(0,15]",>0,>0,OK,1,1,1,0,1,ledger
APA,NASDAQ:APA,APA Corporation,Weekly,2023-03-03,2023-03-10,41.150001525878906,35.95000076293945,2.0840977597376664,-114.92374962838622,-1.149237496283862,-12.63669640369081,1.0,0,8.605769,8.680092,4.16,4.12438,12654234624.0,"(0,15]",>0,>0,OK,1,1,1,0,1,ledger
APA,NASDAQ:APA,APA Corporation,Monthly,2018-04-30,2018-10-31,40.95000076293945,37.83000183105469,3.8163252383925546,-42.448951840889286,-0.4244895184088929,-7.619044868757182,6.0,0,8.605769,8.680092,4.16,4.12438,12654234624.0,"(0,15]",>0,>0,OK,1,1,1,0,1,ledger
APEI,NASDAQ:APEI,"American Public Education, Inc.",Daily,2024-09-12,2024-09-18,15.109999656677246,15.170000076293945,2.1497557590177037,6.934745775432157,0.06934745775432156,0.3970908072799624,4.0,1,27.536081,14.169761,1.94,3.77,979909120.0,"(25,40]",>0,>0,OK,1,1,0,1,1,ledger
APEI,NASDAQ:APEI,"American Public Education, Inc.",Daily,2025-03-17,2025-03-28,22.3799991607666,22.479999542236328,2.385188785342504,7.407444036915009,0.07407444036915009,0.44682924584301525,9.0,1,27.536081,14.169761,1.94,3.77,979909120.0,"(25,40]",>0,>0,OK,1,1,0,1,1,ledger
APEI,NASDAQ:APEI,"American Public Education, Inc.",Daily,2025-12-10,2025-12-24,36.02000045776367,37.529998779296875,1.5913454131973737,72.59600924329678,0.7259600924329678,4.192110778298843,10.0,1,27.536081,14.169761,1.94,3.77,979909120.0,"(25,40]",>0,>0,OK,1,1,0,1,1,ledger
APEI,NASDAQ:APEI,"American Public Education, Inc.",Weekly,2020-10-02,2020-10-30,29.15999984741211,28.270000457763672,3.9083289107049537,-29.156833663815227,-0.29156833663815224,-3.052124123133091,4.0,0,27.536081,14.169761,1.94,3.77,979909120.0,"(25,40]",>0,>0,OK,1,1,0,1,1,ledger
APEI,NASDAQ:APEI,"American Public Education, Inc.",Monthly,2019-07-31,2019-08-31,33.02000045776367,24.229999542236328,1.9744363641057043,-132.18047247753128,-1.3218047247753129,-26.620232567139883,1.0,0,27.536081,14.169761,1.94,3.77,979909120.0,"(25,40]",>0,>0,OK,1,1,0,1,1,ledger
APGE,NASDAQ:APGE,"Apogee Therapeutics, Inc.",Daily,2024-10-08,2024-10-09,56.11000061035156,54.25,1.6879194206013808,-66.65672532491233,-0.6665672532491234,-3.3149181787897124,1.0,0,,-25.863117,-4.33,-5.18847,10088902656.0,missing,<=0,<=0,OK,0,0,0,0,0,ledger
APGE,NASDAQ:APGE,"Apogee Therapeutics, Inc.",Daily,2025-05-29,2025-06-12,37.685001373291016,41.86000061035156,1.9892855513116812,183.74479685630328,1.837447968563033,11.078676091065633,10.0,1,,-25.863117,-4.33,-5.18847,10088902656.0,missing,<=0,<=0,OK,0,0,0,0,0,ledger
APGE,NASDAQ:APGE,"Apogee Therapeutics, Inc.",Weekly,2024-05-03,2024-05-24,54.189998626708984,48.029998779296875,1.709967298473328,-58.195563346324086,-0.5819556334632409,-11.367410967927187,3.0,0,,-25.863117,-4.33,-5.18847,10088902656.0,missing,<=0,<=0,OK,0,0,0,0,0,ledger
API,NASDAQ:API,"Agora, Inc.",Daily,2024-10-18,2024-10-23,2.8299999237060547,2.6700000762939453,9.086076494132676,-40.38252475410441,-0.4038252475410441,-5.6537050079697515,3.0,0,45.444443,-45.444443,0.09,-0.09,345808640.0,>40,>0,<=0,OK,1,1,0,0,1,ledger
API,NASDAQ:API,"Agora, Inc.",Daily,2025-01-15,2025-02-05,4.0,5.789999961853027,5.764192544369026,390.82973319500195,3.9082973319500196,44.749999046325684,14.0,1,45.444443,-45.444443,0.09,-0.09,345808640.0,>40,>0,<=0,OK,1,1,0,0,1,ledger
API,NASDAQ:API,"Agora, Inc.",Daily,2026-01-23,2026-01-26,4.630000114440918,4.409999847412109,1.6741940296900404,-70.9678411732042,-0.709678411732042,-4.751625520324076,1.0,0,45.444443,-45.444443,0.09,-0.09,345808640.0,>40,>0,<=0,OK,1,1,0,0,1,ledger
API,NASDAQ:API,"Agora, Inc.",Daily,2026-06-23,2026-06-25,4.260000228881836,3.880000114440918,4.478463068752449,-137.79894346076782,-1.3779894346076782,-8.920190000568622,2.0,0,45.444443,-45.444443,0.09,-0.09,345808640.0,>40,>0,<=0,OK,1,1,0,0,1,ledger
API,NASDAQ:API,"Agora, Inc.",Weekly,2020-08-21,2020-10-02,45.5,43.9900016784668,2.0194490791369724,-13.286994010481388,-0.13286994010481387,-3.318677629743304,6.0,0,45.444443,-45.444443,0.09,-0.09,345808640.0,>40,>0,<=0,OK,1,1,0,0,1,ledger
API,NASDAQ:API,"Agora, Inc.",Weekly,2021-04-09,2021-04-30,56.4900016784668,48.61000061035156,4.208708256750965,-56.71591036774588,-0.5671591036774588,-13.949373046520869,3.0,0,45.444443,-45.444443,0.09,-0.09,345808640.0,>40,>0,<=0,OK,1,1,0,0,1,ledger
API,NASDAQ:API,"Agora, Inc.",Weekly,2023-03-31,2023-04-14,3.619999885559082,3.5399999618530273,1.538461961689801,-10.256400851337757,-0.10256400851337757,-2.209942713677719,2.0,0,45.444443,-45.444443,0.09,-0.09,345808640.0,>40,>0,<=0,OK,1,1,0,0,1,ledger
APLD,NASDAQ:APLD,Applied Digital Corporation,Daily,2025-01-14,2025-01-24,8.539999961853027,8.960000038146973,1.5370370043321542,38.88889870035374,0.3888889870035374,4.918033702225133,7.0,1,,246.86192,-0.97,0.12667,9002121216.0,missing,<=0,>0,OK,0,0,0,0,0,ledger
APLD,NASDAQ:APLD,Applied Digital Corporation,Daily,2025-03-05,2025-03-10,7.690000057220459,6.239999771118164,3.4460431259800464,-104.31657736546416,-1.0431657736546416,-18.85566027715214,3.0,0,,246.86192,-0.97,0.12667,9002121216.0,missing,<=0,>0,OK,0,0,0,0,0,ledger
APLD,NASDAQ:APLD,Applied Digital Corporation,Daily,2025-06-12,2025-06-13,12.510000228881836,11.180000305175781,2.475421290109103,-113.13781098350685,-1.1313781098350686,-10.631493999780144,1.0,0,,246.86192,-0.97,0.12667,9002121216.0,missing,<=0,>0,OK,0,0,0,0,0,ledger
APLD,NASDAQ:APLD,Applied Digital Corporation,Daily,2026-02-24,2026-02-26,30.65999984741211,28.649999618530273,2.7357745091278196,-59.00115417997042,-0.5900115417997042,-6.555773773271861,2.0,0,,246.86192,-0.97,0.12667,9002121216.0,missing,<=0,>0,OK,0,0,0,0,0,ledger
APLD,NASDAQ:APLD,Applied Digital Corporation,Daily,2026-05-20,2026-06-03,39.52000045776367,44.709999084472656,2.153645866964425,135.15620886658792,1.3515620886658792,13.132587466074822,9.0,1,,246.86192,-0.97,0.12667,9002121216.0,missing,<=0,>0,OK,0,0,0,0,0,ledger
APLD,NASDAQ:APLD,Applied Digital Corporation,Daily,2026-06-12,2026-06-17,42.70000076293945,45.56999969482422,1.6017952673408755,57.285383395947136,0.5728538339594713,6.721308853876461,3.0,1,,246.86192,-0.97,0.12667,9002121216.0,missing,<=0,>0,OK,0,0,0,0,0,ledger
APLD,NASDAQ:APLD,Applied Digital Corporation,Weekly,2025-11-28,2025-12-26,27.100000381469727,24.049999237060547,1.6182826937649148,-37.67758720787764,-0.37677587207877644,-11.254616610613374,4.0,0,,246.86192,-0.97,0.12667,9002121216.0,missing,<=0,>0,OK,0,0,0,0,0,ledger
APLD,NASDAQ:APLD,Applied Digital Corporation,Monthly,2023-12-31,2024-02-29,6.739999771118164,4.150000095367432,1.5155280845998025,-80.43477777980162,-0.8043477777980163,-38.427296197386255,2.0,0,,246.86192,-0.97,0.12667,9002121216.0,missing,<=0,>0,OK,0,0,0,0,0,ledger
APOG,NASDAQ:APOG,"Apogee Enterprises, Inc.",Daily,2024-10-28,2024-10-31,76.69000244140625,74.83999633789062,3.379432556956683,-65.60306041561267,-0.6560306041561267,-2.412317179060063,3.0,0,13.167182,10.905128,3.23,3.9,887528512.0,"(0,15]",>0,>0,OK,1,1,1,1,1,ledger
APOG,NASDAQ:APOG,"Apogee Enterprises, Inc.",Daily,2024-11-21,2024-11-27,82.11000061035156,83.77999877929688,2.7016132988534918,77.52043812469482,0.7752043812469482,2.0338547759489076,4.0,1,13.167182,10.905128,3.23,3.9,887528512.0,"(0,15]",>0,>0,OK,1,1,1,1,1,ledger
APOG,NASDAQ:APOG,"Apogee Enterprises, Inc.",Daily,2025-12-26,2025-12-29,37.959999084472656,36.720001220703125,2.863974139156772,-116.81976134633953,-1.1681976134633953,-3.266590868482781,1.0,0,13.167182,10.905128,3.23,3.9,887528512.0,"(0,15]",>0,>0,OK,1,1,1,1,1,ledger
APOG,NASDAQ:APOG,"Apogee Enterprises, Inc.",Daily,2026-02-02,2026-02-11,37.65999984741211,41.689998626708984,2.1120027700069044,294.5110859014692,2.9451108590146915,10.701005830125634,7.0,1,13.167182,10.905128,3.23,3.9,887528512.0,"(0,15]",>0,>0,OK,1,1,1,1,1,ledger
APOG,NASDAQ:APOG,"Apogee Enterprises, Inc.",Weekly,2019-11-01,2019-11-22,38.0,37.15999984741211,3.46792118650079,-33.483380119143966,-0.3348338011914397,-2.2105267173365544,3.0,0,13.167182,10.905128,3.23,3.9,887528512.0,"(0,15]",>0,>0,OK,1,1,1,1,1,ledger
APOG,NASDAQ:APOG,"Apogee Enterprises, Inc.",Weekly,2023-03-31,2023-05-05,43.25,40.06999969482422,1.7204299531571736,-85.48385112020804,-0.8548385112020804,-7.352601861678107,5.0,0,13.167182,10.905128,3.23,3.9,887528512.0,"(0,15]",>0,>0,OK,1,1,1,1,1,ledger
APOG,NASDAQ:APOG,"Apogee Enterprises, Inc.",Weekly,2024-08-16,2024-09-06,63.47999954223633,62.310001373291016,1.769545331826782,-28.915710086940393,-0.289157100869404,-1.843097317867584,3.0,0,13.167182,10.905128,3.23,3.9,887528512.0,"(0,15]",>0,>0,OK,1,1,1,1,1,ledger
APP,NASDAQ:APP,AppLovin Corporation,Daily,2024-12-16,2024-12-18,343.9599914550781,313.07000732421875,2.45338066285036,-102.86375420086725,-1.0286375420086726,-8.980691039147693,2.0,0,35.328285,19.441807,11.88,21.5875,140993822720.0,"(25,40]",>0,>0,OK,1,1,0,1,1,ledger
APP,NASDAQ:APP,AppLovin Corporation,Daily,2025-08-21,2025-09-05,418.760009765625,490.239990234375,1.6365799956728138,212.92810507426216,2.1292810507426214,17.069438055643495,10.0,1,35.328285,19.441807,11.88,21.5875,140993822720.0,"(25,40]",>0,>0,OK,1,1,0,1,1,ledger
APP,NASDAQ:APP,AppLovin Corporation,Daily,2025-11-24,2025-12-12,559.7999877929688,670.6699829101562,2.6356028022495566,157.26240442154256,1.5726240442154256,19.805287162348176,13.0,1,35.328285,19.441807,11.88,21.5875,140993822720.0,"(25,40]",>0,>0,OK,1,1,0,1,1,ledger
APP,NASDAQ:APP,AppLovin Corporation,Daily,2026-03-20,2026-03-24,442.3900146484375,435.9100036621094,2.644675688236109,-21.979651089387954,-0.21979651089387953,-1.4647733384031552,2.0,0,35.328285,19.441807,11.88,21.5875,140993822720.0,"(25,40]",>0,>0,OK,1,1,0,1,1,ledger
APP,NASDAQ:APP,AppLovin Corporation,Daily,2026-06-12,2026-06-17,496.7699890136719,479.489990234375,3.6846213515044544,-50.84264702581502,-0.5084264702581501,-3.478470753357305,3.0,0,35.328285,19.441807,11.88,21.5875,140993822720.0,"(25,40]",>0,>0,OK,1,1,0,1,1,ledger
APP,NASDAQ:APP,AppLovin Corporation,Weekly,2021-12-24,2022-01-07,93.80000305175781,80.44999694824219,1.7482347675398284,-104.70593022365196,-1.0470593022365196,-14.232415425561594,2.0,0,35.328285,19.441807,11.88,21.5875,140993822720.0,"(25,40]",>0,>0,OK,1,1,0,1,1,ledger
APP,NASDAQ:APP,AppLovin Corporation,Weekly,2025-01-03,2025-02-28,350.6499938964844,325.739990234375,1.5753770737711683,-58.584219422304685,-0.5858421942230468,-7.103950975531194,8.0,0,35.328285,19.441807,11.88,21.5875,140993822720.0,"(25,40]",>0,>0,OK,1,1,0,1,1,ledger
APPF,NASDAQ:APPF,"AppFolio, Inc.",Daily,2024-09-13,2024-09-25,225.83999633789062,234.13999938964844,1.6808840935004328,131.12165325195315,1.3112165325195315,3.675169671602261,8.0,1,43.66083,23.693773,4.57,8.4212,7066752512.0,>40,>0,>0,OK,1,1,0,1,1,ledger
APPF,NASDAQ:APPF,"AppFolio, Inc.",Daily,2024-10-11,2024-10-15,226.27000427246094,201.97000122070312,2.4694247763324,-437.05060650968767,-4.370506065096877,-10.73938330000524,2.0,0,43.66083,23.693773,4.57,8.4212,7066752512.0,>40,>0,>0,OK,1,1,0,1,1,ledger
APPF,NASDAQ:APPF,"AppFolio, Inc.",Daily,2024-11-04,2024-11-14,212.0,233.36000061035156,3.069826825834125,273.21459530621047,2.7321459530621044,10.075471986014888,8.0,1,43.66083,23.693773,4.57,8.4212,7066752512.0,>40,>0,>0,OK,1,1,0,1,1,ledger
APPF,NASDAQ:APPF,"AppFolio, Inc.",Daily,2024-12-11,2024-12-18,260.32000732421875,251.35000610351562,1.6424858381857066,-116.19170728429175,-1.1619170728429176,-3.445759437741305,5.0,0,43.66083,23.693773,4.57,8.4212,7066752512.0,>40,>0,>0,OK,1,1,0,1,1,ledger
APPF,NASDAQ:APPF,"AppFolio, Inc.",Daily,2025-08-18,2025-09-02,269.1000061035156,273.5400085449219,5.505215220290824,42.92793812875438,0.4292793812875438,1.6499451284658457,10.0,1,43.66083,23.693773,4.57,8.4212,7066752512.0,>40,>0,>0,OK,1,1,0,1,1,ledger
APPF,NASDAQ:APPF,"AppFolio, Inc.",Weekly,2018-01-12,2018-02-02,42.54999923706055,40.900001525878906,3.2881350014547572,-55.932111337406646,-0.5593211133740665,-3.877785524716325,3.0,0,43.66083,23.693773,4.57,8.4212,7066752512.0,>40,>0,>0,OK,1,1,0,1,1,ledger
APPF,NASDAQ:APPF,"AppFolio, Inc.",Weekly,2019-08-16,2019-09-27,98.51000213623047,93.12999725341797,1.5504018915150488,-73.29676414611997,-0.7329676414611996,-5.461379317982795,6.0,0,43.66083,23.693773,4.57,8.4212,7066752512.0,>40,>0,>0,OK,1,1,0,1,1,ledger
APPF,NASDAQ:APPF,"AppFolio, Inc.",Weekly,2025-03-07,2025-04-04,220.88999938964844,216.25,3.1723161480064537,-28.247063554241862,-0.28247063554241864,-2.100592784856462,4.0,0,43.66083,23.693773,4.57,8.4212,7066752512.0,>40,>0,>0,OK,1,1,0,1,1,ledger
APPF,NASDAQ:APPF,"AppFolio, Inc.",Weekly,2025-10-24,2025-11-21,242.67999267578125,228.6199951171875,4.216492776576318,-71.11788250803075,-0.7111788250803074,-5.793636881050102,4.0,0,43.66083,23.693773,4.57,8.4212,7066752512.0,>40,>0,>0,OK,1,1,0,1,1,ledger
APPN,NASDAQ:APPN,Appian Corporation,Daily,2024-11-21,2024-11-26,38.54999923706055,37.66999816894531,1.5827820759781477,-29.139103798907378,-0.2913910379890738,-2.282752491650464,3.0,0,1422.5001,22.653439,0.02,1.25588,2088574848.0,>40,>0,>0,OK,1,1,0,1,1,ledger
APPN,NASDAQ:APPN,Appian Corporation,Daily,2025-02-10,2025-02-11,33.93000030517578,33.34000015258789,2.3124309657208495,-38.64971938874212,-0.3864971938874212,-1.7388745867411335,1.0,0,1422.5001,22.653439,0.02,1.25588,2088574848.0,>40,>0,>0,OK,1,1,0,1,1,ledger
APPN,NASDAQ:APPN,Appian Corporation,Daily,2025-05-27,2025-06-10,31.489999771118164,31.450000762939453,1.8618718986938436,-3.5295296247138834,-0.035295296247138834,-0.12702130349139293,10.0,0,1422.5001,22.653439,0.02,1.25588,2088574848.0,>40,>0,>0,OK,1,1,0,1,1,ledger
APPN,NASDAQ:APPN,Appian Corporation,Daily,2025-11-03,2025-11-04,30.299999237060547,28.899999618530273,2.081580632477268,-147.9294561232836,-1.4792945612328359,-4.6204609035696125,1.0,0,1422.5001,22.653439,0.02,1.25588,2088574848.0,>40,>0,>0,OK,1,1,0,1,1,ledger
APPN,NASDAQ:APPN,Appian Corporation,Weekly,2018-02-16,2018-03-09,30.440000534057617,28.280000686645508,2.887386541766849,-48.648639360368136,-0.48648639360368134,-7.095925786845523,3.0,0,1422.5001,22.653439,0.02,1.25588,2088574848.0,>40,>0,>0,OK,1,1,0,1,1,ledger
APPN,NASDAQ:APPN,Appian Corporation,Weekly,2020-01-10,2020-02-21,44.34000015258789,48.650001525878906,2.4899592281954597,57.697465448142594,0.5769746544814259,9.72034586932554,6.0,1,1422.5001,22.653439,0.02,1.25588,2088574848.0,>40,>0,>0,OK,1,1,0,1,1,ledger
APPN,NASDAQ:APPN,Appian Corporation,Weekly,2020-07-31,2020-09-11,50.869998931884766,56.33000183105469,1.9655936859503809,77.4884148036831,0.7748841480368309,10.73324752076543,6.0,1,1422.5001,22.653439,0.02,1.25588,2088574848.0,>40,>0,>0,OK,1,1,0,1,1,ledger
APPN,NASDAQ:APPN,Appian Corporation,Weekly,2021-06-11,2021-07-16,113.0,115.95999908447266,3.9147799747813483,7.8828198239895775,0.07882819823989577,2.6194682163474834,5.0,1,1422.5001,22.653439,0.02,1.25588,2088574848.0,>40,>0,>0,OK,1,1,0,1,1,ledger
APPN,NASDAQ:APPN,Appian Corporation,Weekly,2025-01-31,2025-02-14,35.09000015258789,31.649999618530273,2.294862717743144,-95.80494376906748,-0.9580494376906747,-9.803364260754833,2.0,0,1422.5001,22.653439,0.02,1.25588,2088574848.0,>40,>0,>0,OK,1,1,0,1,1,ledger
APPN,NASDAQ:APPN,Appian Corporation,Monthly,2018-05-31,2018-07-31,31.889999389648438,31.079999923706055,1.628939781884559,-11.604577637018961,-0.11604577637018962,-2.5399795592511376,2.0,0,1422.5001,22.653439,0.02,1.25588,2088574848.0,>40,>0,>0,OK,1,1,0,1,1,ledger
APPN,NASDAQ:APPN,Appian Corporation,Monthly,2021-06-30,2021-11-30,137.75,74.3499984741211,1.9622791976179634,-101.76564754452296,-1.0176564754452297,-46.025409456173435,5.0,0,1422.5001,22.653439,0.02,1.25588,2088574848.0,>40,>0,>0,OK,1,1,0,1,1,ledger
APVO,NASDAQ:APVO,Aptevo Therapeutics Inc. - Common Stock,Daily,2024-08-06,2024-08-09,5567.759765625,4981.68017578125,5.040068076735923,-93.17765934867246,-0.9317765934867246,-10.526308865949439,3.0,0,0.0026543448,-0.19058715,1540.87,-21.46,5096569.0,"(0,15]",>0,<=0,OK,1,1,0,0,1,ledger
APVO,NASDAQ:APVO,Aptevo Therapeutics Inc. - Common Stock,Daily,2024-10-29,2024-11-15,4049.280029296875,2810.52001953125,2.813333108499124,-124.00000097754005,-1.2400000097754005,-30.592105282990907,13.0,0,0.0026543448,-0.19058715,1540.87,-21.46,5096569.0,"(0,15]",>0,<=0,OK,1,1,0,0,1,ledger
APVO,NASDAQ:APVO,Aptevo Therapeutics Inc. - Common Stock,Daily,2025-07-08,2025-07-14,55.79999923706055,53.099998474121094,10.589574077833223,-15.868497417172764,-0.15868497417172764,-4.838711110852848,4.0,0,0.0026543448,-0.19058715,1540.87,-21.46,5096569.0,"(0,15]",>0,<=0,OK,1,1,0,0,1,ledger
APVO,NASDAQ:APVO,Aptevo Therapeutics Inc. - Common Stock,Daily,2025-09-24,2025-09-25,32.040000915527344,28.799999237060547,2.815448827420543,-65.81571807195289,-0.6581571807195289,-10.112364500266338,1.0,0,0.0026543448,-0.19058715,1540.87,-21.46,5096569.0,"(0,15]",>0,<=0,OK,1,1,0,0,1,ledger
APVO,NASDAQ:APVO,Aptevo Therapeutics Inc. - Common Stock,Daily,2025-10-20,2025-10-22,29.15999984741211,27.18000030517578,2.0919804463421707,-63.9216144866478,-0.6392161448664779,-6.790121922487077,2.0,0,0.0026543448,-0.19058715,1540.87,-21.46,5096569.0,"(0,15]",>0,<=0,OK,1,1,0,0,1,ledger
APVO,NASDAQ:APVO,Aptevo Therapeutics Inc. - Common Stock,Weekly,2016-12-30,2017-01-20,20020492.0,19282032.0,1.560000513500597,-11.999988949987154,-0.11999988949987155,-3.6885207416481074,3.0,0,0.0026543448,-0.19058715,1540.87,-21.46,5096569.0,"(0,15]",>0,<=0,OK,1,1,0,0,1,ledger
APVO,NASDAQ:APVO,Aptevo Therapeutics Inc. - Common Stock,Weekly,2018-02-16,2018-03-16,26994844.0,24287156.0,2.850374563735933,-60.29634560386322,-0.6029634560386323,-10.030389506973998,4.0,0,0.0026543448,-0.19058715,1540.87,-21.46,5096569.0,"(0,15]",>0,<=0,OK,1,1,0,0,1,ledger
APVO,NASDAQ:APVO,Aptevo Therapeutics Inc. - Common Stock,Weekly,2021-04-30,2021-05-07,15654197.0,13831488.0,6.468068049379548,-60.42563546711779,-0.6042563546711779,-11.643580312679086,1.0,0,0.0026543448,-0.19058715,1540.87,-21.46,5096569.0,"(0,15]",>0,<=0,OK,1,1,0,0,1,ledger
APWC,NASDAQ:APWC,"Asia Pacific Wire & Cable Corporation Limited  - Common shares, Par value .01 per share",Daily,2024-08-12,2024-08-27,1.409999966621399,1.409999966621399,4.347220380092916,0.0,0.0,0.0,11.0,0,5.2999997,,0.3,,65559608.0,"(0,15]",>0,missing,OK,1,1,1,0,1,ledger
APWC,NASDAQ:APWC,"Asia Pacific Wire & Cable Corporation Limited  - Common shares, Par value .01 per share",Daily,2025-08-05,2025-08-07,1.7699999809265137,1.7400000095367432,2.666668653490054,-50.0,-0.5,-1.6949136561044988,2.0,0,5.2999997,,0.3,,65559608.0,"(0,15]",>0,missing,OK,1,1,1,0,1,ledger
APWC,NASDAQ:APWC,"Asia Pacific Wire & Cable Corporation Limited  - Common shares, Par value .01 per share",Daily,2025-10-01,2025-10-02,2.119999885559082,2.059999942779541,2.000002167443695,-54.54545454545455,-0.5454545454545454,-2.830186132944906,1.0,0,5.2999997,,0.3,,65559608.0,"(0,15]",>0,missing,OK,1,1,1,0,1,ledger
APWC,NASDAQ:APWC,"Asia Pacific Wire & Cable Corporation Limited  - Common shares, Par value .01 per share",Daily,2025-12-31,2026-01-05,1.8600000143051147,1.7000000476837158,2.38352349656414,-146.67841105162213,-1.4667841105162214,-8.60214867692751,2.0,0,5.2999997,,0.3,,65559608.0,"(0,15]",>0,missing,OK,1,1,1,0,1,ledger
APWC,NASDAQ:APWC,"Asia Pacific Wire & Cable Corporation Limited  - Common shares, Par value .01 per share",Weekly,2021-01-01,2021-04-16,2.2200000286102295,3.0799999237060547,1.6670029028151125,210.8267912946126,2.108267912946126,38.73873351408039,15.0,1,5.2999997,,0.3,,65559608.0,"(0,15]",>0,missing,OK,1,1,1,0,1,ledger
APWC,NASDAQ:APWC,"Asia Pacific Wire & Cable Corporation Limited  - Common shares, Par value .01 per share",Weekly,2021-05-07,2021-06-18,4.050000190734863,3.869999885559082,4.166666283245011,-15.78949900104716,-0.15789499001047158,-4.444451770337339,6.0,0,5.2999997,,0.3,,65559608.0,"(0,15]",>0,missing,OK,1,1,1,0,1,ledger
APWC,NASDAQ:APWC,"Asia Pacific Wire & Cable Corporation Limited  - Common shares, Par value .01 per share",Weekly,2023-11-17,2023-12-29,1.3899999856948853,1.25,5.42303656073361,-78.27063008639179,-0.7827063008639179,-10.071941520553098,6.0,0,5.2999997,,0.3,,65559608.0,"(0,15]",>0,missing,OK,1,1,1,0,1,ledger
APWC,NASDAQ:APWC,"Asia Pacific Wire & Cable Corporation Limited  - Common shares, Par value .01 per share",Monthly,2019-02-28,2019-04-30,2.299999952316284,2.25,1.509433953776483,-9.43395377648302,-0.0943395377648302,-2.1739110153428576,2.0,0,5.2999997,,0.3,,65559608.0,"(0,15]",>0,missing,OK,1,1,1,0,1,ledger
APWC,NASDAQ:APWC,"Asia Pacific Wire & Cable Corporation Limited  - Common shares, Par value .01 per share",Monthly,2022-08-31,2022-10-31,1.5800000429153442,1.2799999713897705,8.545824196703766,-35.50897254524814,-0.35508972545248146,-18.98734578336006,2.0,0,5.2999997,,0.3,,65559608.0,"(0,15]",>0,missing,OK,1,1,1,0,1,ledger
ARCB,NASDAQ:ARCB,ArcBest Corporation,Daily,2025-01-31,2025-02-03,95.61000061035156,91.4000015258789,2.074981660590481,-108.92362279148581,-1.0892362279148582,-4.4033041079353845,1.0,0,197.68492,15.202127,0.73,9.49275,3225523968.0,>40,>0,>0,OK,1,1,0,1,1,ledger
ARCB,NASDAQ:ARCB,ArcBest Corporation,Daily,2025-05-27,2025-06-02,64.19999694824219,62.38999938964844,1.960976562863443,-44.146298346653765,-0.4414629834665377,-2.8193109729474966,4.0,0,197.68492,15.202127,0.73,9.49275,3225523968.0,>40,>0,>0,OK,1,1,0,1,1,ledger
ARCB,NASDAQ:ARCB,ArcBest Corporation,Daily,2026-01-02,2026-01-20,77.16999816894531,86.29000091552734,1.6985524040354005,264.34813953179804,2.64348139531798,11.818067854058983,11.0,1,197.68492,15.202127,0.73,9.49275,3225523968.0,>40,>0,>0,OK,1,1,0,1,1,ledger
ARCB,NASDAQ:ARCB,ArcBest Corporation,Daily,2026-03-18,2026-03-27,87.08000183105469,92.47000122070312,5.398854786174191,112.61543392561842,1.1261543392561841,6.18970977987077,7.0,1,197.68492,15.202127,0.73,9.49275,3225523968.0,>40,>0,>0,OK,1,1,0,1,1,ledger
ARCB,NASDAQ:ARCB,ArcBest Corporation,Daily,2026-05-14,2026-05-19,118.9000015258789,118.69999694824219,1.812080554095294,-2.2371870583657056,-0.022371870583657055,-0.16821242646762052,3.0,0,197.68492,15.202127,0.73,9.49275,3225523968.0,>40,>0,>0,OK,1,1,0,1,1,ledger
ARCB,NASDAQ:ARCB,ArcBest Corporation,Daily,2026-06-25,2026-06-29,150.02000427246094,145.80999755859375,3.041047340500495,-48.00461417205016,-0.4800461417205016,-2.8062968897275358,2.0,0,197.68492,15.202127,0.73,9.49275,3225523968.0,>40,>0,>0,OK,1,1,0,1,1,ledger
ARCB,NASDAQ:ARCB,ArcBest Corporation,Weekly,2021-07-30,2021-08-20,59.11000061035156,64.4800033569336,5.32274159400908,82.01761328741647,0.8201761328741647,9.084761785033066,3.0,1,197.68492,15.202127,0.73,9.49275,3225523968.0,>40,>0,>0,OK,1,1,0,1,1,ledger
ARCB,NASDAQ:ARCB,ArcBest Corporation,Weekly,2022-03-18,2022-04-01,93.29000091552734,75.0,2.161554399618062,-124.67623175471935,-1.2467623175471936,-19.605531928431063,2.0,0,197.68492,15.202127,0.73,9.49275,3225523968.0,>40,>0,>0,OK,1,1,0,1,1,ledger
ARCB,NASDAQ:ARCB,ArcBest Corporation,Weekly,2022-10-28,2022-12-09,77.36000061035156,77.0999984741211,1.8022721716197025,-2.9545687052748577,-0.029545687052748574,-0.336093761865454,6.0,0,197.68492,15.202127,0.73,9.49275,3225523968.0,>40,>0,>0,OK,1,1,0,1,1,ledger
ARCB,NASDAQ:ARCB,ArcBest Corporation,Weekly,2026-03-27,2026-05-08,92.47000122070312,120.97000122070312,2.1017461349249724,292.9084292626777,2.929084292626777,30.82080634126685,6.0,1,197.68492,15.202127,0.73,9.49275,3225523968.0,>40,>0,>0,OK,1,1,0,1,1,ledger
ARCB,NASDAQ:ARCB,ArcBest Corporation,Monthly,2021-08-31,2022-01-31,66.7300033569336,88.44000244140625,1.9632292959890956,156.52483623208096,1.5652483623208095,32.534089603364116,5.0,1,197.68492,15.202127,0.73,9.49275,3225523968.0,>40,>0,>0,OK,1,1,0,1,1,ledger
ARCB,NASDAQ:ARCB,ArcBest Corporation,Monthly,2022-07-31,2022-09-30,88.5999984741211,72.7300033569336,1.5529014326925488,-67.70477231102028,-0.6770477231102028,-17.91195868002517,2.0,0,197.68492,15.202127,0.73,9.49275,3225523968.0,>40,>0,>0,OK,1,1,0,1,1,ledger
ARCC,NASDAQ:ARCC,Ares Capital Corporation,Daily,2025-08-27,2025-09-09,22.309999465942383,22.239999771118164,3.827601402234894,-24.137908354873293,-0.24137908354873291,-0.31375928507339357,8.0,0,14.343065,10.16786,1.37,1.93256,14109149184.0,"(0,15]",>0,>0,OK,1,1,1,1,1,ledger
ARCC,NASDAQ:ARCC,Ares Capital Corporation,Daily,2025-12-26,2026-01-07,20.200000762939453,20.18000030517578,2.268289619367504,-4.878162245647987,-0.04878162245647987,-0.09901216340727237,7.0,0,14.343065,10.16786,1.37,1.93256,14109149184.0,"(0,15]",>0,>0,OK,1,1,1,1,1,ledger
ARCC,NASDAQ:ARCC,Ares Capital Corporation,Weekly,2021-12-10,2021-12-17,20.75,19.65999984741211,1.596771662990411,-175.8062382521327,-1.7580623825213268,-5.253012783556099,1.0,0,14.343065,10.16786,1.37,1.93256,14109149184.0,"(0,15]",>0,>0,OK,1,1,1,1,1,ledger
ARCC,NASDAQ:ARCC,Ares Capital Corporation,Weekly,2024-06-28,2024-07-19,20.84000015258789,20.709999084472656,1.9866880315130873,-25.827156610845375,-0.25827156610845375,-0.6238055046227577,3.0,0,14.343065,10.16786,1.37,1.93256,14109149184.0,"(0,15]",>0,>0,OK,1,1,1,1,1,ledger
ARCO,NASDAQ:ARCO,Arcos Dorados Holdings Inc. Class A Shares,Daily,2024-11-25,2024-11-26,8.430000305175781,8.229999542236328,1.6508666136032195,-73.37216048404561,-0.7337216048404561,-2.3724882052098897,1.0,0,7.446429,9.782877,1.12,0.85251,1756929920.0,"(0,15]",>0,>0,OK,1,1,1,0,1,ledger
ARCO,NASDAQ:ARCO,Arcos Dorados Holdings Inc. Class A Shares,Daily,2025-08-22,2025-08-25,7.110000133514404,6.940000057220459,2.8293794660250446,-78.85163865645856,-0.7885163865645856,-2.3909996216823686,1.0,0,7.446429,9.782877,1.12,0.85251,1756929920.0,"(0,15]",>0,>0,OK,1,1,1,0,1,ledger
ARCO,NASDAQ:ARCO,Arcos Dorados Holdings Inc. Class A Shares,Daily,2025-11-05,2025-11-13,7.119999885559082,7.329999923706055,3.3888928625356636,116.66679912155915,1.1666679912155915,2.949438785426088,6.0,1,7.446429,9.782877,1.12,0.85251,1756929920.0,"(0,15]",>0,>0,OK,1,1,1,0,1,ledger
ARCO,NASDAQ:ARCO,Arcos Dorados Holdings Inc. Class A Shares,Daily,2025-11-26,2025-12-04,7.309999942779541,7.630000114440918,2.3043485472016916,139.13049788014803,1.3913049788014802,4.377567362055282,5.0,1,7.446429,9.782877,1.12,0.85251,1756929920.0,"(0,15]",>0,>0,OK,1,1,1,0,1,ledger
ARCO,NASDAQ:ARCO,Arcos Dorados Holdings Inc. Class A Shares,Daily,2026-01-21,2026-02-11,7.619999885559082,8.40999984741211,1.869566389202749,343.47821579989426,3.4347821579989426,10.367453723328564,15.0,1,7.446429,9.782877,1.12,0.85251,1756929920.0,"(0,15]",>0,>0,OK,1,1,1,0,1,ledger
ARCO,NASDAQ:ARCO,Arcos Dorados Holdings Inc. Class A Shares,Weekly,2017-07-14,2017-12-08,8.199999809265137,9.649999618530273,1.6625004991890786,181.25004097820795,1.8125004097820794,17.682924914544383,21.0,1,7.446429,9.782877,1.12,0.85251,1756929920.0,"(0,15]",>0,>0,OK,1,1,1,0,1,ledger
ARCO,NASDAQ:ARCO,Arcos Dorados Holdings Inc. Class A Shares,Weekly,2019-03-15,2019-03-22,8.260000228881836,7.900000095367432,1.8774094642921324,-70.40287822393826,-0.7040287822393825,-4.358355006524471,1.0,0,7.446429,9.782877,1.12,0.85251,1756929920.0,"(0,15]",>0,>0,OK,1,1,1,0,1,ledger
ARCO,NASDAQ:ARCO,Arcos Dorados Holdings Inc. Class A Shares,Weekly,2026-03-27,2026-05-01,8.069999694824219,8.779999732971191,1.5423734703823346,120.33905565177615,1.2033905565177614,8.798018153610823,5.0,1,7.446429,9.782877,1.12,0.85251,1756929920.0,"(0,15]",>0,>0,OK,1,1,1,0,1,ledger
ARDT,NASDAQ:ARDT,"Ardent Health, Inc.",Daily,2024-08-12,2024-08-21,16.1299991607666,16.90999984741211,1.7453207448700327,67.06162162264347,0.6706162162264346,4.835714365954357,7.0,1,11.315789,8.634538,0.95,1.245,1541012864.0,"(0,15]",>0,>0,OK,1,1,1,1,1,ledger
ARDT,NASDAQ:ARDT,"Ardent Health, Inc.",Daily,2024-10-29,2024-10-31,18.700000762939453,17.399999618530273,1.741378289765758,-112.0690789149158,-1.120690789149158,-6.951877493960233,2.0,0,11.315789,8.634538,0.95,1.245,1541012864.0,"(0,15]",>0,>0,OK,1,1,1,1,1,ledger
ARGX,NASDAQ:ARGX,argenx SE,Daily,2025-01-23,2025-02-04,652.1900024414062,651.2999877929688,1.5919222396068664,-5.445169288677618,-0.054451692886776176,-0.13646554609942219,8.0,0,31.641064,21.760159,26.69,38.80946,52832755712.0,"(25,40]",>0,>0,OK,1,1,0,1,1,ledger
ARGX,NASDAQ:ARGX,argenx SE,Daily,2025-03-27,2025-04-01,593.469970703125,567.0900268554688,2.032018362371475,-159.84635652834586,-1.5984635652834585,-4.4450343151149,3.0,0,31.641064,21.760159,26.69,38.80946,52832755712.0,"(25,40]",>0,>0,OK,1,1,0,1,1,ledger
ARGX,NASDAQ:ARGX,argenx SE,Daily,2025-05-19,2025-05-22,578.0999755859375,581.4400024414062,1.6498270732521692,6.817774078928353,0.06817774078928353,0.5777593835881831,3.0,1,31.641064,21.760159,26.69,38.80946,52832755712.0,"(25,40]",>0,>0,OK,1,1,0,1,1,ledger
ARGX,NASDAQ:ARGX,argenx SE,Daily,2025-08-14,2025-09-12,652.4299926757812,756.3800048828125,2.0885008837858066,495.94419482308274,4.959441948230827,15.932745792495808,20.0,1,31.641064,21.760159,26.69,38.80946,52832755712.0,"(25,40]",>0,>0,OK,1,1,0,1,1,ledger
ARGX,NASDAQ:ARGX,argenx SE,Daily,2025-09-22,2025-09-23,740.030029296875,734.3900146484375,2.3995146824698645,-34.70076399556639,-0.3470076399556639,-0.7621332142151379,1.0,0,31.641064,21.760159,26.69,38.80946,52832755712.0,"(25,40]",>0,>0,OK,1,1,0,1,1,ledger
ARGX,NASDAQ:ARGX,argenx SE,Daily,2026-02-10,2026-02-13,833.1599731445312,821.9600219726562,2.0941598351710318,-48.13147532028516,-0.48131475320285166,-1.3442737928952457,3.0,0,31.641064,21.760159,26.69,38.80946,52832755712.0,"(25,40]",>0,>0,OK,1,1,0,1,1,ledger
ARGX,NASDAQ:ARGX,argenx SE,Weekly,2018-07-13,2018-08-10,88.91999816894531,89.75,2.0148585071488134,11.877386596364953,0.11877386596364954,0.9334253802813953,4.0,1,31.641064,21.760159,26.69,38.80946,52832755712.0,"(25,40]",>0,>0,OK,1,1,0,1,1,ledger
ARGX,NASDAQ:ARGX,argenx SE,Monthly,2021-06-30,2021-11-30,301.07000732421875,279.2099914550781,1.5338627626952344,-41.354550920795454,-0.4135455092079545,-7.2607750148954,5.0,0,31.641064,21.760159,26.69,38.80946,52832755712.0,"(25,40]",>0,>0,OK,1,1,0,1,1,ledger
ARHS,NASDAQ:ARHS,"Arhaus, Inc.",Daily,2024-09-27,2024-09-30,12.729999542236328,12.3100004196167,1.9220695547653048,-65.10218183545244,-0.6510218183545243,-3.2992862350554812,1.0,0,16.897959,14.934257,0.49,0.55443,1171951744.0,"(15,25]",>0,>0,OK,1,1,1,1,1,ledger
ARHS,NASDAQ:ARHS,"Arhaus, Inc.",Weekly,2022-10-21,2022-12-23,7.739999771118164,9.239999771118164,1.779236747885275,134.11333813009966,1.3411333813009967,19.379845534327472,9.0,1,16.897959,14.934257,0.49,0.55443,1171951744.0,"(15,25]",>0,>0,OK,1,1,1,1,1,ledger
ARHS,NASDAQ:ARHS,"Arhaus, Inc.",Weekly,2023-11-24,2024-01-05,9.119999885559082,11.350000381469727,2.49359005513277,142.94875498119092,1.429487549811909,24.451760130410783,6.0,1,16.897959,14.934257,0.49,0.55443,1171951744.0,"(15,25]",>0,>0,OK,1,1,1,1,1,ledger
ARHS,NASDAQ:ARHS,"Arhaus, Inc.",Monthly,2025-01-31,2025-03-31,12.279999732971191,8.699999809265137,1.891959949507971,-89.94975717244638,-0.8994975717244638,-29.15309447518905,2.0,0,16.897959,14.934257,0.49,0.55443,1171951744.0,"(15,25]",>0,>0,OK,1,1,1,1,1,ledger
ARI,NASDAQ:ARI,"Apollo Commercial Real Estate Finance, Inc.",Daily,2026-02-26,2026-02-27,10.720000267028809,10.600000381469727,1.8148108902358044,-44.44432670707413,-0.44444326707074133,-1.1194018896451168,1.0,0,8.382716,8.934211,0.81,0.76,889131840.0,"(0,15]",>0,>0,OK,1,1,1,0,1,ledger
ARI,NASDAQ:ARI,"Apollo Commercial Real Estate Finance, Inc.",Weekly,2017-01-13,2017-05-05,17.09000015258789,18.59000015258789,1.6031722484271969,238.0948344242542,2.3809483442425416,8.77706253134737,16.0,1,8.382716,8.934211,0.81,0.76,889131840.0,"(0,15]",>0,>0,OK,1,1,1,0,1,ledger
ARKO,NASDAQ:ARKO,ARKO Corp. - Common Stock,Daily,2024-09-12,2024-10-02,6.050000190734863,6.710000038146973,3.032252606449906,212.90288839872144,2.1290288839872145,10.909088043052483,14.0,1,37.449997,149.79999,0.2,0.05,840271040.0,"(25,40]",>0,>0,OK,1,1,0,0,1,ledger
ARKO,NASDAQ:ARKO,ARKO Corp. - Common Stock,Daily,2025-06-03,2025-06-12,4.400000095367432,4.480000019073486,3.3442588863596567,26.229456937739197,0.262294569377392,1.8181800448205245,7.0,1,37.449997,149.79999,0.2,0.05,840271040.0,"(25,40]",>0,>0,OK,1,1,0,0,1,ledger
ARKO,NASDAQ:ARKO,ARKO Corp. - Common Stock,Daily,2026-06-23,2026-06-25,7.710000038146973,7.429999828338623,2.9476276304492357,-78.97954973263731,-0.7897954973263731,-3.631649914695008,2.0,0,37.449997,149.79999,0.2,0.05,840271040.0,"(25,40]",>0,>0,OK,1,1,0,0,1,ledger
ARKO,NASDAQ:ARKO,ARKO Corp. - Common Stock,Weekly,2019-11-15,2020-03-13,9.949999809265137,9.899999618530273,10.20403488119994,-7.426545834413424,-0.07426545834413423,-0.5025144893802372,17.0,0,37.449997,149.79999,0.2,0.05,840271040.0,"(25,40]",>0,>0,OK,1,1,0,0,1,ledger
ARKO,NASDAQ:ARKO,ARKO Corp. - Common Stock,Weekly,2026-03-27,2026-06-19,5.460000038146973,7.489999771118164,2.1903487215174495,357.1411830128403,3.571411830128403,37.17948202909056,12.0,1,37.449997,149.79999,0.2,0.05,840271040.0,"(25,40]",>0,>0,OK,1,1,0,0,1,ledger
ARL,NASDAQ:ARL,"American Realty Investors, Inc.",Daily,2025-06-16,2025-06-20,14.4399995803833,14.460000038146973,1.6935490073325263,3.225880879903156,0.032258808799031556,0.13850732925811468,3.0,1,20.447369,,0.76,,251002752.0,"(15,25]",>0,missing,OK,1,1,1,0,1,ledger
ARL,NASDAQ:ARL,"American Realty Investors, Inc.",Daily,2026-02-20,2026-02-27,17.299999237060547,17.100000381469727,2.365780705196921,-37.85227468945824,-0.3785227468945824,-1.1560628000628874,5.0,0,20.447369,,0.76,,251002752.0,"(15,25]",>0,missing,OK,1,1,1,0,1,ledger
ARL,NASDAQ:ARL,"American Realty Investors, Inc.",Daily,2026-06-09,2026-06-12,15.0,14.90999984741211,1.9871791971898405,-5.769238998666689,-0.057692389986666905,-0.6000010172526041,3.0,0,20.447369,,0.76,,251002752.0,"(15,25]",>0,missing,OK,1,1,1,0,1,ledger
ARL,NASDAQ:ARL,"American Realty Investors, Inc.",Daily,2026-07-08,2026-07-10,21.43000030517578,20.780000686645508,2.699342432438075,-58.291409234182105,-0.582914092341821,-3.033129301324766,2.0,0,20.447369,,0.76,,251002752.0,"(15,25]",>0,missing,OK,1,1,1,0,1,ledger
ARL,NASDAQ:ARL,"American Realty Investors, Inc.",Weekly,2017-09-15,2017-12-29,8.609999656677246,12.850000381469727,2.2622965428504873,695.0824772407841,6.950824772407842,49.245074260882994,15.0,1,20.447369,,0.76,,251002752.0,"(15,25]",>0,missing,OK,1,1,1,0,1,ledger
ARL,NASDAQ:ARL,"American Realty Investors, Inc.",Weekly,2021-02-19,2021-02-26,10.25,9.1899995803833,2.142857142857143,-60.571452549525674,-0.6057145254952567,-10.341467508455603,1.0,0,20.447369,,0.76,,251002752.0,"(15,25]",>0,missing,OK,1,1,1,0,1,ledger
ARL,NASDAQ:ARL,"American Realty Investors, Inc.",Weekly,2022-07-22,2022-08-05,15.4399995803833,14.420000076293945,3.170500749318544,-42.66370471895612,-0.4266370471895612,-6.606214584262533,2.0,0,20.447369,,0.76,,251002752.0,"(15,25]",>0,missing,OK,1,1,1,0,1,ledger
ARL,NASDAQ:ARL,"American Realty Investors, Inc.",Weekly,2024-05-31,2024-08-09,14.09000015258789,16.6299991607666,6.706060430050489,143.4994808243855,1.434994808243855,18.0269622474929,10.0,1,20.447369,,0.76,,251002752.0,"(15,25]",>0,missing,OK,1,1,1,0,1,ledger
ARL,NASDAQ:ARL,"American Realty Investors, Inc.",Monthly,2019-04-30,2019-05-31,13.710000038146973,11.529999732971191,2.8571130576218486,-79.24309935873956,-0.7924309935873957,-15.900804515755695,1.0,0,20.447369,,0.76,,251002752.0,"(15,25]",>0,missing,OK,1,1,1,0,1,ledger
ARL,NASDAQ:ARL,"American Realty Investors, Inc.",Monthly,2023-06-30,2023-09-30,21.780000686645508,14.619999885559082,1.8579542026868325,-135.60605814305907,-1.3560605814305908,-32.874199152236976,3.0,0,20.447369,,0.76,,251002752.0,"(15,25]",>0,missing,OK,1,1,1,0,1,ledger
ARLO,NASDAQ:ARLO,"Arlo Technologies, Inc.",Daily,2024-08-06,2024-08-09,13.329999923706055,11.399999618530273,5.256098865824952,-235.36597847021278,-2.3536597847021277,-14.478622027172491,3.0,0,53.1,16.207802,0.3,0.98286,1730154368.0,>40,>0,>0,OK,1,1,0,1,1,ledger
ARLO,NASDAQ:ARLO,"Arlo Technologies, Inc.",Daily,2025-03-05,2025-03-10,12.279999732971191,10.970000267028809,1.8250007351240691,-109.16663951343529,-1.0916663951343528,-10.667748325963714,3.0,0,53.1,16.207802,0.3,0.98286,1730154368.0,>40,>0,>0,OK,1,1,0,1,1,ledger
ARLO,NASDAQ:ARLO,"Arlo Technologies, Inc.",Daily,2026-03-17,2026-03-26,14.09000015258789,14.220000267028809,3.257144725566517,18.57144998044967,0.18571449980449672,0.9226409725555683,7.0,1,53.1,16.207802,0.3,0.98286,1730154368.0,>40,>0,>0,OK,1,1,0,1,1,ledger
ARLO,NASDAQ:ARLO,"Arlo Technologies, Inc.",Weekly,2019-02-22,2019-03-22,3.990000009536743,4.090000152587891,9.69379387610985,4.90081270147907,0.0490081270147907,2.5062692434118046,4.0,1,53.1,16.207802,0.3,0.98286,1730154368.0,>40,>0,>0,OK,1,1,0,1,1,ledger
ARLO,NASDAQ:ARLO,"Arlo Technologies, Inc.",Weekly,2020-11-20,2021-01-01,5.369999885559082,7.789999961853027,1.855769592276705,232.69232356336752,2.3269232356336755,45.06517928988734,6.0,1,53.1,16.207802,0.3,0.98286,1730154368.0,>40,>0,>0,OK,1,1,0,1,1,ledger
ARLO,NASDAQ:ARLO,"Arlo Technologies, Inc.",Weekly,2021-05-07,2021-07-02,6.679999828338623,6.659999847412109,2.000713313244922,-1.7943599893306459,-0.01794359989330646,-0.29940091976750616,8.0,0,53.1,16.207802,0.3,0.98286,1730154368.0,>40,>0,>0,OK,1,1,0,1,1,ledger
ARLO,NASDAQ:ARLO,"Arlo Technologies, Inc.",Weekly,2022-02-04,2022-04-08,8.710000038146973,8.369999885559082,1.7786881978138975,-27.868858866394167,-0.27868858866394164,-3.903560862213552,9.0,0,53.1,16.207802,0.3,0.98286,1730154368.0,>40,>0,>0,OK,1,1,0,1,1,ledger
ARLP,NASDAQ:ARLP,"Alliance Resource Partners, L.P.",Daily,2024-10-18,2024-10-22,25.100000381469727,24.989999771118164,1.9148878319589637,-23.404324394519836,-0.23404324394519838,-0.4382494369712094,2.0,0,12.737623,8.841924,2.02,2.91,3310390784.0,"(0,15]",>0,>0,OK,1,1,1,1,1,ledger
ARLP,NASDAQ:ARLP,"Alliance Resource Partners, L.P.",Daily,2024-12-13,2024-12-16,26.65999984741211,25.920000076293945,1.956897203760766,-63.793092108508425,-0.6379309210850842,-2.7756930808459703,1.0,0,12.737623,8.841924,2.02,2.91,3310390784.0,"(0,15]",>0,>0,OK,1,1,1,1,1,ledger
ARLP,NASDAQ:ARLP,"Alliance Resource Partners, L.P.",Daily,2026-04-23,2026-05-01,25.229999542236328,26.149999618530273,5.209881485283971,113.5803312195501,1.135803312195501,3.646453004304726,6.0,1,12.737623,8.841924,2.02,2.91,3310390784.0,"(0,15]",>0,>0,OK,1,1,1,1,1,ledger
ARLP,NASDAQ:ARLP,"Alliance Resource Partners, L.P.",Weekly,2020-07-24,2020-09-04,3.390000104904175,3.0999999046325684,2.1466859671089926,-38.908718140857076,-0.38908718140857074,-8.554577914380443,6.0,0,12.737623,8.841924,2.02,2.91,3310390784.0,"(0,15]",>0,>0,OK,1,1,1,1,1,ledger
ARLP,NASDAQ:ARLP,"Alliance Resource Partners, L.P.",Weekly,2025-01-03,2025-02-07,26.56999969482422,26.6200008392334,1.8280263675813844,3.1847868871578315,0.03184786887157831,0.18818646964049385,5.0,1,12.737623,8.841924,2.02,2.91,3310390784.0,"(0,15]",>0,>0,OK,1,1,1,1,1,ledger
ARLP,NASDAQ:ARLP,"Alliance Resource Partners, L.P.",Weekly,2026-05-01,2026-06-19,26.149999618530273,23.520000457763672,1.9075156171101346,-152.02311310249632,-1.5202311310249632,-10.057358314081755,7.0,0,12.737623,8.841924,2.02,2.91,3310390784.0,"(0,15]",>0,>0,OK,1,1,1,1,1,ledger
ARLP,NASDAQ:ARLP,"Alliance Resource Partners, L.P.",Monthly,2018-01-31,2018-02-28,20.5,17.799999237060547,2.1206898025893905,-93.10348683107138,-0.9310348683107137,-13.170735428972943,1.0,0,12.737623,8.841924,2.02,2.91,3310390784.0,"(0,15]",>0,>0,OK,1,1,1,1,1,ledger
ARM,NASDAQ:ARM,Arm Holdings plc,Daily,2024-10-25,2024-10-31,143.75,141.3000030517578,3.0722594176533757,-36.87910263060272,-0.3687910263060272,-1.704345703125,4.0,0,286.2857,91.40668,0.98,3.06936,299637669888.0,>40,>0,>0,OK,1,1,0,1,1,ledger
ARM,NASDAQ:ARM,Arm Holdings plc,Daily,2025-01-30,2025-02-10,153.22999572753906,160.83999633789062,2.717192282790937,69.73972528033404,0.6973972528033404,4.966390930326095,7.0,1,286.2857,91.40668,0.98,3.06936,299637669888.0,>40,>0,>0,OK,1,1,0,1,1,ledger
ARM,NASDAQ:ARM,Arm Holdings plc,Daily,2025-07-15,2025-07-22,147.11000061035156,156.5,3.307329927681475,146.48976638116957,1.4648976638116957,6.382978282026939,5.0,1,286.2857,91.40668,0.98,3.06936,299637669888.0,>40,>0,>0,OK,1,1,0,1,1,ledger
ARM,NASDAQ:ARM,Arm Holdings plc,Daily,2025-09-30,2025-10-10,141.49000549316406,154.80999755859375,3.4261383200594735,262.2767313009084,2.622767313009084,9.414086895397872,8.0,1,286.2857,91.40668,0.98,3.06936,299637669888.0,>40,>0,>0,OK,1,1,0,1,1,ledger
ARM,NASDAQ:ARM,Arm Holdings plc,Daily,2025-10-31,2025-11-04,169.82000732421875,160.72999572753906,1.7140118209297377,-116.79453977692035,-1.1679453977692034,-5.352733014152522,2.0,0,286.2857,91.40668,0.98,3.06936,299637669888.0,>40,>0,>0,OK,1,1,0,1,1,ledger
ARM,NASDAQ:ARM,Arm Holdings plc,Daily,2026-04-30,2026-05-04,210.32000732421875,203.25999450683594,1.667274786460687,-43.02261573337945,-0.43022615733379455,-3.356795631192353,2.0,0,286.2857,91.40668,0.98,3.06936,299637669888.0,>40,>0,>0,OK,1,1,0,1,1,ledger
ARM,NASDAQ:ARM,Arm Holdings plc,Daily,2026-06-29,2026-07-01,343.5799865722656,337.4700012207031,2.734154323772529,-15.30941985211467,-0.1530941985211467,-1.7783298184853322,2.0,0,286.2857,91.40668,0.98,3.06936,299637669888.0,>40,>0,>0,OK,1,1,0,1,1,ledger
ARM,NASDAQ:ARM,Arm Holdings plc,Weekly,2024-08-16,2024-09-06,130.3000030517578,117.29000091552734,1.7375148040647166,-38.6742044360258,-0.386742044360258,-9.98465221145285,3.0,0,286.2857,91.40668,0.98,3.06936,299637669888.0,>40,>0,>0,OK,1,1,0,1,1,ledger
AROW,NASDAQ:AROW,Arrow Financial Corporation,Daily,2024-08-15,2024-08-20,28.209999084472656,28.309999465942383,4.168143878334698,8.849597852965253,0.08849597852965255,0.3544855892064483,3.0,1,13.031949,9.500784,3.13,4.29333,674218688.0,"(0,15]",>0,>0,OK,1,1,1,1,1,ledger
AROW,NASDAQ:AROW,Arrow Financial Corporation,Daily,2026-03-04,2026-03-05,33.95000076293945,32.9900016784668,1.8582071494250911,-71.64171456388621,-0.716417145638862,-2.827685015903186,1.0,0,13.031949,9.500784,3.13,4.29333,674218688.0,"(0,15]",>0,>0,OK,1,1,1,1,1,ledger
AROW,NASDAQ:AROW,Arrow Financial Corporation,Daily,2026-04-27,2026-04-29,36.58000183105469,36.060001373291016,1.7217493451216939,-59.29214853090128,-0.5929214853090128,-1.4215430063817442,2.0,0,13.031949,9.500784,3.13,4.29333,674218688.0,"(0,15]",>0,>0,OK,1,1,1,1,1,ledger
AROW,NASDAQ:AROW,Arrow Financial Corporation,Weekly,2017-03-17,2017-03-24,31.763412475585938,29.8975887298584,2.9024406845687203,-102.43911378446955,-1.0243911378446955,-5.874128754779268,1.0,0,13.031949,9.500784,3.13,4.29333,674218688.0,"(0,15]",>0,>0,OK,1,1,1,1,1,ledger
AROW,NASDAQ:AROW,Arrow Financial Corporation,Weekly,2020-10-09,2020-11-06,26.39805793762207,25.786407470703125,1.675374551190984,-23.507476362847335,-0.23507476362847338,-2.3170282767173993,4.0,0,13.031949,9.500784,3.13,4.29333,674218688.0,"(0,15]",>0,>0,OK,1,1,1,1,1,ledger
AROW,NASDAQ:AROW,Arrow Financial Corporation,Weekly,2024-01-26,2024-02-02,26.690000534057617,24.18000030517578,1.7328616575684992,-146.44727820508916,-1.4644727820508916,-9.404271932025496,1.0,0,13.031949,9.500784,3.13,4.29333,674218688.0,"(0,15]",>0,>0,OK,1,1,1,1,1,ledger
AROW,NASDAQ:AROW,Arrow Financial Corporation,Weekly,2024-08-16,2024-10-04,28.770000457763672,28.049999237060547,2.0845138901520968,-36.16514152377177,-0.3616514152377177,-2.5026110853217953,7.0,0,13.031949,9.500784,3.13,4.29333,674218688.0,"(0,15]",>0,>0,OK,1,1,1,1,1,ledger
AROW,NASDAQ:AROW,Arrow Financial Corporation,Weekly,2025-10-24,2025-12-26,27.559999465942383,31.469999313354492,1.583332954891213,232.73804387809318,2.327380438780932,14.187227587736134,9.0,1,13.031949,9.500784,3.13,4.29333,674218688.0,"(0,15]",>0,>0,OK,1,1,1,1,1,ledger
AROW,NASDAQ:AROW,Arrow Financial Corporation,Weekly,2026-03-27,2026-05-15,33.02000045776367,35.189998626708984,1.8453072582616552,117.08524899018208,1.1708524899018207,6.571769045615207,7.0,1,13.031949,9.500784,3.13,4.29333,674218688.0,"(0,15]",>0,>0,OK,1,1,1,1,1,ledger
ARQT,NASDAQ:ARQT,"Arcutis Biotherapeutics, Inc.",Daily,2025-08-22,2025-09-02,15.984999656677246,15.319999694824219,1.562370006235332,-79.61494193977283,-0.7961494193977283,-4.160149991465555,6.0,0,,22.967716,-0.02,1.13333,3255920384.0,missing,<=0,>0,OK,0,0,0,0,0,ledger
ARQT,NASDAQ:ARQT,"Arcutis Biotherapeutics, Inc.",Weekly,2021-12-17,2022-01-07,17.06999969482422,18.65999984741211,5.817869825743046,54.63918336634598,0.5463918336634598,9.314588055147963,3.0,1,,22.967716,-0.02,1.13333,3255920384.0,missing,<=0,>0,OK,0,0,0,0,0,ledger
ARQT,NASDAQ:ARQT,"Arcutis Biotherapeutics, Inc.",Weekly,2026-02-06,2026-02-20,27.31999969482422,25.415000915527344,1.5780146257132268,-67.5531555125087,-0.6755315551250869,-6.972909226121908,2.0,0,,22.967716,-0.02,1.13333,3255920384.0,missing,<=0,>0,OK,0,0,0,0,0,ledger
ARQT,NASDAQ:ARQT,"Arcutis Biotherapeutics, Inc.",Monthly,2022-07-31,2022-09-30,24.260000228881836,19.110000610351562,1.5576383055665441,-48.26616290258776,-0.48266162902587756,-21.228357666704117,2.0,0,,22.967716,-0.02,1.13333,3255920384.0,missing,<=0,>0,OK,0,0,0,0,0,ledger
ARTNA,NASDAQ:ARTNA,Artesian Resources Corporation,Daily,2024-08-08,2024-08-12,37.540000915527344,36.2400016784668,1.8939398318064908,-65.65654230365382,-0.6565654230365383,-3.462970712189939,2.0,0,15.237668,16.258373,2.23,2.09,350824384.0,"(15,25]",>0,>0,OK,1,1,1,0,1,ledger
ARTNA,NASDAQ:ARTNA,Artesian Resources Corporation,Daily,2024-11-18,2024-11-20,34.540000915527344,34.040000915527344,2.067953290445874,-48.543567066282975,-0.4854356706628298,-1.4475969506278348,2.0,0,15.237668,16.258373,2.23,2.09,350824384.0,"(15,25]",>0,>0,OK,1,1,1,0,1,ledger
ARTNA,NASDAQ:ARTNA,Artesian Resources Corporation,Daily,2025-03-26,2025-04-16,31.520000457763672,34.25,2.4607815638007833,267.646893828047,2.67646893828047,8.661165934608682,15.0,1,15.237668,16.258373,2.23,2.09,350824384.0,"(15,25]",>0,>0,OK,1,1,1,0,1,ledger
ARTNA,NASDAQ:ARTNA,Artesian Resources Corporation,Weekly,2017-09-08,2017-11-10,38.06999969482422,37.959999084472656,1.6530442984065268,-4.7476708833012555,-0.047476708833012554,-0.2889430292444094,9.0,0,15.237668,16.258373,2.23,2.09,350824384.0,"(15,25]",>0,>0,OK,1,1,1,0,1,ledger
ARTNA,NASDAQ:ARTNA,Artesian Resources Corporation,Weekly,2019-05-03,2019-07-26,36.02000045776367,34.869998931884766,2.310834213039209,-53.686110332439505,-0.5368611033243951,-3.1926749341032767,12.0,0,15.237668,16.258373,2.23,2.09,350824384.0,"(15,25]",>0,>0,OK,1,1,1,0,1,ledger
ARTNA,NASDAQ:ARTNA,Artesian Resources Corporation,Weekly,2022-09-16,2022-09-23,55.22999954223633,51.380001068115234,1.6903123721764655,-126.8557251208981,-1.2685572512089809,-6.970846471177071,1.0,0,15.237668,16.258373,2.23,2.09,350824384.0,"(15,25]",>0,>0,OK,1,1,1,0,1,ledger
ARWR,NASDAQ:ARWR,"Arrowhead Pharmaceuticals, Inc.",Daily,2024-08-06,2024-08-09,25.860000610351562,23.40999984741211,2.87974649162517,-155.06334691413912,-1.5506334691413912,-9.474093987293783,3.0,0,,-19.4661,-2.27,-4.60236,12619380736.0,missing,<=0,<=0,OK,0,0,0,0,0,ledger
ARWR,NASDAQ:ARWR,"Arrowhead Pharmaceuticals, Inc.",Daily,2024-12-06,2024-12-12,23.610000610351562,22.139999389648438,2.2992487261232832,-90.61391015814729,-0.9061391015814728,-6.226180358752799,4.0,0,,-19.4661,-2.27,-4.60236,12619380736.0,missing,<=0,<=0,OK,0,0,0,0,0,ledger
ARWR,NASDAQ:ARWR,"Arrowhead Pharmaceuticals, Inc.",Daily,2025-02-04,2025-02-10,19.68000030517578,19.920000076293945,1.8061663644598003,21.145350019409577,0.21145350019409578,1.2195110131936575,4.0,1,,-19.4661,-2.27,-4.60236,12619380736.0,missing,<=0,<=0,OK,0,0,0,0,0,ledger
ARWR,NASDAQ:ARWR,"Arrowhead Pharmaceuticals, Inc.",Daily,2025-10-13,2025-10-17,36.25,36.810001373291016,2.1225706343556583,37.496629549846816,0.3749662954984681,1.5448313745959052,4.0,1,,-19.4661,-2.27,-4.60236,12619380736.0,missing,<=0,<=0,OK,0,0,0,0,0,ledger
ARWR,NASDAQ:ARWR,"Arrowhead Pharmaceuticals, Inc.",Daily,2026-01-21,2026-01-23,67.5999984741211,67.05000305175781,1.5394972034087382,-9.243625284980471,-0.09243625284980471,-0.8136027141684519,2.0,0,,-19.4661,-2.27,-4.60236,12619380736.0,missing,<=0,<=0,OK,0,0,0,0,0,ledger
ARWR,NASDAQ:ARWR,"Arrowhead Pharmaceuticals, Inc.",Weekly,2016-12-23,2017-01-27,1.590000033378601,1.7799999713897705,8.901045225018033,25.50826517930509,0.2550826517930509,11.949681385064965,5.0,1,,-19.4661,-2.27,-4.60236,12619380736.0,missing,<=0,<=0,OK,0,0,0,0,0,ledger
ARWR,NASDAQ:ARWR,"Arrowhead Pharmaceuticals, Inc.",Weekly,2021-04-23,2021-05-07,71.58999633789062,66.37999725341797,1.8979232118729137,-47.06414655334909,-0.47064146553349095,-7.277551824255572,2.0,0,,-19.4661,-2.27,-4.60236,12619380736.0,missing,<=0,<=0,OK,0,0,0,0,0,ledger
ARWR,NASDAQ:ARWR,"Arrowhead Pharmaceuticals, Inc.",Weekly,2023-07-21,2023-08-04,36.08000183105469,31.649999618530273,1.693119925724464,-117.19574530353566,-1.1719574530353565,-12.278276019131,2.0,0,,-19.4661,-2.27,-4.60236,12619380736.0,missing,<=0,<=0,OK,0,0,0,0,0,ledger
ARWR,NASDAQ:ARWR,"Arrowhead Pharmaceuticals, Inc.",Weekly,2026-04-03,2026-07-17,61.029998779296875,74.30000305175781,2.2439382486889357,189.30110484760525,1.8930110484760525,21.743412318340898,15.0,1,,-19.4661,-2.27,-4.60236,12619380736.0,missing,<=0,<=0,OK,0,0,0,0,0,ledger
ASA,NASDAQ:ASA,ASA Gold and Precious Metals Limited,Daily,2024-07-30,2024-08-01,18.770000457763672,18.639999389648438,3.2181759542792143,-23.636508657610825,-0.23636508657610825,-0.6926002394499845,2.0,0,1.3409444,,38.54,,970961600.0,"(0,15]",>0,missing,OK,1,1,0,0,1,ledger
ASA,NASDAQ:ASA,ASA Gold and Precious Metals Limited,Daily,2024-09-05,2024-09-06,19.100000381469727,18.760000228881836,1.627116671515857,-57.627129602689685,-0.5762712960268969,-1.7801054753786762,1.0,0,1.3409444,,38.54,,970961600.0,"(0,15]",>0,missing,OK,1,1,0,0,1,ledger
ASA,NASDAQ:ASA,ASA Gold and Precious Metals Limited,Daily,2024-11-07,2024-11-11,21.670000076293945,20.350000381469727,1.7076942489003395,-203.07699530791962,-2.0307699530791963,-6.091369128642699,2.0,0,1.3409444,,38.54,,970961600.0,"(0,15]",>0,missing,OK,1,1,0,0,1,ledger
ASA,NASDAQ:ASA,ASA Gold and Precious Metals Limited,Daily,2026-02-03,2026-02-05,67.30999755859375,63.220001220703125,2.0761922754140767,-77.90474875658944,-0.7790474875658944,-6.07635787585679,2.0,0,1.3409444,,38.54,,970961600.0,"(0,15]",>0,missing,OK,1,1,0,0,1,ledger
ASA,NASDAQ:ASA,ASA Gold and Precious Metals Limited,Weekly,2016-10-21,2016-11-11,13.819999694824219,11.619999885559082,2.8965526313193264,-189.6551809186187,-1.8965518091861868,-15.918957003226758,3.0,0,1.3409444,,38.54,,970961600.0,"(0,15]",>0,missing,OK,1,1,0,0,1,ledger
ASA,NASDAQ:ASA,ASA Gold and Precious Metals Limited,Weekly,2019-10-25,2020-02-28,12.529999732971191,12.329999923706055,1.7183101429302514,-28.168985706974855,-0.28168985706974853,-1.5961677057251742,18.0,0,1.3409444,,38.54,,970961600.0,"(0,15]",>0,missing,OK,1,1,0,0,1,ledger
ASA,NASDAQ:ASA,ASA Gold and Precious Metals Limited,Weekly,2023-03-03,2023-05-19,14.859999656677246,16.059999465942383,2.052857998781826,121.35120842508806,1.2135120842508804,8.075369024156904,11.0,1,1.3409444,,38.54,,970961600.0,"(0,15]",>0,missing,OK,1,1,0,0,1,ledger
ASA,NASDAQ:ASA,ASA Gold and Precious Metals Limited,Weekly,2024-12-06,2024-12-20,20.639999389648438,20.0,1.7398391003513864,-52.032490067827204,-0.5203249006782721,-3.1007723283626447,2.0,0,1.3409444,,38.54,,970961600.0,"(0,15]",>0,missing,OK,1,1,0,0,1,ledger
ASC,NASDAQ:ASC,Ardmore Shipping Corporation Common Stock,Daily,2025-08-13,2025-09-19,10.59000015258789,12.710000038146973,1.8809519484471007,504.7617858229526,5.047617858229526,20.01888437216892,26.0,1,6.5797668,21.00621,2.57,0.805,689972224.0,"(0,15]",>0,>0,OK,1,1,1,0,1,ledger
ASC,NASDAQ:ASC,Ardmore Shipping Corporation Common Stock,Daily,2025-10-03,2025-10-06,12.079999923706055,11.699999809265137,4.100014202005357,-113.72306541001055,-1.1372306541001056,-3.1456963314643525,1.0,0,6.5797668,21.00621,2.57,0.805,689972224.0,"(0,15]",>0,>0,OK,1,1,1,0,1,ledger
ASC,NASDAQ:ASC,Ardmore Shipping Corporation Common Stock,Daily,2026-03-16,2026-03-27,14.279999732971191,15.180000305175781,3.1309519484471005,107.14290579970118,1.0714290579970118,6.30252513329235,9.0,1,6.5797668,21.00621,2.57,0.805,689972224.0,"(0,15]",>0,>0,OK,1,1,1,0,1,ledger
ASC,NASDAQ:ASC,Ardmore Shipping Corporation Common Stock,Weekly,2020-05-29,2020-06-12,5.840000152587891,4.820000171661377,1.7333328564962889,-84.9999781449688,-0.8499997814496879,-17.46575264171045,2.0,0,6.5797668,21.00621,2.57,0.805,689972224.0,"(0,15]",>0,>0,OK,1,1,1,0,1,ledger
ASC,NASDAQ:ASC,Ardmore Shipping Corporation Common Stock,Weekly,2021-05-07,2021-05-28,4.400000095367432,4.489999771118164,1.5147053409613247,13.23524513459604,0.1323524513459604,2.045447131819137,3.0,1,6.5797668,21.00621,2.57,0.805,689972224.0,"(0,15]",>0,>0,OK,1,1,1,0,1,ledger
ASC,NASDAQ:ASC,Ardmore Shipping Corporation Common Stock,Weekly,2023-04-14,2023-04-28,15.239999771118164,14.6899995803833,2.699417883633151,-35.603844693231565,-0.3560384469323156,-3.6089251902561514,2.0,0,6.5797668,21.00621,2.57,0.805,689972224.0,"(0,15]",>0,>0,OK,1,1,1,0,1,ledger
ASC,NASDAQ:ASC,Ardmore Shipping Corporation Common Stock,Weekly,2024-09-27,2024-10-18,17.959999084472656,16.760000228881836,4.059264921134577,-88.8889045872493,-0.8888890458724928,-6.6815084452219216,3.0,0,6.5797668,21.00621,2.57,0.805,689972224.0,"(0,15]",>0,>0,OK,1,1,1,0,1,ledger
ASC,NASDAQ:ASC,Ardmore Shipping Corporation Common Stock,Weekly,2026-06-12,2026-06-26,17.079999923706055,15.119999885559082,2.1929791014987576,-145.70298342262828,-1.4570298342262826,-11.475410110667541,2.0,0,6.5797668,21.00621,2.57,0.805,689972224.0,"(0,15]",>0,>0,OK,1,1,1,0,1,ledger
ASC,NASDAQ:ASC,Ardmore Shipping Corporation Common Stock,Monthly,2023-07-31,2024-10-31,14.079999923706055,14.109999656677246,2.140562415117233,1.2048086638064095,0.012048086638064094,0.213066286461279,15.0,1,6.5797668,21.00621,2.57,0.805,689972224.0,"(0,15]",>0,>0,OK,1,1,1,0,1,ledger
ASIC,NASDAQ:ASIC,Ategrity Specialty Insurance Company Holdings,Daily,2025-11-12,2025-11-19,18.290000915527344,18.280000686645508,2.7903551489400975,-1.2079738788868786,-0.012079738788868786,-0.05467593428793226,5.0,0,11.0601845,9.601164,2.16,2.48824,1147500032.0,"(0,15]",>0,>0,OK,1,1,1,1,1,ledger
ASIC,NASDAQ:ASIC,Ategrity Specialty Insurance Company Holdings,Weekly,2026-04-03,2026-05-01,19.93000030517578,19.6299991607666,2.0523601852246767,-15.60736253326057,-0.15607362533260571,-1.5052741586324512,4.0,0,11.0601845,9.601164,2.16,2.48824,1147500032.0,"(0,15]",>0,>0,OK,1,1,1,1,1,ledger
ASIX,NASDAQ:ASIX,AdvanSix Inc.,Daily,2024-09-13,2024-10-07,27.440000534057617,31.389999389648438,3.8600773809083666,444.527693308723,4.44527693308723,14.395039281024113,16.0,1,56.277775,6.926496,0.36,2.925,546190080.0,>40,>0,>0,OK,1,1,0,1,1,ledger
ASIX,NASDAQ:ASIX,AdvanSix Inc.,Daily,2024-11-01,2024-11-12,28.950000762939453,30.06999969482422,3.2517305134438983,117.86195864049158,1.1786195864049158,3.868735414054082,7.0,1,56.277775,6.926496,0.36,2.925,546190080.0,>40,>0,>0,OK,1,1,0,1,1,ledger
ASIX,NASDAQ:ASIX,AdvanSix Inc.,Daily,2025-05-16,2025-05-22,23.479999542236328,23.600000381469727,1.5976716992491835,13.222196127724205,0.13222196127724203,0.5110768380448149,4.0,1,56.277775,6.926496,0.36,2.925,546190080.0,>40,>0,>0,OK,1,1,0,1,1,ledger
ASIX,NASDAQ:ASIX,AdvanSix Inc.,Daily,2026-04-16,2026-04-17,23.700000762939453,21.56999969482422,2.1913847146996663,-208.37733303123008,-2.0837733303123005,-8.987345989650743,1.0,0,56.277775,6.926496,0.36,2.925,546190080.0,>40,>0,>0,OK,1,1,0,1,1,ledger
ASIX,NASDAQ:ASIX,AdvanSix Inc.,Monthly,2019-01-31,2019-03-31,31.639999389648438,28.56999969482422,1.639470720199727,-33.84784782932363,-0.33847847829323624,-9.702906934406014,2.0,0,56.277775,6.926496,0.36,2.925,546190080.0,>40,>0,>0,OK,1,1,0,1,1,ledger
ASLE,NASDAQ:ASLE,AerSale Corporation - Common Stock,Daily,2024-09-05,2024-09-18,5.130000114440918,5.070000171661377,5.790693032416033,-13.953465162080162,-0.13953465162080161,-1.1695895017748938,9.0,0,31.000002,12.055555,0.21,0.54,307615936.0,"(25,40]",>0,>0,OK,1,1,0,1,1,ledger
ASLE,NASDAQ:ASLE,AerSale Corporation - Common Stock,Weekly,2021-03-19,2021-11-12,12.550000190734863,18.850000381469727,1.8471336167426315,200.636926812186,2.00636926812186,50.19920394412335,34.0,1,31.000002,12.055555,0.21,0.54,307615936.0,"(25,40]",>0,>0,OK,1,1,0,1,1,ledger
ASLE,NASDAQ:ASLE,AerSale Corporation - Common Stock,Weekly,2021-12-10,2021-12-17,18.809999465942383,16.700000762939453,2.695000648498535,-105.49993515014648,-1.0549993515014648,-11.21743095646185,1.0,0,31.000002,12.055555,0.21,0.54,307615936.0,"(25,40]",>0,>0,OK,1,1,0,1,1,ledger
ASLE,NASDAQ:ASLE,AerSale Corporation - Common Stock,Weekly,2025-05-02,2025-05-09,7.110000133514404,6.090000152587891,1.7934782157998943,-110.86955394997356,-1.1086955394997358,-14.345991023523899,1.0,0,31.000002,12.055555,0.21,0.54,307615936.0,"(25,40]",>0,>0,OK,1,1,0,1,1,ledger
ASLE,NASDAQ:ASLE,AerSale Corporation - Common Stock,Weekly,2025-10-24,2025-11-07,7.949999809265137,6.144999980926514,1.5704701423087115,-242.28189337023437,-2.4228189337023434,-22.704400901180264,2.0,0,31.000002,12.055555,0.21,0.54,307615936.0,"(25,40]",>0,>0,OK,1,1,0,1,1,ledger
ASMB,NASDAQ:ASMB,"Assembly Biosciences, Inc.",Daily,2024-10-09,2024-10-21,16.0,16.59000015258789,2.0793648631124393,31.216933619738327,0.3121693361973833,3.6875009536743164,8.0,1,330.5,-12.56057,0.08,-2.105,523968096.0,>40,>0,<=0,OK,1,1,0,0,1,ledger
ASMB,NASDAQ:ASMB,"Assembly Biosciences, Inc.",Daily,2025-01-22,2025-01-27,14.949999809265137,14.069999694824219,2.994196512192077,-84.99657289490052,-0.8499657289490052,-5.886288466007507,3.0,0,330.5,-12.56057,0.08,-2.105,523968096.0,>40,>0,<=0,OK,1,1,0,0,1,ledger
ASMB,NASDAQ:ASMB,"Assembly Biosciences, Inc.",Weekly,2017-07-14,2017-10-20,267.1199951171875,374.8800048828125,1.633880071888633,245.35522372088644,2.4535522372088643,40.341423980016884,14.0,1,330.5,-12.56057,0.08,-2.105,523968096.0,>40,>0,<=0,OK,1,1,0,0,1,ledger
ASMB,NASDAQ:ASMB,"Assembly Biosciences, Inc.",Weekly,2018-06-08,2018-06-29,571.4400024414062,470.5199890136719,1.9641790455589967,-83.68159893881834,-0.8368159893881834,-17.660649061417853,3.0,0,330.5,-12.56057,0.08,-2.105,523968096.0,>40,>0,<=0,OK,1,1,0,0,1,ledger
ASMB,NASDAQ:ASMB,"Assembly Biosciences, Inc.",Weekly,2026-02-20,2026-03-13,28.75,28.1200008392334,2.6928746698458936,-15.47909601978019,-0.15479096019780192,-2.1913014287533965,3.0,0,330.5,-12.56057,0.08,-2.105,523968096.0,>40,>0,<=0,OK,1,1,0,0,1,ledger
ASML,NASDAQ:ASML,ASML Holding N.V.,Daily,2024-10-08,2024-10-15,824.260009765625,730.4299926757812,1.5529323373487751,-386.09354917131617,-3.8609354917131617,-11.383545965856568,5.0,0,58.70679,29.027739,29.16,58.97428,657536974848.0,>40,>0,>0,OK,1,1,0,1,1,ledger
ASML,NASDAQ:ASML,ASML Holding N.V.,Daily,2025-01-14,2025-01-15,736.2899780273438,726.2999877929688,2.227924065806669,-49.68061473710938,-0.4968061473710938,-1.356801061062928,1.0,0,58.70679,29.027739,29.16,58.97428,657536974848.0,>40,>0,>0,OK,1,1,0,1,1,ledger
ASML,NASDAQ:ASML,ASML Holding N.V.,Daily,2025-02-26,2025-02-27,746.9299926757812,697.7000122070312,1.516893683205882,-237.59676678174597,-2.3759676678174597,-6.59097652410367,1.0,0,58.70679,29.027739,29.16,58.97428,657536974848.0,>40,>0,>0,OK,1,1,0,1,1,ledger
ASML,NASDAQ:ASML,ASML Holding N.V.,Weekly,2018-07-13,2018-08-10,199.19000244140625,203.88999938964844,1.7140795892739527,45.489399919059764,0.45489399919059764,2.359554641616483,4.0,1,58.70679,29.027739,29.16,58.97428,657536974848.0,>40,>0,>0,OK,1,1,0,1,1,ledger
ASML,NASDAQ:ASML,ASML Holding N.V.,Weekly,2024-05-10,2024-07-19,930.2899780273438,895.3699951171875,1.5532969152976057,-43.031421649702416,-0.4303142164970242,-3.7536664626016054,10.0,0,58.70679,29.027739,29.16,58.97428,657536974848.0,>40,>0,>0,OK,1,1,0,1,1,ledger
ASND,NASDAQ:ASND,Ascendis Pharma A/S,Daily,2025-05-13,2025-06-10,161.52000427246094,172.35000610351562,2.0633994400715303,104.03456312387318,1.0403456312387318,6.705052962223823,19.0,1,27.857632,22.836391,8.78,10.710536,16043351040.0,"(25,40]",>0,>0,OK,1,1,0,1,1,ledger
ASND,NASDAQ:ASND,Ascendis Pharma A/S,Daily,2025-09-16,2025-09-22,197.23500061035156,196.4199981689453,1.686409608084549,-12.58057266701378,-0.1258057266701378,-0.4132139016321609,4.0,0,27.857632,22.836391,8.78,10.710536,16043351040.0,"(25,40]",>0,>0,OK,1,1,0,1,1,ledger
ASND,NASDAQ:ASND,Ascendis Pharma A/S,Daily,2025-12-22,2025-12-26,209.42999267578125,208.97999572753906,1.6708773901304488,-3.6659647413027967,-0.03665964741302797,-0.21486748029391767,3.0,0,27.857632,22.836391,8.78,10.710536,16043351040.0,"(25,40]",>0,>0,OK,1,1,0,1,1,ledger
ASND,NASDAQ:ASND,Ascendis Pharma A/S,Daily,2026-02-10,2026-02-25,224.19000244140625,228.0,1.5493697367442947,33.144838425350706,0.3314483842535071,1.6994502507262883,10.0,1,27.857632,22.836391,8.78,10.710536,16043351040.0,"(25,40]",>0,>0,OK,1,1,0,1,1,ledger
ASND,NASDAQ:ASND,Ascendis Pharma A/S,Weekly,2023-10-13,2023-10-27,93.56999969482422,88.2699966430664,1.516405816650006,-62.38901641853628,-0.6238901641853628,-5.664211893815983,2.0,0,27.857632,22.836391,8.78,10.710536,16043351040.0,"(25,40]",>0,>0,OK,1,1,0,1,1,ledger
ASO,NASDAQ:ASO,"Academy Sports and Outdoors, Inc.",Daily,2024-07-23,2024-07-26,55.09000015258789,53.290000915527344,1.8088579207859163,-83.91603043932143,-0.8391603043932143,-3.2673792558992956,3.0,0,8.575705,6.961167,5.68,6.99739,3020914944.0,"(0,15]",>0,>0,OK,1,1,1,1,1,ledger
ASO,NASDAQ:ASO,"Academy Sports and Outdoors, Inc.",Daily,2024-09-24,2024-09-25,61.20000076293945,59.209999084472656,1.7270907237807316,-100.64176740743603,-1.0064176740743604,-3.251636688984931,1.0,0,8.575705,6.961167,5.68,6.99739,3020914944.0,"(0,15]",>0,>0,OK,1,1,1,1,1,ledger
ASO,NASDAQ:ASO,"Academy Sports and Outdoors, Inc.",Daily,2025-08-04,2025-08-07,51.529998779296875,50.20000076293945,1.849500516706855,-44.48157078883913,-0.4448157078883913,-2.581016976254564,3.0,0,8.575705,6.961167,5.68,6.99739,3020914944.0,"(0,15]",>0,>0,OK,1,1,1,1,1,ledger
ASO,NASDAQ:ASO,"Academy Sports and Outdoors, Inc.",Daily,2026-05-06,2026-05-11,54.459999084472656,51.540000915527344,2.156239607392559,-99.82902326770314,-0.9982902326770313,-5.361730110233966,3.0,0,8.575705,6.961167,5.68,6.99739,3020914944.0,"(0,15]",>0,>0,OK,1,1,1,1,1,ledger
ASO,NASDAQ:ASO,"Academy Sports and Outdoors, Inc.",Weekly,2025-09-26,2025-10-24,49.810001373291016,47.70000076293945,1.5305007825634425,-44.5428632462401,-0.44542863246240105,-4.236098277810893,4.0,0,8.575705,6.961167,5.68,6.99739,3020914944.0,"(0,15]",>0,>0,OK,1,1,1,1,1,ledger
ASR,NASDAQ:ASR,"Grupo Aeroportuario del Sureste, S.A. de C.V. Common Stock",Daily,2024-10-04,2024-10-08,278.2200012207031,273.30999755859375,1.8599606484402786,-46.146587428151854,-0.46146587428151853,-1.7647917621186497,2.0,0,14.839419,11.364389,18.62,24.31367,8298160640.0,"(0,15]",>0,>0,OK,1,1,1,1,1,ledger
ASR,NASDAQ:ASR,"Grupo Aeroportuario del Sureste, S.A. de C.V. Common Stock",Daily,2024-12-24,2024-12-27,265.79998779296875,263.1700134277344,1.7574588445458943,-35.63663279948062,-0.3563663279948062,-0.9894561647921738,2.0,0,14.839419,11.364389,18.62,24.31367,8298160640.0,"(0,15]",>0,>0,OK,1,1,1,1,1,ledger
ASR,NASDAQ:ASR,"Grupo Aeroportuario del Sureste, S.A. de C.V. Common Stock",Daily,2025-12-18,2025-12-29,314.7099914550781,326.9599914550781,1.6025315026940916,173.87950442989205,1.7387950442989204,3.8924725406274785,6.0,1,14.839419,11.364389,18.62,24.31367,8298160640.0,"(0,15]",>0,>0,OK,1,1,1,1,1,ledger
ASR,NASDAQ:ASR,"Grupo Aeroportuario del Sureste, S.A. de C.V. Common Stock",Weekly,2016-09-30,2016-11-04,146.4199981689453,151.44000244140625,2.5767656835329498,69.43301851949559,0.6943301851949559,3.4284963360460186,5.0,1,14.839419,11.364389,18.62,24.31367,8298160640.0,"(0,15]",>0,>0,OK,1,1,1,1,1,ledger
ASR,NASDAQ:ASR,"Grupo Aeroportuario del Sureste, S.A. de C.V. Common Stock",Weekly,2025-07-04,2025-07-11,318.6000061035156,308.30999755859375,2.0484861229919056,-50.91532081489167,-0.5091532081489167,-3.229757799056215,1.0,0,14.839419,11.364389,18.62,24.31367,8298160640.0,"(0,15]",>0,>0,OK,1,1,1,1,1,ledger
ASR,NASDAQ:ASR,"Grupo Aeroportuario del Sureste, S.A. de C.V. Common Stock",Monthly,2025-01-31,2025-07-31,274.4700012207031,303.30999755859375,2.3323206441901148,80.62342651596036,0.8062342651596036,10.507522209940968,6.0,1,14.839419,11.364389,18.62,24.31367,8298160640.0,"(0,15]",>0,>0,OK,1,1,1,1,1,ledger
ASRV,NASDAQ:ASRV,"AmeriServ Financial, Inc.",Daily,2024-10-29,2024-12-19,2.7200000286102295,2.700000047683716,3.589561973292063,-21.11505562458166,-0.21115055624581663,-0.7352934086817846,36.0,0,8.627451,,0.51,,74642784.0,"(0,15]",>0,missing,OK,1,1,1,0,1,ledger
ASRV,NASDAQ:ASRV,"AmeriServ Financial, Inc.",Daily,2025-12-10,2025-12-19,3.109999895095825,3.0199999809265137,1.8707323230709412,-70.15239242495332,-0.7015239242495332,-2.893888013026394,7.0,0,8.627451,,0.51,,74642784.0,"(0,15]",>0,missing,OK,1,1,1,0,1,ledger
ASRV,NASDAQ:ASRV,"AmeriServ Financial, Inc.",Weekly,2018-10-19,2018-11-16,4.340000152587891,4.230000019073486,1.527726277812259,-80.02384000292382,-0.8002384000292382,-2.5345651992388185,4.0,0,8.627451,,0.51,,74642784.0,"(0,15]",>0,missing,OK,1,1,1,0,1,ledger
ASRV,NASDAQ:ASRV,"AmeriServ Financial, Inc.",Weekly,2021-03-19,2021-04-09,4.150000095367432,3.799999952316284,1.9833329558373398,-58.33334326743842,-0.5833334326743843,-8.433738192966457,3.0,0,8.627451,,0.51,,74642784.0,"(0,15]",>0,missing,OK,1,1,1,0,1,ledger
ASRV,NASDAQ:ASRV,"AmeriServ Financial, Inc.",Weekly,2022-07-08,2022-09-02,3.990000009536743,3.8399999141693115,3.364914764099185,-95.23350240843021,-0.9523350240843022,-3.7594008774162213,8.0,0,8.627451,,0.51,,74642784.0,"(0,15]",>0,missing,OK,1,1,1,0,1,ledger
ASTE,NASDAQ:ASTE,"Astec Industries, Inc.",Daily,2025-02-05,2025-02-07,33.65999984741211,33.09000015258789,2.29684631295335,-51.747127633215236,-0.5174712763321524,-1.6934037356154124,2.0,0,47.07207,12.418301,1.11,4.2075,1201364864.0,>40,>0,>0,OK,1,1,0,1,1,ledger
ASTE,NASDAQ:ASTE,"Astec Industries, Inc.",Daily,2025-05-01,2025-05-19,37.380001068115234,41.709999084472656,2.7991840494433333,227.82823452604444,2.278282345260444,11.583728979748122,12.0,1,47.07207,12.418301,1.11,4.2075,1201364864.0,>40,>0,>0,OK,1,1,0,1,1,ledger
ASTE,NASDAQ:ASTE,"Astec Industries, Inc.",Daily,2025-05-27,2025-06-02,39.91999816894531,38.86000061035156,1.8636416555817301,-68.83113987827625,-0.6883113987827625,-2.6553046272891527,4.0,0,47.07207,12.418301,1.11,4.2075,1201364864.0,>40,>0,>0,OK,1,1,0,1,1,ledger
ASTE,NASDAQ:ASTE,"Astec Industries, Inc.",Daily,2025-07-23,2025-07-30,39.7400016784668,39.52000045776367,1.8802047218750808,-11.458385073422912,-0.11458385073422912,-0.5536014378739523,5.0,0,47.07207,12.418301,1.11,4.2075,1201364864.0,>40,>0,>0,OK,1,1,0,1,1,ledger
ASTE,NASDAQ:ASTE,"Astec Industries, Inc.",Daily,2026-07-10,2026-07-17,56.619998931884766,55.09000015258789,2.7288138880806905,-64.83043998318948,-0.6483043998318947,-2.702223257081832,5.0,0,47.07207,12.418301,1.11,4.2075,1201364864.0,>40,>0,>0,OK,1,1,0,1,1,ledger
ASTE,NASDAQ:ASTE,"Astec Industries, Inc.",Weekly,2023-03-31,2023-05-12,41.25,38.7599983215332,2.0927589442359285,-63.548448767532626,-0.6354844876753263,-6.036367705374053,6.0,0,47.07207,12.418301,1.11,4.2075,1201364864.0,>40,>0,>0,OK,1,1,0,1,1,ledger
ASTE,NASDAQ:ASTE,"Astec Industries, Inc.",Weekly,2025-11-28,2026-03-13,44.2599983215332,52.880001068115234,1.733511486877532,227.4408796960318,2.274408796960318,19.47583161653276,15.0,1,47.07207,12.418301,1.11,4.2075,1201364864.0,>40,>0,>0,OK,1,1,0,1,1,ledger
ASTE,NASDAQ:ASTE,"Astec Industries, Inc.",Weekly,2026-04-03,2026-05-08,55.060001373291016,53.34000015258789,1.6219509844773767,-29.96516929874055,-0.2996516929874055,-3.12386701380919,5.0,0,47.07207,12.418301,1.11,4.2075,1201364864.0,>40,>0,>0,OK,1,1,0,1,1,ledger
ASTE,NASDAQ:ASTE,"Astec Industries, Inc.",Monthly,2017-09-30,2018-03-31,56.0099983215332,55.18000030517578,1.6838029617745784,-8.050419135798814,-0.08050419135798814,-1.4818747388505578,6.0,0,47.07207,12.418301,1.11,4.2075,1201364864.0,>40,>0,>0,OK,1,1,0,1,1,ledger
ASTH,NASDAQ:ASTH,Astrana Health Inc. - Common Stock,Daily,2025-04-23,2025-04-25,30.899999618530273,30.600000381469727,1.695746288496486,-15.65299366892428,-0.1565299366892428,-0.9708713293337445,2.0,0,58.475407,10.429824,0.61,3.42,1768640384.0,>40,>0,>0,OK,1,1,0,1,1,ledger
ASTH,NASDAQ:ASTH,Astrana Health Inc. - Common Stock,Daily,2025-09-09,2025-09-15,30.260000228881836,29.190000534057617,1.5020286496841817,-84.58792207666436,-0.8458792207666436,-3.536020114774987,4.0,0,58.475407,10.429824,0.61,3.42,1768640384.0,>40,>0,>0,OK,1,1,0,1,1,ledger
ASTH,NASDAQ:ASTH,Astrana Health Inc. - Common Stock,Weekly,2016-10-28,2017-03-24,4.25,8.5,1.9940297075477706,677.970100566242,6.77970100566242,100.0,21.0,1,58.475407,10.429824,0.61,3.42,1768640384.0,>40,>0,>0,OK,1,1,0,1,1,ledger
ASTH,NASDAQ:ASTH,Astrana Health Inc. - Common Stock,Weekly,2018-04-27,2018-05-18,15.899999618530273,15.800000190734863,4.377530747625796,-3.104613887065472,-0.031046138870654716,-0.6289272339281582,3.0,0,58.475407,10.429824,0.61,3.42,1768640384.0,>40,>0,>0,OK,1,1,0,1,1,ledger
ASTH,NASDAQ:ASTH,Astrana Health Inc. - Common Stock,Weekly,2018-09-14,2018-12-14,16.450000762939453,17.06999969482422,3.604973760404117,16.495055400519888,0.1649505540051989,3.7689902925814693,13.0,1,58.475407,10.429824,0.61,3.42,1768640384.0,>40,>0,>0,OK,1,1,0,1,1,ledger
ASTH,NASDAQ:ASTH,Astrana Health Inc. - Common Stock,Weekly,2021-09-03,2021-10-08,80.02999877929688,74.12999725341797,2.9810016247050033,-50.949918764749825,-0.5094991876474984,-7.372237430803498,5.0,0,58.475407,10.429824,0.61,3.42,1768640384.0,>40,>0,>0,OK,1,1,0,1,1,ledger
ASTH,NASDAQ:ASTH,Astrana Health Inc. - Common Stock,Weekly,2023-07-14,2023-09-08,33.470001220703125,33.2400016784668,1.5164109137031474,-5.0328109759736765,-0.05032810975973676,-0.687181158792609,8.0,0,58.475407,10.429824,0.61,3.42,1768640384.0,>40,>0,>0,OK,1,1,0,1,1,ledger
ASTH,NASDAQ:ASTH,Astrana Health Inc. - Common Stock,Weekly,2023-10-06,2023-10-27,32.630001068115234,29.959999084472656,2.354855981387279,-76.86393529250012,-0.7686393529250012,-8.182659810733503,3.0,0,58.475407,10.429824,0.61,3.42,1768640384.0,>40,>0,>0,OK,1,1,0,1,1,ledger
ASTH,NASDAQ:ASTH,Astrana Health Inc. - Common Stock,Weekly,2024-05-10,2024-06-14,38.88999938964844,39.4900016784668,1.7135679596063769,15.07543612633742,0.15075436126337421,1.542818972062173,5.0,1,58.475407,10.429824,0.61,3.42,1768640384.0,>40,>0,>0,OK,1,1,0,1,1,ledger
ASTH,NASDAQ:ASTH,Astrana Health Inc. - Common Stock,Monthly,2022-07-31,2022-09-30,53.029998779296875,39.0,3.4113144480655135,-59.676732373249735,-0.5967673237324974,-26.456720916943038,2.0,0,58.475407,10.429824,0.61,3.42,1768640384.0,>40,>0,>0,OK,1,1,0,1,1,ledger
ASTS,NASDAQ:ASTS,"AST SpaceMobile, Inc.",Daily,2024-12-16,2024-12-18,24.299999237060547,23.360000610351562,2.4783771705342375,-45.3243297454057,-0.45324329745405695,-3.8683072272503143,2.0,0,,-270.2152,-1.8,-0.2602,27289038848.0,missing,<=0,<=0,OK,0,0,0,0,0,ledger
ASTS,NASDAQ:ASTS,"AST SpaceMobile, Inc.",Daily,2025-03-14,2025-03-18,28.149999618530273,26.25,2.1614657411979383,-55.95072113341959,-0.5595072113341959,-6.749554686599578,2.0,0,,-270.2152,-1.8,-0.2602,27289038848.0,missing,<=0,<=0,OK,0,0,0,0,0,ledger
ASTS,NASDAQ:ASTS,"AST SpaceMobile, Inc.",Daily,2025-07-30,2025-07-31,54.290000915527344,53.16999816894531,1.8079548169160682,-30.404120225753985,-0.3040412022575399,-2.0630000510125286,1.0,0,,-270.2152,-1.8,-0.2602,27289038848.0,missing,<=0,<=0,OK,0,0,0,0,0,ledger
ASTS,NASDAQ:ASTS,"AST SpaceMobile, Inc.",Daily,2025-10-24,2025-10-30,73.69999694824219,76.68000030517578,4.100025147827062,42.000986723059086,0.42000986723059086,4.043423989591725,4.0,1,,-270.2152,-1.8,-0.2602,27289038848.0,missing,<=0,<=0,OK,0,0,0,0,0,ledger
ASTS,NASDAQ:ASTS,"AST SpaceMobile, Inc.",Weekly,2022-11-04,2022-12-02,6.710000038146973,5.820000171661377,4.743528274950385,-55.84311239483421,-0.558431123948342,-13.26378332974462,4.0,0,,-270.2152,-1.8,-0.2602,27289038848.0,missing,<=0,<=0,OK,0,0,0,0,0,ledger
ASTS,NASDAQ:ASTS,"AST SpaceMobile, Inc.",Weekly,2024-10-18,2024-11-01,28.139999389648438,23.850000381469727,1.6934990699459682,-66.40866278898108,-0.6640866278898108,-15.245199364705131,2.0,0,,-270.2152,-1.8,-0.2602,27289038848.0,missing,<=0,<=0,OK,0,0,0,0,0,ledger
ASTS,NASDAQ:ASTS,"AST SpaceMobile, Inc.",Weekly,2025-09-19,2025-10-24,45.099998474121094,73.69999694824219,1.757207116147002,317.07327181885,3.1707327181885003,63.414632908540135,5.0,1,,-270.2152,-1.8,-0.2602,27289038848.0,missing,<=0,<=0,OK,0,0,0,0,0,ledger
ASTS,NASDAQ:ASTS,"AST SpaceMobile, Inc.",Weekly,2026-03-06,2026-04-24,89.4749984741211,76.4000015258789,2.256850525342596,-73.01326998153353,-0.7301326998153351,-14.61301723522675,7.0,0,,-270.2152,-1.8,-0.2602,27289038848.0,missing,<=0,<=0,OK,0,0,0,0,0,ledger
ASTS,NASDAQ:ASTS,"AST SpaceMobile, Inc.",Weekly,2026-07-03,2026-07-10,85.12999725341797,73.31999969482422,2.2760398125470602,-55.16113847264554,-0.5516113847264553,-13.872897849905168,1.0,0,,-270.2152,-1.8,-0.2602,27289038848.0,missing,<=0,<=0,OK,0,0,0,0,0,ledger
ASTS,NASDAQ:ASTS,"AST SpaceMobile, Inc.",Monthly,2021-06-30,2022-01-31,12.9399995803833,5.75,2.0785956873504503,-120.23411589918736,-1.2023411589918738,-55.5641407537845,7.0,0,,-270.2152,-1.8,-0.2602,27289038848.0,missing,<=0,<=0,OK,0,0,0,0,0,ledger
ASYS,NASDAQ:ASYS,"Amtech Systems, Inc.",Daily,2026-06-29,2026-07-02,20.59000015258789,18.799999237060547,2.226087230545452,-77.82615257798984,-0.7782615257798985,-8.693544935706882,3.0,0,87.200005,21.800001,0.2,0.8,304922720.0,>40,>0,>0,OK,1,1,0,1,1,ledger
ASYS,NASDAQ:ASYS,"Amtech Systems, Inc.",Weekly,2018-05-11,2018-06-08,8.220000267028809,8.220000267028809,4.952054351596196,0.0,0.0,0.0,4.0,0,87.200005,21.800001,0.2,0.8,304922720.0,>40,>0,>0,OK,1,1,0,1,1,ledger
ASYS,NASDAQ:ASYS,"Amtech Systems, Inc.",Weekly,2019-06-14,2019-06-28,6.019999980926514,5.5,1.526316086671456,-68.42107244476372,-0.6842107244476373,-8.637873464685338,2.0,0,87.200005,21.800001,0.2,0.8,304922720.0,>40,>0,>0,OK,1,1,0,1,1,ledger
ASYS,NASDAQ:ASYS,"Amtech Systems, Inc.",Weekly,2021-12-31,2022-01-07,9.880000114440918,9.039999961853027,3.933333079020182,-56.000010172526046,-0.5600001017252604,-8.502025737430104,1.0,0,87.200005,21.800001,0.2,0.8,304922720.0,>40,>0,>0,OK,1,1,0,1,1,ledger
ASYS,NASDAQ:ASYS,"Amtech Systems, Inc.",Weekly,2025-11-28,2026-02-06,7.849999904632568,11.119999885559082,2.6818186744185946,297.2727513116274,2.9727275131162743,41.65605121850726,10.0,1,87.200005,21.800001,0.2,0.8,304922720.0,>40,>0,>0,OK,1,1,0,1,1,ledger
ASYS,NASDAQ:ASYS,"Amtech Systems, Inc.",Monthly,2018-05-31,2018-06-30,9.859999656677246,6.050000190734863,1.8032261885168361,-122.90323126452624,-1.2290323126452622,-38.640969559894764,1.0,0,87.200005,21.800001,0.2,0.8,304922720.0,>40,>0,>0,OK,1,1,0,1,1,ledger
ATAT,NASDAQ:ATAT,Atour Lifestyle Holdings Limited,Daily,2024-08-05,2024-08-14,16.15999984741211,17.079999923706055,3.2446814878543435,97.87239223221776,0.9787239223221778,5.693069832802478,7.0,1,17.932644,12.806316,1.93,2.7025726,4782616064.0,"(15,25]",>0,>0,OK,1,1,1,1,1,ledger
ATAT,NASDAQ:ATAT,Atour Lifestyle Holdings Limited,Weekly,2023-07-14,2023-08-18,19.309999465942383,20.149999618530273,2.237250947700788,18.625283538415637,0.18625283538415635,4.350078590470309,5.0,1,17.932644,12.806316,1.93,2.7025726,4782616064.0,"(15,25]",>0,>0,OK,1,1,1,1,1,ledger
ATEN,NASDAQ:ATEN,"A10 Networks, Inc.",Daily,2026-02-20,2026-02-23,19.979999542236328,18.940000534057617,2.0856380140388353,-163.0873376275165,-1.630873376275165,-5.205200360391528,1.0,0,48.73016,26.01695,0.63,1.18,2210343936.0,>40,>0,>0,OK,1,1,0,1,1,ledger
ATEN,NASDAQ:ATEN,"A10 Networks, Inc.",Weekly,2017-09-01,2017-10-27,6.599999904632568,7.449999809265137,7.126929440586997,141.8709454773238,1.418709454773238,12.878786619920248,8.0,1,48.73016,26.01695,0.63,1.18,2210343936.0,>40,>0,>0,OK,1,1,0,1,1,ledger
ATEN,NASDAQ:ATEN,"A10 Networks, Inc.",Weekly,2018-08-17,2018-09-07,6.820000171661377,6.559999942779541,1.5578016594028732,-63.285761327009084,-0.6328576132700908,-3.812319975623973,3.0,0,48.73016,26.01695,0.63,1.18,2210343936.0,>40,>0,>0,OK,1,1,0,1,1,ledger
ATEN,NASDAQ:ATEN,"A10 Networks, Inc.",Weekly,2024-07-26,2024-08-02,14.25,13.029999732971191,1.9557512041191976,-107.96461446664715,-1.0796461446664714,-8.561405382658306,1.0,0,48.73016,26.01695,0.63,1.18,2210343936.0,>40,>0,>0,OK,1,1,0,1,1,ledger
ATEN,NASDAQ:ATEN,"A10 Networks, Inc.",Weekly,2025-04-25,2025-05-23,16.5,17.030000686645508,2.0074351155701007,19.702630829778325,0.19702630829778325,3.2121253736091386,4.0,1,48.73016,26.01695,0.63,1.18,2210343936.0,>40,>0,>0,OK,1,1,0,1,1,ledger
ATEN,NASDAQ:ATEN,"A10 Networks, Inc.",Monthly,2017-09-30,2018-01-31,7.559999942779541,6.130000114440918,1.739023763126648,-75.35769388933286,-0.7535769388933287,-18.915341787858047,4.0,0,48.73016,26.01695,0.63,1.18,2210343936.0,>40,>0,>0,OK,1,1,0,1,1,ledger
ATEN,NASDAQ:ATEN,"A10 Networks, Inc.",Monthly,2023-07-31,2023-10-31,15.520000457763672,10.869999885559082,1.6877467584505699,-183.79443913787867,-1.8379443913787865,-29.961343009358544,3.0,0,48.73016,26.01695,0.63,1.18,2210343936.0,>40,>0,>0,OK,1,1,0,1,1,ledger
ATEX,NASDAQ:ATEX,Anterix Inc. - Common Stock,Daily,2025-02-26,2025-03-10,38.959999084472656,38.02000045776367,1.9047115597574766,-45.32723809188287,-0.45327238091882865,-2.4127275379829687,8.0,0,22.018633,-143.71622,4.83,-0.74,2073662464.0,"(15,25]",>0,<=0,OK,1,1,1,0,1,ledger
ATEX,NASDAQ:ATEX,Anterix Inc. - Common Stock,Daily,2025-09-19,2025-09-25,22.25,22.139999389648438,1.5679101439621035,-8.208999837733044,-0.08208999837733046,-0.494384765625,4.0,0,22.018633,-143.71622,4.83,-0.74,2073662464.0,"(15,25]",>0,<=0,OK,1,1,1,0,1,ledger
ATEX,NASDAQ:ATEX,Anterix Inc. - Common Stock,Daily,2025-11-25,2025-12-01,20.5,19.8700008392334,2.250035296091746,-60.32000502682867,-0.6032000502682866,-3.073166637885861,3.0,0,22.018633,-143.71622,4.83,-0.74,2073662464.0,"(15,25]",>0,<=0,OK,1,1,1,0,1,ledger
ATEX,NASDAQ:ATEX,Anterix Inc. - Common Stock,Daily,2025-12-18,2025-12-26,21.6299991607666,21.979999542236328,1.79829587002482,37.961633375754886,0.37961633375754883,1.6181248037428126,5.0,1,22.018633,-143.71622,4.83,-0.74,2073662464.0,"(15,25]",>0,<=0,OK,1,1,1,0,1,ledger
ATEX,NASDAQ:ATEX,Anterix Inc. - Common Stock,Daily,2026-02-02,2026-02-05,27.450000762939453,25.979999542236328,1.8880632102465718,-98.42040865894938,-0.9842040865894938,-5.355195554995356,3.0,0,22.018633,-143.71622,4.83,-0.74,2073662464.0,"(15,25]",>0,<=0,OK,1,1,1,0,1,ledger
ATEX,NASDAQ:ATEX,Anterix Inc. - Common Stock,Weekly,2016-09-23,2016-11-04,22.260000228881836,21.899999618530273,1.8880400999392366,-18.32064032552081,-0.18320640325520807,-1.6172533991462859,6.0,0,22.018633,-143.71622,4.83,-0.74,2073662464.0,"(15,25]",>0,<=0,OK,1,1,1,0,1,ledger
ATEX,NASDAQ:ATEX,Anterix Inc. - Common Stock,Weekly,2019-04-12,2019-07-19,36.060001373291016,43.36000061035156,2.6527874737727233,157.05879683787367,1.5705879683787367,20.244034828205866,14.0,1,22.018633,-143.71622,4.83,-0.74,2073662464.0,"(15,25]",>0,<=0,OK,1,1,1,0,1,ledger
ATEX,NASDAQ:ATEX,Anterix Inc. - Common Stock,Weekly,2019-09-13,2019-09-27,39.619998931884766,35.66999816894531,2.8825039594994513,-97.23219487849939,-0.9723219487849939,-9.969714460947733,2.0,0,22.018633,-143.71622,4.83,-0.74,2073662464.0,"(15,25]",>0,<=0,OK,1,1,1,0,1,ledger
ATEX,NASDAQ:ATEX,Anterix Inc. - Common Stock,Weekly,2020-08-07,2020-08-28,45.349998474121094,44.09000015258789,2.4554462176704357,-24.950465581983146,-0.24950465581983144,-2.778386690028709,3.0,0,22.018633,-143.71622,4.83,-0.74,2073662464.0,"(15,25]",>0,<=0,OK,1,1,1,0,1,ledger
ATEX,NASDAQ:ATEX,Anterix Inc. - Common Stock,Weekly,2024-05-17,2024-06-14,33.52000045776367,31.170000076293945,2.8875005861124334,-97.91669812467863,-0.9791669812467864,-7.0107408990963656,4.0,0,22.018633,-143.71622,4.83,-0.74,2073662464.0,"(15,25]",>0,<=0,OK,1,1,1,0,1,ledger
ATII,NASDAQ:ATII,Archimedes Tech SPAC Partners II Co.,Daily,2026-07-01,2026-07-13,10.859999656677246,10.800000190734863,3.422962974771718,-38.03258609909876,-0.38032586099098753,-0.5524812876535615,7.0,0,35.666664,,0.3,,316612992.0,"(25,40]",>0,missing,OK,1,1,0,0,1,ledger
ATII,NASDAQ:ATII,Archimedes Tech SPAC Partners II Co.,Weekly,2026-04-10,2026-06-05,10.430000305175781,11.0,3.8004454431844046,802.3173042918958,8.023173042918957,5.4650017080187645,8.0,1,35.666664,,0.3,,316612992.0,"(25,40]",>0,missing,OK,1,1,0,0,1,ledger
ATLC,NASDAQ:ATLC,Atlanticus Holdings Corporation,Daily,2025-01-07,2025-01-10,56.08000183105469,53.4900016784668,3.2377432238752912,-97.28260085851983,-0.9728260085851981,-4.61840240374896,2.0,0,16.465672,8.26367,6.7,13.35,1667817472.0,"(15,25]",>0,>0,OK,1,1,1,1,1,ledger
ATLC,NASDAQ:ATLC,Atlanticus Holdings Corporation,Daily,2025-11-03,2025-11-07,56.31999969482422,54.0099983215332,2.204507811854981,-80.70388216349627,-0.8070388216349627,-4.101564960596589,4.0,0,16.465672,8.26367,6.7,13.35,1667817472.0,"(15,25]",>0,>0,OK,1,1,1,1,1,ledger
ATLC,NASDAQ:ATLC,Atlanticus Holdings Corporation,Daily,2026-07-10,2026-07-13,99.26000213623047,96.61000061035156,1.5397911817633834,-30.56516440146252,-0.3056516440146252,-2.6697576756465136,1.0,0,16.465672,8.26367,6.7,13.35,1667817472.0,"(15,25]",>0,>0,OK,1,1,1,1,1,ledger
ATLC,NASDAQ:ATLC,Atlanticus Holdings Corporation,Weekly,2020-08-21,2020-10-16,9.699999809265137,12.109999656677246,3.690059945677017,102.69102867643483,1.0269102867643483,24.84535974021518,8.0,1,16.465672,8.26367,6.7,13.35,1667817472.0,"(15,25]",>0,>0,OK,1,1,1,1,1,ledger
ATLC,NASDAQ:ATLC,Atlanticus Holdings Corporation,Weekly,2021-12-17,2022-01-21,61.459999084472656,62.5099983215332,3.5630768893892,12.258281427642336,0.12258281427642337,1.708427030103585,5.0,1,16.465672,8.26367,6.7,13.35,1667817472.0,"(15,25]",>0,>0,OK,1,1,1,1,1,ledger
ATLC,NASDAQ:ATLC,Atlanticus Holdings Corporation,Weekly,2023-11-03,2024-01-05,30.0,35.5099983215332,4.614184590741994,185.57772214881095,1.8557772214881094,18.366661071777344,9.0,1,16.465672,8.26367,6.7,13.35,1667817472.0,"(15,25]",>0,>0,OK,1,1,1,1,1,ledger
ATLC,NASDAQ:ATLC,Atlanticus Holdings Corporation,Weekly,2025-10-24,2025-11-14,61.2400016784668,53.369998931884766,2.088652000979376,-93.02600531442158,-0.9302600531442158,-12.851081859700994,3.0,0,16.465672,8.26367,6.7,13.35,1667817472.0,"(15,25]",>0,>0,OK,1,1,1,1,1,ledger
ATLC,NASDAQ:ATLC,Atlanticus Holdings Corporation,Monthly,2023-01-31,2023-03-31,32.5,27.1299991607666,5.489463192115035,-49.56022240231142,-0.4956022240231142,-16.523079505333534,2.0,0,16.465672,8.26367,6.7,13.35,1667817472.0,"(15,25]",>0,>0,OK,1,1,1,1,1,ledger
ATLO,NASDAQ:ATLO,Ames National Corporation - Common Stock,Daily,2026-01-05,2026-01-12,23.020000457763672,23.040000915527344,2.874841818915641,4.290906405153458,0.04290906405153458,0.08688295988685164,5.0,1,12.019305,11.039007,2.59,2.82,275725248.0,"(0,15]",>0,>0,OK,1,1,1,1,1,ledger
ATLO,NASDAQ:ATLO,Ames National Corporation - Common Stock,Daily,2026-04-28,2026-04-29,28.610000610351562,28.0,1.5277730682829653,-84.72216335353706,-0.8472216335353706,-2.132123723656456,1.0,0,12.019305,11.039007,2.59,2.82,275725248.0,"(0,15]",>0,>0,OK,1,1,1,1,1,ledger
ATLO,NASDAQ:ATLO,Ames National Corporation - Common Stock,Weekly,2017-09-15,2017-11-03,28.549999237060547,29.5,4.564106025171148,48.718016434507966,0.48718016434507966,3.3274983829290754,7.0,1,12.019305,11.039007,2.59,2.82,275725248.0,"(0,15]",>0,>0,OK,1,1,1,1,1,ledger
ATLO,NASDAQ:ATLO,Ames National Corporation - Common Stock,Monthly,2017-09-30,2017-12-31,29.850000381469727,27.850000381469727,2.3384616558368387,-61.53846153846154,-0.6153846153846154,-6.700167418562445,3.0,0,12.019305,11.039007,2.59,2.82,275725248.0,"(0,15]",>0,>0,OK,1,1,1,1,1,ledger
ATRC,NASDAQ:ATRC,"AtriCure, Inc. - Common Stock",Daily,2025-12-03,2025-12-08,36.310001373291016,38.939998626708984,1.5545492795802451,157.8556021131426,1.5785560211314258,7.243175857747413,3.0,1,185.7143,90.28195,0.21,0.43198,1983785600.0,>40,>0,>0,OK,1,1,0,1,1,ledger
ATRC,NASDAQ:ATRC,"AtriCure, Inc. - Common Stock",Weekly,2018-11-02,2018-12-14,31.350000381469727,29.469999313354492,1.835713998638971,-67.1428678473604,-0.671428678473604,-5.996813541432874,6.0,0,185.7143,90.28195,0.21,0.43198,1983785600.0,>40,>0,>0,OK,1,1,0,1,1,ledger
ATRC,NASDAQ:ATRC,"AtriCure, Inc. - Common Stock",Weekly,2020-03-27,2020-05-29,30.6299991607666,47.810001373291016,1.8605899281752756,230.29496408763782,2.302949640876378,56.08881058844416,9.0,1,185.7143,90.28195,0.21,0.43198,1983785600.0,>40,>0,>0,OK,1,1,0,1,1,ledger
ATRC,NASDAQ:ATRC,"AtriCure, Inc. - Common Stock",Weekly,2020-09-04,2020-09-11,42.93000030517578,40.65999984741211,2.1354925900803696,-54.89887028347377,-0.5489887028347377,-5.287678643435726,1.0,0,185.7143,90.28195,0.21,0.43198,1983785600.0,>40,>0,>0,OK,1,1,0,1,1,ledger
ATRO,NASDAQ:ATRO,Astronics Corporation,Daily,2025-04-01,2025-04-03,19.736631393432617,18.954509735107422,1.5966396680637924,-82.35283485330179,-0.8235283485330179,-3.9627920425440335,2.0,0,74.83169,28.671034,1.01,2.63611,3729752832.0,>40,>0,>0,OK,1,1,0,1,1,ledger
ATRO,NASDAQ:ATRO,Astronics Corporation,Daily,2025-07-23,2025-08-01,27.677574157714844,27.342378616333008,1.6846906245299624,-26.801899765469546,-0.26801899765469545,-1.2110726882052398,7.0,0,74.83169,28.671034,1.01,2.63611,3729752832.0,>40,>0,>0,OK,1,1,0,1,1,ledger
ATRO,NASDAQ:ATRO,Astronics Corporation,Daily,2026-07-10,2026-07-15,72.5,71.45999908447266,3.837131417713772,-24.603081917943697,-0.24603081917943695,-1.4344840214170258,3.0,0,74.83169,28.671034,1.01,2.63611,3729752832.0,>40,>0,>0,OK,1,1,0,1,1,ledger
ATRO,NASDAQ:ATRO,Astronics Corporation,Weekly,2017-03-31,2017-05-05,21.424047470092773,20.809616088867188,3.110369359113047,-30.43483190121451,-0.30434831901214504,-2.8679519221720864,5.0,0,74.83169,28.671034,1.01,2.63611,3729752832.0,>40,>0,>0,OK,1,1,0,1,1,ledger
ATRO,NASDAQ:ATRO,Astronics Corporation,Weekly,2018-04-20,2018-05-04,26.1639404296875,24.124841690063477,2.5537005487263467,-72.07637537223926,-0.7207637537223927,-7.793546026080668,2.0,0,74.83169,28.671034,1.01,2.63611,3729752832.0,>40,>0,>0,OK,1,1,0,1,1,ledger
ATRO,NASDAQ:ATRO,Astronics Corporation,Weekly,2023-11-03,2023-11-10,12.809258460998535,11.747804641723633,4.369988932426967,-90.95608929478439,-0.9095608929478439,-8.286614112025322,1.0,0,74.83169,28.671034,1.01,2.63611,3729752832.0,>40,>0,>0,OK,1,1,0,1,1,ledger
ATRO,NASDAQ:ATRO,Astronics Corporation,Monthly,2023-12-31,2024-04-30,13.902633666992188,13.383878707885742,1.5134554792233983,-19.59653781662082,-0.1959653781662082,-3.7313430788159225,4.0,0,74.83169,28.671034,1.01,2.63611,3729752832.0,>40,>0,>0,OK,1,1,0,1,1,ledger
ATS,NASDAQ:ATS,ATS Corporation,Daily,2026-05-20,2026-05-28,32.38999938964844,30.43000030517578,2.2214777729845148,-131.54358292295464,-1.3154358292295463,-6.051247673376168,5.0,0,53.132076,17.61883,0.53,1.59829,2731720960.0,>40,>0,>0,OK,1,1,0,1,1,ledger
ATS,NASDAQ:ATS,ATS Corporation,Weekly,2018-07-20,2018-10-05,14.75,18.100000381469727,4.096543170129524,1097.8736946112886,10.978736946112887,22.711866993015096,11.0,1,53.132076,17.61883,0.53,1.59829,2731720960.0,>40,>0,>0,OK,1,1,0,1,1,ledger
ATS,NASDAQ:ATS,ATS Corporation,Weekly,2021-10-08,2021-11-19,33.75,38.83000183105469,1.5198417203676036,201.5873376294083,2.015873376294083,15.051857277199074,6.0,1,53.132076,17.61883,0.53,1.59829,2731720960.0,>40,>0,>0,OK,1,1,0,1,1,ledger
ATS,NASDAQ:ATS,ATS Corporation,Weekly,2022-09-09,2022-09-23,31.90999984741211,27.360000610351562,2.023815581957401,-191.8408503643116,-1.9184085036431158,-14.258850701403405,2.0,0,53.132076,17.61883,0.53,1.59829,2731720960.0,>40,>0,>0,OK,1,1,0,1,1,ledger
ATS,NASDAQ:ATS,ATS Corporation,Monthly,2022-07-31,2022-09-30,30.68000030517578,26.229999542236328,1.7252249439966916,-66.81682980321087,-0.6681682980321088,-14.50456557586386,2.0,0,53.132076,17.61883,0.53,1.59829,2731720960.0,>40,>0,>0,OK,1,1,0,1,1,ledger
AUBN,NASDAQ:AUBN,"Auburn National Bancorporation, Inc.",Daily,2024-10-24,2024-11-08,21.0,21.760000228881836,4.25,76.0000228881836,0.7600002288818359,3.6190487089611234,11.0,1,10.8630705,,2.41,,91453440.0,"(0,15]",>0,missing,OK,1,1,1,0,1,ledger
AUBN,NASDAQ:AUBN,"Auburn National Bancorporation, Inc.",Daily,2025-06-16,2025-07-01,21.309999465942383,24.200000762939453,2.2643061886509317,454.43370799040645,4.544337079904064,13.561714544460065,10.0,1,10.8630705,,2.41,,91453440.0,"(0,15]",>0,missing,OK,1,1,1,0,1,ledger
AUBN,NASDAQ:AUBN,"Auburn National Bancorporation, Inc.",Daily,2025-07-10,2025-07-11,24.850000381469727,24.81999969482422,1.616277212966413,-1.7442247298663969,-0.01744224729866397,-0.1207271073841869,1.0,0,10.8630705,,2.41,,91453440.0,"(0,15]",>0,missing,OK,1,1,1,0,1,ledger
AUBN,NASDAQ:AUBN,"Auburn National Bancorporation, Inc.",Daily,2025-09-11,2025-09-23,25.5,26.860000610351562,2.4553703115428354,108.06812159995128,1.080681215999513,5.333335726868873,8.0,1,10.8630705,,2.41,,91453440.0,"(0,15]",>0,missing,OK,1,1,1,0,1,ledger
AUBN,NASDAQ:AUBN,"Auburn National Bancorporation, Inc.",Daily,2026-07-08,2026-07-16,25.940000534057617,26.549999237060547,3.1612878085596856,65.59123686390969,0.655912368639097,2.35157552214403,6.0,1,10.8630705,,2.41,,91453440.0,"(0,15]",>0,missing,OK,1,1,1,0,1,ledger
AUBN,NASDAQ:AUBN,"Auburn National Bancorporation, Inc.",Weekly,2020-11-13,2021-01-29,39.09000015258789,39.529998779296875,8.061768718477689,13.405770129703615,0.13405770129703615,1.125604054723584,11.0,1,10.8630705,,2.41,,91453440.0,"(0,15]",>0,missing,OK,1,1,1,0,1,ledger
AUBN,NASDAQ:AUBN,"Auburn National Bancorporation, Inc.",Weekly,2025-03-21,2025-04-11,21.75,20.200000762939453,2.0857140677315846,-88.5713849748884,-0.8857138497488839,-7.126433273841595,3.0,0,10.8630705,,2.41,,91453440.0,"(0,15]",>0,missing,OK,1,1,1,0,1,ledger
AUDC,NASDAQ:AUDC,AudioCodes Ltd. - Ordinary Shares,Daily,2025-03-05,2025-03-07,10.760000228881836,10.520000457763672,4.355557486452521,-53.333305076304576,-0.5333330507630457,-2.2304810967750743,2.0,0,41.833336,15.936508,0.24,0.63,255554288.0,>40,>0,>0,OK,1,1,0,1,1,ledger
AUDC,NASDAQ:AUDC,AudioCodes Ltd. - Ordinary Shares,Daily,2025-08-04,2025-08-14,10.0,9.59000015258789,2.3076936620234925,-63.076936620234925,-0.6307693662023492,-4.099998474121094,8.0,0,41.833336,15.936508,0.24,0.63,255554288.0,>40,>0,>0,OK,1,1,0,1,1,ledger
AUDC,NASDAQ:AUDC,AudioCodes Ltd. - Ordinary Shares,Daily,2025-10-01,2025-10-03,9.739999771118164,9.640000343322754,2.3548443662361795,-32.25793550689416,-0.32257935506894153,-1.0266881945103998,2.0,0,41.833336,15.936508,0.24,0.63,255554288.0,>40,>0,>0,OK,1,1,0,1,1,ledger
AUDC,NASDAQ:AUDC,AudioCodes Ltd. - Ordinary Shares,Daily,2025-12-24,2025-12-30,8.930000305175781,8.75,1.6020237896595348,-72.09126151097901,-0.72091261510979,-2.0156808401389865,3.0,0,41.833336,15.936508,0.24,0.63,255554288.0,>40,>0,>0,OK,1,1,0,1,1,ledger
AUDC,NASDAQ:AUDC,AudioCodes Ltd. - Ordinary Shares,Weekly,2016-10-28,2017-03-03,5.329999923706055,6.510000228881836,1.5151623296405756,425.6884968076614,4.256884968076614,22.138842815504276,18.0,1,41.833336,15.936508,0.24,0.63,255554288.0,>40,>0,>0,OK,1,1,0,1,1,ledger
AUDC,NASDAQ:AUDC,AudioCodes Ltd. - Ordinary Shares,Monthly,2021-01-31,2022-01-31,30.0,29.6200008392334,2.456392952179233,-6.2478403356233825,-0.06247840335623383,-1.2666638692220051,12.0,0,41.833336,15.936508,0.24,0.63,255554288.0,>40,>0,>0,OK,1,1,0,1,1,ledger
AUGO,NASDAQ:AUGO,Aura Minerals Inc.,Daily,2026-02-03,2026-02-12,64.72000122070312,68.93000030517578,2.559321759932758,89.19487278957747,0.8919487278957747,6.504942838483646,7.0,1,50.252174,5.1353917,1.15,11.25328,4825464832.0,>40,>0,>0,OK,1,1,0,1,1,ledger
AUPH,NASDAQ:AUPH,Aurinia Pharmaceuticals Inc.,Daily,2024-12-26,2024-12-31,9.25,8.979999542236328,3.8423938367985992,-73.05972106364716,-0.7305972106364717,-2.918923867715372,3.0,0,6.912037,13.490923,2.16,1.10667,1920023040.0,"(0,15]",>0,>0,OK,1,1,1,0,1,ledger
AUPH,NASDAQ:AUPH,Aurinia Pharmaceuticals Inc.,Weekly,2016-11-18,2016-12-02,3.640000104904175,2.890000104904175,1.7226889527254048,-63.02520705350313,-0.6302520705350313,-20.60439501058048,2.0,0,6.912037,13.490923,2.16,1.10667,1920023040.0,"(0,15]",>0,>0,OK,1,1,1,0,1,ledger
AUPH,NASDAQ:AUPH,Aurinia Pharmaceuticals Inc.,Weekly,2017-05-12,2017-05-26,7.679999828338623,6.360000133514404,2.278885226592703,-105.17928892350656,-1.0517928892350656,-17.187496410527498,2.0,0,6.912037,13.490923,2.16,1.10667,1920023040.0,"(0,15]",>0,>0,OK,1,1,1,0,1,ledger
AUPH,NASDAQ:AUPH,Aurinia Pharmaceuticals Inc.,Weekly,2018-06-15,2018-06-29,5.900000095367432,5.630000114440918,1.5418886533581067,-52.69745912658,-0.5269745912657999,-4.576270789190538,2.0,0,6.912037,13.490923,2.16,1.10667,1920023040.0,"(0,15]",>0,>0,OK,1,1,1,0,1,ledger
AUPH,NASDAQ:AUPH,Aurinia Pharmaceuticals Inc.,Weekly,2019-02-08,2019-02-22,6.539999961853027,6.190000057220459,1.949153389827235,-52.076605370400934,-0.5207660537040093,-5.351680530184595,2.0,0,6.912037,13.490923,2.16,1.10667,1920023040.0,"(0,15]",>0,>0,OK,1,1,1,0,1,ledger
AUPH,NASDAQ:AUPH,Aurinia Pharmaceuticals Inc.,Monthly,2022-10-31,2022-11-30,8.130000114440918,5.130000114440918,5.331593005218862,-61.89450898124916,-0.6189450898124916,-36.90036848426666,1.0,0,6.912037,13.490923,2.16,1.10667,1920023040.0,"(0,15]",>0,>0,OK,1,1,1,0,1,ledger
AUR,NASDAQ:AUR,"Aurora Innovation, Inc.",Daily,2024-07-23,2024-07-24,4.409999847412109,4.139999866485596,2.44971655542241,-79.212382397879,-0.7921238239787899,-6.122448758925829,1.0,0,,-16.066668,-0.46,-0.45,14179497984.0,missing,<=0,<=0,OK,0,0,0,0,0,ledger
AUR,NASDAQ:AUR,"Aurora Innovation, Inc.",Daily,2024-10-04,2024-10-21,5.550000190734863,6.039999961853027,2.6882066466502725,106.22749070261226,1.0622749070261226,8.828824401414737,11.0,1,,-16.066668,-0.46,-0.45,14179497984.0,missing,<=0,<=0,OK,0,0,0,0,0,ledger
AUR,NASDAQ:AUR,"Aurora Innovation, Inc.",Daily,2024-12-26,2024-12-30,7.340000152587891,6.46999979019165,1.6666649808795617,-131.81817196617925,-1.3181817196617927,-11.852865726297036,2.0,0,,-16.066668,-0.46,-0.45,14179497984.0,missing,<=0,<=0,OK,0,0,0,0,0,ledger
AUR,NASDAQ:AUR,"Aurora Innovation, Inc.",Daily,2025-01-17,2025-01-27,6.800000190734863,6.389999866485596,4.043888698999174,-54.7193341232342,-0.547193341232342,-6.02941636395689,5.0,0,,-16.066668,-0.46,-0.45,14179497984.0,missing,<=0,<=0,OK,0,0,0,0,0,ledger
AUR,NASDAQ:AUR,"Aurora Innovation, Inc.",Daily,2025-02-28,2025-03-10,7.269999980926514,6.360000133514404,4.494348043112983,-116.85301360717536,-1.1685301360717535,-12.517191881699782,6.0,0,,-16.066668,-0.46,-0.45,14179497984.0,missing,<=0,<=0,OK,0,0,0,0,0,ledger
AUR,NASDAQ:AUR,"Aurora Innovation, Inc.",Daily,2026-05-28,2026-06-03,7.070000171661377,6.949999809265137,3.134085729308918,-25.156626892546793,-0.25156626892546796,-1.6973176730212356,4.0,0,,-16.066668,-0.46,-0.45,14179497984.0,missing,<=0,<=0,OK,0,0,0,0,0,ledger
AUR,NASDAQ:AUR,"Aurora Innovation, Inc.",Weekly,2023-11-03,2024-01-05,2.009999990463257,3.2899999618530273,4.082677554666049,273.60350357750946,2.7360350357750947,63.68159091855324,9.0,1,,-16.066668,-0.46,-0.45,14179497984.0,missing,<=0,<=0,OK,0,0,0,0,0,ledger
AUR,NASDAQ:AUR,"Aurora Innovation, Inc.",Weekly,2024-02-09,2024-02-16,3.319999933242798,2.9200000762939453,2.9272467453123543,-78.58377663655052,-0.7858377663655053,-12.048188704574885,1.0,0,,-16.066668,-0.46,-0.45,14179497984.0,missing,<=0,<=0,OK,0,0,0,0,0,ledger
AUR,NASDAQ:AUR,"Aurora Innovation, Inc.",Weekly,2025-04-25,2025-05-16,6.880000114440918,6.699999809265137,2.1141304460500265,-9.782624470037007,-0.09782624470037006,-2.6162834619430586,3.0,0,,-16.066668,-0.46,-0.45,14179497984.0,missing,<=0,<=0,OK,0,0,0,0,0,ledger
AUR,NASDAQ:AUR,"Aurora Innovation, Inc.",Weekly,2026-07-03,2026-07-10,6.630000114440918,6.380000114440918,2.184851137803453,-28.228058666923037,-0.2822805866692304,-3.7707389997697085,1.0,0,,-16.066668,-0.46,-0.45,14179497984.0,missing,<=0,<=0,OK,0,0,0,0,0,ledger
AUR,NASDAQ:AUR,"Aurora Innovation, Inc.",Monthly,2023-01-31,2023-09-30,1.8200000524520874,2.3499999046325684,9.361309482985092,39.91546792545719,0.39915467925457193,29.12087015966905,8.0,1,,-16.066668,-0.46,-0.45,14179497984.0,missing,<=0,<=0,OK,0,0,0,0,0,ledger
AVAH,NASDAQ:AVAH,Aveanna Healthcare Holdings Inc.,Daily,2024-11-18,2024-11-26,5.690000057220459,5.570000171661377,1.6129035235196125,-38.70964764803874,-0.38709647648038736,-2.1089610606735474,6.0,0,7.7355366,12.057038,1.21,0.77631,2038188544.0,"(0,15]",>0,>0,OK,1,1,1,0,1,ledger
AVAH,NASDAQ:AVAH,Aveanna Healthcare Holdings Inc.,Daily,2025-05-27,2025-05-29,5.449999809265137,5.25,2.1373756792201593,-64.76886638778774,-0.6476886638778774,-3.669721399349996,2.0,0,7.7355366,12.057038,1.21,0.77631,2038188544.0,"(0,15]",>0,>0,OK,1,1,1,0,1,ledger
AVAH,NASDAQ:AVAH,Aveanna Healthcare Holdings Inc.,Daily,2026-01-26,2026-01-27,8.949999809265137,8.329999923706055,2.209213597494437,-153.04038849819187,-1.5304038849819186,-6.927373170636847,1.0,0,7.7355366,12.057038,1.21,0.77631,2038188544.0,"(0,15]",>0,>0,OK,1,1,1,0,1,ledger
AVAH,NASDAQ:AVAH,Aveanna Healthcare Holdings Inc.,Weekly,2023-04-14,2023-05-26,1.25,0.9750000238418579,2.5592811304364234,-87.9752864752356,-0.8797528647523561,-21.999998092651367,6.0,0,7.7355366,12.057038,1.21,0.77631,2038188544.0,"(0,15]",>0,>0,OK,1,1,1,0,1,ledger
AVAH,NASDAQ:AVAH,Aveanna Healthcare Holdings Inc.,Weekly,2023-10-20,2024-01-05,1.25,2.559999942779541,3.1461286095217993,515.1785680133647,5.1517856801336475,104.7999954223633,11.0,1,7.7355366,12.057038,1.21,0.77631,2038188544.0,"(0,15]",>0,>0,OK,1,1,1,0,1,ledger
AVAH,NASDAQ:AVAH,Aveanna Healthcare Holdings Inc.,Monthly,2023-01-31,2023-09-30,1.2200000286102295,1.190000057220459,9.747696364552683,-2.5821687489755094,-0.025821687489755094,-2.459013990675489,8.0,0,7.7355366,12.057038,1.21,0.77631,2038188544.0,"(0,15]",>0,>0,OK,1,1,1,0,1,ledger
AVAV,NASDAQ:AVAV,"AeroVironment, Inc.",Daily,2024-07-22,2024-08-02,168.4199981689453,166.5,1.9848882618320092,-38.22448707794376,-0.38224487077943764,-1.1400060502431106,9.0,0,,38.375698,-5.41,4.40435,8553769984.0,missing,<=0,>0,OK,0,0,0,0,0,ledger
AVAV,NASDAQ:AVAV,"AeroVironment, Inc.",Daily,2025-06-12,2025-06-16,190.1199951171875,186.6699981689453,1.6284175899035602,-44.51688666061375,-0.44516886660613747,-1.8146418245569877,2.0,0,,38.375698,-5.41,4.40435,8553769984.0,missing,<=0,>0,OK,0,0,0,0,0,ledger
AVAV,NASDAQ:AVAV,"AeroVironment, Inc.",Daily,2026-02-03,2026-02-04,285.4100036621094,257.29998779296875,5.952575069809279,-136.21538966374652,-1.3621538966374653,-9.848994607217572,1.0,0,,38.375698,-5.41,4.40435,8553769984.0,missing,<=0,>0,OK,0,0,0,0,0,ledger
AVAV,NASDAQ:AVAV,"AeroVironment, Inc.",Weekly,2016-09-23,2016-10-07,24.65999984741211,23.420000076293945,3.3251551330522626,-76.07364475788947,-0.7607364475788947,-5.028385153247652,2.0,0,,38.375698,-5.41,4.40435,8553769984.0,missing,<=0,>0,OK,0,0,0,0,0,ledger
AVAV,NASDAQ:AVAV,"AeroVironment, Inc.",Weekly,2017-01-27,2017-09-15,25.959999084472656,48.4900016784668,2.253834439715404,1467.5977230426222,14.675977230426222,86.78737823018614,33.0,1,,38.375698,-5.41,4.40435,8553769984.0,missing,<=0,>0,OK,0,0,0,0,0,ledger
AVAV,NASDAQ:AVAV,"AeroVironment, Inc.",Weekly,2022-05-20,2022-06-17,84.54000091552734,83.5199966430664,2.462114440897613,-8.492956628075023,-0.08492956628075024,-1.2065344942214151,4.0,0,,38.375698,-5.41,4.40435,8553769984.0,missing,<=0,>0,OK,0,0,0,0,0,ledger
AVAV,NASDAQ:AVAV,"AeroVironment, Inc.",Weekly,2024-01-12,2024-06-21,126.80000305175781,189.47999572753906,1.6705540244867212,609.1349572301667,6.0913495723016675,49.43216969024539,23.0,1,,38.375698,-5.41,4.40435,8553769984.0,missing,<=0,>0,OK,0,0,0,0,0,ledger
AVAV,NASDAQ:AVAV,"AeroVironment, Inc.",Weekly,2025-12-26,2026-01-23,255.0,307.75,4.579305132793343,148.32271121319445,1.4832271121319447,20.68627450980392,4.0,1,,38.375698,-5.41,4.40435,8553769984.0,missing,<=0,>0,OK,0,0,0,0,0,ledger
AVAV,NASDAQ:AVAV,"AeroVironment, Inc.",Monthly,2019-02-28,2019-03-31,79.66999816894531,68.41000366210938,2.500000114486714,-67.58700246077743,-0.6758700246077742,-14.133293291859253,1.0,0,,38.375698,-5.41,4.40435,8553769984.0,missing,<=0,>0,OK,0,0,0,0,0,ledger
AVGO,NASDAQ:AVGO,Broadcom Inc.,Daily,2024-09-10,2024-09-16,148.2100067138672,164.02000427246094,1.8189307393799046,118.78273729343049,1.1878273729343047,10.667294273264813,4.0,1,65.3375,21.452948,6.4,19.49196,1989429821440.0,>40,>0,>0,OK,1,1,0,1,1,ledger
AVGO,NASDAQ:AVGO,Broadcom Inc.,Daily,2025-10-01,2025-10-10,333.3900146484375,324.6300048828125,3.522155090950726,-75.54876532676933,-0.7554876532676932,-2.62755612967668,7.0,0,65.3375,21.452948,6.4,19.49196,1989429821440.0,>40,>0,>0,OK,1,1,0,1,1,ledger
AVGO,NASDAQ:AVGO,Broadcom Inc.,Weekly,2026-06-19,2026-06-26,411.3500061035156,365.0199890136719,2.0392480269971074,-112.94489280910379,-1.1294489280910378,-11.262918780213866,1.0,0,65.3375,21.452948,6.4,19.49196,1989429821440.0,>40,>0,>0,OK,1,1,0,1,1,ledger
AVNW,NASDAQ:AVNW,"Aviat Networks, Inc.",Daily,2024-10-11,2024-10-14,22.770000457763672,22.579999923706055,1.856249128282278,-11.875030547373164,-0.11875030547373164,-0.8344335978826672,1.0,0,31.043478,7.5727315,0.69,2.82857,277163296.0,"(25,40]",>0,>0,OK,1,1,0,1,1,ledger
AVNW,NASDAQ:AVNW,"Aviat Networks, Inc.",Daily,2025-03-05,2025-03-07,20.899999618530273,20.200000762939453,5.041638542432078,-59.51333943313199,-0.5951333943313198,-3.34927688214018,2.0,0,31.043478,7.5727315,0.69,2.82857,277163296.0,"(25,40]",>0,>0,OK,1,1,0,1,1,ledger
AVNW,NASDAQ:AVNW,"Aviat Networks, Inc.",Daily,2025-09-10,2025-09-16,22.690000534057617,23.510000228881836,1.6605497362959645,75.22931926911811,0.752293192691181,3.6139254099769715,4.0,1,31.043478,7.5727315,0.69,2.82857,277163296.0,"(25,40]",>0,>0,OK,1,1,0,1,1,ledger
AVNW,NASDAQ:AVNW,"Aviat Networks, Inc.",Daily,2025-09-18,2025-09-23,24.209999084472656,23.40999984741211,1.9387881136149978,-76.0307997858477,-0.7603079978584771,-3.304416634916913,3.0,0,31.043478,7.5727315,0.69,2.82857,277163296.0,"(25,40]",>0,>0,OK,1,1,0,1,1,ledger
AVNW,NASDAQ:AVNW,"Aviat Networks, Inc.",Weekly,2021-04-30,2021-05-14,32.40999984741211,31.329999923706055,2.3402056868873133,-22.26803791258209,-0.2226803791258209,-3.332304624470065,2.0,0,31.043478,7.5727315,0.69,2.82857,277163296.0,"(25,40]",>0,>0,OK,1,1,0,1,1,ledger
AVNW,NASDAQ:AVNW,"Aviat Networks, Inc.",Weekly,2022-05-27,2022-06-17,29.90999984741211,25.59000015258789,1.5231219226079307,-124.85551554654924,-1.2485551554654923,-14.443329043339986,3.0,0,31.043478,7.5727315,0.69,2.82857,277163296.0,"(25,40]",>0,>0,OK,1,1,0,1,1,ledger
AVNW,NASDAQ:AVNW,"Aviat Networks, Inc.",Monthly,2022-08-31,2022-09-30,31.299999237060547,27.3799991607666,1.6792451423660941,-52.83018916425485,-0.5283018916425485,-12.523962210364836,1.0,0,31.043478,7.5727315,0.69,2.82857,277163296.0,"(25,40]",>0,>0,OK,1,1,0,1,1,ledger
AVO,NASDAQ:AVO,"Mission Produce, Inc.",Daily,2025-07-01,2025-07-07,11.979999542236328,11.829999923706055,1.6000012715662941,-33.33326269076144,-0.33333262690761434,-1.25208367497377,3.0,0,39.84375,15.269462,0.32,0.835,1126813696.0,"(25,40]",>0,>0,OK,1,1,0,1,1,ledger
AVO,NASDAQ:AVO,"Mission Produce, Inc.",Daily,2025-11-25,2025-12-04,11.770000457763672,12.029999732971191,2.799995708471715,64.99972581902625,0.6499972581902626,2.208999703445381,6.0,1,39.84375,15.269462,0.32,0.835,1126813696.0,"(25,40]",>0,>0,OK,1,1,0,1,1,ledger
AVO,NASDAQ:AVO,"Mission Produce, Inc.",Daily,2026-03-18,2026-04-09,12.489999771118164,14.699999809265137,3.465756538551982,302.73992109319886,3.0273992109319887,17.694155953928593,15.0,1,39.84375,15.269462,0.32,0.835,1126813696.0,"(25,40]",>0,>0,OK,1,1,0,1,1,ledger
AVO,NASDAQ:AVO,"Mission Produce, Inc.",Daily,2026-04-17,2026-04-20,14.289999961853027,13.420000076293945,1.631578154841527,-114.47363467759544,-1.1447363467759544,-6.088172763341746,1.0,0,39.84375,15.269462,0.32,0.835,1126813696.0,"(25,40]",>0,>0,OK,1,1,0,1,1,ledger
AVO,NASDAQ:AVO,"Mission Produce, Inc.",Weekly,2021-08-20,2021-09-17,19.760000228881836,19.989999771118164,2.33613158350811,16.949816463060248,0.1694981646306025,1.1639652812359464,4.0,1,39.84375,15.269462,0.32,0.835,1126813696.0,"(25,40]",>0,>0,OK,1,1,0,1,1,ledger
AVO,NASDAQ:AVO,"Mission Produce, Inc.",Weekly,2023-07-21,2023-08-04,12.1899995803833,11.390000343322754,2.0224735114098102,-89.88761636977729,-0.8988761636977729,-6.56275032484777,2.0,0,39.84375,15.269462,0.32,0.835,1126813696.0,"(25,40]",>0,>0,OK,1,1,0,1,1,ledger
AVO,NASDAQ:AVO,"Mission Produce, Inc.",Weekly,2026-01-09,2026-03-06,12.210000038146973,13.789999961853027,2.2897691932335493,189.4154680439031,1.894154680439031,12.940212274936572,8.0,1,39.84375,15.269462,0.32,0.835,1126813696.0,"(25,40]",>0,>0,OK,1,1,0,1,1,ledger
AVO,NASDAQ:AVO,"Mission Produce, Inc.",Monthly,2022-06-30,2022-12-31,14.25,11.619999885559082,2.70404990717273,-81.93146676593595,-0.8193146676593595,-18.456141153971352,6.0,0,39.84375,15.269462,0.32,0.835,1126813696.0,"(25,40]",>0,>0,OK,1,1,0,1,1,ledger
AVPT,NASDAQ:AVPT,"AvePoint, Inc.",Daily,2025-05-27,2025-06-10,18.65999984741211,18.84000015258789,1.9567926381003737,22.22227455006558,0.2222227455006558,0.9646318684227903,10.0,1,67.5,27.136768,0.2,0.49748,2862232320.0,>40,>0,>0,OK,1,1,0,1,1,ledger
AVPT,NASDAQ:AVPT,"AvePoint, Inc.",Daily,2026-06-10,2026-06-18,10.720000267028809,10.40999984741211,1.893682301432018,-65.59135568035273,-0.6559135568035274,-2.8917948870781136,6.0,0,67.5,27.136768,0.2,0.49748,2862232320.0,>40,>0,>0,OK,1,1,0,1,1,ledger
AVPT,NASDAQ:AVPT,"AvePoint, Inc.",Weekly,2019-12-20,2020-03-13,9.914999961853027,9.800000190734863,3.385295195263201,-116.21138157957155,-1.1621138157957154,-1.1598564958206172,12.0,0,67.5,27.136768,0.2,0.49748,2862232320.0,>40,>0,>0,OK,1,1,0,1,1,ledger
AVT,NASDAQ:AVT,"Avnet, Inc.",Daily,2025-07-28,2025-07-31,54.119998931884766,52.939998626708984,2.3963949412330745,-106.30627534538458,-1.0630627534538457,-2.180340592136606,3.0,0,34.39777,11.602508,2.69,7.975,7589687808.0,"(25,40]",>0,>0,OK,1,1,0,1,1,ledger
AVT,NASDAQ:AVT,"Avnet, Inc.",Daily,2026-03-23,2026-03-26,59.72999954223633,61.20000076293945,4.90012454089122,84.1493913678902,0.841493913678902,2.461076899328714,3.0,1,34.39777,11.602508,2.69,7.975,7589687808.0,"(25,40]",>0,>0,OK,1,1,0,1,1,ledger
AVT,NASDAQ:AVT,"Avnet, Inc.",Weekly,2021-07-23,2021-08-20,39.9900016784668,39.58000183105469,2.305083567710859,-17.372870397310315,-0.17372870397310317,-1.0252558894811945,4.0,0,34.39777,11.602508,2.69,7.975,7589687808.0,"(25,40]",>0,>0,OK,1,1,0,1,1,ledger
AVT,NASDAQ:AVT,"Avnet, Inc.",Weekly,2026-04-03,2026-07-03,61.869998931884766,82.18000030517578,1.676241594962605,530.2875167702346,5.302875167702346,32.82689788899324,13.0,1,34.39777,11.602508,2.69,7.975,7589687808.0,"(25,40]",>0,>0,OK,1,1,0,1,1,ledger
AVT,NASDAQ:AVT,"Avnet, Inc.",Monthly,2017-06-30,2018-04-30,38.880001068115234,39.22999954223633,4.178454826775606,11.58837509772251,0.1158837509772251,0.9002018120007744,10.0,1,34.39777,11.602508,2.69,7.975,7589687808.0,"(25,40]",>0,>0,OK,1,1,0,1,1,ledger
AWR,NASDAQ:AWR,American States Water Company,Daily,2024-08-13,2024-08-20,81.25,81.69999694824219,2.4659040171314377,25.56797738927638,0.2556797738927638,0.5538423978365385,5.0,1,24.682081,22.532982,3.46,3.79,3347052544.0,"(15,25]",>0,>0,OK,1,1,1,1,1,ledger
AWR,NASDAQ:AWR,American States Water Company,Daily,2024-09-27,2024-10-07,82.58000183105469,82.76000213623047,1.9041943839051998,12.509337133037079,0.1250933713303708,0.21797081761275897,6.0,1,24.682081,22.532982,3.46,3.79,3347052544.0,"(15,25]",>0,>0,OK,1,1,1,1,1,ledger
AWR,NASDAQ:AWR,American States Water Company,Daily,2024-10-23,2024-10-24,84.41999816894531,83.33999633789062,2.283167777879018,-80.05921801254341,-0.8005921801254341,-1.279319893958463,1.0,0,24.682081,22.532982,3.46,3.79,3347052544.0,"(15,25]",>0,>0,OK,1,1,1,1,1,ledger
AWR,NASDAQ:AWR,American States Water Company,Daily,2025-03-26,2025-04-02,75.5999984741211,77.80000305175781,3.3804421740500556,119.56570414475975,1.1956570414475975,2.910059023863354,5.0,1,24.682081,22.532982,3.46,3.79,3347052544.0,"(15,25]",>0,>0,OK,1,1,1,1,1,ledger
AWR,NASDAQ:AWR,American States Water Company,Daily,2026-04-17,2026-04-29,75.91999816894531,77.87000274658203,2.335791695765732,113.87011247872529,1.138701124787253,2.568499242185649,8.0,1,24.682081,22.532982,3.46,3.79,3347052544.0,"(15,25]",>0,>0,OK,1,1,1,1,1,ledger
AWR,NASDAQ:AWR,American States Water Company,Weekly,2022-03-04,2022-04-15,88.12000274658203,85.3499984741211,2.2813400151698153,-40.37906743449954,-0.4037906743449954,-3.143445513077199,6.0,0,24.682081,22.532982,3.46,3.79,3347052544.0,"(15,25]",>0,>0,OK,1,1,1,1,1,ledger
AWR,NASDAQ:AWR,American States Water Company,Weekly,2024-06-28,2024-08-23,72.56999969482422,80.68000030517578,2.079166904372847,245.80238138816156,2.4580238138816157,11.175417726961873,8.0,1,24.682081,22.532982,3.46,3.79,3347052544.0,"(15,25]",>0,>0,OK,1,1,1,1,1,ledger
AWR,NASDAQ:AWR,American States Water Company,Monthly,2022-06-30,2022-09-30,81.51000213623047,77.94999694824219,2.163264579816138,-34.596743160793366,-0.3459674316079337,-4.367568512681821,3.0,0,24.682081,22.532982,3.46,3.79,3347052544.0,"(15,25]",>0,>0,OK,1,1,1,1,1,ledger
AXON,NASDAQ:AXON,"Axon Enterprise, Inc.",Daily,2025-08-18,2025-08-29,791.6199951171875,747.2899780273438,1.574815966991277,-74.03141862897192,-0.7403141862897192,-5.599911240655481,9.0,0,232.64369,57.738777,2.61,10.51633,48941584384.0,>40,>0,>0,OK,1,1,0,1,1,ledger
AXON,NASDAQ:AXON,"Axon Enterprise, Inc.",Daily,2026-03-17,2026-03-20,506.57000732421875,496.2699890136719,3.065938421398013,-38.6006879621175,-0.38600687962117497,-2.03328625098694,3.0,0,232.64369,57.738777,2.61,10.51633,48941584384.0,>40,>0,>0,OK,1,1,0,1,1,ledger
AXON,NASDAQ:AXON,"Axon Enterprise, Inc.",Daily,2026-06-23,2026-07-08,433.0400085449219,599.7999877929688,2.6662357108656902,537.2420532897331,5.372420532897331,38.509139099730056,10.0,1,232.64369,57.738777,2.61,10.51633,48941584384.0,>40,>0,>0,OK,1,1,0,1,1,ledger
AXON,NASDAQ:AXON,"Axon Enterprise, Inc.",Daily,2026-07-24,2026-07-30,502.3399963378906,525.2999877929688,5.568418697073458,78.56623675509081,0.7856623675509082,4.570607879615158,4.0,1,232.64369,57.738777,2.61,10.51633,48941584384.0,>40,>0,>0,OK,1,1,0,1,1,ledger
AXON,NASDAQ:AXON,"Axon Enterprise, Inc.",Weekly,2017-06-16,2017-06-30,25.360000610351562,25.139999389648438,1.7729423722735955,-13.880767269316022,-0.13880767269316022,-0.8675126790546048,2.0,0,232.64369,57.738777,2.61,10.51633,48941584384.0,>40,>0,>0,OK,1,1,0,1,1,ledger
AXON,NASDAQ:AXON,"Axon Enterprise, Inc.",Weekly,2019-07-19,2019-08-09,65.91999816894531,58.09000015258789,1.8178716895902176,-157.97922695541996,-1.5797922695541997,-11.878031301351138,3.0,0,232.64369,57.738777,2.61,10.51633,48941584384.0,>40,>0,>0,OK,1,1,0,1,1,ledger
AXON,NASDAQ:AXON,"Axon Enterprise, Inc.",Weekly,2020-09-25,2020-10-30,87.19999694824219,98.9000015258789,1.9776402634402415,130.72539068381934,1.3072539068381936,13.41743691181697,5.0,1,232.64369,57.738777,2.61,10.51633,48941584384.0,>40,>0,>0,OK,1,1,0,1,1,ledger
AXON,NASDAQ:AXON,"Axon Enterprise, Inc.",Weekly,2021-04-09,2021-05-07,149.4199981689453,134.74000549316406,2.8394227400712904,-66.21557910791482,-0.6621557910791481,-9.82465055258732,4.0,0,232.64369,57.738777,2.61,10.51633,48941584384.0,>40,>0,>0,OK,1,1,0,1,1,ledger
AXON,NASDAQ:AXON,"Axon Enterprise, Inc.",Weekly,2025-09-12,2025-09-26,756.1300048828125,708.8400268554688,2.076956829854296,-75.67552159293737,-0.7567552159293737,-6.254212598622232,2.0,0,232.64369,57.738777,2.61,10.51633,48941584384.0,>40,>0,>0,OK,1,1,0,1,1,ledger
AXON,NASDAQ:AXON,"Axon Enterprise, Inc.",Monthly,2019-01-31,2019-08-31,51.0099983215332,59.970001220703125,2.1968914494435583,77.37482240077586,0.7737482240077586,17.56518955890178,7.0,1,232.64369,57.738777,2.61,10.51633,48941584384.0,>40,>0,>0,OK,1,1,0,1,1,ledger
AXR,NASDAQ:AXR,AMREP Corporation,Daily,2025-10-09,2025-10-16,24.15999984741211,23.799999237060547,3.9224136513563552,-31.0345394574579,-0.310345394574579,-1.4900687608660057,5.0,0,9.4481325,,2.41,,120799384.0,"(0,15]",>0,missing,OK,1,1,1,0,1,ledger
AXR,NASDAQ:AXR,AMREP Corporation,Daily,2026-03-13,2026-03-20,24.43000030517578,27.0,2.3404252441000697,182.26950162733382,1.822695016273338,10.519851259599593,5.0,1,9.4481325,,2.41,,120799384.0,"(0,15]",>0,missing,OK,1,1,1,0,1,ledger
AXR,NASDAQ:AXR,AMREP Corporation,Weekly,2019-09-13,2019-10-25,5.880000114440918,5.690000057220459,1.6969686898761018,-28.78787331454403,-0.2878787331454403,-3.2312934272540326,6.0,0,9.4481325,,2.41,,120799384.0,"(0,15]",>0,missing,OK,1,1,1,0,1,ledger
AXR,NASDAQ:AXR,AMREP Corporation,Monthly,2026-02-28,2026-07-31,25.260000228881836,23.239999771118164,1.8812008129388955,-26.370763681491695,-0.26370763681491693,-7.996834677198613,5.0,0,9.4481325,,2.41,,120799384.0,"(0,15]",>0,missing,OK,1,1,1,0,1,ledger
AXSM,NASDAQ:AXSM,"Axsome Therapeutics, Inc.",Daily,2024-11-19,2024-12-05,95.45999908447266,98.3499984741211,2.0730131152052493,62.798805689058064,0.6279880568905807,3.0274454403577713,11.0,1,,36.589928,-3.73,5.79859,10918218752.0,missing,<=0,>0,OK,0,0,0,0,0,ledger
AXSM,NASDAQ:AXSM,"Axsome Therapeutics, Inc.",Daily,2025-05-15,2025-05-21,107.22000122070312,105.76000213623047,2.9130436708939476,-33.27888496690468,-0.33278884966904676,-1.3616853831845928,4.0,0,,36.589928,-3.73,5.79859,10918218752.0,missing,<=0,>0,OK,0,0,0,0,0,ledger
AXSM,NASDAQ:AXSM,"Axsome Therapeutics, Inc.",Weekly,2018-08-24,2018-09-14,2.575000047683716,3.0999999046325684,3.495865763859748,138.51539319920548,1.3851539319920545,20.388343581628455,3.0,1,,36.589928,-3.73,5.79859,10918218752.0,missing,<=0,>0,OK,0,0,0,0,0,ledger
AXSM,NASDAQ:AXSM,"Axsome Therapeutics, Inc.",Weekly,2020-02-21,2020-02-28,91.12999725341797,78.0,1.6991875073657774,-118.60883121394215,-1.1860883121394215,-14.40798600806005,1.0,0,,36.589928,-3.73,5.79859,10918218752.0,missing,<=0,>0,OK,0,0,0,0,0,ledger
AXSM,NASDAQ:AXSM,"Axsome Therapeutics, Inc.",Weekly,2023-07-21,2023-08-11,75.13999938964844,69.5999984741211,2.088278949485468,-71.63508482328993,-0.7163508482328993,-7.372905191014088,3.0,0,,36.589928,-3.73,5.79859,10918218752.0,missing,<=0,>0,OK,0,0,0,0,0,ledger
AXSM,NASDAQ:AXSM,"Axsome Therapeutics, Inc.",Monthly,2017-06-30,2018-01-31,5.5,2.799999952316284,1.8278480156933756,-136.7088697751622,-1.3670886977516221,-49.09090995788574,7.0,0,,36.589928,-3.73,5.79859,10918218752.0,missing,<=0,>0,OK,0,0,0,0,0,ledger
AYA,NASDAQ:AYA,Aya Gold & Silver Inc.,Daily,2024-09-10,2024-09-17,9.949999809265137,11.550000190734863,4.210603456228311,325.45724761340887,3.2545724761340886,16.08040615216751,5.0,1,38.166664,9.956522,0.6,2.3,3282708992.0,"(25,40]",>0,>0,OK,1,1,0,1,1,ledger
AYA,NASDAQ:AYA,Aya Gold & Silver Inc.,Daily,2025-06-26,2025-06-27,9.210000038146973,8.6899995803833,4.361787869415688,-108.5230393861805,-1.085230393861805,-5.646041863299434,1.0,0,38.166664,9.956522,0.6,2.3,3282708992.0,"(25,40]",>0,>0,OK,1,1,0,1,1,ledger
AYA,NASDAQ:AYA,Aya Gold & Silver Inc.,Daily,2026-03-10,2026-03-12,18.110000610351562,16.979999542236328,2.2748521247962987,-66.08189547958636,-0.6608189547958636,-6.239652291725119,2.0,0,38.166664,9.956522,0.6,2.3,3282708992.0,"(25,40]",>0,>0,OK,1,1,0,1,1,ledger
AYA,NASDAQ:AYA,Aya Gold & Silver Inc.,Daily,2026-04-30,2026-05-05,17.280000686645508,17.1200008392334,1.8641106041253563,-15.697761689555822,-0.15697761689555823,-0.9259250061011975,3.0,0,38.166664,9.956522,0.6,2.3,3282708992.0,"(25,40]",>0,>0,OK,1,1,0,1,1,ledger
AYA,NASDAQ:AYA,Aya Gold & Silver Inc.,Daily,2026-06-25,2026-07-07,18.280000686645508,18.780000686645508,2.440788136295077,32.89472693551909,0.32894726935519086,2.735229656557267,7.0,1,38.166664,9.956522,0.6,2.3,3282708992.0,"(25,40]",>0,>0,OK,1,1,0,1,1,ledger
AYA,NASDAQ:AYA,Aya Gold & Silver Inc.,Weekly,2016-12-09,2017-01-27,0.47999998927116394,0.4000000059604645,2.2499999534338704,-49.99999068677405,-0.49999990686774043,-16.666663562258016,7.0,0,38.166664,9.956522,0.6,2.3,3282708992.0,"(25,40]",>0,>0,OK,1,1,0,1,1,ledger
AYA,NASDAQ:AYA,Aya Gold & Silver Inc.,Weekly,2019-05-17,2019-05-31,1.659999966621399,1.5700000524520874,1.7368933004726868,-86.84454999377901,-0.8684454999377901,-5.4216816854815075,2.0,0,38.166664,9.956522,0.6,2.3,3282708992.0,"(25,40]",>0,>0,OK,1,1,0,1,1,ledger
AYA,NASDAQ:AYA,Aya Gold & Silver Inc.,Weekly,2021-10-08,2021-12-03,6.989999771118164,6.900000095367432,1.7625899601412125,-6.474797438526594,-0.06474797438526593,-1.2875490514692178,8.0,0,38.166664,9.956522,0.6,2.3,3282708992.0,"(25,40]",>0,>0,OK,1,1,0,1,1,ledger
AYA,NASDAQ:AYA,Aya Gold & Silver Inc.,Weekly,2023-07-14,2023-07-28,6.659999847412109,6.159999847412109,2.3592653527861356,-66.27150861556672,-0.6627150861556672,-7.507507679512727,2.0,0,38.166664,9.956522,0.6,2.3,3282708992.0,"(25,40]",>0,>0,OK,1,1,0,1,1,ledger
AYA,NASDAQ:AYA,Aya Gold & Silver Inc.,Monthly,2022-09-30,2023-02-28,5.829999923706055,5.869999885559082,1.832487108756025,2.0304548869091135,0.020304548869091138,0.6861057011403852,5.0,1,38.166664,9.956522,0.6,2.3,3282708992.0,"(25,40]",>0,>0,OK,1,1,0,1,1,ledger
AYA,NASDAQ:AYA,Aya Gold & Silver Inc.,Monthly,2025-05-31,2025-07-31,8.59000015258789,8.510000228881836,2.158301090060726,-3.0887999611166017,-0.030887999611166016,-0.9313145784049058,2.0,0,38.166664,9.956522,0.6,2.3,3282708992.0,"(25,40]",>0,>0,OK,1,1,0,1,1,ledger
AZO,NASDAQ:AZO,"AutoZone, Inc.",Daily,2024-12-24,2024-12-26,3283.47998046875,3241.25,1.5755663215516893,-49.940812685140806,-0.49940812685140806,-1.2861348544820805,1.0,0,20.576447,17.268536,147.16,175.34955,49433665536.0,"(15,25]",>0,>0,OK,1,1,1,1,1,ledger
AZO,NASDAQ:AZO,"AutoZone, Inc.",Daily,2025-06-20,2025-06-24,3655.330078125,3577.5400390625,2.8505671741310663,-87.07181837310794,-0.8707181837310793,-2.128126253988049,2.0,0,20.576447,17.268536,147.16,175.34955,49433665536.0,"(15,25]",>0,>0,OK,1,1,1,1,1,ledger
AZO,NASDAQ:AZO,"AutoZone, Inc.",Weekly,2018-04-27,2018-05-25,628.6699829101562,633.7000122070312,4.463733885886234,13.268353627416413,0.13268353627416413,0.8001064841032574,4.0,1,20.576447,17.268536,147.16,175.34955,49433665536.0,"(15,25]",>0,>0,OK,1,1,1,1,1,ledger
AZO,NASDAQ:AZO,"AutoZone, Inc.",Weekly,2020-12-04,2021-01-22,1162.6300048828125,1227.1600341796875,1.6294148006528215,99.8538804046636,0.998538804046636,5.550349554532554,7.0,1,20.576447,17.268536,147.16,175.34955,49433665536.0,"(15,25]",>0,>0,OK,1,1,1,1,1,ledger
AZO,NASDAQ:AZO,"AutoZone, Inc.",Weekly,2024-06-14,2024-07-05,2835.820068359375,2815.0,3.674055512894622,-18.18905672410635,-0.1818905672410635,-0.7341815720847256,3.0,0,20.576447,17.268536,147.16,175.34955,49433665536.0,"(15,25]",>0,>0,OK,1,1,1,1,1,ledger
AZO,NASDAQ:AZO,"AutoZone, Inc.",Monthly,2018-06-30,2019-09-30,670.9299926757812,1084.6199951171875,1.5836353877602294,516.0160791165622,5.160160791165621,61.65919052024209,15.0,1,20.576447,17.268536,147.16,175.34955,49433665536.0,"(15,25]",>0,>0,OK,1,1,1,1,1,ledger
AZZ,NASDAQ:AZZ,AZZ Inc.,Daily,2024-07-26,2024-07-30,82.18000030517578,79.62999725341797,2.2692295380215866,-89.16092683785674,-0.8916092683785672,-3.102948457396405,2.0,0,23.278965,19.56253,6.56,7.80625,4589164544.0,"(15,25]",>0,>0,OK,1,1,1,1,1,ledger
AZZ,NASDAQ:AZZ,AZZ Inc.,Daily,2024-11-29,2024-12-13,93.13999938964844,93.75,1.6470719219210137,20.758554837059393,0.20758554837059395,0.6549287248753813,10.0,1,23.278965,19.56253,6.56,7.80625,4589164544.0,"(15,25]",>0,>0,OK,1,1,1,1,1,ledger
AZZ,NASDAQ:AZZ,AZZ Inc.,Daily,2025-08-05,2025-08-14,108.44000244140625,112.87999725341797,1.833330250752535,134.54517290966342,1.3454517290966344,4.094425223211145,7.0,1,23.278965,19.56253,6.56,7.80625,4589164544.0,"(15,25]",>0,>0,OK,1,1,1,1,1,ledger
AZZ,NASDAQ:AZZ,AZZ Inc.,Weekly,2017-03-17,2017-03-24,59.20000076293945,56.45000076293945,2.967440935085187,-96.00548510356327,-0.9600548510356328,-4.6452702104043935,1.0,0,23.278965,19.56253,6.56,7.80625,4589164544.0,"(15,25]",>0,>0,OK,1,1,1,1,1,ledger
AZZ,NASDAQ:AZZ,AZZ Inc.,Weekly,2018-11-09,2018-12-07,47.47999954223633,44.150001525878906,1.5469310972141697,-60.10825750992579,-0.6010825750992579,-7.013475249499923,4.0,0,23.278965,19.56253,6.56,7.80625,4589164544.0,"(15,25]",>0,>0,OK,1,1,1,1,1,ledger
AZZ,NASDAQ:AZZ,AZZ Inc.,Weekly,2019-06-07,2019-08-02,43.90999984741211,44.34000015258789,1.820961337653333,16.31279282002009,0.1631279282002009,0.9792764897974005,8.0,1,23.278965,19.56253,6.56,7.80625,4589164544.0,"(15,25]",>0,>0,OK,1,1,1,1,1,ledger
AZZ,NASDAQ:AZZ,AZZ Inc.,Weekly,2025-01-03,2025-03-07,85.22000122070312,90.08999633789062,1.9707456619379562,75.21567511031446,0.7521567511031446,5.714615169477839,9.0,1,23.278965,19.56253,6.56,7.80625,4589164544.0,"(15,25]",>0,>0,OK,1,1,1,1,1,ledger
BANF,NASDAQ:BANF,BancFirst Corporation,Daily,2024-08-09,2024-08-12,99.9800033569336,97.45999908447266,2.564282120170099,-60.00003633041055,-0.6000003633041056,-2.5205082895070494,1.0,0,15.381208,14.998691,7.45,7.64,3848664064.0,"(15,25]",>0,>0,OK,1,1,1,1,1,ledger
BANF,NASDAQ:BANF,BancFirst Corporation,Daily,2024-10-04,2024-10-21,103.05999755859375,109.19000244140625,1.946081795453398,150.24543123904908,1.502454312390491,5.947996340022564,11.0,1,15.381208,14.998691,7.45,7.64,3848664064.0,"(15,25]",>0,>0,OK,1,1,1,1,1,ledger
BANF,NASDAQ:BANF,BancFirst Corporation,Daily,2024-10-23,2024-10-25,110.0999984741211,107.26000213623047,1.7782796112626542,-91.49100860170107,-0.9149100860170106,-2.5794699157585943,2.0,0,15.381208,14.998691,7.45,7.64,3848664064.0,"(15,25]",>0,>0,OK,1,1,1,1,1,ledger
BANF,NASDAQ:BANF,BancFirst Corporation,Daily,2024-11-21,2024-11-26,122.9800033569336,127.2300033569336,1.595080077870916,112.60953673054419,1.126095367305442,3.4558463847695,3.0,1,15.381208,14.998691,7.45,7.64,3848664064.0,"(15,25]",>0,>0,OK,1,1,1,1,1,ledger
BANF,NASDAQ:BANF,BancFirst Corporation,Weekly,2017-09-15,2017-11-03,51.45000076293945,54.70000076293945,1.9846156193659856,100.0,1.0,6.3168123455909555,7.0,1,15.381208,14.998691,7.45,7.64,3848664064.0,"(15,25]",>0,>0,OK,1,1,1,1,1,ledger
BANF,NASDAQ:BANF,BancFirst Corporation,Weekly,2023-11-03,2024-01-05,85.66999816894531,92.68000030517578,3.227112825038382,123.41552393655246,1.2341552393655246,8.182563658290748,9.0,1,15.381208,14.998691,7.45,7.64,3848664064.0,"(15,25]",>0,>0,OK,1,1,1,1,1,ledger
BANF,NASDAQ:BANF,BancFirst Corporation,Monthly,2021-09-30,2022-09-30,60.119998931884766,89.47000122070312,2.0559564971419033,349.6079592403207,3.4960795924032073,48.81903328386875,12.0,1,15.381208,14.998691,7.45,7.64,3848664064.0,"(15,25]",>0,>0,OK,1,1,1,1,1,ledger
BANR,NASDAQ:BANR,Banner Corporation,Daily,2024-08-15,2024-08-27,54.77000045776367,58.97999954223633,1.9283740882298233,115.97790208526213,1.1597790208526213,7.686688057852457,8.0,1,11.638574,10.72111,6.17,6.698,2440456192.0,"(0,15]",>0,>0,OK,1,1,1,1,1,ledger
BANR,NASDAQ:BANR,Banner Corporation,Daily,2024-10-03,2024-10-07,58.619998931884766,59.02000045776367,1.7922695294414308,22.831550506865188,0.2283155050686519,0.6823635843864477,2.0,1,11.638574,10.72111,6.17,6.698,2440456192.0,"(0,15]",>0,>0,OK,1,1,1,1,1,ledger
BANR,NASDAQ:BANR,Banner Corporation,Daily,2024-11-21,2024-11-26,73.18000030517578,75.5199966430664,1.6235154516682633,99.19108081382885,0.9919108081382886,3.1975899537200805,3.0,1,11.638574,10.72111,6.17,6.698,2440456192.0,"(0,15]",>0,>0,OK,1,1,1,1,1,ledger
BANR,NASDAQ:BANR,Banner Corporation,Daily,2025-05-27,2025-05-28,62.72999954223633,61.43000030517578,1.8798457538242774,-71.24767085858545,-0.7124767085858545,-2.0723724638085685,1.0,0,11.638574,10.72111,6.17,6.698,2440456192.0,"(0,15]",>0,>0,OK,1,1,1,1,1,ledger
BANR,NASDAQ:BANR,Banner Corporation,Daily,2025-07-28,2025-07-29,65.13999938964844,64.45999908447266,2.6365540581228633,-38.22722027407775,-0.38227220274077756,-1.0439059127222556,1.0,0,11.638574,10.72111,6.17,6.698,2440456192.0,"(0,15]",>0,>0,OK,1,1,1,1,1,ledger
BANR,NASDAQ:BANR,Banner Corporation,Daily,2025-09-17,2025-09-25,65.45999908447266,65.22000122070312,2.260131391612362,-15.453742897374942,-0.15453742897374942,-0.3666328553714563,6.0,0,11.638574,10.72111,6.17,6.698,2440456192.0,"(0,15]",>0,>0,OK,1,1,1,1,1,ledger
BANR,NASDAQ:BANR,Banner Corporation,Weekly,2019-06-21,2019-08-09,53.58000183105469,54.650001525878906,3.1513312943019565,31.75070690697353,0.3175070690697353,1.9970131733068597,7.0,1,11.638574,10.72111,6.17,6.698,2440456192.0,"(0,15]",>0,>0,OK,1,1,1,1,1,ledger
BANR,NASDAQ:BANR,Banner Corporation,Weekly,2020-10-09,2020-12-18,35.83000183105469,44.08000183105469,1.5588225394388702,142.7334999567712,1.4273349995677118,23.0253965347262,10.0,1,11.638574,10.72111,6.17,6.698,2440456192.0,"(0,15]",>0,>0,OK,1,1,1,1,1,ledger
BATRK,NASDAQ:BATRK,"Atlanta Braves Holdings, Inc.",Daily,2024-11-11,2024-11-12,41.369998931884766,40.599998474121094,2.776702912506296,-74.75741459512311,-0.7475741459512311,-1.861253269625336,1.0,0,,3071.3857,-0.34,0.01667,3284163584.0,missing,<=0,>0,OK,0,0,0,0,0,ledger
BATRK,NASDAQ:BATRK,"Atlanta Braves Holdings, Inc.",Daily,2025-08-04,2025-08-08,44.869998931884766,43.7599983215332,1.6744222494935903,-86.04675232504842,-0.8604675232504843,-2.473814657398604,4.0,0,,3071.3857,-0.34,0.01667,3284163584.0,missing,<=0,>0,OK,0,0,0,0,0,ledger
BATRK,NASDAQ:BATRK,"Atlanta Braves Holdings, Inc.",Daily,2025-12-05,2025-12-22,38.63999938964844,39.099998474121094,1.6719292394369043,57.39446506470424,0.5739446506470425,1.1904738399035506,11.0,1,,3071.3857,-0.34,0.01667,3284163584.0,missing,<=0,>0,OK,0,0,0,0,0,ledger
BATRK,NASDAQ:BATRK,"Atlanta Braves Holdings, Inc.",Weekly,2021-08-27,2021-09-10,26.170000076293945,25.459999084472656,3.5948546980870093,-45.65921880902967,-0.45659218809029667,-2.713033969244969,2.0,0,,3071.3857,-0.34,0.01667,3284163584.0,missing,<=0,>0,OK,0,0,0,0,0,ledger
BATRK,NASDAQ:BATRK,"Atlanta Braves Holdings, Inc.",Weekly,2024-09-20,2024-09-27,41.25,40.31999969482422,1.7787753744664485,-52.10274137339628,-0.5210274137339628,-2.2545461943655303,1.0,0,,3071.3857,-0.34,0.01667,3284163584.0,missing,<=0,>0,OK,0,0,0,0,0,ledger
BATRK,NASDAQ:BATRK,"Atlanta Braves Holdings, Inc.",Weekly,2025-10-31,2026-03-20,40.720001220703125,41.47999954223633,2.852097494593739,33.55401882254663,0.33554018822546633,1.8664005372052883,20.0,1,,3071.3857,-0.34,0.01667,3284163584.0,missing,<=0,>0,OK,0,0,0,0,0,ledger
BATRK,NASDAQ:BATRK,"Atlanta Braves Holdings, Inc.",Monthly,2023-12-31,2024-04-30,39.58000183105469,37.43000030517578,1.8774418631438656,-38.18829694465166,-0.3818829694465167,-5.432039985890054,4.0,0,,3071.3857,-0.34,0.01667,3284163584.0,missing,<=0,>0,OK,0,0,0,0,0,ledger
BBCP,NASDAQ:BBCP,"Concrete Pumping Holdings, Inc.  - Common Stock",Daily,2025-01-31,2025-02-05,8.460000038146973,7.820000171661377,1.8179108556592736,-95.52235725489861,-0.9552235725489862,-7.565010208035146,3.0,0,70.5,34.63158,0.14,0.285,497383040.0,>40,>0,>0,OK,1,1,0,1,1,ledger
BBCP,NASDAQ:BBCP,"Concrete Pumping Holdings, Inc.  - Common Stock",Daily,2026-07-22,2026-07-24,10.819999694824219,10.529999732971191,2.767677176352725,-58.58586442408654,-0.5858586442408654,-2.680221534495512,2.0,0,70.5,34.63158,0.14,0.285,497383040.0,>40,>0,>0,OK,1,1,0,1,1,ledger
BBCP,NASDAQ:BBCP,"Concrete Pumping Holdings, Inc.  - Common Stock",Weekly,2021-12-10,2022-01-21,8.539999961853027,7.889999866485596,1.7802266186692097,-99.75410552787174,-0.9975410552787174,-7.611242368511595,6.0,0,70.5,34.63158,0.14,0.285,497383040.0,>40,>0,>0,OK,1,1,0,1,1,ledger
BBCP,NASDAQ:BBCP,"Concrete Pumping Holdings, Inc.  - Common Stock",Weekly,2023-04-28,2023-07-28,6.949999809265137,7.96999979019165,2.54944769548818,201.58423857902113,2.0158423857902115,14.676259121140381,13.0,1,70.5,34.63158,0.14,0.285,497383040.0,>40,>0,>0,OK,1,1,0,1,1,ledger
BBCP,NASDAQ:BBCP,"Concrete Pumping Holdings, Inc.  - Common Stock",Weekly,2025-11-28,2026-01-16,6.289999961853027,6.239999771118164,2.829256966419259,-9.36843486862635,-0.0936843486862635,-0.7949155967901353,7.0,0,70.5,34.63158,0.14,0.285,497383040.0,>40,>0,>0,OK,1,1,0,1,1,ledger
BBCP,NASDAQ:BBCP,"Concrete Pumping Holdings, Inc.  - Common Stock",Monthly,2022-06-30,2022-10-31,6.059999942779541,6.40500020980835,2.5633800499402946,24.29579214736551,0.24295792147365508,5.693073767102501,4.0,1,70.5,34.63158,0.14,0.285,497383040.0,>40,>0,>0,OK,1,1,0,1,1,ledger
BBDC,NASDAQ:BBDC,"Barings BDC, Inc.",Daily,2024-12-09,2024-12-11,9.859999656677246,9.739999771118164,2.1666706403134413,-50.0,-0.5,-1.2170374212722963,2.0,0,10.082353,8.865486,0.85,0.96667,897337920.0,"(0,15]",>0,>0,OK,1,1,1,1,1,ledger
BBDC,NASDAQ:BBDC,"Barings BDC, Inc.",Daily,2025-12-04,2025-12-15,8.779999732971191,8.949999809265137,2.279714469174305,99.37212628741597,0.9937212628741597,1.9362196066538662,7.0,1,10.082353,8.865486,0.85,0.96667,897337920.0,"(0,15]",>0,>0,OK,1,1,1,1,1,ledger
BBDC,NASDAQ:BBDC,"Barings BDC, Inc.",Weekly,2017-03-17,2017-05-05,18.940000534057617,18.3700008392334,1.719512648982592,-69.5121837754352,-0.695121837754352,-3.009501999745217,7.0,0,10.082353,8.865486,0.85,0.96667,897337920.0,"(0,15]",>0,>0,OK,1,1,1,1,1,ledger
BBDC,NASDAQ:BBDC,"Barings BDC, Inc.",Weekly,2024-03-29,2024-06-07,9.300000190734863,9.8100004196167,1.5869767619804034,137.1793733086523,1.3717937330865229,5.483873316367502,10.0,1,10.082353,8.865486,0.85,0.96667,897337920.0,"(0,15]",>0,>0,OK,1,1,1,1,1,ledger
BBDC,NASDAQ:BBDC,"Barings BDC, Inc.",Weekly,2024-06-28,2024-08-02,9.729999542236328,9.760000228881836,1.5830800136529593,9.312444335269626,0.09312444335269628,0.30833184025631005,5.0,1,10.082353,8.865486,0.85,0.96667,897337920.0,"(0,15]",>0,>0,OK,1,1,1,1,1,ledger
BBDC,NASDAQ:BBDC,"Barings BDC, Inc.",Monthly,2022-11-30,2022-12-31,9.1899995803833,8.149999618530273,1.8153854844134736,-80.00001467191579,-0.8000001467191579,-11.316648632639552,1.0,0,10.082353,8.865486,0.85,0.96667,897337920.0,"(0,15]",>0,>0,OK,1,1,1,1,1,ledger
BBIO,NASDAQ:BBIO,"BridgeBio Pharma, Inc.",Daily,2024-08-15,2024-08-27,24.959999084472656,24.979999542236328,2.9038475881201484,1.2820810647899654,0.012820810647899654,0.08013004205642757,8.0,1,,141.46341,-3.74,0.58015,16074332160.0,missing,<=0,>0,OK,0,0,0,0,0,ledger
BBIO,NASDAQ:BBIO,"BridgeBio Pharma, Inc.",Daily,2025-04-02,2025-04-04,34.619998931884766,31.3700008392334,1.8547514369071492,-181.56443332473782,-1.8156443332473782,-9.38763198417705,2.0,0,,141.46341,-3.74,0.58015,16074332160.0,missing,<=0,>0,OK,0,0,0,0,0,ledger
BBIO,NASDAQ:BBIO,"BridgeBio Pharma, Inc.",Daily,2025-09-16,2025-09-22,51.4900016784668,51.540000915527344,1.555973022357538,2.501528751199331,0.025015287511993313,0.09710474933127966,4.0,1,,141.46341,-3.74,0.58015,16074332160.0,missing,<=0,>0,OK,0,0,0,0,0,ledger
BBIO,NASDAQ:BBIO,"BridgeBio Pharma, Inc.",Daily,2025-11-05,2025-11-07,62.65999984741211,61.79999923706055,2.463822522484256,-31.06873581774821,-0.3106873581774821,-1.3724874121382256,2.0,0,,141.46341,-3.74,0.58015,16074332160.0,missing,<=0,>0,OK,0,0,0,0,0,ledger
BBIO,NASDAQ:BBIO,"BridgeBio Pharma, Inc.",Daily,2026-07-22,2026-07-29,82.66000366210938,83.54000091552734,2.9225533591101804,23.912966859820255,0.23912966859820253,1.0645986141195294,5.0,1,,141.46341,-3.74,0.58015,16074332160.0,missing,<=0,>0,OK,0,0,0,0,0,ledger
BBIO,NASDAQ:BBIO,"BridgeBio Pharma, Inc.",Weekly,2020-02-21,2020-02-28,36.13999938964844,31.8799991607666,1.9093753045425002,-66.56250754371331,-0.665625075437133,-11.78749391485055,1.0,0,,141.46341,-3.74,0.58015,16074332160.0,missing,<=0,>0,OK,0,0,0,0,0,ledger
BBIO,NASDAQ:BBIO,"BridgeBio Pharma, Inc.",Weekly,2023-03-24,2023-05-05,14.899999618530273,13.680000305175781,1.6015875197622536,-38.730141622166904,-0.3873014162216691,-8.187915064355096,6.0,0,,141.46341,-3.74,0.58015,16074332160.0,missing,<=0,>0,OK,0,0,0,0,0,ledger
BBIO,NASDAQ:BBIO,"BridgeBio Pharma, Inc.",Weekly,2024-03-29,2024-04-05,30.920000076293945,28.100000381469727,3.2682922857989536,-68.78047396213495,-0.6878047396213495,-9.120309469165507,1.0,0,,141.46341,-3.74,0.58015,16074332160.0,missing,<=0,>0,OK,0,0,0,0,0,ledger
BBIO,NASDAQ:BBIO,"BridgeBio Pharma, Inc.",Weekly,2026-03-13,2026-04-24,69.41000366210938,73.27999877929688,1.6608023607146278,53.94293452149445,0.5394293452149446,5.575558151569604,6.0,1,,141.46341,-3.74,0.58015,16074332160.0,missing,<=0,>0,OK,0,0,0,0,0,ledger
BBN,NASDAQ:BBN,BlackRock Taxable Municipal Bond Trust,Daily,2025-03-20,2025-03-24,16.6299991607666,16.59000015258789,2.0909201251918192,-18.181424100292173,-0.18181424100292173,-0.24052321225052353,2.0,0,12.519685,,1.27,,982500928.0,"(0,15]",>0,missing,OK,1,1,1,0,1,ledger
BBN,NASDAQ:BBN,BlackRock Taxable Municipal Bond Trust,Daily,2025-09-23,2025-09-26,16.440000534057617,16.329999923706055,2.071402296971431,-78.5711366330159,-0.785711366330159,-0.6691034475557456,3.0,0,12.519685,,1.27,,982500928.0,"(0,15]",>0,missing,OK,1,1,1,0,1,ledger
BBN,NASDAQ:BBN,BlackRock Taxable Municipal Bond Trust,Weekly,2019-11-29,2020-01-24,23.8700008392334,24.799999237060547,2.87096188691899,149.99953854531023,1.4999953854531023,3.896097047045667,8.0,1,12.519685,,1.27,,982500928.0,"(0,15]",>0,missing,OK,1,1,1,0,1,ledger
BBSI,NASDAQ:BBSI,"Barrett Business Services, Inc.",Daily,2024-08-06,2024-08-16,34.880001068115234,34.58000183105469,1.7096742437526726,-24.193454111407465,-0.24193454111407467,-0.8600895294547005,8.0,0,26.025976,18.027014,1.54,2.22333,984350720.0,"(25,40]",>0,>0,OK,1,1,0,1,1,ledger
BBSI,NASDAQ:BBSI,"Barrett Business Services, Inc.",Daily,2025-09-11,2025-09-19,47.310001373291016,46.130001068115234,1.7462685717376514,-88.05971423935229,-0.8805971423935229,-2.494187848072973,6.0,0,26.025976,18.027014,1.54,2.22333,984350720.0,"(25,40]",>0,>0,OK,1,1,0,1,1,ledger
BBSI,NASDAQ:BBSI,"Barrett Business Services, Inc.",Monthly,2018-11-30,2018-12-31,17.587499618530273,14.3125,2.487741525157632,-114.7110383059802,-1.147110383059802,-18.62117805011759,1.0,0,26.025976,18.027014,1.54,2.22333,984350720.0,"(25,40]",>0,>0,OK,1,1,0,1,1,ledger
BBW,NASDAQ:BBW,"Build-A-Bear Workshop, Inc.",Daily,2024-09-12,2024-09-25,31.270000457763672,31.049999237060547,1.8102550759906961,-11.282109468074909,-0.11282109468074909,-0.703553621626198,9.0,0,7.916859,7.9597454,4.33,4.30667,429783520.0,"(0,15]",>0,>0,OK,1,1,1,0,1,ledger
BBW,NASDAQ:BBW,"Build-A-Bear Workshop, Inc.",Daily,2025-06-06,2025-06-23,47.849998474121094,52.22999954223633,2.5906048344254717,146.97992419248095,1.4697992419248096,9.153607539787254,10.0,1,7.916859,7.9597454,4.33,4.30667,429783520.0,"(0,15]",>0,>0,OK,1,1,1,0,1,ledger
BBW,NASDAQ:BBW,"Build-A-Bear Workshop, Inc.",Daily,2025-08-04,2025-08-07,50.91999816894531,49.709999084472656,2.06422350662236,-55.504634514666485,-0.5550463451466648,-2.376274799653471,3.0,0,7.916859,7.9597454,4.33,4.30667,429783520.0,"(0,15]",>0,>0,OK,1,1,1,0,1,ledger
BBW,NASDAQ:BBW,"Build-A-Bear Workshop, Inc.",Weekly,2020-07-17,2020-08-21,2.259999990463257,2.200000047683716,1.586210503075821,-10.693542494706035,-0.10693542494706035,-2.6548647359614446,5.0,0,7.916859,7.9597454,4.33,4.30667,429783520.0,"(0,15]",>0,>0,OK,1,1,1,0,1,ledger
BBW,NASDAQ:BBW,"Build-A-Bear Workshop, Inc.",Weekly,2024-02-02,2024-05-10,22.719999313354492,28.469999313354492,4.354111245157901,322.2154206521594,3.2221542065215947,25.308099356412534,14.0,1,7.916859,7.9597454,4.33,4.30667,429783520.0,"(0,15]",>0,>0,OK,1,1,1,0,1,ledger
BBW,NASDAQ:BBW,"Build-A-Bear Workshop, Inc.",Weekly,2025-11-28,2026-01-23,53.099998474121094,63.349998474121094,3.2132777364399057,144.77405186157816,1.4477405186157817,19.303202061287173,8.0,1,7.916859,7.9597454,4.33,4.30667,429783520.0,"(0,15]",>0,>0,OK,1,1,1,0,1,ledger
BBW,NASDAQ:BBW,"Build-A-Bear Workshop, Inc.",Monthly,2024-02-29,2024-05-31,23.940000534057617,27.06999969482422,1.5078808508647403,72.05597477078055,0.7205597477078055,13.074348750802198,3.0,1,7.916859,7.9597454,4.33,4.30667,429783520.0,"(0,15]",>0,>0,OK,1,1,1,0,1,ledger
BCAL,NASDAQ:BCAL,California BanCorp - Common Stock,Daily,2024-12-10,2024-12-12,17.84000015258789,17.739999771118164,1.8310940507940405,-28.17080169991248,-0.2817080169991248,-0.5605402500807736,2.0,0,11.722826,11.63851,1.84,1.85333,692615168.0,"(0,15]",>0,>0,OK,1,1,1,1,1,ledger
BCAL,NASDAQ:BCAL,California BanCorp - Common Stock,Daily,2025-12-18,2025-12-19,19.780000686645508,19.5,1.6727860844253883,-67.88147600874935,-0.6788147600874934,-1.4155747063980166,1.0,0,11.722826,11.63851,1.84,1.85333,692615168.0,"(0,15]",>0,>0,OK,1,1,1,1,1,ledger
BCAL,NASDAQ:BCAL,California BanCorp - Common Stock,Weekly,2017-06-16,2017-08-25,12.850000381469727,13.100000381469727,4.416663222844936,41.66664017573027,0.41666640175730274,1.9455252340732314,10.0,1,11.722826,11.63851,1.84,1.85333,692615168.0,"(0,15]",>0,>0,OK,1,1,1,1,1,ledger
BCAL,NASDAQ:BCAL,California BanCorp - Common Stock,Weekly,2018-04-27,2018-09-21,14.289999961853027,15.350000381469727,9.864867391802632,324.74418346625333,3.2474418346625336,7.417777623837346,21.0,1,11.722826,11.63851,1.84,1.85333,692615168.0,"(0,15]",>0,>0,OK,1,1,1,1,1,ledger
BCAL,NASDAQ:BCAL,California BanCorp - Common Stock,Weekly,2024-03-08,2024-03-15,15.779999732971191,14.859999656677246,1.913793585388392,-79.31036183723737,-0.7931036183723736,-5.830165347668989,1.0,0,11.722826,11.63851,1.84,1.85333,692615168.0,"(0,15]",>0,>0,OK,1,1,1,1,1,ledger
BCAL,NASDAQ:BCAL,California BanCorp - Common Stock,Monthly,2018-06-30,2018-10-31,14.75,14.649999618530273,3.6224305998598245,-13.12479752874331,-0.1312479752874331,-0.6779686879303496,4.0,0,11.722826,11.63851,1.84,1.85333,692615168.0,"(0,15]",>0,>0,OK,1,1,1,1,1,ledger
BCAT,NASDAQ:BCAT,BlackRock Capital Allocation Term Trust,Daily,2024-07-26,2024-08-02,16.200000762939453,16.18000030517578,2.149993681916692,-5.0001072882071185,-0.05000107288207119,-0.12345961001080125,5.0,0,7.5613213,,2.12,,1679547648.0,"(0,15]",>0,missing,OK,1,1,1,0,1,ledger
BCAT,NASDAQ:BCAT,BlackRock Capital Allocation Term Trust,Daily,2024-11-22,2024-11-26,16.110000610351562,16.149999618530273,1.539995040912472,15.99954223807435,0.1599954223807435,0.24828681975970485,2.0,1,7.5613213,,2.12,,1679547648.0,"(0,15]",>0,missing,OK,1,1,1,0,1,ledger
BCAT,NASDAQ:BCAT,BlackRock Capital Allocation Term Trust,Daily,2026-01-21,2026-01-28,14.5,14.65999984741211,2.150003576282097,80.0,0.8,1.103447223531789,5.0,1,7.5613213,,2.12,,1679547648.0,"(0,15]",>0,missing,OK,1,1,1,0,1,ledger
BCAT,NASDAQ:BCAT,BlackRock Capital Allocation Term Trust,Daily,2026-05-20,2026-06-03,15.40999984741211,15.680000305175781,1.5737705430622608,88.52465167471296,0.8852465167471296,1.7521120080284402,9.0,1,7.5613213,,2.12,,1679547648.0,"(0,15]",>0,missing,OK,1,1,1,0,1,ledger
BCG,NASDAQ:BCG,"Binah Capital Group, Inc.",Daily,2024-09-19,2024-09-30,3.0,2.9200000762939453,1.9736836161311453,-21.052605161384232,-0.21052605161384233,-2.6666641235351562,7.0,0,15.099999,,0.1,,25383300.0,"(15,25]",>0,missing,OK,1,1,1,0,1,ledger
BCG,NASDAQ:BCG,"Binah Capital Group, Inc.",Daily,2025-03-21,2025-03-31,2.140000104904175,1.9299999475479126,10.485709536807386,-60.00002043586986,-0.6000002043586986,-9.813090984201873,6.0,0,15.099999,,0.1,,25383300.0,"(15,25]",>0,missing,OK,1,1,1,0,1,ledger
BCG,NASDAQ:BCG,"Binah Capital Group, Inc.",Daily,2025-12-08,2025-12-12,2.440000057220459,2.140000104904175,3.2081472338532864,-96.2444017179605,-0.9624440171796049,-12.295079724630456,4.0,0,15.099999,,0.1,,25383300.0,"(15,25]",>0,missing,OK,1,1,1,0,1,ledger
BCG,NASDAQ:BCG,"Binah Capital Group, Inc.",Daily,2026-01-23,2026-01-26,2.5829999446868896,2.490000009536743,1.973372599502707,-27.514768899783093,-0.27514768899783093,-3.600462142534808,1.0,0,15.099999,,0.1,,25383300.0,"(15,25]",>0,missing,OK,1,1,1,0,1,ledger
BCG,NASDAQ:BCG,"Binah Capital Group, Inc.",Weekly,2026-03-20,2026-04-10,2.200000047683716,1.7599999904632568,2.640706078042049,-93.70248520199598,-0.9370248520199598,-20.00000216744158,3.0,0,15.099999,,0.1,,25383300.0,"(15,25]",>0,missing,OK,1,1,1,0,1,ledger
BCML,NASDAQ:BCML,BayCom Corp,Daily,2024-08-13,2024-08-20,21.6200008392334,21.760000228881836,2.4963488914413,10.218927291079323,0.10218927291079322,0.6475457179186752,5.0,1,25.799997,12.953974,1.2,2.39,337752448.0,"(25,40]",>0,>0,OK,1,1,0,1,1,ledger
BCML,NASDAQ:BCML,BayCom Corp,Daily,2024-09-10,2024-09-20,22.299999237060547,23.770000457763672,2.588566110831978,225.15941658655225,2.2515941658655225,6.5919339506528685,8.0,1,25.799997,12.953974,1.2,2.39,337752448.0,"(25,40]",>0,>0,OK,1,1,0,1,1,ledger
BCML,NASDAQ:BCML,BayCom Corp,Daily,2024-09-26,2024-10-01,23.709999084472656,23.1200008392334,1.6867355207491117,-88.06814661552309,-0.8806814661552309,-2.4883942135014223,3.0,0,25.799997,12.953974,1.2,2.39,337752448.0,"(25,40]",>0,>0,OK,1,1,0,1,1,ledger
BCML,NASDAQ:BCML,BayCom Corp,Daily,2026-01-14,2026-01-20,28.850000381469727,28.600000381469727,3.412698701035266,-19.841266237059173,-0.1984126623705917,-0.8665511150584744,3.0,0,25.799997,12.953974,1.2,2.39,337752448.0,"(25,40]",>0,>0,OK,1,1,0,1,1,ledger
BCML,NASDAQ:BCML,BayCom Corp,Weekly,2024-06-28,2024-08-02,20.350000381469727,22.190000534057617,2.18784544359568,101.65749698881197,1.0165749698881197,9.041769622094726,5.0,1,25.799997,12.953974,1.2,2.39,337752448.0,"(25,40]",>0,>0,OK,1,1,0,1,1,ledger
BCML,NASDAQ:BCML,BayCom Corp,Weekly,2024-08-16,2024-09-06,21.93000030517578,21.84000015258789,1.8511905032220561,-5.357150966616864,-0.05357150966616864,-0.41039740691042925,3.0,0,25.799997,12.953974,1.2,2.39,337752448.0,"(25,40]",>0,>0,OK,1,1,0,1,1,ledger
BCML,NASDAQ:BCML,BayCom Corp,Weekly,2025-01-17,2025-02-28,26.59000015258789,27.5,1.601808787090794,41.176445204314916,0.4117644520431492,3.422338631778996,6.0,1,25.799997,12.953974,1.2,2.39,337752448.0,"(25,40]",>0,>0,OK,1,1,0,1,1,ledger
BCML,NASDAQ:BCML,BayCom Corp,Weekly,2025-11-14,2025-12-26,28.270000457763672,30.3700008392334,1.6426866495544157,131.16515937191346,1.3116515937191349,7.4283705251692425,6.0,1,25.799997,12.953974,1.2,2.39,337752448.0,"(25,40]",>0,>0,OK,1,1,0,1,1,ledger
BCO,NASDAQ:BCO,The Brink's Company,Weekly,2019-05-24,2019-08-16,79.08000183105469,80.45999908447266,1.6539749949462323,31.43915533405209,0.3143915533405209,1.745064771705714,12.0,1,26.997713,11.232628,4.37,10.50333,4858537984.0,"(25,40]",>0,>0,OK,1,1,0,1,1,ledger
BCO,NASDAQ:BCO,The Brink's Company,Weekly,2024-01-26,2024-02-02,82.55000305175781,80.45999908447266,1.8202462981881742,-50.18898278070171,-0.5018898278070171,-2.531803622072249,1.0,0,26.997713,11.232628,4.37,10.50333,4858537984.0,"(25,40]",>0,>0,OK,1,1,0,1,1,ledger
BCPC,NASDAQ:BCPC,Balchem Corporation,Daily,2024-11-01,2024-11-07,171.4600067138672,176.6300048828125,2.092153999892291,101.37239179736352,1.0137239179736353,3.015279345913602,4.0,1,34.13672,28.145653,5.12,6.20984,5571640320.0,"(25,40]",>0,>0,OK,1,1,0,1,1,ledger
BCPC,NASDAQ:BCPC,Balchem Corporation,Daily,2025-03-24,2025-03-28,164.52000427246094,163.7899932861328,2.9272642782087606,-16.59112425830302,-0.1659112425830302,-0.4437217161258741,4.0,0,34.13672,28.145653,5.12,6.20984,5571640320.0,"(25,40]",>0,>0,OK,1,1,0,1,1,ledger
BCPC,NASDAQ:BCPC,Balchem Corporation,Weekly,2018-01-19,2018-02-02,82.0199966430664,77.86000061035156,1.7869888156020923,-115.25366058165295,-1.1525366058165294,-5.071929045325693,2.0,0,34.13672,28.145653,5.12,6.20984,5571640320.0,"(25,40]",>0,>0,OK,1,1,0,1,1,ledger
BCPC,NASDAQ:BCPC,Balchem Corporation,Monthly,2019-02-28,2019-05-31,88.7300033569336,90.69000244140625,1.866409642143659,12.588305220867792,0.1258830522086779,2.2089473800515718,3.0,1,34.13672,28.145653,5.12,6.20984,5571640320.0,"(25,40]",>0,>0,OK,1,1,0,1,1,ledger
BCPC,NASDAQ:BCPC,Balchem Corporation,Monthly,2022-06-30,2022-09-30,129.74000549316406,121.58000183105469,2.2741183650277037,-41.653915311790584,-0.41653915311790585,-6.289504637441473,3.0,0,34.13672,28.145653,5.12,6.20984,5571640320.0,"(25,40]",>0,>0,OK,1,1,0,1,1,ledger
BCSF,NASDAQ:BCSF,"Bain Capital Specialty Finance, Inc.",Weekly,2026-07-03,2026-07-24,12.640000343322754,12.359999656677246,2.1052617709726724,-36.8421845158473,-0.36842184515847304,-2.2151952455715067,3.0,0,11.155172,8.743243,1.16,1.48,839398464.0,"(0,15]",>0,>0,OK,1,1,1,1,1,ledger
BCX,NASDAQ:BCX,Blackrock Resources & Commodities Strategy Trust,Daily,2024-10-10,2024-10-15,9.489999771118164,9.399999618530273,1.7857220708446866,-64.28610354223433,-0.6428610354223433,-0.9483683325451366,3.0,0,4.246429,,2.8,,906470912.0,"(0,15]",>0,missing,OK,1,1,0,0,1,ledger
BCX,NASDAQ:BCX,Blackrock Resources & Commodities Strategy Trust,Daily,2025-11-24,2025-12-08,9.829999923706055,10.529999732971191,3.5846583418079914,464.6778394086673,4.646778394086673,7.121056100692486,9.0,1,4.246429,,2.8,,906470912.0,"(0,15]",>0,missing,OK,1,1,0,0,1,ledger
BCX,NASDAQ:BCX,Blackrock Resources & Commodities Strategy Trust,Weekly,2018-04-06,2018-05-25,9.119999885559082,9.449999809265137,3.2093003140469474,76.74411383758273,0.7674411383758273,3.618420261480351,7.0,1,4.246429,,2.8,,906470912.0,"(0,15]",>0,missing,OK,1,1,0,0,1,ledger
BCX,NASDAQ:BCX,Blackrock Resources & Commodities Strategy Trust,Weekly,2019-12-13,2020-01-10,7.730000019073486,7.900000095367432,1.6189101972129,74.3823209406769,0.7438232094067692,2.199224784922076,4.0,1,4.246429,,2.8,,906470912.0,"(0,15]",>0,missing,OK,1,1,0,0,1,ledger
BCX,NASDAQ:BCX,Blackrock Resources & Commodities Strategy Trust,Weekly,2025-11-07,2025-11-21,10.0,9.729999542236328,1.5625014901175405,-84.37522351763107,-0.8437522351763107,-2.7000045776367188,2.0,0,4.246429,,2.8,,906470912.0,"(0,15]",>0,missing,OK,1,1,0,0,1,ledger
BDC,NASDAQ:BDC,Belden Inc.,Daily,2024-09-12,2024-09-27,100.93000030517578,115.87000274658203,1.8207559222305194,352.358725674545,3.52358725674545,14.802340628389073,11.0,1,19.910936,12.684461,6.4,10.04615,4979734016.0,"(15,25]",>0,>0,OK,1,1,1,1,1,ledger
BDC,NASDAQ:BDC,Belden Inc.,Daily,2024-11-21,2024-11-27,120.63999938964844,121.87000274658203,2.7070255132295267,29.782183412244354,0.29782183412244356,1.0195651219798785,4.0,1,19.910936,12.684461,6.4,10.04615,4979734016.0,"(15,25]",>0,>0,OK,1,1,1,1,1,ledger
BDC,NASDAQ:BDC,Belden Inc.,Daily,2025-12-19,2025-12-29,117.7699966430664,117.43000030517578,2.3951984612726416,-10.413794592510706,-0.10413794592510706,-0.28869520895128764,5.0,0,19.910936,12.684461,6.4,10.04615,4979734016.0,"(15,25]",>0,>0,OK,1,1,1,1,1,ledger
BDC,NASDAQ:BDC,Belden Inc.,Daily,2026-02-24,2026-02-27,148.0,143.3000030517578,2.341800181198293,-91.79690293970388,-0.9179690293970388,-3.1756736136771537,3.0,0,19.910936,12.684461,6.4,10.04615,4979734016.0,"(15,25]",>0,>0,OK,1,1,1,1,1,ledger
BDC,NASDAQ:BDC,Belden Inc.,Weekly,2016-09-23,2016-10-14,66.18000030517578,66.45999908447266,2.5471215011134523,7.329811561928919,0.07329811561928919,0.4230866999179765,3.0,1,19.910936,12.684461,6.4,10.04615,4979734016.0,"(15,25]",>0,>0,OK,1,1,1,1,1,ledger
BDC,NASDAQ:BDC,Belden Inc.,Weekly,2017-04-28,2017-05-19,69.69999694824219,67.98999786376953,2.2803937965524104,-33.5294038449168,-0.335294038449168,-2.453370386432681,3.0,0,19.910936,12.684461,6.4,10.04615,4979734016.0,"(15,25]",>0,>0,OK,1,1,1,1,1,ledger
BDC,NASDAQ:BDC,Belden Inc.,Weekly,2021-07-30,2021-11-26,49.0,63.400001525878906,1.6693772736999786,390.2440890261767,3.902440890261767,29.3877582160794,17.0,1,19.910936,12.684461,6.4,10.04615,4979734016.0,"(15,25]",>0,>0,OK,1,1,1,1,1,ledger
BDC,NASDAQ:BDC,Belden Inc.,Weekly,2022-10-07,2022-12-09,63.52000045776367,75.58999633789062,1.5952885649801138,258.4580461079894,2.5845804610798937,19.001882545880413,9.0,1,19.910936,12.684461,6.4,10.04615,4979734016.0,"(15,25]",>0,>0,OK,1,1,1,1,1,ledger
BDC,NASDAQ:BDC,Belden Inc.,Weekly,2023-01-06,2023-02-24,75.4800033569336,83.97000122070312,1.5554292548213529,179.66794275092732,1.7966794275092735,11.24800938815756,7.0,1,19.910936,12.684461,6.4,10.04615,4979734016.0,"(15,25]",>0,>0,OK,1,1,1,1,1,ledger
BDC,NASDAQ:BDC,Belden Inc.,Weekly,2023-05-05,2023-06-23,80.91999816894531,90.8499984741211,2.070233650428539,180.17015059169663,1.8017015059169665,12.271379794700268,7.0,1,19.910936,12.684461,6.4,10.04615,4979734016.0,"(15,25]",>0,>0,OK,1,1,1,1,1,ledger
BEAM,NASDAQ:BEAM,Beam Therapeutics Inc.,Daily,2024-11-22,2024-12-03,25.049999237060547,25.979999542236328,3.8716608630196507,49.732665046949364,0.49732665046949365,3.7125761816386813,6.0,1,,-5.9822245,-0.54,-4.73904,2928205312.0,missing,<=0,<=0,OK,0,0,0,0,0,ledger
BEAM,NASDAQ:BEAM,Beam Therapeutics Inc.,Daily,2025-06-24,2025-06-25,17.149999618530273,16.760000228881836,2.084816741466714,-35.351167484298124,-0.35351167484298124,-2.274048969814845,1.0,0,,-5.9822245,-0.54,-4.73904,2928205312.0,missing,<=0,<=0,OK,0,0,0,0,0,ledger
BEAM,NASDAQ:BEAM,Beam Therapeutics Inc.,Weekly,2025-01-24,2025-02-28,25.979999542236328,26.34000015258789,1.7288269844954076,9.863369796479029,0.0986336979647903,1.3856836670312507,5.0,1,,-5.9822245,-0.54,-4.73904,2928205312.0,missing,<=0,<=0,OK,0,0,0,0,0,ledger
BEAM,NASDAQ:BEAM,Beam Therapeutics Inc.,Weekly,2026-04-10,2026-04-24,27.43000030517578,27.110000610351562,1.553447679957486,-5.5172350290426655,-0.05517235029042666,-1.1666047804011064,2.0,0,,-5.9822245,-0.54,-4.73904,2928205312.0,missing,<=0,<=0,OK,0,0,0,0,0,ledger
BELFA,NASDAQ:BELFA,Bel Fuse Inc.,Daily,2026-04-01,2026-04-15,186.83999633789062,217.1999969482422,2.0457482322570533,243.65988307301936,2.4365988307301936,16.249197819211602,9.0,1,56.25754,30.27091,4.31,8.01,3084874752.0,>40,>0,>0,OK,1,1,0,1,1,ledger
BELFA,NASDAQ:BELFA,Bel Fuse Inc.,Daily,2026-04-29,2026-05-06,229.55999755859375,254.69000244140625,2.2433310163114153,221.25168307128072,2.2125168307128074,10.94703134260063,5.0,1,56.25754,30.27091,4.31,8.01,3084874752.0,>40,>0,>0,OK,1,1,0,1,1,ledger
BELFA,NASDAQ:BELFA,Bel Fuse Inc.,Weekly,2018-11-02,2018-11-30,20.350000381469727,17.5,2.0528306857171237,-107.54719968791453,-1.0754719968791453,-14.004915616929795,4.0,0,56.25754,30.27091,4.31,8.01,3084874752.0,>40,>0,>0,OK,1,1,0,1,1,ledger
BELFA,NASDAQ:BELFA,Bel Fuse Inc.,Weekly,2022-06-10,2022-09-09,21.639999389648438,29.350000381469727,1.9640084982437531,655.5194141651756,6.555194141651756,35.62847139223762,13.0,1,56.25754,30.27091,4.31,8.01,3084874752.0,>40,>0,>0,OK,1,1,0,1,1,ledger
BELFA,NASDAQ:BELFA,Bel Fuse Inc.,Weekly,2022-10-07,2022-12-02,29.030000686645508,34.0,1.6913437135645553,245.07233298964033,2.450723329896403,17.120217691351314,8.0,1,56.25754,30.27091,4.31,8.01,3084874752.0,>40,>0,>0,OK,1,1,0,1,1,ledger
BELFA,NASDAQ:BELFA,Bel Fuse Inc.,Weekly,2023-03-31,2023-07-28,36.31999969482422,61.22999954223633,1.5435201981576563,481.8181717565574,4.818181717565574,68.5848019182718,17.0,1,56.25754,30.27091,4.31,8.01,3084874752.0,>40,>0,>0,OK,1,1,0,1,1,ledger
BELFA,NASDAQ:BELFA,Bel Fuse Inc.,Weekly,2023-09-01,2023-09-08,50.709999084472656,47.72999954223633,3.3863636978210008,-54.54790415866109,-0.5454790415866109,-5.8765521515239,1.0,0,56.25754,30.27091,4.31,8.01,3084874752.0,>40,>0,>0,OK,1,1,0,1,1,ledger
BELFA,NASDAQ:BELFA,Bel Fuse Inc.,Weekly,2024-08-16,2024-09-06,83.27999877929688,83.76000213623047,1.5815723479190869,7.250811344065203,0.07250811344065203,0.5763729154291497,3.0,1,56.25754,30.27091,4.31,8.01,3084874752.0,>40,>0,>0,OK,1,1,0,1,1,ledger
BELFA,NASDAQ:BELFA,Bel Fuse Inc.,Monthly,2017-07-31,2017-11-30,22.0,22.889999389648438,1.502869583696607,26.912539175149355,0.2691253917514935,4.045451771129261,4.0,1,56.25754,30.27091,4.31,8.01,3084874752.0,>40,>0,>0,OK,1,1,0,1,1,ledger
BELFB,NASDAQ:BELFB,Bel Fuse Inc.,Weekly,2022-10-07,2022-12-09,26.209999084472656,33.65999984741211,1.5384628662369808,337.10424657108626,3.3710424657108633,28.424269451245372,9.0,1,70.4075,27.754187,4.27,10.83224,4275914752.0,>40,>0,>0,OK,1,1,0,1,1,ledger
BELFB,NASDAQ:BELFB,Bel Fuse Inc.,Weekly,2023-09-01,2023-09-08,52.209999084472656,48.52000045776367,1.570057916047358,-70.82532197954268,-0.7082532197954268,-7.067609062277108,1.0,0,70.4075,27.754187,4.27,10.83224,4275914752.0,>40,>0,>0,OK,1,1,0,1,1,ledger
BELFB,NASDAQ:BELFB,Bel Fuse Inc.,Weekly,2024-08-16,2024-09-06,63.9900016784668,63.31999969482422,2.148704593524267,-11.897826242443402,-0.11897826242443403,-1.0470416722430556,3.0,0,70.4075,27.754187,4.27,10.83224,4275914752.0,>40,>0,>0,OK,1,1,0,1,1,ledger
BELFB,NASDAQ:BELFB,Bel Fuse Inc.,Weekly,2025-01-24,2025-03-14,81.22000122070312,76.38999938964844,1.820401178225524,-77.19527212683005,-0.7719527212683004,-5.946813295323506,7.0,0,70.4075,27.754187,4.27,10.83224,4275914752.0,>40,>0,>0,OK,1,1,0,1,1,ledger
BF-A,NASDAQ:BF.A,Brown-Forman Corporation,Daily,2024-10-10,2024-10-18,46.33000183105469,47.93000030517578,1.6280931288324216,132.23096202651365,1.3223096202651365,3.453482432302918,6.0,1,18.862745,,1.53,,13242822656.0,"(15,25]",>0,missing,OK,1,1,1,0,1,ledger
BF-A,NASDAQ:BF.A,Brown-Forman Corporation,Daily,2025-03-27,2025-03-31,33.880001068115234,33.470001220703125,4.312693547738051,-40.83613179100894,-0.4083613179100894,-1.2101529943514784,2.0,0,18.862745,,1.53,,13242822656.0,"(15,25]",>0,missing,OK,1,1,1,0,1,ledger
BF-A,NASDAQ:BF.A,Brown-Forman Corporation,Daily,2026-05-05,2026-05-11,26.850000381469727,27.459999084472656,2.508769894694339,35.672418081654556,0.3567241808165455,2.2718759565601885,4.0,1,18.862745,,1.53,,13242822656.0,"(15,25]",>0,missing,OK,1,1,1,0,1,ledger
BF-A,NASDAQ:BF.A,Brown-Forman Corporation,Daily,2026-07-10,2026-07-14,26.600000381469727,25.709999084472656,2.0824720780242254,-91.75259556394526,-0.9175259556394526,-3.3458694895999668,2.0,0,18.862745,,1.53,,13242822656.0,"(15,25]",>0,missing,OK,1,1,1,0,1,ledger
BF-A,NASDAQ:BF.A,Brown-Forman Corporation,Weekly,2016-09-23,2016-10-14,29.68782615661621,28.516803741455078,2.896909269230263,-101.03095667513593,-1.0103095667513593,-3.944453221274874,3.0,0,18.862745,,1.53,,13242822656.0,"(15,25]",>0,missing,OK,1,1,1,0,1,ledger
BF-A,NASDAQ:BF.A,Brown-Forman Corporation,Weekly,2017-07-21,2017-10-06,29.622106552124023,33.123226165771484,5.39908641830328,295.68816980132107,2.956881698013211,11.819279656856194,11.0,1,18.862745,,1.53,,13242822656.0,"(15,25]",>0,missing,OK,1,1,1,0,1,ledger
BF-A,NASDAQ:BF.A,Brown-Forman Corporation,Weekly,2018-07-06,2018-08-31,50.689998626708984,52.63999938964844,1.8844104904247956,52.41941190042812,0.5241941190042813,3.846914215365517,8.0,1,18.862745,,1.53,,13242822656.0,"(15,25]",>0,missing,OK,1,1,1,0,1,ledger
BF-A,NASDAQ:BF.A,Brown-Forman Corporation,Weekly,2019-10-18,2019-12-06,60.61000061035156,59.18000030517578,1.6243863585359475,-66.55800602470444,-0.6655800602470444,-2.35934712221658,7.0,0,18.862745,,1.53,,13242822656.0,"(15,25]",>0,missing,OK,1,1,1,0,1,ledger
BF-A,NASDAQ:BF.A,Brown-Forman Corporation,Weekly,2021-02-05,2021-02-26,69.26000213623047,66.58999633789062,3.428457547136752,-66.5745565833973,-0.6657455658339728,-3.8550472364815915,3.0,0,18.862745,,1.53,,13242822656.0,"(15,25]",>0,missing,OK,1,1,1,0,1,ledger
BF-A,NASDAQ:BF.A,Brown-Forman Corporation,Monthly,2019-02-28,2019-05-31,49.29999923706055,49.209999084472656,1.7213114113360584,-1.8442650182175204,-0.018442650182175207,-0.18255609326710565,3.0,0,18.862745,,1.53,,13242822656.0,"(15,25]",>0,missing,OK,1,1,1,0,1,ledger
BFC,NASDAQ:BFC,Bank First Corporation - Common Stock,Daily,2024-08-08,2024-08-09,85.48999786376953,83.98999786376953,3.6493097775552537,-52.083383003918016,-0.5208338300391802,-1.7545912240988564,1.0,0,20.29649,13.082984,7.69,11.93,1729560576.0,"(15,25]",>0,>0,OK,1,1,1,1,1,ledger
BFC,NASDAQ:BFC,Bank First Corporation - Common Stock,Daily,2024-09-12,2024-09-20,88.41999816894531,91.27999877929688,2.521072908932528,109.57854182134943,1.0957854182134943,3.2345630734881037,6.0,1,20.29649,13.082984,7.69,11.93,1729560576.0,"(15,25]",>0,>0,OK,1,1,1,1,1,ledger
BFC,NASDAQ:BFC,Bank First Corporation - Common Stock,Daily,2024-09-30,2024-10-02,90.69999694824219,86.87000274658203,1.7041807111281198,-123.15091479120974,-1.2315091479120976,-4.222705987350514,2.0,0,20.29649,13.082984,7.69,11.93,1729560576.0,"(15,25]",>0,>0,OK,1,1,1,1,1,ledger
BFC,NASDAQ:BFC,Bank First Corporation - Common Stock,Daily,2025-08-12,2025-08-15,121.83000183105469,121.16000366210938,1.645258868586614,-10.244618886131887,-0.10244618886131886,-0.5499451357428518,3.0,0,20.29649,13.082984,7.69,11.93,1729560576.0,"(15,25]",>0,>0,OK,1,1,1,1,1,ledger
BFC,NASDAQ:BFC,Bank First Corporation - Common Stock,Daily,2026-01-05,2026-01-20,123.58999633789062,128.44000244140625,4.553683883843325,137.00608197519796,1.3700608197519795,3.924270772090552,10.0,1,20.29649,13.082984,7.69,11.93,1729560576.0,"(15,25]",>0,>0,OK,1,1,1,1,1,ledger
BFC,NASDAQ:BFC,Bank First Corporation - Common Stock,Daily,2026-02-25,2026-02-27,141.94000244140625,134.6699981689453,2.5193619809317247,-165.6037649937609,-1.6560376499376093,-5.121885407506627,2.0,0,20.29649,13.082984,7.69,11.93,1729560576.0,"(15,25]",>0,>0,OK,1,1,1,1,1,ledger
BFC,NASDAQ:BFC,Bank First Corporation - Common Stock,Weekly,2016-11-11,2017-03-03,30.100000381469727,34.869998931884766,4.264703407420705,701.4700602497503,7.014700602497504,15.8471710629996,16.0,1,20.29649,13.082984,7.69,11.93,1729560576.0,"(15,25]",>0,>0,OK,1,1,1,1,1,ledger
BFC,NASDAQ:BFC,Bank First Corporation - Common Stock,Weekly,2018-06-22,2018-09-07,53.0,53.599998474121094,4.170410667507004,45.495273399318805,0.4549527339931881,1.132072592681309,11.0,1,20.29649,13.082984,7.69,11.93,1729560576.0,"(15,25]",>0,>0,OK,1,1,1,1,1,ledger
BFC,NASDAQ:BFC,Bank First Corporation - Common Stock,Weekly,2021-08-06,2021-09-10,71.5,68.19999694824219,1.612901493659331,-96.77417911382776,-0.9677417911382776,-4.61538888357736,5.0,0,20.29649,13.082984,7.69,11.93,1729560576.0,"(15,25]",>0,>0,OK,1,1,1,1,1,ledger
BFC,NASDAQ:BFC,Bank First Corporation - Common Stock,Weekly,2023-02-03,2023-03-03,81.87000274658203,78.80000305175781,3.523523938318663,-60.19600040690055,-0.6019600040690055,-3.7498468203635027,4.0,0,20.29649,13.082984,7.69,11.93,1729560576.0,"(15,25]",>0,>0,OK,1,1,1,1,1,ledger
BFC,NASDAQ:BFC,Bank First Corporation - Common Stock,Weekly,2025-08-15,2025-09-26,121.16000366210938,124.37000274658203,1.6078695750962806,45.15540832275926,0.45155408322759255,2.6493884016582663,6.0,1,20.29649,13.082984,7.69,11.93,1729560576.0,"(15,25]",>0,>0,OK,1,1,1,1,1,ledger
BFC,NASDAQ:BFC,Bank First Corporation - Common Stock,Monthly,2023-05-31,2024-04-30,76.12000274658203,77.19000244140625,2.133092421995978,9.622297037229654,0.09622297037229652,1.4056747979718962,11.0,1,20.29649,13.082984,7.69,11.93,1729560576.0,"(15,25]",>0,>0,OK,1,1,1,1,1,ledger
BFS,NASDAQ:BFS,"Saul Centers, Inc.",Daily,2024-10-11,2024-10-17,40.650001525878906,40.31999969482422,1.7111049887678549,-36.66680795151104,-0.36666807951511043,-0.81181259204775,4.0,0,32.514286,25.10294,1.05,1.36,1179456640.0,"(25,40]",>0,>0,OK,1,1,0,1,1,ledger
BFS,NASDAQ:BFS,"Saul Centers, Inc.",Daily,2024-11-19,2024-12-03,40.06999969482422,40.689998626708984,2.1886761218254382,58.49038949448129,0.5849038949448129,1.5472895847434955,9.0,1,32.514286,25.10294,1.05,1.36,1179456640.0,"(25,40]",>0,>0,OK,1,1,0,1,1,ledger
BFS,NASDAQ:BFS,"Saul Centers, Inc.",Daily,2025-12-24,2026-01-15,31.559999465942383,31.950000762939453,1.516252078088361,66.44263092921206,0.6644263092921207,1.2357455754013424,14.0,1,32.514286,25.10294,1.05,1.36,1179456640.0,"(25,40]",>0,>0,OK,1,1,0,1,1,ledger
BFS,NASDAQ:BFS,"Saul Centers, Inc.",Weekly,2019-09-06,2019-10-04,51.470001220703125,53.06999969482422,2.2514647647393202,51.315383948962015,0.5131538394896201,3.1086039171833466,4.0,1,32.514286,25.10294,1.05,1.36,1179456640.0,"(25,40]",>0,>0,OK,1,1,0,1,1,ledger
BFST,NASDAQ:BFST,"Business First Bancshares, Inc.",Daily,2024-08-15,2024-09-04,22.110000610351562,23.93000030517578,4.026430637222363,160.35236368341714,1.6035236368341717,8.231567818103645,13.0,1,11.412811,9.771481,2.81,3.282,1043874752.0,"(0,15]",>0,>0,OK,1,1,1,1,1,ledger
BFST,NASDAQ:BFST,"Business First Bancshares, Inc.",Daily,2024-10-04,2024-10-07,24.360000610351562,24.15999984741211,3.5317232978312645,-28.367366224298916,-0.2836736622429891,-0.8210211737616484,1.0,0,11.412811,9.771481,2.81,3.282,1043874752.0,"(0,15]",>0,>0,OK,1,1,1,1,1,ledger
BFST,NASDAQ:BFST,"Business First Bancshares, Inc.",Daily,2026-02-20,2026-02-23,28.8799991607666,27.889999389648438,1.9730773923044067,-135.64898905111306,-1.3564898905111304,-3.42797714642276,1.0,0,11.412811,9.771481,2.81,3.282,1043874752.0,"(0,15]",>0,>0,OK,1,1,1,1,1,ledger
BFST,NASDAQ:BFST,"Business First Bancshares, Inc.",Weekly,2024-08-16,2024-09-27,22.440000534057617,25.229999542236328,2.332150235877175,153.45983953449914,1.5345983953449913,12.433150364431926,6.0,1,11.412811,9.771481,2.81,3.282,1043874752.0,"(0,15]",>0,>0,OK,1,1,1,1,1,ledger
BFST,NASDAQ:BFST,"Business First Bancshares, Inc.",Monthly,2022-07-31,2022-09-30,23.479999542236328,21.530000686645508,1.8297879247982645,-59.27049980085883,-0.5927049980085883,-8.304935662724867,2.0,0,11.412811,9.771481,2.81,3.282,1043874752.0,"(0,15]",>0,>0,OK,1,1,1,1,1,ledger
BGC,NASDAQ:BGC,"BGC Group, Inc.",Daily,2024-11-18,2024-11-19,10.640000343322754,10.359999656677246,2.2549002008325014,-54.90207078130201,-0.54902070781302,-2.631585315889818,1.0,0,27.775,7.053968,0.4,1.575,5251536384.0,"(25,40]",>0,>0,OK,1,1,0,1,1,ledger
BGC,NASDAQ:BGC,"BGC Group, Inc.",Daily,2025-04-01,2025-04-03,9.220000267028809,8.59000015258789,2.1388838850506504,-174.99973509091677,-1.749997350909168,-6.832972843762603,2.0,0,27.775,7.053968,0.4,1.575,5251536384.0,"(25,40]",>0,>0,OK,1,1,0,1,1,ledger
BGC,NASDAQ:BGC,"BGC Group, Inc.",Daily,2025-07-17,2025-07-21,10.3100004196167,10.069999694824219,2.394358356746985,-88.40739665840972,-0.8840739665840972,-2.32784398665818,2.0,0,27.775,7.053968,0.4,1.575,5251536384.0,"(25,40]",>0,>0,OK,1,1,0,1,1,ledger
BGC,NASDAQ:BGC,"BGC Group, Inc.",Daily,2025-08-21,2025-08-28,9.859999656677246,9.970000267028809,3.2476421444643746,41.06237529732158,0.4106237529732158,1.115624890281507,5.0,1,27.775,7.053968,0.4,1.575,5251536384.0,"(25,40]",>0,>0,OK,1,1,0,1,1,ledger
BGC,NASDAQ:BGC,"BGC Group, Inc.",Daily,2026-02-25,2026-03-06,9.460000038146973,9.34000015258789,1.5958934778601852,-34.8194487808872,-0.348194487808872,-1.2684977280675322,7.0,0,27.775,7.053968,0.4,1.575,5251536384.0,"(25,40]",>0,>0,OK,1,1,0,1,1,ledger
BGC,NASDAQ:BGC,"BGC Group, Inc.",Daily,2026-04-27,2026-04-29,11.40999984741211,11.180000305175781,1.6348972180019554,-75.20512234877923,-0.7520512234877922,-2.0157716504132477,2.0,0,27.775,7.053968,0.4,1.575,5251536384.0,"(25,40]",>0,>0,OK,1,1,0,1,1,ledger
BGC,NASDAQ:BGC,"BGC Group, Inc.",Weekly,2023-01-06,2023-02-24,4.010000228881836,4.190000057220459,1.5538319805936933,50.85266095719226,0.5085266095719226,4.488773517821342,7.0,1,27.775,7.053968,0.4,1.575,5251536384.0,"(25,40]",>0,>0,OK,1,1,0,1,1,ledger
BGC,NASDAQ:BGC,"BGC Group, Inc.",Weekly,2023-04-21,2023-05-05,4.679999828338623,4.170000076293945,1.6938791596762954,-104.08163066706629,-1.040816306670663,-10.897430998960637,2.0,0,27.775,7.053968,0.4,1.575,5251536384.0,"(25,40]",>0,>0,OK,1,1,0,1,1,ledger
BGC,NASDAQ:BGC,"BGC Group, Inc.",Monthly,2018-08-31,2018-10-31,7.987137794494629,6.810288906097412,2.2413805446788615,-90.14782157676348,-0.9014782157676349,-14.734300555180038,2.0,0,27.775,7.053968,0.4,1.575,5251536384.0,"(25,40]",>0,>0,OK,1,1,0,1,1,ledger
BGMS,NASDAQ:BGMS,"Bio Green Med Solution, Inc. - Common Stock",Daily,2025-01-24,2025-01-31,88.80000305175781,79.19999694824219,8.542745306404063,-65.71346560644443,-0.6571346560644443,-10.810817312607728,5.0,0,0.17500001,,5.6,,5409067.0,"(0,15]",>0,missing,OK,1,1,0,0,1,ledger
BGMS,NASDAQ:BGMS,"Bio Green Med Solution, Inc. - Common Stock",Daily,2025-05-05,2025-05-09,72.0,60.0,1.7142859737889413,-71.42857467236176,-0.7142857467236177,-16.666666666666664,4.0,0,0.17500001,,5.6,,5409067.0,"(0,15]",>0,missing,OK,1,1,0,0,1,ledger
BGMS,NASDAQ:BGMS,"Bio Green Med Solution, Inc. - Common Stock",Daily,2025-08-07,2025-08-15,8.970000267028809,7.949999809265137,4.009358739199448,-37.518784721449606,-0.37518784721449605,-11.37124222295629,6.0,0,0.17500001,,5.6,,5409067.0,"(0,15]",>0,missing,OK,1,1,0,0,1,ledger
BGMS,NASDAQ:BGMS,"Bio Green Med Solution, Inc. - Common Stock",Daily,2026-05-04,2026-05-08,1.0299999713897705,0.8799999952316284,1.5333337042067376,-100.0,-1.0,-14.563104885891246,4.0,0,0.17500001,,5.6,,5409067.0,"(0,15]",>0,missing,OK,1,1,0,0,1,ledger
BGMS,NASDAQ:BGMS,"Bio Green Med Solution, Inc. - Common Stock",Weekly,2016-09-30,2016-10-14,432000.0,374400.0,3.1,-66.66666666666666,-0.6666666666666666,-13.333333333333334,2.0,0,0.17500001,,5.6,,5409067.0,"(0,15]",>0,missing,OK,1,1,0,0,1,ledger
BGR,NASDAQ:BGR,BlackRock Energy and Resources Trust,Daily,2025-09-23,2025-10-02,13.420000076293945,13.4399995803833,1.7706630252163962,13.115721279979176,0.13115721279979176,0.1490276004147275,7.0,1,10.20886,,1.58,,410608032.0,"(0,15]",>0,missing,OK,1,1,1,0,1,ledger
BGR,NASDAQ:BGR,BlackRock Energy and Resources Trust,Weekly,2020-02-14,2020-02-28,11.539999961853027,9.779999732971191,2.092592952346304,-325.9259913356916,-3.259259913356916,-15.251301860483066,2.0,0,10.20886,,1.58,,410608032.0,"(0,15]",>0,missing,OK,1,1,1,0,1,ledger
BGR,NASDAQ:BGR,BlackRock Energy and Resources Trust,Weekly,2021-08-27,2021-11-19,8.84000015258789,9.579999923706055,2.3181819495419473,112.12120336387018,1.121212033638702,8.371037990327759,12.0,1,10.20886,,1.58,,410608032.0,"(0,15]",>0,missing,OK,1,1,1,0,1,ledger
BGSI,NASDAQ:BGSI,Boyd Group Services Inc.,Daily,2025-12-18,2025-12-19,162.66000366210938,160.55999755859375,2.9611358236769045,-58.71959823830198,-0.5871959823830197,-1.2910402411387676,1.0,0,161.24242,20.28485,0.66,5.24628,2961675264.0,>40,>0,>0,OK,1,1,0,1,1,ledger
BGT,NASDAQ:BGT,BlackRock Floating Rate Income Trust,Daily,2024-10-18,2024-11-04,12.960000038146973,13.039999961853027,2.453473866125344,47.87263296406521,0.47872632964065215,0.6172833601124982,11.0,1,15.239437,,0.71,,322703456.0,"(15,25]",>0,missing,OK,1,1,1,0,1,ledger
BGT,NASDAQ:BGT,BlackRock Floating Rate Income Trust,Daily,2025-06-25,2025-07-07,12.34000015258789,12.479999542236328,2.112048886523895,89.60170405505527,0.8960170405505528,1.1345169199133067,7.0,1,15.239437,,0.71,,322703456.0,"(15,25]",>0,missing,OK,1,1,1,0,1,ledger
BGT,NASDAQ:BGT,BlackRock Floating Rate Income Trust,Daily,2026-04-27,2026-05-04,10.930000305175781,10.859999656677246,1.8461504603308514,-53.84660528921982,-0.5384660528921982,-0.6404450735960832,5.0,0,15.239437,,0.71,,322703456.0,"(15,25]",>0,missing,OK,1,1,1,0,1,ledger
BGT,NASDAQ:BGT,BlackRock Floating Rate Income Trust,Weekly,2019-06-28,2019-08-09,12.420000076293945,12.399999618530273,1.6168755062259637,-9.799472044785396,-0.09799472044785397,-0.16103428052183952,6.0,0,15.239437,,0.71,,322703456.0,"(15,25]",>0,missing,OK,1,1,1,0,1,ledger
BGT,NASDAQ:BGT,BlackRock Floating Rate Income Trust,Weekly,2024-05-03,2024-05-24,12.920000076293945,13.0600004196167,1.7241381578298316,48.27598680640738,0.4827598680640738,1.0835939821674714,3.0,1,15.239437,,0.71,,322703456.0,"(15,25]",>0,missing,OK,1,1,1,0,1,ledger
BGT,NASDAQ:BGT,BlackRock Floating Rate Income Trust,Monthly,2022-07-31,2022-09-30,11.890000343322754,10.859999656677246,2.567565640250189,-92.79280362911541,-0.9279280362911541,-8.662747324678934,2.0,0,15.239437,,0.71,,322703456.0,"(15,25]",>0,missing,OK,1,1,1,0,1,ledger
BGY,NASDAQ:BGY,BlackRock Enhanced International Dividend Trust,Daily,2024-12-04,2024-12-10,5.590000152587891,5.570000171661377,2.2868392894094116,-19.88553842492385,-0.19885538424923851,-0.3577814021571123,4.0,0,6.4222226,,0.9,,523751584.0,"(0,15]",>0,missing,OK,1,1,1,0,1,ledger
BGY,NASDAQ:BGY,BlackRock Enhanced International Dividend Trust,Daily,2025-04-01,2025-04-03,5.659999847412109,5.510000228881836,1.7142891202686639,-107.14268684370965,-1.0714268684370967,-2.650170010143321,2.0,0,6.4222226,,0.9,,523751584.0,"(0,15]",>0,missing,OK,1,1,1,0,1,ledger
BGY,NASDAQ:BGY,BlackRock Enhanced International Dividend Trust,Daily,2025-11-05,2025-11-13,5.769999980926514,5.789999961853027,1.7142798754776876,28.571331257961457,0.2857133125796146,0.3466201211893625,6.0,1,6.4222226,,0.9,,523751584.0,"(0,15]",>0,missing,OK,1,1,1,0,1,ledger
BGY,NASDAQ:BGY,BlackRock Enhanced International Dividend Trust,Daily,2026-06-29,2026-07-13,5.670000076293945,5.739999771118164,2.3184131067196403,90.16020262060499,0.9016020262060499,1.2345625023337268,9.0,1,6.4222226,,0.9,,523751584.0,"(0,15]",>0,missing,OK,1,1,1,0,1,ledger
BHE,NASDAQ:BHE,"Benchmark Electronics, Inc.",Daily,2024-07-22,2024-07-30,41.650001525878906,40.689998626708984,1.5848466653634348,-91.10533303455998,-0.9110533303455997,-2.304928845136852,6.0,0,55.461044,25.829613,1.54,3.30667,3067921408.0,>40,>0,>0,OK,1,1,0,1,1,ledger
BHE,NASDAQ:BHE,"Benchmark Electronics, Inc.",Daily,2024-11-21,2024-11-26,47.650001525878906,48.279998779296875,2.99999302190888,38.41439161512571,0.3841439161512571,1.3221348021905408,3.0,1,55.461044,25.829613,1.54,3.30667,3067921408.0,>40,>0,>0,OK,1,1,0,1,1,ledger
BHE,NASDAQ:BHE,"Benchmark Electronics, Inc.",Daily,2025-11-19,2025-11-20,42.91999816894531,42.150001525878906,3.1951386520847,-55.91466325106566,-0.5591466325106567,-1.7940276698882434,1.0,0,55.461044,25.829613,1.54,3.30667,3067921408.0,>40,>0,>0,OK,1,1,0,1,1,ledger
BHE,NASDAQ:BHE,"Benchmark Electronics, Inc.",Daily,2025-12-24,2025-12-29,44.880001068115234,44.459999084472656,3.7875725525933097,-31.752265832946353,-0.3175226583294635,-0.9358332746140828,2.0,0,55.461044,25.829613,1.54,3.30667,3067921408.0,>40,>0,>0,OK,1,1,0,1,1,ledger
BHE,NASDAQ:BHE,"Benchmark Electronics, Inc.",Daily,2026-03-04,2026-03-05,57.34000015258789,55.029998779296875,1.6223157977458922,-99.1416119293512,-0.991416119293512,-4.028603709703268,1.0,0,55.461044,25.829613,1.54,3.30667,3067921408.0,>40,>0,>0,OK,1,1,0,1,1,ledger
BHE,NASDAQ:BHE,"Benchmark Electronics, Inc.",Weekly,2019-06-21,2019-11-22,24.139999389648438,32.56999969482422,2.7681833275101373,383.1820313793693,3.8318203137936924,34.921294607781476,22.0,1,55.461044,25.829613,1.54,3.30667,3067921408.0,>40,>0,>0,OK,1,1,0,1,1,ledger
BHE,NASDAQ:BHE,"Benchmark Electronics, Inc.",Weekly,2022-10-07,2023-02-03,25.920000076293945,25.260000228881836,1.8652916902252512,-38.59222648348013,-0.3859222648348013,-2.54629570011358,17.0,0,55.461044,25.829613,1.54,3.30667,3067921408.0,>40,>0,>0,OK,1,1,0,1,1,ledger
BHE,NASDAQ:BHE,"Benchmark Electronics, Inc.",Weekly,2024-09-13,2024-12-20,42.31999969482422,45.209999084472656,1.7057235039519036,78.74661666327121,0.7874661666327121,6.828921102288872,14.0,1,55.461044,25.829613,1.54,3.30667,3067921408.0,>40,>0,>0,OK,1,1,0,1,1,ledger
BHE,NASDAQ:BHE,"Benchmark Electronics, Inc.",Weekly,2026-01-09,2026-03-06,45.04999923706055,52.88999938964844,1.7080365199928307,276.67368089254023,2.7667368089254025,17.402886316007496,8.0,1,55.461044,25.829613,1.54,3.30667,3067921408.0,>40,>0,>0,OK,1,1,0,1,1,ledger
BHE,NASDAQ:BHE,"Benchmark Electronics, Inc.",Monthly,2018-06-30,2018-07-31,29.149999618530273,24.200000762939453,1.9558824601883003,-145.58821796958227,-1.4558821796958228,-16.98112837176221,1.0,0,55.461044,25.829613,1.54,3.30667,3067921408.0,>40,>0,>0,OK,1,1,0,1,1,ledger
BHE,NASDAQ:BHE,"Benchmark Electronics, Inc.",Monthly,2025-06-30,2026-07-31,38.83000183105469,79.7699966430664,1.6962955532416204,505.43189189621955,5.0543189189621955,105.4339244951298,13.0,1,55.461044,25.829613,1.54,3.30667,3067921408.0,>40,>0,>0,OK,1,1,0,1,1,ledger
BHF,NASDAQ:BHF,"Brighthouse Financial, Inc.",Daily,2024-12-05,2024-12-06,51.220001220703125,51.040000915527344,1.668528769817115,-13.17262493685508,-0.1317262493685508,-0.3514258119600066,1.0,0,,3.1703246,-3.07,19.774,3601276160.0,missing,<=0,>0,OK,0,0,0,0,0,ledger
BHRB,NASDAQ:BHRB,Burke & Herbert Financial Services Corp. - Common Stock,Daily,2024-11-12,2024-11-13,70.55999755859375,69.41000366210938,1.8449662147176673,-44.57350701580589,-0.4457350701580589,-1.6298100003892548,1.0,0,12.980869,8.5270405,5.75,8.75333,1505128448.0,"(0,15]",>0,>0,OK,1,1,1,1,1,ledger
BHRB,NASDAQ:BHRB,Burke & Herbert Financial Services Corp. - Common Stock,Daily,2026-07-09,2026-07-24,70.12000274658203,70.47000122070312,1.90908794190245,18.716468452295953,0.18716468452295953,0.4991421283681485,11.0,1,12.980869,8.5270405,5.75,8.75333,1505128448.0,"(0,15]",>0,>0,OK,1,1,1,1,1,ledger
BHRB,NASDAQ:BHRB,Burke & Herbert Financial Services Corp. - Common Stock,Weekly,2019-07-05,2019-07-12,67.25,62.5,2.6958882587268014,-165.23186101873944,-1.6523186101873943,-7.063197026022305,1.0,0,12.980869,8.5270405,5.75,8.75333,1505128448.0,"(0,15]",>0,>0,OK,1,1,1,1,1,ledger
BHRB,NASDAQ:BHRB,Burke & Herbert Financial Services Corp. - Common Stock,Weekly,2023-08-11,2023-08-25,54.189998626708984,49.790000915527344,5.536955425013797,-79.07364528096141,-0.7907364528096141,-8.119575240241812,2.0,0,12.980869,8.5270405,5.75,8.75333,1505128448.0,"(0,15]",>0,>0,OK,1,1,1,1,1,ledger
BHRB,NASDAQ:BHRB,Burke & Herbert Financial Services Corp. - Common Stock,Weekly,2024-01-26,2024-02-02,59.2400016784668,57.0,1.9745748531585856,-53.3540715580067,-0.533540715580067,-3.7812316255909515,1.0,0,12.980869,8.5270405,5.75,8.75333,1505128448.0,"(0,15]",>0,>0,OK,1,1,1,1,1,ledger
BHRB,NASDAQ:BHRB,Burke & Herbert Financial Services Corp. - Common Stock,Weekly,2025-08-15,2025-09-12,59.65999984741211,61.56999969482422,1.5322762169911777,46.161628867654535,0.46161628867654536,3.201474777568173,4.0,1,12.980869,8.5270405,5.75,8.75333,1505128448.0,"(0,15]",>0,>0,OK,1,1,1,1,1,ledger
BHRB,NASDAQ:BHRB,Burke & Herbert Financial Services Corp. - Common Stock,Weekly,2026-01-16,2026-02-27,64.66999816894531,64.44000244140625,1.6127936261767208,-6.351633414990891,-0.06351633414990891,-0.35564517403915286,6.0,0,12.980869,8.5270405,5.75,8.75333,1505128448.0,"(0,15]",>0,>0,OK,1,1,1,1,1,ledger
BHRB,NASDAQ:BHRB,Burke & Herbert Financial Services Corp. - Common Stock,Monthly,2020-10-31,2023-06-30,41.881248474121094,64.19999694824219,8.596451678927998,579.3154450342413,5.7931544503424135,53.29055194692227,32.0,1,12.980869,8.5270405,5.75,8.75333,1505128448.0,"(0,15]",>0,>0,OK,1,1,1,1,1,ledger
BIDU,NASDAQ:BIDU,"Baidu, Inc.",Daily,2024-07-22,2024-07-23,92.2699966430664,90.37000274658203,4.062094843921412,-62.091353345965885,-0.6209135334596589,-2.059167622856036,1.0,0,,13.100843,-0.16,8.59334,38185619456.0,missing,<=0,>0,OK,0,0,0,0,0,ledger
BIDU,NASDAQ:BIDU,"Baidu, Inc.",Daily,2024-12-12,2024-12-16,90.31999969482422,88.33999633789062,1.8118438926356475,-68.98959798180113,-0.6898959798180112,-2.192209215703815,2.0,0,,13.100843,-0.16,8.59334,38185619456.0,missing,<=0,>0,OK,0,0,0,0,0,ledger
BIDU,NASDAQ:BIDU,"Baidu, Inc.",Daily,2025-03-24,2025-03-28,95.87000274658203,93.37000274658203,2.370908935901456,-63.59734478366238,-0.6359734478366238,-2.607697849564451,4.0,0,,13.100843,-0.16,8.59334,38185619456.0,missing,<=0,>0,OK,0,0,0,0,0,ledger
BIDU,NASDAQ:BIDU,"Baidu, Inc.",Weekly,2018-04-20,2018-05-25,232.5,243.8000030517578,2.0105586939638367,59.662099235288245,0.5966209923528825,4.860216366347446,5.0,1,,13.100843,-0.16,8.59334,38185619456.0,missing,<=0,>0,OK,0,0,0,0,0,ledger
BIDU,NASDAQ:BIDU,"Baidu, Inc.",Weekly,2020-02-07,2020-02-28,130.91000366210938,119.9800033569336,1.6619571275917606,-110.29259602563353,-1.1029259602563353,-8.349247574224432,3.0,0,,13.100843,-0.16,8.59334,38185619456.0,missing,<=0,>0,OK,0,0,0,0,0,ledger
BIDU,NASDAQ:BIDU,"Baidu, Inc.",Weekly,2025-11-07,2025-11-14,125.95999908447266,116.0,2.222106413693338,-93.97954202984496,-0.9397954202984495,-7.9072714805223,1.0,0,,13.100843,-0.16,8.59334,38185619456.0,missing,<=0,>0,OK,0,0,0,0,0,ledger
BIDU,NASDAQ:BIDU,"Baidu, Inc.",Monthly,2022-01-31,2022-03-31,159.74000549316406,132.3000030517578,5.382480339550702,-75.71010471181003,-0.7571010471181003,-17.177915048075118,2.0,0,,13.100843,-0.16,8.59334,38185619456.0,missing,<=0,>0,OK,0,0,0,0,0,ledger
BIIB,NASDAQ:BIIB,Biogen Inc.,Daily,2024-08-19,2024-08-22,206.05999755859375,203.32000732421875,3.4868984358081656,-29.912545184987756,-0.29912545184987754,-1.3297050698041846,3.0,0,37.024864,12.564494,5.63,16.5904,30799321088.0,"(25,40]",>0,>0,OK,1,1,0,1,1,ledger
BIIB,NASDAQ:BIIB,Biogen Inc.,Daily,2025-03-17,2025-03-19,143.5399932861328,141.42999267578125,2.7596812739098953,-42.97363734962599,-0.42973637349625987,-1.4699740205125162,2.0,0,37.024864,12.564494,5.63,16.5904,30799321088.0,"(25,40]",>0,>0,OK,1,1,0,1,1,ledger
BIIB,NASDAQ:BIIB,Biogen Inc.,Daily,2025-09-30,2025-10-06,140.0800018310547,154.0500030517578,2.1748383024687343,297.8676748090212,2.978676748090212,9.972873385275813,4.0,1,37.024864,12.564494,5.63,16.5904,30799321088.0,"(25,40]",>0,>0,OK,1,1,0,1,1,ledger
BIIB,NASDAQ:BIIB,Biogen Inc.,Daily,2025-10-20,2025-10-29,146.6300048828125,147.86000061035156,2.73588179376667,24.798267391458165,0.24798267391458165,0.8388431334514936,7.0,1,37.024864,12.564494,5.63,16.5904,30799321088.0,"(25,40]",>0,>0,OK,1,1,0,1,1,ledger
BIIB,NASDAQ:BIIB,Biogen Inc.,Daily,2025-12-15,2025-12-18,175.74000549316406,169.91000366210938,1.7508006563982719,-108.24155843544213,-1.0824155843544212,-3.317401643805834,3.0,0,37.024864,12.564494,5.63,16.5904,30799321088.0,"(25,40]",>0,>0,OK,1,1,0,1,1,ledger
BIIB,NASDAQ:BIIB,Biogen Inc.,Daily,2026-03-04,2026-03-06,189.94000244140625,184.8699951171875,1.5300597806855776,-62.20860894295091,-0.6220860894295092,-2.6692677998584178,2.0,0,37.024864,12.564494,5.63,16.5904,30799321088.0,"(25,40]",>0,>0,OK,1,1,0,1,1,ledger
BIIB,NASDAQ:BIIB,Biogen Inc.,Daily,2026-05-22,2026-06-01,193.75999450683594,192.22999572753906,1.5436187882073116,-19.342617223745105,-0.19342617223745104,-0.7896360562927741,5.0,0,37.024864,12.564494,5.63,16.5904,30799321088.0,"(25,40]",>0,>0,OK,1,1,0,1,1,ledger
BIIB,NASDAQ:BIIB,Biogen Inc.,Weekly,2017-01-06,2017-01-13,295.0,284.75,1.580307308015569,-46.50633405657934,-0.46506334056579346,-3.4745762711864407,1.0,0,37.024864,12.564494,5.63,16.5904,30799321088.0,"(25,40]",>0,>0,OK,1,1,0,1,1,ledger
BIIB,NASDAQ:BIIB,Biogen Inc.,Weekly,2020-07-10,2020-09-11,278.8800048828125,269.9100036621094,3.789904705241588,-35.37140257384597,-0.35371402573845967,-3.216437558681336,9.0,0,37.024864,12.564494,5.63,16.5904,30799321088.0,"(25,40]",>0,>0,OK,1,1,0,1,1,ledger
BIIB,NASDAQ:BIIB,Biogen Inc.,Monthly,2018-05-31,2019-03-31,293.9599914550781,236.3800048828125,1.7104270451600947,-128.5554704248921,-1.285554704248921,-19.58769500817079,10.0,0,37.024864,12.564494,5.63,16.5904,30799321088.0,"(25,40]",>0,>0,OK,1,1,0,1,1,ledger
BILI,NASDAQ:BILI,Bilibili Inc.,Daily,2024-07-29,2024-07-30,15.130000114440918,14.920000076293945,3.8934987515588984,-30.623039514348196,-0.30623039514348194,-1.3879711603342084,1.0,0,38.7551,14.070457,0.49,1.3496363,7947424256.0,"(25,40]",>0,>0,OK,1,1,0,1,1,ledger
BILI,NASDAQ:BILI,Bilibili Inc.,Daily,2024-10-18,2024-10-24,20.149999618530273,19.959999084472656,6.638330334694391,-10.854442493534494,-0.10854442493534494,-0.9429307079633369,4.0,0,38.7551,14.070457,0.49,1.3496363,7947424256.0,"(25,40]",>0,>0,OK,1,1,0,1,1,ledger
BILI,NASDAQ:BILI,Bilibili Inc.,Daily,2024-12-12,2024-12-13,20.25,19.809999465942383,2.777422132213471,-35.62877879728773,-0.3562877879728773,-2.172842143494406,1.0,0,38.7551,14.070457,0.49,1.3496363,7947424256.0,"(25,40]",>0,>0,OK,1,1,0,1,1,ledger
BILI,NASDAQ:BILI,Bilibili Inc.,Daily,2025-06-05,2025-06-12,18.479999542236328,20.739999771118164,1.602012103945305,309.44850303396487,3.0944850303396487,12.229438770907814,5.0,1,38.7551,14.070457,0.49,1.3496363,7947424256.0,"(25,40]",>0,>0,OK,1,1,0,1,1,ledger
BILI,NASDAQ:BILI,Bilibili Inc.,Weekly,2018-07-20,2018-07-27,14.40999984741211,12.130000114440918,3.197575198958571,-87.94294082797559,-0.8794294082797559,-15.822343907801335,1.0,0,38.7551,14.070457,0.49,1.3496363,7947424256.0,"(25,40]",>0,>0,OK,1,1,0,1,1,ledger
BILI,NASDAQ:BILI,Bilibili Inc.,Weekly,2019-05-03,2019-05-10,18.190000534057617,17.100000381469727,1.73786677878209,-57.2288628303627,-0.572288628303627,-5.992304126363574,1.0,0,38.7551,14.070457,0.49,1.3496363,7947424256.0,"(25,40]",>0,>0,OK,1,1,0,1,1,ledger
BILI,NASDAQ:BILI,Bilibili Inc.,Weekly,2024-12-13,2024-12-27,19.809999465942383,18.84000015258789,4.2817998637929895,-34.7269446770178,-0.3472694467701779,-4.896513576500232,2.0,0,38.7551,14.070457,0.49,1.3496363,7947424256.0,"(25,40]",>0,>0,OK,1,1,0,1,1,ledger
BILI,NASDAQ:BILI,Bilibili Inc.,Monthly,2025-02-28,2025-12-31,20.34000015258789,24.59000015258789,1.653330247792704,61.47553250665403,0.6147553250665403,20.8947884371538,10.0,1,38.7551,14.070457,0.49,1.3496363,7947424256.0,"(25,40]",>0,>0,OK,1,1,0,1,1,ledger
BIO,NASDAQ:BIO,"Bio-Rad Laboratories, Inc.",Daily,2024-07-22,2024-08-07,301.9200134277344,318.69000244140625,2.0354401370367556,160.63204111102667,1.6063204111102667,5.554447624481784,12.0,1,55.29568,34.240185,6.02,9.72191,8908400640.0,>40,>0,>0,OK,1,1,0,1,1,ledger
BIO,NASDAQ:BIO,"Bio-Rad Laboratories, Inc.",Daily,2024-08-13,2024-08-20,326.0,318.69000244140625,2.109813400643151,-56.931461397867096,-0.569314613978671,-2.2423305394459354,5.0,0,55.29568,34.240185,6.02,9.72191,8908400640.0,>40,>0,>0,OK,1,1,0,1,1,ledger
BIO,NASDAQ:BIO,"Bio-Rad Laboratories, Inc.",Daily,2025-07-17,2025-07-21,249.64999389648438,244.25,2.121779959576738,-76.23153534236849,-0.7623153534236848,-2.163025847588622,2.0,0,55.29568,34.240185,6.02,9.72191,8908400640.0,>40,>0,>0,OK,1,1,0,1,1,ledger
BIO,NASDAQ:BIO,"Bio-Rad Laboratories, Inc.",Weekly,2018-09-28,2018-10-05,312.989990234375,298.2900085449219,1.7024897130311298,-77.81892026811549,-0.7781892026811549,-4.6966299715992195,1.0,0,55.29568,34.240185,6.02,9.72191,8908400640.0,>40,>0,>0,OK,1,1,0,1,1,ledger
BIO,NASDAQ:BIO,"Bio-Rad Laboratories, Inc.",Weekly,2021-04-09,2021-05-07,602.5700073242188,608.010009765625,1.561516449708057,9.82836285845036,0.09828362858450358,0.9028000689186646,4.0,1,55.29568,34.240185,6.02,9.72191,8908400640.0,>40,>0,>0,OK,1,1,0,1,1,ledger
BIO,NASDAQ:BIO,"Bio-Rad Laboratories, Inc.",Weekly,2021-10-22,2021-11-05,753.5800170898438,725.6099853515625,1.5852522727661833,-56.040898785167656,-0.5604089878516765,-3.7116206778273146,2.0,0,55.29568,34.240185,6.02,9.72191,8908400640.0,>40,>0,>0,OK,1,1,0,1,1,ledger
BIO-B,NASDAQ:BIO.B,"Bio-Rad Laboratories, Inc.",Daily,2025-11-05,2025-11-06,305.8500061035156,305.3999938964844,5.655525917218618,-16.66704342518706,-0.16667043425187061,-0.14713493478857162,1.0,0,56.166668,,6.0,,9018658816.0,>40,>0,missing,OK,1,1,0,0,1,ledger
BIO-B,NASDAQ:BIO.B,"Bio-Rad Laboratories, Inc.",Weekly,2021-04-16,2021-05-21,600.8699951171875,596.7000122070312,3.1498386785272032,-19.404303420696863,-0.19404303420696864,-0.6939908705780823,5.0,0,56.166668,,6.0,,9018658816.0,>40,>0,missing,OK,1,1,0,0,1,ledger
BIO-B,NASDAQ:BIO.B,"Bio-Rad Laboratories, Inc.",Weekly,2023-07-21,2023-09-22,387.54998779296875,373.7799987792969,4.887544918400172,-83.70823307663909,-0.8370823307663909,-3.55308720098009,9.0,0,56.166668,,6.0,,9018658816.0,>40,>0,missing,OK,1,1,0,0,1,ledger
BIO-B,NASDAQ:BIO.B,"Bio-Rad Laboratories, Inc.",Weekly,2026-02-27,2026-03-13,268.8900146484375,268.54998779296875,4.411305912251852,-2.8718419275518463,-0.028718419275518464,-0.12645573912936892,2.0,0,56.166668,,6.0,,9018658816.0,>40,>0,missing,OK,1,1,0,0,1,ledger
BIT,NASDAQ:BIT,BlackRock Multi-Sector Income Trust,Daily,2024-07-23,2024-07-24,14.609999656677246,14.5600004196167,1.6000171662359213,-49.9995231601133,-0.49999523160113296,-0.34222613439758426,1.0,0,11.547171,,1.06,,698447552.0,"(0,15]",>0,missing,OK,1,1,1,0,1,ledger
BIT,NASDAQ:BIT,BlackRock Multi-Sector Income Trust,Daily,2025-05-30,2025-06-05,14.229999542236328,14.289999961853027,2.0625074505877024,37.500298023508094,0.37500298023508094,0.4216473755927458,4.0,1,11.547171,,1.06,,698447552.0,"(0,15]",>0,missing,OK,1,1,1,0,1,ledger
BIT,NASDAQ:BIT,BlackRock Multi-Sector Income Trust,Weekly,2022-10-07,2022-10-14,14.890000343322754,14.239999771118164,2.8181778773836412,-98.48481564486367,-0.9848481564486368,-4.365349611936543,1.0,0,11.547171,,1.06,,698447552.0,"(0,15]",>0,missing,OK,1,1,1,0,1,ledger
BIT,NASDAQ:BIT,BlackRock Multi-Sector Income Trust,Monthly,2022-07-31,2022-09-30,15.430000305175781,14.239999771118164,1.880596193463963,-59.20399992788135,-0.5920399992788136,-7.712252174476289,2.0,0,11.547171,,1.06,,698447552.0,"(0,15]",>0,missing,OK,1,1,1,0,1,ledger
BJRI,NASDAQ:BJRI,"BJ's Restaurants, Inc.",Daily,2025-02-28,2025-03-03,38.130001068115234,36.91999816894531,1.9725278871184777,-66.48368692648532,-0.6648368692648532,-3.173361828677579,1.0,0,35.65079,24.63962,1.89,2.73462,1433426176.0,"(25,40]",>0,>0,OK,1,1,0,1,1,ledger
BJRI,NASDAQ:BJRI,"BJ's Restaurants, Inc.",Daily,2025-05-23,2025-06-05,42.45000076293945,43.779998779296875,1.591952750415999,76.43659387325133,0.7643659387325132,3.1330930328711872,8.0,1,35.65079,24.63962,1.89,2.73462,1433426176.0,"(25,40]",>0,>0,OK,1,1,0,1,1,ledger
BJRI,NASDAQ:BJRI,"BJ's Restaurants, Inc.",Daily,2026-06-08,2026-07-02,44.16999816894531,58.75,2.0874358744525487,796.7222751462823,7.967222751462823,33.00883503614333,17.0,1,35.65079,24.63962,1.89,2.73462,1433426176.0,"(25,40]",>0,>0,OK,1,1,0,1,1,ledger
BJRI,NASDAQ:BJRI,"BJ's Restaurants, Inc.",Weekly,2021-08-27,2021-10-08,44.220001220703125,39.86000061035156,2.6265380767771607,-59.644319989897056,-0.5964431998989705,-9.859793057423701,6.0,0,35.65079,24.63962,1.89,2.73462,1433426176.0,"(25,40]",>0,>0,OK,1,1,0,1,1,ledger
BJRI,NASDAQ:BJRI,"BJ's Restaurants, Inc.",Weekly,2024-04-26,2024-07-26,33.439998626708984,31.510000228881836,1.9543468736128113,-70.76707390407877,-0.7076707390407877,-5.771526546312811,13.0,0,35.65079,24.63962,1.89,2.73462,1433426176.0,"(25,40]",>0,>0,OK,1,1,0,1,1,ledger
BJRI,NASDAQ:BJRI,"BJ's Restaurants, Inc.",Weekly,2025-10-03,2025-10-10,31.520000457763672,29.540000915527344,5.401278537649882,-68.99696149701724,-0.6899696149701723,-6.281724344799734,1.0,0,35.65079,24.63962,1.89,2.73462,1433426176.0,"(25,40]",>0,>0,OK,1,1,0,1,1,ledger
BJRI,NASDAQ:BJRI,"BJ's Restaurants, Inc.",Monthly,2019-04-30,2019-05-31,49.90999984741211,41.88999938964844,3.5608014712112106,-107.39988441233639,-1.0739988441233639,-16.068925029619123,1.0,0,35.65079,24.63962,1.89,2.73462,1433426176.0,"(25,40]",>0,>0,OK,1,1,0,1,1,ledger
BJRI,NASDAQ:BJRI,"BJ's Restaurants, Inc.",Monthly,2022-10-31,2022-12-31,32.849998474121094,26.3799991607666,2.40708680704854,-50.944881073798335,-0.5094488107379833,-19.69558482156854,2.0,0,35.65079,24.63962,1.89,2.73462,1433426176.0,"(25,40]",>0,>0,OK,1,1,0,1,1,ledger
BKHA,NASDAQ:BKHA,Black Hawk Acquisition Corporation,Daily,2025-04-28,2025-05-13,10.539999961853027,10.59000015258789,2.999904634751097,499.99046347510966,4.999904634751097,0.4743851130533856,11.0,1,100.833336,,0.12,,50258284.0,>40,>0,missing,OK,1,1,0,0,1,ledger
BKHA,NASDAQ:BKHA,Black Hawk Acquisition Corporation,Daily,2025-05-20,2025-06-17,10.609999656677246,10.600000381469727,1.500071527347289,-49.997615755090365,-0.49997615755090363,-0.0942438787095213,19.0,0,100.833336,,0.12,,50258284.0,>40,>0,missing,OK,1,1,0,0,1,ledger
BKHA,NASDAQ:BKHA,Black Hawk Acquisition Corporation,Daily,2025-07-01,2025-07-15,10.640000343322754,10.864999771118164,7.624855811516289,686.235277845469,6.8623527784546905,2.1146562080386677,9.0,1,100.833336,,0.12,,50258284.0,>40,>0,missing,OK,1,1,0,0,1,ledger
BKHA,NASDAQ:BKHA,Black Hawk Acquisition Corporation,Daily,2025-07-16,2025-08-04,10.949999809265137,10.960000038146973,2.0769211018596634,3.846238491728717,0.038462384917287165,0.09132629274910518,13.0,1,100.833336,,0.12,,50258284.0,>40,>0,missing,OK,1,1,0,0,1,ledger
BKHA,NASDAQ:BKHA,Black Hawk Acquisition Corporation,Daily,2026-07-06,2026-07-23,11.960000038146973,12.350000381469727,13.457409911178662,464.4596419524629,4.644596419524629,3.260872425408276,13.0,1,100.833336,,0.12,,50258284.0,>40,>0,missing,OK,1,1,0,0,1,ledger
BKNG,NASDAQ:BKNG,Booking Holdings Inc.,Daily,2025-07-17,2025-07-21,227.35760498046875,227.08599853515625,1.5040674649955301,-6.569027708387932,-0.06569027708387931,-0.11946222134765734,2.0,0,25.461336,15.791793,7.63,12.30196,150535634944.0,"(25,40]",>0,>0,OK,1,1,0,1,1,ledger
BKNG,NASDAQ:BKNG,Booking Holdings Inc.,Daily,2025-09-03,2025-09-18,223.3179931640625,217.71519470214844,1.683205702363974,-111.18428821888938,-1.111842882188894,-2.508888058024916,11.0,0,25.461336,15.791793,7.63,12.30196,150535634944.0,"(25,40]",>0,>0,OK,1,1,0,1,1,ledger
BKNG,NASDAQ:BKNG,Booking Holdings Inc.,Weekly,2020-10-02,2020-10-30,68.42839813232422,64.9000015258789,1.829649488663629,-63.16509650354866,-0.6316509650354866,-5.156333777713507,4.0,0,25.461336,15.791793,7.63,12.30196,150535634944.0,"(25,40]",>0,>0,OK,1,1,0,1,1,ledger
BKR,NASDAQ:BKR,Baker Hughes Company,Daily,2025-01-30,2025-02-06,44.599998474121094,46.97999954223633,1.7185664032162273,142.51519027822192,1.4251519027822195,5.336325447401567,5.0,1,19.596825,19.285381,3.15,3.20087,61277769728.0,"(15,25]",>0,>0,OK,1,1,1,1,1,ledger
BKR,NASDAQ:BKR,Baker Hughes Company,Daily,2025-06-26,2025-07-15,38.31999969482422,38.9900016784668,1.7468031467261915,68.84476753504428,0.6884476753504428,1.7484394284404796,12.0,1,19.596825,19.285381,3.15,3.20087,61277769728.0,"(15,25]",>0,>0,OK,1,1,1,1,1,ledger
BKR,NASDAQ:BKR,Baker Hughes Company,Daily,2025-07-17,2025-07-29,39.18000030517578,45.75,1.5934007469109173,654.2907752888958,6.542907752888959,16.768758661689713,8.0,1,19.596825,19.285381,3.15,3.20087,61277769728.0,"(15,25]",>0,>0,OK,1,1,1,1,1,ledger
BKR,NASDAQ:BKR,Baker Hughes Company,Daily,2025-08-14,2025-09-02,43.25,45.36000061035156,2.6899215178344362,163.56582270245974,1.6356582270245974,4.878614127980492,12.0,1,19.596825,19.285381,3.15,3.20087,61277769728.0,"(15,25]",>0,>0,OK,1,1,1,1,1,ledger
BKR,NASDAQ:BKR,Baker Hughes Company,Daily,2025-10-06,2025-10-07,49.08000183105469,48.58000183105469,1.5040596951972163,-40.65029556069694,-0.4065029556069694,-1.0187448682685907,1.0,0,19.596825,19.285381,3.15,3.20087,61277769728.0,"(15,25]",>0,>0,OK,1,1,1,1,1,ledger
BKR,NASDAQ:BKR,Baker Hughes Company,Weekly,2017-03-31,2017-04-21,59.81999969482422,57.68000030517578,2.254498205424912,-55.012846411830466,-0.5501284641183046,-3.5773978611932287,3.0,0,19.596825,19.285381,3.15,3.20087,61277769728.0,"(15,25]",>0,>0,OK,1,1,1,1,1,ledger
BKR,NASDAQ:BKR,Baker Hughes Company,Weekly,2018-07-06,2018-07-20,33.66999816894531,32.0,1.6038363806769829,-65.48664349862472,-0.6548664349862471,-4.959899791398248,2.0,0,19.596825,19.285381,3.15,3.20087,61277769728.0,"(15,25]",>0,>0,OK,1,1,1,1,1,ledger
BKR,NASDAQ:BKR,Baker Hughes Company,Monthly,2018-04-30,2018-06-30,36.11000061035156,33.029998779296875,3.06994290753848,-29.11154870760904,-0.2911154870760904,-8.529498141774473,2.0,0,19.596825,19.285381,3.15,3.20087,61277769728.0,"(15,25]",>0,>0,OK,1,1,1,1,1,ledger
BKT,NASDAQ:BKT,"BlackRock Income Trust, Inc.",Daily,2026-02-24,2026-03-03,11.109999656677246,11.079999923706055,2.2070964783141878,-55.17697344676458,-0.5517697344676458,-0.2700246075449804,5.0,0,10.91579,,0.95,,335873440.0,"(0,15]",>0,missing,OK,1,1,1,0,1,ledger
BKT,NASDAQ:BKT,"BlackRock Income Trust, Inc.",Weekly,2017-12-29,2018-01-12,18.510000228881836,18.209999084472656,2.1999910990736677,-100.0,-1.0,-1.6207517055622553,2.0,0,10.91579,,0.95,,335873440.0,"(0,15]",>0,missing,OK,1,1,1,0,1,ledger
BKT,NASDAQ:BKT,"BlackRock Income Trust, Inc.",Weekly,2020-01-10,2020-02-28,18.18000030517578,18.030000686645508,1.5714207863688794,-71.42805242459197,-0.7142805242459197,-0.8250803961074141,7.0,0,10.91579,,0.95,,335873440.0,"(0,15]",>0,missing,OK,1,1,1,0,1,ledger
BKT,NASDAQ:BKT,"BlackRock Income Trust, Inc.",Weekly,2024-03-08,2024-03-22,12.069999694824219,11.829999923706055,1.5833366447056454,-66.66666666666666,-0.6666666666666666,-1.9883991481878767,2.0,0,10.91579,,0.95,,335873440.0,"(0,15]",>0,missing,OK,1,1,1,0,1,ledger
BL,NASDAQ:BL,"BlackLine, Inc.",Daily,2024-11-05,2024-11-15,55.9900016784668,59.310001373291016,3.3129002841915205,260.01960101121017,2.6001960101121013,5.929629568311047,8.0,1,78.85714,11.94357,0.42,2.77304,1942849536.0,>40,>0,>0,OK,1,1,0,1,1,ledger
BL,NASDAQ:BL,"BlackLine, Inc.",Daily,2025-04-01,2025-04-03,49.130001068115234,46.08000183105469,1.5331523552636392,-217.49388334379594,-2.1749388334379596,-6.208017852130597,2.0,0,78.85714,11.94357,0.42,2.77304,1942849536.0,>40,>0,>0,OK,1,1,0,1,1,ledger
BL,NASDAQ:BL,"BlackLine, Inc.",Daily,2025-06-16,2025-06-20,55.33000183105469,54.779998779296875,2.8004162031197426,-37.566781247109155,-0.37566781247109154,-0.9940412679493462,3.0,0,78.85714,11.94357,0.42,2.77304,1942849536.0,>40,>0,>0,OK,1,1,0,1,1,ledger
BL,NASDAQ:BL,"BlackLine, Inc.",Weekly,2017-09-01,2017-12-01,30.690000534057617,36.130001068115234,3.4107578051984144,193.47786941495576,1.9347786941495575,17.725644963807298,13.0,1,78.85714,11.94357,0.42,2.77304,1942849536.0,>40,>0,>0,OK,1,1,0,1,1,ledger
BL,NASDAQ:BL,"BlackLine, Inc.",Weekly,2019-04-19,2019-06-14,47.599998474121094,48.959999084472656,1.7289419523924627,36.008593820143304,0.36008593820143303,2.857144230983453,8.0,1,78.85714,11.94357,0.42,2.77304,1942849536.0,>40,>0,>0,OK,1,1,0,1,1,ledger
BL,NASDAQ:BL,"BlackLine, Inc.",Monthly,2021-09-30,2021-11-30,118.05999755859375,110.05000305175781,1.8275001525878907,-40.04997253417969,-0.4004997253417969,-6.784681240451948,2.0,0,78.85714,11.94357,0.42,2.77304,1942849536.0,>40,>0,>0,OK,1,1,0,1,1,ledger
BLBD,NASDAQ:BLBD,Blue Bird Corporation,Daily,2024-12-26,2024-12-30,40.02000045776367,38.65999984741211,2.616335198508263,-68.29593267031579,-0.6829593267031578,-3.398302335820512,2.0,0,18.312943,14.09665,4.25,5.52117,2463054080.0,"(15,25]",>0,>0,OK,1,1,1,1,1,ledger
BLBD,NASDAQ:BLBD,Blue Bird Corporation,Daily,2025-08-06,2025-09-24,44.13999938964844,59.040000915527344,1.8953975471472302,1116.2624494423505,11.162624494423506,33.756234100386514,34.0,1,18.312943,14.09665,4.25,5.52117,2463054080.0,"(15,25]",>0,>0,OK,1,1,1,1,1,ledger
BLBD,NASDAQ:BLBD,Blue Bird Corporation,Daily,2025-10-08,2025-10-10,55.84000015258789,54.84000015258789,1.9646300357673796,-32.154334525579316,-0.3215433452557932,-1.7908309406651304,2.0,0,18.312943,14.09665,4.25,5.52117,2463054080.0,"(15,25]",>0,>0,OK,1,1,1,1,1,ledger
BLBD,NASDAQ:BLBD,Blue Bird Corporation,Daily,2026-03-04,2026-03-05,58.220001220703125,56.470001220703125,1.793103145882174,-67.04979274944607,-0.6704979274944607,-3.0058398545304343,1.0,0,18.312943,14.09665,4.25,5.52117,2463054080.0,"(15,25]",>0,>0,OK,1,1,1,1,1,ledger
BLBD,NASDAQ:BLBD,Blue Bird Corporation,Daily,2026-05-14,2026-05-19,72.44999694824219,64.6500015258789,1.871903314690694,-161.1570521510495,-1.6115705215104952,-10.766039683805023,3.0,0,18.312943,14.09665,4.25,5.52117,2463054080.0,"(15,25]",>0,>0,OK,1,1,1,1,1,ledger
BLBD,NASDAQ:BLBD,Blue Bird Corporation,Weekly,2017-07-14,2017-08-11,17.549999237060547,17.200000762939453,2.157898540976925,-36.84198902570507,-0.3684198902570507,-1.9942933865318793,4.0,0,18.312943,14.09665,4.25,5.52117,2463054080.0,"(15,25]",>0,>0,OK,1,1,1,1,1,ledger
BLBD,NASDAQ:BLBD,Blue Bird Corporation,Weekly,2017-12-01,2017-12-08,19.350000381469727,18.200000762939453,1.9615361478927484,-88.4614312438103,-0.884614312438103,-5.943150366196145,1.0,0,18.312943,14.09665,4.25,5.52117,2463054080.0,"(15,25]",>0,>0,OK,1,1,1,1,1,ledger
BLBD,NASDAQ:BLBD,Blue Bird Corporation,Weekly,2018-06-15,2018-08-03,20.799999237060547,21.649999618530273,1.7102050984620534,34.69390932693917,0.3469390932693917,4.086540445420942,7.0,1,18.312943,14.09665,4.25,5.52117,2463054080.0,"(15,25]",>0,>0,OK,1,1,1,1,1,ledger
BLBD,NASDAQ:BLBD,Blue Bird Corporation,Weekly,2020-02-07,2020-02-14,20.43000030517578,19.93000030517578,2.522936121159709,-35.434501399452486,-0.35434501399452484,-2.4473812654487768,1.0,0,18.312943,14.09665,4.25,5.52117,2463054080.0,"(15,25]",>0,>0,OK,1,1,1,1,1,ledger
BLBD,NASDAQ:BLBD,Blue Bird Corporation,Weekly,2023-07-14,2023-07-28,22.6200008392334,20.8799991607666,2.254297267410422,-63.470583268053424,-0.6347058326805343,-7.692314827189752,2.0,0,18.312943,14.09665,4.25,5.52117,2463054080.0,"(15,25]",>0,>0,OK,1,1,1,1,1,ledger
BLBD,NASDAQ:BLBD,Blue Bird Corporation,Weekly,2026-03-27,2026-07-31,55.11000061035156,74.38999938964844,1.9010228901005077,470.4969793713057,4.704969793713056,34.98457369945198,18.0,1,18.312943,14.09665,4.25,5.52117,2463054080.0,"(15,25]",>0,>0,OK,1,1,1,1,1,ledger
BLBD,NASDAQ:BLBD,Blue Bird Corporation,Monthly,2025-05-31,2025-10-31,38.70000076293945,49.959999084472656,2.3903003611628573,130.023077597375,1.30023077597375,29.095602324422153,5.0,1,18.312943,14.09665,4.25,5.52117,2463054080.0,"(15,25]",>0,>0,OK,1,1,1,1,1,ledger
BLKB,NASDAQ:BLKB,"Blackbaud, Inc.",Daily,2024-09-12,2024-09-17,82.05000305175781,84.18000030517578,1.5,129.8779296420696,1.2987792964206961,2.5959746181537,3.0,1,14.21875,7.719715,3.2,5.894,2065249408.0,"(0,15]",>0,>0,OK,1,1,1,1,1,ledger
BLKB,NASDAQ:BLKB,"Blackbaud, Inc.",Daily,2025-08-06,2025-08-11,65.22000122070312,61.349998474121094,3.959010806213573,-158.60651124396526,-1.5860651124396528,-5.9337667496908235,3.0,0,14.21875,7.719715,3.2,5.894,2065249408.0,"(0,15]",>0,>0,OK,1,1,1,1,1,ledger
BLKB,NASDAQ:BLKB,"Blackbaud, Inc.",Weekly,2018-01-26,2018-02-02,96.7300033569336,92.16000366210938,1.6359810063445193,-95.60655999361558,-0.9560655999361558,-4.724490371370014,1.0,0,14.21875,7.719715,3.2,5.894,2065249408.0,"(0,15]",>0,>0,OK,1,1,1,1,1,ledger
BLKB,NASDAQ:BLKB,"Blackbaud, Inc.",Weekly,2018-06-08,2018-06-29,102.62999725341797,102.44999694824219,2.326779243345126,-3.116226918147599,-0.03116226918147599,-0.17538761570003505,3.0,0,14.21875,7.719715,3.2,5.894,2065249408.0,"(0,15]",>0,>0,OK,1,1,1,1,1,ledger
BLKB,NASDAQ:BLKB,"Blackbaud, Inc.",Weekly,2021-08-06,2021-08-13,72.6500015258789,68.54000091552734,1.6716102271395197,-93.60112372736876,-0.9360112372736876,-5.657261560947834,1.0,0,14.21875,7.719715,3.2,5.894,2065249408.0,"(0,15]",>0,>0,OK,1,1,1,1,1,ledger
BLLN,NASDAQ:BLLN,"BillionToOne, Inc.",Daily,2025-12-19,2025-12-23,102.5999984741211,87.07499694824219,2.558468951988347,-110.0283547435799,-1.100283547435799,-15.131580659618423,2.0,0,249.5614,138.1068,0.57,1.03,6542857728.0,>40,>0,>0,OK,1,1,0,1,1,ledger
BLLN,NASDAQ:BLLN,"BillionToOne, Inc.",Daily,2026-05-21,2026-06-01,86.1500015258789,91.12000274658203,2.561425066030821,61.05653063099034,0.6105653063099034,5.7690088597504765,6.0,1,249.5614,138.1068,0.57,1.03,6542857728.0,>40,>0,>0,OK,1,1,0,1,1,ledger
BLMN,NASDAQ:BLMN,"Bloomin' Brands, Inc.",Daily,2025-05-27,2025-05-28,7.880000114440918,7.650000095367432,2.4160350821473666,-44.813565931146684,-0.4481356593114668,-2.918781925548293,1.0,0,37.166668,9.376051,0.24,0.95136,763679424.0,"(25,40]",>0,>0,OK,1,1,0,1,1,ledger
BLMN,NASDAQ:BLMN,"Bloomin' Brands, Inc.",Daily,2026-05-20,2026-06-01,7.860000133514404,8.140000343322754,1.5263142924784399,49.1228290321798,0.49122829032179804,3.5623435757265627,7.0,1,37.166668,9.376051,0.24,0.95136,763679424.0,"(25,40]",>0,>0,OK,1,1,0,1,1,ledger
BLMN,NASDAQ:BLMN,"Bloomin' Brands, Inc.",Daily,2026-07-09,2026-07-14,8.0600004196167,8.3100004196167,2.387682014553631,48.92793767212245,0.4892793767212245,3.1017368112232555,3.0,1,37.166668,9.376051,0.24,0.95136,763679424.0,"(25,40]",>0,>0,OK,1,1,0,1,1,ledger
BLMN,NASDAQ:BLMN,"Bloomin' Brands, Inc.",Weekly,2017-09-22,2017-11-03,17.239999771118164,17.299999237060547,4.353985602039008,5.3096911949632455,0.05309691194963245,0.3480247490658251,6.0,1,37.166668,9.376051,0.24,0.95136,763679424.0,"(25,40]",>0,>0,OK,1,1,0,1,1,ledger
BLMN,NASDAQ:BLMN,"Bloomin' Brands, Inc.",Weekly,2020-02-14,2020-02-28,21.540000915527344,17.989999771118164,1.8333333333333333,-236.666742960612,-2.3666674296061196,-16.480970257759473,2.0,0,37.166668,9.376051,0.24,0.95136,763679424.0,"(25,40]",>0,>0,OK,1,1,0,1,1,ledger
BLMN,NASDAQ:BLMN,"Bloomin' Brands, Inc.",Weekly,2021-08-13,2021-08-20,26.709999084472656,24.329999923706055,1.9869716270990156,-77.52441033720933,-0.7752441033720933,-8.910517567745513,1.0,0,37.166668,9.376051,0.24,0.95136,763679424.0,"(25,40]",>0,>0,OK,1,1,0,1,1,ledger
BLMN,NASDAQ:BLMN,"Bloomin' Brands, Inc.",Weekly,2023-01-06,2023-03-10,21.670000076293945,24.979999542236328,1.7872521674914077,170.48429079318876,1.7048429079318876,15.274570624313846,9.0,1,37.166668,9.376051,0.24,0.95136,763679424.0,"(25,40]",>0,>0,OK,1,1,0,1,1,ledger
BLMN,NASDAQ:BLMN,"Bloomin' Brands, Inc.",Monthly,2018-09-30,2018-12-31,19.790000915527344,17.889999389648438,2.0002248719090128,-72.94493237157133,-0.7294493237157132,-9.600815755335082,3.0,0,37.166668,9.376051,0.24,0.95136,763679424.0,"(25,40]",>0,>0,OK,1,1,0,1,1,ledger
BLNE,NASDAQ:BLNE,"Beeline Holdings, Inc. - Common Stock",Daily,2024-07-23,2024-08-01,9.59000015258789,9.029999732971191,3.6557395953155543,-61.8494271207755,-0.618494271207755,-5.839420341047455,7.0,0,0.5508021,2.1914892,1.87,0.47,33813096.0,"(0,15]",>0,>0,OK,1,1,0,0,1,ledger
BLNE,NASDAQ:BLNE,"Beeline Holdings, Inc. - Common Stock",Daily,2025-07-11,2025-07-25,1.3899999856948853,1.9500000476837158,1.6399998664855957,224.00002479553223,2.2400002479553223,40.28777465842035,10.0,1,0.5508021,2.1914892,1.87,0.47,33813096.0,"(0,15]",>0,>0,OK,1,1,0,0,1,ledger
BLNE,NASDAQ:BLNE,"Beeline Holdings, Inc. - Common Stock",Weekly,2021-01-22,2021-01-29,306.0,268.0,2.1666666666666665,-63.333333333333336,-0.6333333333333333,-12.418300653594772,1.0,0,0.5508021,2.1914892,1.87,0.47,33813096.0,"(0,15]",>0,>0,OK,1,1,0,0,1,ledger
BLNE,NASDAQ:BLNE,"Beeline Holdings, Inc. - Common Stock",Weekly,2021-05-21,2021-06-18,428.0,562.0,1.8548387096774193,108.06451612903226,1.0806451612903225,31.308411214953267,4.0,1,0.5508021,2.1914892,1.87,0.47,33813096.0,"(0,15]",>0,>0,OK,1,1,0,0,1,ledger
BLNE,NASDAQ:BLNE,"Beeline Holdings, Inc. - Common Stock",Weekly,2025-11-28,2025-12-26,2.049999952316284,1.9600000381469727,3.029459840629557,-10.486581178263908,-0.10486581178263908,-4.390239817694683,4.0,0,0.5508021,2.1914892,1.87,0.47,33813096.0,"(0,15]",>0,>0,OK,1,1,0,0,1,ledger
BLUW,NASDAQ:BLUW,Blue Water Acquisition Corp. III,Daily,2026-07-20,2026-08-03,10.329999923706055,10.350000381469727,2.0000476848981927,100.00476848981928,1.0000476848981927,0.19361527503764384,10.0,1,35.68966,,0.29,,334387808.0,"(25,40]",>0,missing,OK,1,1,0,0,1,ledger
BLW,NASDAQ:BLW,BlackRock Limited Duration Income Trust,Daily,2026-05-20,2026-06-03,12.390000343322754,12.399999618530273,3.1111028694951894,5.555143474759462,0.05555143474759463,0.08070439814723945,9.0,1,10.311475,,1.22,,491681760.0,"(0,15]",>0,missing,OK,1,1,1,0,1,ledger
BLW,NASDAQ:BLW,BlackRock Limited Duration Income Trust,Monthly,2022-11-30,2023-04-30,13.529999732971191,13.020000457763672,2.322034354914576,-28.81352644615052,-0.2881352644615052,-3.7693960478410413,5.0,0,10.311475,,1.22,,491681760.0,"(0,15]",>0,missing,OK,1,1,1,0,1,ledger
BLX,NASDAQ:BLX,"Bladex, Inc. Class E Common Stock",Daily,2024-09-30,2024-10-03,32.4900016784668,31.780000686645508,1.5434662286146847,-108.50142319994588,-1.0850142319994587,-2.185290720658387,3.0,0,9.754126,8.378455,6.06,7.055,2200677632.0,"(0,15]",>0,>0,OK,1,1,1,1,1,ledger
BLX,NASDAQ:BLX,"Bladex, Inc. Class E Common Stock",Daily,2024-10-28,2024-10-30,33.099998474121094,32.43000030517578,1.7794152296110133,-98.52909827328928,-0.9852909827328927,-2.0241637457148043,2.0,0,9.754126,8.378455,6.06,7.055,2200677632.0,"(0,15]",>0,>0,OK,1,1,1,1,1,ledger
BLX,NASDAQ:BLX,"Bladex, Inc. Class E Common Stock",Daily,2024-11-21,2024-11-26,33.63999938964844,33.40999984741211,2.3461311720548172,-29.486806321280795,-0.29486806321280795,-0.6837085208363667,3.0,0,9.754126,8.378455,6.06,7.055,2200677632.0,"(0,15]",>0,>0,OK,1,1,1,1,1,ledger
BLX,NASDAQ:BLX,"Bladex, Inc. Class E Common Stock",Daily,2025-01-27,2025-02-03,37.84000015258789,37.349998474121094,1.7957503613425885,-56.40512285632954,-0.5640512285632954,-1.294930434701083,5.0,0,9.754126,8.378455,6.06,7.055,2200677632.0,"(0,15]",>0,>0,OK,1,1,1,1,1,ledger
BLX,NASDAQ:BLX,"Bladex, Inc. Class E Common Stock",Daily,2025-08-21,2025-09-22,45.38999938964844,46.939998626708984,1.8888932059410486,143.5187114776681,1.4351871147766808,3.4148474507669566,21.0,1,9.754126,8.378455,6.06,7.055,2200677632.0,"(0,15]",>0,>0,OK,1,1,1,1,1,ledger
BLX,NASDAQ:BLX,"Bladex, Inc. Class E Common Stock",Weekly,2019-06-21,2019-08-16,20.649999618530273,19.200000762939453,2.042016775486318,-128.73567453432787,-1.2873567453432788,-7.02178635533564,8.0,0,9.754126,8.378455,6.06,7.055,2200677632.0,"(0,15]",>0,>0,OK,1,1,1,1,1,ledger
BLX,NASDAQ:BLX,"Bladex, Inc. Class E Common Stock",Weekly,2021-12-17,2022-02-04,16.940000534057617,16.34000015258789,2.6952075332630763,-67.66217410355914,-0.6766217410355914,-3.5419147730452236,7.0,0,9.754126,8.378455,6.06,7.055,2200677632.0,"(0,15]",>0,>0,OK,1,1,1,1,1,ledger
BME,NASDAQ:BME,BlackRock Health Sciences Trust,Daily,2024-09-23,2024-09-25,42.0,41.45000076293945,1.7252488238278085,-148.26350652711395,-1.4826350652711393,-1.3095219930013022,2.0,0,7.3435373,,5.88,,558062784.0,"(0,15]",>0,missing,OK,1,1,1,0,1,ledger
BME,NASDAQ:BME,BlackRock Health Sciences Trust,Daily,2025-12-12,2025-12-16,40.540000915527344,40.599998474121094,1.6164397878399916,8.218848796801922,0.08218848796801922,0.1479959478016937,2.0,1,7.3435373,,5.88,,558062784.0,"(0,15]",>0,missing,OK,1,1,1,0,1,ledger
BME,NASDAQ:BME,BlackRock Health Sciences Trust,Daily,2026-07-16,2026-07-30,42.619998931884766,43.529998779296875,2.641100490320721,138.9249525514374,1.3892495255143742,2.1351475134161078,10.0,1,7.3435373,,5.88,,558062784.0,"(0,15]",>0,missing,OK,1,1,1,0,1,ledger
BME,NASDAQ:BME,BlackRock Health Sciences Trust,Weekly,2017-01-06,2017-01-20,32.849998474121094,32.66999816894531,2.594672913359658,-13.156099006867398,-0.13156099006867397,-0.5479461599293033,2.0,0,7.3435373,,5.88,,558062784.0,"(0,15]",>0,missing,OK,1,1,1,0,1,ledger
BMEZ,NASDAQ:BMEZ,BlackRock Health Sciences Term Trust,Daily,2025-02-13,2025-02-14,16.059999465942383,15.819999694824219,2.671583810787284,-92.92449374515994,-0.9292449374515994,-1.4943946394713106,1.0,0,6.1220474,,2.54,,971896832.0,"(0,15]",>0,missing,OK,1,1,1,0,1,ledger
BMEZ,NASDAQ:BMEZ,BlackRock Health Sciences Term Trust,Weekly,2021-04-02,2021-05-07,27.200000762939453,26.93000030517578,1.7819892103759736,-12.796226524251344,-0.12796226524251345,-0.9926487139351589,5.0,0,6.1220474,,2.54,,971896832.0,"(0,15]",>0,missing,OK,1,1,1,0,1,ledger
BMEZ,NASDAQ:BMEZ,BlackRock Health Sciences Term Trust,Weekly,2024-05-10,2024-06-21,15.210000038146973,14.960000038146973,1.6626508931218245,-30.12048469639833,-0.30120484696398325,-1.6436554856870165,6.0,0,6.1220474,,2.54,,971896832.0,"(0,15]",>0,missing,OK,1,1,1,0,1,ledger
BMN,NASDAQ:BMN,Blackrock 2037 Municipal Target Term Trust,Daily,2025-08-20,2025-08-28,24.700000762939453,24.219999313354492,1.5405362214993787,-64.86491362823281,-0.6486491362823282,-1.943325646795801,6.0,0,21.649574,,1.17,,155720048.0,"(15,25]",>0,missing,OK,1,1,1,0,1,ledger
BMN,NASDAQ:BMN,Blackrock 2037 Municipal Target Term Trust,Weekly,2026-06-05,2026-07-10,25.989999771118164,25.511999130249023,1.5390611379414654,-37.343780035136916,-0.3734378003513692,-1.839171393146094,5.0,0,21.649574,,1.17,,155720048.0,"(15,25]",>0,missing,OK,1,1,1,0,1,ledger
BMRN,NASDAQ:BMRN,BioMarin Pharmaceutical Inc.,Daily,2025-05-12,2025-05-14,61.369998931884766,58.70000076293945,1.5323219781909323,-101.52094894682337,-1.0152094894682335,-4.350657023652181,2.0,0,43.06383,9.495334,1.41,6.39472,11736230912.0,>40,>0,>0,OK,1,1,0,1,1,ledger
BMRN,NASDAQ:BMRN,BioMarin Pharmaceutical Inc.,Daily,2025-12-09,2025-12-11,53.7400016784668,52.9900016784668,1.9149518543420703,-52.996840441222076,-0.5299684044122208,-1.3956084417104127,2.0,0,43.06383,9.495334,1.41,6.39472,11736230912.0,>40,>0,>0,OK,1,1,0,1,1,ledger
BMRN,NASDAQ:BMRN,BioMarin Pharmaceutical Inc.,Daily,2026-02-27,2026-03-02,61.72999954223633,59.7400016784668,2.0032024528809442,-87.61251143651384,-0.8761251143651384,-3.2237127466815436,1.0,0,43.06383,9.495334,1.41,6.39472,11736230912.0,>40,>0,>0,OK,1,1,0,1,1,ledger
BMRN,NASDAQ:BMRN,BioMarin Pharmaceutical Inc.,Weekly,2021-04-16,2021-04-30,79.4000015258789,77.91999816894531,1.9864236002430358,-22.3228094562996,-0.22322809456299597,-1.8639840409212274,2.0,0,43.06383,9.495334,1.41,6.39472,11736230912.0,>40,>0,>0,OK,1,1,0,1,1,ledger
BMRN,NASDAQ:BMRN,BioMarin Pharmaceutical Inc.,Weekly,2023-03-31,2023-04-28,97.23999786376953,96.04000091552734,2.07373693081065,-12.121179427148157,-0.12121179427148156,-1.234056946323003,4.0,0,43.06383,9.495334,1.41,6.39472,11736230912.0,>40,>0,>0,OK,1,1,0,1,1,ledger
BMRN,NASDAQ:BMRN,BioMarin Pharmaceutical Inc.,Monthly,2020-12-31,2021-03-31,87.69000244140625,75.51000213623047,2.708689336639715,-74.54098744138466,-0.7454098744138464,-13.889839167599932,3.0,0,43.06383,9.495334,1.41,6.39472,11736230912.0,>40,>0,>0,OK,1,1,0,1,1,ledger
BMRN,NASDAQ:BMRN,BioMarin Pharmaceutical Inc.,Monthly,2023-08-31,2023-10-31,91.37999725341797,81.44999694824219,2.160664859105787,-81.30126262420076,-0.8130126262420075,-10.866711100502206,2.0,0,43.06383,9.495334,1.41,6.39472,11736230912.0,>40,>0,>0,OK,1,1,0,1,1,ledger
BNC,NASDAQ:BNC,CEA Industries Inc. - Common Stock,Daily,2024-07-25,2024-08-05,6.704999923706055,6.699999809265137,2.3559321759932756,-1.6949536094138946,-0.016949536094138944,-0.07457292315902453,7.0,0,0.0061603165,0.5275424,404.2,4.72,102522880.0,"(0,15]",>0,>0,OK,1,1,0,0,1,ledger
BNC,NASDAQ:BNC,CEA Industries Inc. - Common Stock,Daily,2025-07-18,2025-07-29,9.079999923706055,40.97999954223633,1.749999481698784,3467.390975339228,34.67390975339228,351.32158465382565,7.0,1,0.0061603165,0.5275424,404.2,4.72,102522880.0,"(0,15]",>0,>0,OK,1,1,0,0,1,ledger
BNC,NASDAQ:BNC,CEA Industries Inc. - Common Stock,Daily,2025-08-11,2025-08-18,27.34000015258789,22.15999984741211,4.897706909479657,-45.679014422179335,-0.45679014422179337,-18.94659940111765,5.0,0,0.0061603165,0.5275424,404.2,4.72,102522880.0,"(0,15]",>0,>0,OK,1,1,0,0,1,ledger
BNC,NASDAQ:BNC,CEA Industries Inc. - Common Stock,Daily,2026-07-09,2026-07-13,2.7699999809265137,2.809999942779541,1.5144328086815453,13.461610701608596,0.13461610701608595,1.4440419540959022,2.0,1,0.0061603165,0.5275424,404.2,4.72,102522880.0,"(0,15]",>0,>0,OK,1,1,0,0,1,ledger
BNC,NASDAQ:BNC,CEA Industries Inc. - Common Stock,Weekly,2018-03-09,2018-03-23,437.3999938964844,358.20001220703125,3.8543545128452554,-70.07915577702319,-0.7007915577702319,-18.106991951215413,2.0,0,0.0061603165,0.5275424,404.2,4.72,102522880.0,"(0,15]",>0,>0,OK,1,1,0,0,1,ledger
BNC,NASDAQ:BNC,CEA Industries Inc. - Common Stock,Weekly,2018-06-15,2018-07-20,365.3999938964844,288.0,1.7278451744015,-85.39923418926595,-0.8539923418926595,-21.18226469330794,5.0,0,0.0061603165,0.5275424,404.2,4.72,102522880.0,"(0,15]",>0,>0,OK,1,1,0,0,1,ledger
BNC,NASDAQ:BNC,CEA Industries Inc. - Common Stock,Weekly,2022-01-07,2022-02-11,82.80000305175781,27.719999313354492,10.562498774793543,-191.24999271498865,-1.9124999271498864,-66.52174119362427,5.0,0,0.0061603165,0.5275424,404.2,4.72,102522880.0,"(0,15]",>0,>0,OK,1,1,0,0,1,ledger
BNC,NASDAQ:BNC,CEA Industries Inc. - Common Stock,Weekly,2025-08-15,2025-09-12,24.860000610351562,16.719999313354492,6.54853190137243,-91.87359747455004,-0.9187359747455003,-32.743367245162574,4.0,0,0.0061603165,0.5275424,404.2,4.72,102522880.0,"(0,15]",>0,>0,OK,1,1,0,0,1,ledger
BNC,NASDAQ:BNC,CEA Industries Inc. - Common Stock,Monthly,2017-10-31,2018-07-31,259.20001220703125,234.0,2.941175883937485,-27.450988214166866,-0.27450988214166866,-9.722226473856493,9.0,0,0.0061603165,0.5275424,404.2,4.72,102522880.0,"(0,15]",>0,>0,OK,1,1,0,0,1,ledger
BNED,NASDAQ:BNED,"Barnes & Noble Education, Inc Common Stock",Daily,2024-09-12,2024-09-20,11.170000076293945,9.789999961853027,2.050955982758537,-87.89811354679445,-0.8789811354679444,-12.354521978649649,6.0,0,26.306122,12.762377,0.49,1.01,446553088.0,"(25,40]",>0,>0,OK,1,1,0,1,1,ledger
BNED,NASDAQ:BNED,"Barnes & Noble Education, Inc Common Stock",Daily,2024-11-22,2024-12-02,10.34000015258789,10.739999771118164,3.6989230661952304,43.01069755613346,0.4301069755613346,3.8684682072288146,5.0,1,26.306122,12.762377,0.49,1.01,446553088.0,"(25,40]",>0,>0,OK,1,1,0,1,1,ledger
BNED,NASDAQ:BNED,"Barnes & Noble Education, Inc Common Stock",Daily,2026-05-01,2026-05-13,10.270000457763672,9.40999984741211,1.521736846906366,-124.63767314703989,-1.2463767314703988,-8.373910146239961,8.0,0,26.306122,12.762377,0.49,1.01,446553088.0,"(25,40]",>0,>0,OK,1,1,0,1,1,ledger
BNED,NASDAQ:BNED,"Barnes & Noble Education, Inc Common Stock",Weekly,2017-02-10,2017-03-03,1022.0,971.0,3.3801670290689096,-58.835671837035626,-0.5883567183703563,-4.990215264187866,3.0,0,26.306122,12.762377,0.49,1.01,446553088.0,"(25,40]",>0,>0,OK,1,1,0,1,1,ledger
BNED,NASDAQ:BNED,"Barnes & Noble Education, Inc Common Stock",Weekly,2018-02-16,2018-03-09,694.0,655.0,2.2268041237113403,-40.20618556701031,-0.4020618556701031,-5.619596541786744,3.0,0,26.306122,12.762377,0.49,1.01,446553088.0,"(25,40]",>0,>0,OK,1,1,0,1,1,ledger
BNED,NASDAQ:BNED,"Barnes & Noble Education, Inc Common Stock",Weekly,2020-02-14,2020-02-28,379.0,331.0,1.8194444444444444,-66.66666666666666,-0.6666666666666666,-12.66490765171504,2.0,0,26.306122,12.762377,0.49,1.01,446553088.0,"(25,40]",>0,>0,OK,1,1,0,1,1,ledger
BNED,NASDAQ:BNED,"Barnes & Noble Education, Inc Common Stock",Weekly,2021-04-23,2021-05-14,758.0,674.0,1.568,-67.2,-0.672,-11.081794195250659,3.0,0,26.306122,12.762377,0.49,1.01,446553088.0,"(25,40]",>0,>0,OK,1,1,0,1,1,ledger
BNED,NASDAQ:BNED,"Barnes & Noble Education, Inc Common Stock",Weekly,2025-09-19,2025-10-10,9.329999923706055,9.109999656677246,2.1593494381875202,-16.639487582934226,-0.16639487582934226,-2.3579878759679587,3.0,0,26.306122,12.762377,0.49,1.01,446553088.0,"(25,40]",>0,>0,OK,1,1,0,1,1,ledger
BNED,NASDAQ:BNED,"Barnes & Noble Education, Inc Common Stock",Monthly,2017-06-30,2017-07-31,1063.0,723.0,1.5555555555555556,-209.87654320987653,-2.0987654320987654,-31.984948259642522,1.0,0,26.306122,12.762377,0.49,1.01,446553088.0,"(25,40]",>0,>0,OK,1,1,0,1,1,ledger
BNT,NASDAQ:BNT,Brookfield Wealth Solutions Ltd. Class A Exchangeable Limited Voting Shares,Daily,2024-11-19,2024-12-03,37.880001068115234,40.62666702270508,1.789468023318347,309.77348506033945,3.0977348506033944,7.250965884744384,9.0,1,16.521898,,2.74,,12420912128.0,"(15,25]",>0,missing,OK,1,1,1,0,1,ledger
BNT,NASDAQ:BNT,Brookfield Wealth Solutions Ltd. Class A Exchangeable Limited Voting Shares,Daily,2024-12-11,2024-12-12,40.0,39.41999816894531,1.5374171373408434,-59.1838879568394,-0.5918388795683941,-1.4500045776367188,1.0,0,16.521898,,2.74,,12420912128.0,"(15,25]",>0,missing,OK,1,1,1,0,1,ledger
BNT,NASDAQ:BNT,Brookfield Wealth Solutions Ltd. Class A Exchangeable Limited Voting Shares,Daily,2025-09-29,2025-09-30,46.119998931884766,45.65999984741211,3.4953350979939217,-48.47787705107224,-0.48477877051072243,-0.9973961299349443,1.0,0,16.521898,,2.74,,12420912128.0,"(15,25]",>0,missing,OK,1,1,1,0,1,ledger
BNT,NASDAQ:BNT,Brookfield Wealth Solutions Ltd. Class A Exchangeable Limited Voting Shares,Daily,2025-11-05,2025-11-13,45.959999084472656,43.400001525878906,2.7378670261621876,-248.54374685194514,-2.4854374685194514,-5.5700557214733095,6.0,0,16.521898,,2.74,,12420912128.0,"(15,25]",>0,missing,OK,1,1,1,0,1,ledger
BNT,NASDAQ:BNT,Brookfield Wealth Solutions Ltd. Class A Exchangeable Limited Voting Shares,Weekly,2024-06-28,2024-08-02,27.726667404174805,30.266666412353516,1.8444768296746257,199.64360701781652,1.9964360701781654,9.160852154183749,5.0,1,16.521898,,2.74,,12420912128.0,"(15,25]",>0,missing,OK,1,1,1,0,1,ledger
BNTX,NASDAQ:BNTX,BioNTech SE,Daily,2024-07-25,2024-08-01,84.68000030517578,80.68000030517578,1.5125594114754277,-189.66247697398572,-1.896624769739857,-4.723665547454554,5.0,0,,-17.975252,-5.79,-5.081987,22947518464.0,missing,<=0,<=0,OK,0,0,0,0,0,ledger
BNTX,NASDAQ:BNTX,BioNTech SE,Daily,2024-09-24,2024-10-09,118.47000122070312,117.47000122070312,1.601475578444768,-12.300115613879672,-0.12300115613879671,-0.8440955429189663,11.0,0,,-17.975252,-5.79,-5.081987,22947518464.0,missing,<=0,<=0,OK,0,0,0,0,0,ledger
BNTX,NASDAQ:BNTX,BioNTech SE,Daily,2025-05-12,2025-05-14,97.2699966430664,92.08499908447266,3.8973956276010604,-86.54381812321196,-0.8654381812321196,-5.330520959736608,2.0,0,,-17.975252,-5.79,-5.081987,22947518464.0,missing,<=0,<=0,OK,0,0,0,0,0,ledger
BNTX,NASDAQ:BNTX,BioNTech SE,Daily,2025-06-20,2025-06-23,106.52999877929688,103.01000213623047,3.7512560216704625,-80.66222595057096,-0.8066222595057095,-3.3042304359347137,1.0,0,,-17.975252,-5.79,-5.081987,22947518464.0,missing,<=0,<=0,OK,0,0,0,0,0,ledger
BNTX,NASDAQ:BNTX,BioNTech SE,Daily,2025-09-11,2025-09-12,104.30999755859375,96.73999786376953,2.3990955439797794,-171.65547630128003,-1.7165547630128004,-7.257213950726003,1.0,0,,-17.975252,-5.79,-5.081987,22947518464.0,missing,<=0,<=0,OK,0,0,0,0,0,ledger
BNTX,NASDAQ:BNTX,BioNTech SE,Daily,2026-02-09,2026-02-12,110.33999633789062,105.76000213623047,2.776424541848485,-93.08934768652482,-0.9308934768652481,-4.150801480575536,3.0,0,,-17.975252,-5.79,-5.081987,22947518464.0,missing,<=0,<=0,OK,0,0,0,0,0,ledger
BNTX,NASDAQ:BNTX,BioNTech SE,Daily,2026-04-30,2026-05-01,103.44999694824219,97.54000091552734,2.6950568222308857,-162.36255559607798,-1.62362555596078,-5.712901118471484,1.0,0,,-17.975252,-5.79,-5.081987,22947518464.0,missing,<=0,<=0,OK,0,0,0,0,0,ledger
BNTX,NASDAQ:BNTX,BioNTech SE,Weekly,2020-02-28,2020-03-13,35.099998474121094,30.93000030517578,2.0833338149871397,-63.18180504580528,-0.6318180504580527,-11.880337180127839,2.0,0,,-17.975252,-5.79,-5.081987,22947518464.0,missing,<=0,<=0,OK,0,0,0,0,0,ledger
BNTX,NASDAQ:BNTX,BioNTech SE,Weekly,2021-01-08,2021-02-26,100.38999938964844,109.02999877929688,1.5428430574804228,43.54839205866021,0.4354839205866021,8.606434348219887,7.0,1,,-17.975252,-5.79,-5.081987,22947518464.0,missing,<=0,<=0,OK,0,0,0,0,0,ledger
BNTX,NASDAQ:BNTX,BioNTech SE,Weekly,2022-09-09,2022-09-23,150.91000366210938,128.35000610351562,1.594142931933314,-105.21904142462787,-1.0521904142462788,-14.949305553729925,2.0,0,,-17.975252,-5.79,-5.081987,22947518464.0,missing,<=0,<=0,OK,0,0,0,0,0,ledger
BNTX,NASDAQ:BNTX,BioNTech SE,Weekly,2023-04-07,2023-04-21,128.89999389648438,118.27999877929688,4.9675704744328,-87.80156160086692,-0.8780156160086692,-8.238941520599367,2.0,0,,-17.975252,-5.79,-5.081987,22947518464.0,missing,<=0,<=0,OK,0,0,0,0,0,ledger
BNY,NASDAQ:BNY,The Bank of New York Mellon Cor,Daily,2025-11-24,2025-12-12,108.06999969482422,117.02999877929688,2.1396207185446,338.1129783123789,3.381129783123789,8.290921726450025,13.0,1,18.213707,15.30577,8.61,10.24581,106403020800.0,"(15,25]",>0,>0,OK,1,1,1,1,1,ledger
BNY,NASDAQ:BNY,The Bank of New York Mellon Cor,Weekly,2017-02-03,2017-03-24,45.66999816894531,46.25,2.12637549203315,31.868237819166552,0.3186823781916655,1.2699843536430822,7.0,1,18.213707,15.30577,8.61,10.24581,106403020800.0,"(15,25]",>0,>0,OK,1,1,1,1,1,ledger
BNY,NASDAQ:BNY,The Bank of New York Mellon Cor,Weekly,2020-08-07,2020-08-21,37.75,35.72999954223633,1.740804579300371,-64.87873127359587,-0.6487873127359587,-5.350994590102442,2.0,0,18.213707,15.30577,8.61,10.24581,106403020800.0,"(15,25]",>0,>0,OK,1,1,1,1,1,ledger
BNY,NASDAQ:BNY,The Bank of New York Mellon Cor,Weekly,2021-02-05,2021-04-16,42.029998779296875,46.06999969482422,1.7309068053088792,145.38176884876532,1.453817688487653,9.61218423236635,10.0,1,18.213707,15.30577,8.61,10.24581,106403020800.0,"(15,25]",>0,>0,OK,1,1,1,1,1,ledger
BNY,NASDAQ:BNY,The Bank of New York Mellon Cor,Monthly,2022-11-30,2023-03-31,45.900001525878906,45.439998626708984,1.9349168530009608,-4.752095915988389,-0.047520959159883885,-1.0021849321956284,4.0,0,18.213707,15.30577,8.61,10.24581,106403020800.0,"(15,25]",>0,>0,OK,1,1,1,1,1,ledger
BNZI,NASDAQ:BNZI,"Banzai International, Inc. - Class A Common Stock",Daily,2024-12-18,2024-12-31,328.0,306.0,3.4,-36.66666666666667,-0.36666666666666664,-6.707317073170732,8.0,0,0.007521178,-0.25745258,252.62,-7.38,6297373.0,"(0,15]",>0,<=0,OK,1,1,0,0,1,ledger
BNZI,NASDAQ:BNZI,"Banzai International, Inc. - Class A Common Stock",Daily,2025-02-11,2025-02-12,332.0,312.0,4.164959847703499,-40.04769084330288,-0.4004769084330288,-6.024096385542169,1.0,0,0.007521178,-0.25745258,252.62,-7.38,6297373.0,"(0,15]",>0,<=0,OK,1,1,0,0,1,ledger
BNZI,NASDAQ:BNZI,"Banzai International, Inc. - Class A Common Stock",Daily,2026-01-27,2026-02-02,25.700000762939453,23.100000381469727,3.2926826204734785,-63.414637550294685,-0.6341463755029468,-10.11673270149876,4.0,0,0.007521178,-0.25745258,252.62,-7.38,6297373.0,"(0,15]",>0,<=0,OK,1,1,0,0,1,ledger
BNZI,NASDAQ:BNZI,"Banzai International, Inc. - Class A Common Stock",Daily,2026-02-24,2026-03-02,23.600000381469727,22.799999237060547,1.5171704576211265,-27.584959263385652,-0.2758495926338565,-3.3898353028728145,4.0,0,0.007521178,-0.25745258,252.62,-7.38,6297373.0,"(0,15]",>0,<=0,OK,1,1,0,0,1,ledger
BOBS,NASDAQ:BOBS,"Bob's Discount Furniture, Inc.",Daily,2026-05-26,2026-06-08,12.140000343322754,11.920000076293945,1.6966277446254043,-24.719121591285347,-0.24719121591285348,-1.8121932521180957,9.0,0,20.57778,17.48011,0.9,1.05949,2419221248.0,"(15,25]",>0,>0,OK,1,1,1,1,1,ledger
BODI,NASDAQ:BODI,"The Beachbody Company, Inc. - Class A Common Stock",Daily,2024-11-08,2024-11-18,6.559999942779541,6.260000228881836,1.5982148407065706,-26.78569147781217,-0.2678569147781217,-4.573166410281888,6.0,0,13.6645565,-2.1546905,0.79,-5.01,78174840.0,"(0,15]",>0,<=0,OK,1,1,1,0,1,ledger
BODI,NASDAQ:BODI,"The Beachbody Company, Inc. - Class A Common Stock",Daily,2025-12-30,2026-02-04,10.289999961853027,11.130000114440918,1.5572513804613306,64.12212851303295,0.6412212851303294,8.163266819260736,24.0,1,13.6645565,-2.1546905,0.79,-5.01,78174840.0,"(0,15]",>0,<=0,OK,1,1,1,0,1,ledger
BODI,NASDAQ:BODI,"The Beachbody Company, Inc. - Class A Common Stock",Weekly,2021-06-25,2021-07-16,600.0,397.0,2.719298245614035,-178.0701754385965,-1.780701754385965,-33.83333333333333,3.0,0,13.6645565,-2.1546905,0.79,-5.01,78174840.0,"(0,15]",>0,<=0,OK,1,1,1,0,1,ledger
BODI,NASDAQ:BODI,"The Beachbody Company, Inc. - Class A Common Stock",Weekly,2022-08-05,2022-08-26,70.0,66.5,2.32093203054571,-17.469380875075238,-0.17469380875075236,-5.0,3.0,0,13.6645565,-2.1546905,0.79,-5.01,78174840.0,"(0,15]",>0,<=0,OK,1,1,1,0,1,ledger
BODI,NASDAQ:BODI,"The Beachbody Company, Inc. - Class A Common Stock",Monthly,2025-08-31,2025-10-31,5.510000228881836,4.849999904632568,74.65210996476047,-7.403629926757646,-0.07403629926757646,-11.97822680278189,2.0,0,13.6645565,-2.1546905,0.79,-5.01,78174840.0,"(0,15]",>0,<=0,OK,1,1,1,0,1,ledger
BOE,NASDAQ:BOE,BlackRock Enhanced Global Dividend Trust,Daily,2025-07-18,2025-07-22,11.350000381469727,11.25,1.7272593286170066,-90.90893327784714,-0.9090893327784714,-0.881060600077067,2.0,0,6.704918,,1.83,,682213568.0,"(0,15]",>0,missing,OK,1,1,1,0,1,ledger
BOE,NASDAQ:BOE,BlackRock Enhanced Global Dividend Trust,Daily,2026-01-21,2026-02-05,11.819999694824219,11.819999694824219,1.8461577962806734,0.0,0.0,0.0,11.0,0,6.704918,,1.83,,682213568.0,"(0,15]",>0,missing,OK,1,1,1,0,1,ledger
BOE,NASDAQ:BOE,BlackRock Enhanced Global Dividend Trust,Monthly,2022-11-30,2023-03-31,10.079999923706055,9.930000305175781,1.7564107109888996,-9.615363453965024,-0.09615363453965024,-1.4880914649364796,4.0,0,6.704918,,1.83,,682213568.0,"(0,15]",>0,missing,OK,1,1,1,0,1,ledger
BOKF,NASDAQ:BOKF,BOK Financial Corporation,Daily,2024-08-08,2024-08-12,97.79000091552734,95.94999694824219,1.5773999822846851,-28.48303758599309,-0.28483037585993093,-1.881587023273047,2.0,0,13.547752,13.521584,10.68,10.70067,8791363584.0,"(0,15]",>0,>0,OK,1,1,1,1,1,ledger
BOKF,NASDAQ:BOKF,BOK Financial Corporation,Daily,2024-11-05,2024-11-29,106.98999786376953,118.87000274658203,2.1634894830718827,323.7060166225257,3.2370601662252563,11.103846266021353,17.0,1,13.547752,13.521584,10.68,10.70067,8791363584.0,"(0,15]",>0,>0,OK,1,1,1,1,1,ledger
BOKF,NASDAQ:BOKF,BOK Financial Corporation,Daily,2025-01-30,2025-02-03,111.0199966430664,108.02999877929688,1.917263573331407,-108.77816586412523,-1.0877816586412523,-2.693206588163113,2.0,0,13.547752,13.521584,10.68,10.70067,8791363584.0,"(0,15]",>0,>0,OK,1,1,1,1,1,ledger
BOKF,NASDAQ:BOKF,BOK Financial Corporation,Daily,2026-01-29,2026-02-12,130.5399932861328,133.9600067138672,2.607089337492475,118.09638327830167,1.1809638327830168,2.619897045833295,10.0,1,13.547752,13.521584,10.68,10.70067,8791363584.0,"(0,15]",>0,>0,OK,1,1,1,1,1,ledger
BOKF,NASDAQ:BOKF,BOK Financial Corporation,Weekly,2017-09-15,2017-11-10,81.51000213623047,82.54000091552734,1.6485239469368267,23.355961994920662,0.23355961994920663,1.2636471013402781,8.0,1,13.547752,13.521584,10.68,10.70067,8791363584.0,"(0,15]",>0,>0,OK,1,1,1,1,1,ledger
BOKF,NASDAQ:BOKF,BOK Financial Corporation,Weekly,2018-07-20,2018-09-28,98.1500015258789,97.27999877929688,1.5364574985926687,-15.104208748634061,-0.1510420874863406,-0.8864011544132685,10.0,0,13.547752,13.521584,10.68,10.70067,8791363584.0,"(0,15]",>0,>0,OK,1,1,1,1,1,ledger
BORR,NASDAQ:BORR,Borr Drilling Limited Common Shares,Daily,2025-12-18,2025-12-31,3.819999933242798,4.03000020980835,2.7500002483526766,87.5001117587045,0.8750011175870451,5.49738953495956,8.0,1,26.8,16.155607,0.15,0.24883,1240920576.0,"(25,40]",>0,>0,OK,1,1,0,1,1,ledger
BORR,NASDAQ:BORR,Borr Drilling Limited Common Shares,Daily,2026-03-23,2026-03-30,5.03000020980835,5.800000190734863,3.1688287400111963,199.99987614626633,1.999998761462663,15.30815007572041,5.0,1,26.8,16.155607,0.15,0.24883,1240920576.0,"(25,40]",>0,>0,OK,1,1,0,1,1,ledger
BORR,NASDAQ:BORR,Borr Drilling Limited Common Shares,Weekly,2020-09-18,2020-09-25,1.5859999656677246,1.3380000591278076,5.243974182788012,-31.45876058131985,-0.3145876058131985,-15.636816639873388,1.0,0,26.8,16.155607,0.15,0.24883,1240920576.0,"(25,40]",>0,>0,OK,1,1,0,1,1,ledger
BORR,NASDAQ:BORR,Borr Drilling Limited Common Shares,Weekly,2021-04-30,2021-05-28,2.0,1.840000033378601,3.0712622766327335,-36.671783076301715,-0.3667178307630171,-7.999998331069946,4.0,0,26.8,16.155607,0.15,0.24883,1240920576.0,"(25,40]",>0,>0,OK,1,1,0,1,1,ledger
BORR,NASDAQ:BORR,Borr Drilling Limited Common Shares,Weekly,2023-09-15,2023-10-06,7.579999923706055,6.829999923706055,1.7228920923156823,-90.36145408919498,-0.9036145408919498,-9.894459202491731,3.0,0,26.8,16.155607,0.15,0.24883,1240920576.0,"(25,40]",>0,>0,OK,1,1,0,1,1,ledger
BOSC,NASDAQ:BOSC,B.O.S. Better Online Solutions - Ordinary Shares,Daily,2024-08-06,2024-08-09,2.799999952316284,2.7799999713897705,3.2000031789174197,-13.333333333333334,-0.13333333333333333,-0.7142850452539758,3.0,0,9.765958,8.345454,0.47,0.55,32358628.0,"(0,15]",>0,>0,OK,1,1,1,1,1,ledger
BOSC,NASDAQ:BOSC,B.O.S. Better Online Solutions - Ordinary Shares,Daily,2025-04-02,2025-04-03,3.8299999237060547,3.6700000762939453,2.1002711149254267,-78.14949288809387,-0.7814949288809387,-4.177541791104982,1.0,0,9.765958,8.345454,0.47,0.55,32358628.0,"(0,15]",>0,>0,OK,1,1,1,1,1,ledger
BOSC,NASDAQ:BOSC,B.O.S. Better Online Solutions - Ordinary Shares,Daily,2025-11-12,2025-11-14,5.130000114440918,4.960000038146973,5.036658647469741,-53.85110244957363,-0.5385110244957363,-3.3138415692310836,2.0,0,9.765958,8.345454,0.47,0.55,32358628.0,"(0,15]",>0,>0,OK,1,1,1,1,1,ledger
BOSC,NASDAQ:BOSC,B.O.S. Better Online Solutions - Ordinary Shares,Weekly,2016-11-18,2016-12-02,2.4000000953674316,1.9600000381469727,4.049998748302758,-109.99998807907389,-1.099999880790739,-18.333334989017843,2.0,0,9.765958,8.345454,0.47,0.55,32358628.0,"(0,15]",>0,>0,OK,1,1,1,1,1,ledger
BOSC,NASDAQ:BOSC,B.O.S. Better Online Solutions - Ordinary Shares,Weekly,2018-03-30,2018-10-05,2.2300000190734863,2.3399999141693115,2.0,29.729700994108807,0.29729700994108804,4.932730679595583,27.0,1,9.765958,8.345454,0.47,0.55,32358628.0,"(0,15]",>0,>0,OK,1,1,1,1,1,ledger
BOSC,NASDAQ:BOSC,B.O.S. Better Online Solutions - Ordinary Shares,Weekly,2019-05-17,2019-06-07,3.0,2.4800000190734863,1.8679246471292377,-98.1132092447034,-0.9811320924470339,-17.333332697550453,3.0,0,9.765958,8.345454,0.47,0.55,32358628.0,"(0,15]",>0,>0,OK,1,1,1,1,1,ledger
BOSC,NASDAQ:BOSC,B.O.S. Better Online Solutions - Ordinary Shares,Weekly,2021-05-07,2021-06-25,3.3399999141693115,3.809999942779541,2.2287489514930185,98.82187659465613,0.9882187659465613,14.07185750563478,7.0,1,9.765958,8.345454,0.47,0.55,32358628.0,"(0,15]",>0,>0,OK,1,1,1,1,1,ledger
BOSC,NASDAQ:BOSC,B.O.S. Better Online Solutions - Ordinary Shares,Weekly,2025-12-26,2026-05-15,4.619999885559082,4.519999980926514,3.9509233072675634,-18.813903422842113,-0.18813903422842113,-2.1645001538883593,20.0,0,9.765958,8.345454,0.47,0.55,32358628.0,"(0,15]",>0,>0,OK,1,1,1,1,1,ledger
BOSC,NASDAQ:BOSC,B.O.S. Better Online Solutions - Ordinary Shares,Monthly,2022-03-31,2022-04-30,3.0199999809265137,2.200000047683716,2.491029598979795,-97.26877131580925,-0.9726877131580924,-27.152315841777853,1.0,0,9.765958,8.345454,0.47,0.55,32358628.0,"(0,15]",>0,>0,OK,1,1,1,1,1,ledger
BOTJ,NASDAQ:BOTJ,"Bank of the James Financial Group, Inc. - Common Stock",Daily,2024-12-24,2025-01-02,15.34000015258789,15.350000381469727,1.799999397679258,1.0526558831176525,0.010526558831176524,0.06519053965034595,5.0,1,10.711463,,2.53,,123124488.0,"(0,15]",>0,missing,OK,1,1,1,0,1,ledger
BOTJ,NASDAQ:BOTJ,"Bank of the James Financial Group, Inc. - Common Stock",Weekly,2017-03-24,2017-04-21,13.836363792419434,13.090909004211426,2.6885248579924093,-67.21314294656938,-0.6721314294656937,-5.387649525494712,4.0,0,10.711463,,2.53,,123124488.0,"(0,15]",>0,missing,OK,1,1,1,0,1,ledger
BOTJ,NASDAQ:BOTJ,"Bank of the James Financial Group, Inc. - Common Stock",Weekly,2018-08-03,2018-10-12,14.863636016845703,13.636363983154297,1.6499998426437528,-134.9999108314599,-1.3499991083145992,-8.256876260293762,10.0,0,10.711463,,2.53,,123124488.0,"(0,15]",>0,missing,OK,1,1,1,0,1,ledger
BOTJ,NASDAQ:BOTJ,"Bank of the James Financial Group, Inc. - Common Stock",Weekly,2021-10-08,2021-11-26,15.199999809265137,15.359999656677246,2.5464872819960402,9.09089923890297,0.09090899238902972,1.0526305882884401,7.0,1,10.711463,,2.53,,123124488.0,"(0,15]",>0,missing,OK,1,1,1,0,1,ledger
BOTJ,NASDAQ:BOTJ,"Bank of the James Financial Group, Inc. - Common Stock",Weekly,2024-05-03,2024-12-13,10.40999984741211,14.989999771118164,2.4210521032276846,602.6313874200357,6.026313874200357,43.99615745282289,32.0,1,10.711463,,2.53,,123124488.0,"(0,15]",>0,missing,OK,1,1,1,0,1,ledger
BOTJ,NASDAQ:BOTJ,"Bank of the James Financial Group, Inc. - Common Stock",Monthly,2021-10-31,2022-01-31,15.600000381469727,15.130000114440918,1.8897296819983003,-21.759263551773238,-0.21759263551773236,-3.01282215087054,3.0,0,10.711463,,2.53,,123124488.0,"(0,15]",>0,missing,OK,1,1,1,0,1,ledger
BOW,NASDAQ:BOW,Bowhead Specialty Holdings Inc.,Daily,2026-06-05,2026-07-10,25.75,31.389999389648438,1.8821839363953956,324.1379385943277,3.241379385943277,21.902910251061893,23.0,1,19.3526,13.834482,1.73,2.42004,1102931712.0,"(15,25]",>0,>0,OK,1,1,1,1,1,ledger
BPOP,NASDAQ:BPOP,"Popular, Inc.",Daily,2025-02-05,2025-02-10,102.22000122070312,101.4800033569336,1.6692898958618059,-29.13376366306924,-0.2913376366306924,-0.7239266825792756,3.0,0,11.73498,10.261112,14.98,17.13167,11227123712.0,"(0,15]",>0,>0,OK,1,1,1,1,1,ledger
BPOP,NASDAQ:BPOP,"Popular, Inc.",Daily,2026-05-18,2026-05-27,146.42999267578125,150.6300048828125,1.6059133480659662,103.44863873479757,1.0344863873479757,2.868273179751316,6.0,1,11.73498,10.261112,14.98,17.13167,11227123712.0,"(0,15]",>0,>0,OK,1,1,1,1,1,ledger
BPOP,NASDAQ:BPOP,"Popular, Inc.",Weekly,2017-03-31,2017-05-19,40.72999954223633,38.150001525878906,1.6550632261958653,-81.64551078919571,-0.8164551078919572,-6.334392451151411,7.0,0,11.73498,10.261112,14.98,17.13167,11227123712.0,"(0,15]",>0,>0,OK,1,1,1,1,1,ledger
BPOP,NASDAQ:BPOP,"Popular, Inc.",Weekly,2019-06-28,2019-08-16,54.2400016784668,52.540000915527344,1.7726850640990615,-63.44349392462691,-0.634434939246269,-3.1342195986958297,7.0,0,11.73498,10.261112,14.98,17.13167,11227123712.0,"(0,15]",>0,>0,OK,1,1,1,1,1,ledger
BPOP,NASDAQ:BPOP,"Popular, Inc.",Weekly,2020-07-24,2020-09-25,38.47999954223633,35.33000183105469,1.5093298809401732,-63.73171922065576,-0.6373171922065576,-8.186064835380643,9.0,0,11.73498,10.261112,14.98,17.13167,11227123712.0,"(0,15]",>0,>0,OK,1,1,1,1,1,ledger
BPRN,NASDAQ:BPRN,"Princeton Bancorp, Inc.",Daily,2024-08-29,2024-09-03,36.650001525878906,35.84000015258789,1.6019354910391876,-78.64071197626745,-0.7864071197626745,-2.2100991529811154,2.0,0,11.175925,11.030026,3.78,3.83,287737024.0,"(0,15]",>0,>0,OK,1,1,1,1,1,ledger
BPRN,NASDAQ:BPRN,"Princeton Bancorp, Inc.",Daily,2024-10-22,2024-10-25,36.470001220703125,36.29999923706055,1.8235325923101493,-19.254909342048325,-0.1925490934204833,-0.466141974094786,3.0,0,11.175925,11.030026,3.78,3.83,287737024.0,"(0,15]",>0,>0,OK,1,1,1,1,1,ledger
BPRN,NASDAQ:BPRN,"Princeton Bancorp, Inc.",Daily,2024-11-21,2024-12-09,36.88999938964844,37.83000183105469,2.157895089076575,82.45639865615505,0.8245639865615505,2.5481226808315443,11.0,1,11.175925,11.030026,3.78,3.83,287737024.0,"(0,15]",>0,>0,OK,1,1,1,1,1,ledger
BPRN,NASDAQ:BPRN,"Princeton Bancorp, Inc.",Daily,2025-02-14,2025-02-20,31.81999969482422,31.770000457763672,2.818635742190111,-5.258567933329032,-0.05258567933329032,-0.15713148189841014,3.0,0,11.175925,11.030026,3.78,3.83,287737024.0,"(0,15]",>0,>0,OK,1,1,1,1,1,ledger
BPRN,NASDAQ:BPRN,"Princeton Bancorp, Inc.",Daily,2025-12-30,2025-12-31,35.779998779296875,34.689998626708984,1.5098627499687542,-140.66220834335542,-1.406622083433554,-3.046395164268674,1.0,0,11.175925,11.030026,3.78,3.83,287737024.0,"(0,15]",>0,>0,OK,1,1,1,1,1,ledger
BPRN,NASDAQ:BPRN,"Princeton Bancorp, Inc.",Weekly,2017-08-18,2017-09-01,32.5,31.100000381469727,4.513887214808437,-97.22215967416139,-0.972221596741614,-4.307691133939303,2.0,0,11.175925,11.030026,3.78,3.83,287737024.0,"(0,15]",>0,>0,OK,1,1,1,1,1,ledger
BPRN,NASDAQ:BPRN,"Princeton Bancorp, Inc.",Weekly,2018-03-02,2018-04-27,32.810001373291016,33.400001525878906,1.6335856078320603,45.03813237276834,0.4503813237276833,1.7982326360649905,8.0,1,11.175925,11.030026,3.78,3.83,287737024.0,"(0,15]",>0,>0,OK,1,1,1,1,1,ledger
BPRN,NASDAQ:BPRN,"Princeton Bancorp, Inc.",Weekly,2019-06-14,2019-07-26,28.81999969482422,27.5,3.2214309750777583,-94.28571817826358,-0.9428571817826358,-4.580151661352298,6.0,0,11.175925,11.030026,3.78,3.83,287737024.0,"(0,15]",>0,>0,OK,1,1,1,1,1,ledger
BPRN,NASDAQ:BPRN,"Princeton Bancorp, Inc.",Weekly,2024-02-16,2024-02-23,32.91999816894531,31.084999084472656,2.207115934198797,-76.77828525187005,-0.7677828525187004,-5.57411660552181,1.0,0,11.175925,11.030026,3.78,3.83,287737024.0,"(0,15]",>0,>0,OK,1,1,1,1,1,ledger
BRC,NASDAQ:BRC,Brady Corporation,Daily,2025-09-11,2025-09-22,79.87999725341797,79.27999877929688,1.9302387474982612,-27.90698499666435,-0.27906984996664347,-0.7511248056476624,7.0,0,21.810268,16.044334,4.48,6.09,4603390976.0,"(15,25]",>0,>0,OK,1,1,1,1,1,ledger
BRC,NASDAQ:BRC,Brady Corporation,Daily,2025-11-12,2025-11-13,76.0,75.25,2.8622778564575815,-44.91022888208689,-0.44910228882086894,-0.9868421052631579,1.0,0,21.810268,16.044334,4.48,6.09,4603390976.0,"(15,25]",>0,>0,OK,1,1,1,1,1,ledger
BRC,NASDAQ:BRC,Brady Corporation,Weekly,2020-07-17,2020-08-21,47.220001220703125,47.38999938964844,1.5703655254748494,3.687283738597328,0.03687283738597328,0.3600130549568443,5.0,1,21.810268,16.044334,4.48,6.09,4603390976.0,"(15,25]",>0,>0,OK,1,1,1,1,1,ledger
BRC,NASDAQ:BRC,Brady Corporation,Weekly,2021-10-29,2021-11-19,52.09000015258789,50.290000915527344,2.5314133354637054,-47.12040264032994,-0.4712040264032994,-3.455556213837179,3.0,0,21.810268,16.044334,4.48,6.09,4603390976.0,"(15,25]",>0,>0,OK,1,1,1,1,1,ledger
BRC,NASDAQ:BRC,Brady Corporation,Weekly,2023-11-03,2024-02-23,53.310001373291016,57.81999969482422,2.235916010888408,206.21633363682108,2.0621633363682106,8.459947862227537,16.0,1,21.810268,16.044334,4.48,6.09,4603390976.0,"(15,25]",>0,>0,OK,1,1,1,1,1,ledger
BRC,NASDAQ:BRC,Brady Corporation,Weekly,2026-04-10,2026-04-24,83.7699966430664,80.69999694824219,3.0589467688893466,-60.50878261443121,-0.6050878261443121,-3.6647962490736488,2.0,0,21.810268,16.044334,4.48,6.09,4603390976.0,"(15,25]",>0,>0,OK,1,1,1,1,1,ledger
BRC,NASDAQ:BRC,Brady Corporation,Monthly,2022-05-31,2022-09-30,48.5099983215332,41.72999954223633,1.9456688326237956,-99.55948913287027,-0.9955948913287027,-13.9764976579834,4.0,0,21.810268,16.044334,4.48,6.09,4603390976.0,"(15,25]",>0,>0,OK,1,1,1,1,1,ledger
BRK-A,NASDAQ:BRK.A,Berkshire Hathaway Inc.,Daily,2024-09-19,2024-09-20,687840.0,685490.0,1.9682770371855267,-11.77708730079182,-0.1177708730079182,-0.3416492207490114,1.0,0,15.243903,24.43394,50794.08,31689.525,1113368297472.0,"(15,25]",>0,>0,OK,1,1,1,0,1,ledger
BRK-A,NASDAQ:BRK.A,Berkshire Hathaway Inc.,Daily,2025-01-15,2025-01-22,688500.0,691500.0,1.7516511127063892,10.768126346015793,0.10768126346015794,0.4357298474945534,4.0,1,15.243903,24.43394,50794.08,31689.525,1113368297472.0,"(15,25]",>0,>0,OK,1,1,1,0,1,ledger
BRK-A,NASDAQ:BRK.A,Berkshire Hathaway Inc.,Daily,2025-05-16,2025-05-22,770660.0,756250.0,2.2480021310602023,-76.77144379328716,-0.7677144379328716,-1.8698258635455323,4.0,0,15.243903,24.43394,50794.08,31689.525,1113368297472.0,"(15,25]",>0,>0,OK,1,1,1,0,1,ledger
BRK-A,NASDAQ:BRK.A,Berkshire Hathaway Inc.,Daily,2026-03-04,2026-03-12,730707.0,736625.0,1.8163422997054137,28.579707345342158,0.28579707345342154,0.8099005483730141,6.0,1,15.243903,24.43394,50794.08,31689.525,1113368297472.0,"(15,25]",>0,>0,OK,1,1,1,0,1,ledger
BRK-A,NASDAQ:BRK.A,Berkshire Hathaway Inc.,Daily,2026-07-13,2026-07-14,744850.0,737000.0,2.4273872474107407,-82.09465293255059,-0.8209465293255058,-1.0539034704974157,1.0,0,15.243903,24.43394,50794.08,31689.525,1113368297472.0,"(15,25]",>0,>0,OK,1,1,1,0,1,ledger
BRK-A,NASDAQ:BRK.A,Berkshire Hathaway Inc.,Weekly,2017-05-05,2017-05-12,250000.0,245220.0,2.56953125,-74.6875,-0.746875,-1.9120000000000001,1.0,0,15.243903,24.43394,50794.08,31689.525,1113368297472.0,"(15,25]",>0,>0,OK,1,1,1,0,1,ledger
BRK-A,NASDAQ:BRK.A,Berkshire Hathaway Inc.,Weekly,2019-06-07,2019-07-19,309265.0,309218.0,1.5258661604176553,-0.3717766176237937,-0.003717766176237937,-0.015197322684429212,6.0,0,15.243903,24.43394,50794.08,31689.525,1113368297472.0,"(15,25]",>0,>0,OK,1,1,1,0,1,ledger
BRK-A,NASDAQ:BRK.A,Berkshire Hathaway Inc.,Weekly,2020-07-10,2020-08-21,273900.0,311126.0,1.8658488734471688,223.40974642310812,2.234097464231081,13.59109163928441,6.0,1,15.243903,24.43394,50794.08,31689.525,1113368297472.0,"(15,25]",>0,>0,OK,1,1,1,0,1,ledger
BRK-A,NASDAQ:BRK.A,Berkshire Hathaway Inc.,Weekly,2025-07-25,2025-08-08,726220.0,698040.0,3.1713650418773653,-103.15584565141589,-1.031558456514159,-3.8803668309878545,2.0,0,15.243903,24.43394,50794.08,31689.525,1113368297472.0,"(15,25]",>0,>0,OK,1,1,1,0,1,ledger
BRK-A,NASDAQ:BRK.A,Berkshire Hathaway Inc.,Monthly,2022-10-31,2023-10-31,445050.0,517825.0,1.9089703678081402,139.8497252008148,1.3984972520081478,16.35209527019436,12.0,1,15.243903,24.43394,50794.08,31689.525,1113368297472.0,"(15,25]",>0,>0,OK,1,1,1,0,1,ledger
BRKR,NASDAQ:BRKR,Bruker Corporation,Daily,2024-10-11,2024-10-14,64.54000091552734,63.400001525878906,4.062452089498358,-55.133238824258164,-0.5513323882425817,-1.766345481061453,1.0,0,,20.499153,-0.19,2.45376,7656949248.0,missing,<=0,>0,OK,0,0,0,0,0,ledger
BRKR,NASDAQ:BRKR,Bruker Corporation,Daily,2026-01-20,2026-01-23,49.84000015258789,50.33000183105469,2.112582814917738,16.22521868190861,0.16225218681908612,0.9831494321160311,3.0,1,,20.499153,-0.19,2.45376,7656949248.0,missing,<=0,>0,OK,0,0,0,0,0,ledger
BRKR,NASDAQ:BRKR,Bruker Corporation,Daily,2026-06-15,2026-06-17,56.630001068115234,54.72999954223633,2.1206436509827706,-50.93838496129565,-0.5093838496129565,-3.355114762568275,2.0,0,,20.499153,-0.19,2.45376,7656949248.0,missing,<=0,>0,OK,0,0,0,0,0,ledger
BRKR,NASDAQ:BRKR,Bruker Corporation,Weekly,2019-08-30,2020-01-31,43.16999816894531,49.470001220703125,2.13471723285979,163.21264978381717,1.6321264978381718,14.593475374038285,22.0,1,,20.499153,-0.19,2.45376,7656949248.0,missing,<=0,>0,OK,0,0,0,0,0,ledger
BRKR,NASDAQ:BRKR,Bruker Corporation,Weekly,2021-10-22,2022-01-07,78.33999633789062,74.16000366210938,3.284290681087646,-97.98935687940383,-0.9798935687940383,-5.335707009421339,11.0,0,,20.499153,-0.19,2.45376,7656949248.0,missing,<=0,>0,OK,0,0,0,0,0,ledger
BRKR,NASDAQ:BRKR,Bruker Corporation,Monthly,2023-11-30,2024-04-30,65.08999633789062,78.01000213623047,1.7477883186495562,114.33638081631855,1.1433638081631854,19.84944926294114,5.0,1,,20.499153,-0.19,2.45376,7656949248.0,missing,<=0,>0,OK,0,0,0,0,0,ledger
BRKR,NASDAQ:BRKR,Bruker Corporation,Monthly,2024-07-31,2024-10-31,68.51000213623047,56.61000061035156,2.4549904586364013,-110.87055747833692,-1.1087055747833692,-17.369728732771083,3.0,0,,20.499153,-0.19,2.45376,7656949248.0,missing,<=0,>0,OK,0,0,0,0,0,ledger
BSBK,NASDAQ:BSBK,Bogota Financial Corp. - Common Stock,Daily,2025-03-19,2025-03-20,7.800000190734863,7.730000019073486,1.6141777704684024,-31.73953313918717,-0.3173953313918717,-0.8974380762775599,1.0,0,42.857143,25.714287,0.21,0.35,111852424.0,>40,>0,>0,OK,1,1,0,1,1,ledger
BSBK,NASDAQ:BSBK,Bogota Financial Corp. - Common Stock,Weekly,2022-02-11,2022-07-22,10.350000381469727,11.050000190734863,1.874997317794822,174.99970197720245,1.7499970197720245,6.763282932031496,23.0,1,42.857143,25.714287,0.21,0.35,111852424.0,>40,>0,>0,OK,1,1,0,1,1,ledger
BSET,NASDAQ:BSET,"Bassett Furniture Industries, Incorporated",Daily,2025-08-06,2025-08-11,16.18000030517578,16.049999237060547,4.353654721323792,-15.853776256552145,-0.15853776256552143,-0.8034676493402082,3.0,0,30.676926,14.397113,0.65,1.385,172645888.0,"(25,40]",>0,>0,OK,1,1,0,1,1,ledger
BSET,NASDAQ:BSET,"Bassett Furniture Industries, Incorporated",Daily,2026-05-14,2026-05-15,14.420000076293945,14.069999694824219,1.7612514752348485,-78.03021746360524,-0.7803021746360523,-2.4271870985986808,1.0,0,30.676926,14.397113,0.65,1.385,172645888.0,"(25,40]",>0,>0,OK,1,1,0,1,1,ledger
BSET,NASDAQ:BSET,"Bassett Furniture Industries, Incorporated",Weekly,2017-03-31,2017-05-19,26.899999618530273,27.850000381469727,2.4250001907348633,47.500038146972656,0.47500038146972656,3.531601399299046,7.0,1,30.676926,14.397113,0.65,1.385,172645888.0,"(25,40]",>0,>0,OK,1,1,0,1,1,ledger
BSET,NASDAQ:BSET,"Bassett Furniture Industries, Incorporated",Weekly,2017-09-15,2018-02-02,36.29999923706055,33.349998474121094,1.8323068902706547,-127.18368762912114,-1.2718368762912113,-8.126724035651343,20.0,0,30.676926,14.397113,0.65,1.385,172645888.0,"(25,40]",>0,>0,OK,1,1,0,1,1,ledger
BSET,NASDAQ:BSET,"Bassett Furniture Industries, Incorporated",Weekly,2022-06-03,2022-06-17,16.809999465942383,15.970000267028809,1.5862076021372538,-32.18388158651965,-0.32183881586519647,-4.9970209732334645,2.0,0,30.676926,14.397113,0.65,1.385,172645888.0,"(25,40]",>0,>0,OK,1,1,0,1,1,ledger
BSET,NASDAQ:BSET,"Bassett Furniture Industries, Incorporated",Weekly,2022-10-14,2022-12-09,17.489999771118164,17.520000457763672,2.973095259681721,1.3453225472603454,0.013453225472603454,0.17153051479765583,8.0,1,30.676926,14.397113,0.65,1.385,172645888.0,"(25,40]",>0,>0,OK,1,1,0,1,1,ledger
BSET,NASDAQ:BSET,"Bassett Furniture Industries, Incorporated",Weekly,2025-11-21,2026-01-02,15.319999694824219,16.59000015258789,3.650205218201406,104.64473992543401,1.0464473992543402,8.289820385523472,6.0,1,30.676926,14.397113,0.65,1.385,172645888.0,"(25,40]",>0,>0,OK,1,1,0,1,1,ledger
BSET,NASDAQ:BSET,"Bassett Furniture Industries, Incorporated",Monthly,2022-01-31,2022-09-30,18.559999465942383,15.680000305175781,3.4148151549455963,-53.3333215595755,-0.5333332155957551,-15.517237304081839,8.0,0,30.676926,14.397113,0.65,1.385,172645888.0,"(25,40]",>0,>0,OK,1,1,0,1,1,ledger
BSRR,NASDAQ:BSRR,Sierra Bancorp,Daily,2024-08-08,2024-09-24,27.030000686645508,29.760000228881836,1.8467427462306123,104.59765915030196,1.0459765915030197,10.099887062101025,32.0,1,11.907352,10.698997,3.4,3.784,524823136.0,"(0,15]",>0,>0,OK,1,1,1,1,1,ledger
BSRR,NASDAQ:BSRR,Sierra Bancorp,Daily,2024-11-21,2024-11-26,31.719999313354492,31.440000534057617,2.6030558358339992,-21.373961331766683,-0.21373961331766686,-0.8827200042813124,3.0,0,11.907352,10.698997,3.4,3.784,524823136.0,"(0,15]",>0,>0,OK,1,1,1,1,1,ledger
BSRR,NASDAQ:BSRR,Sierra Bancorp,Daily,2026-04-24,2026-04-29,36.27000045776367,35.5,1.5548811198645947,-76.7473153910155,-0.7674731539101549,-2.1229678744016987,3.0,0,11.907352,10.698997,3.4,3.784,524823136.0,"(0,15]",>0,>0,OK,1,1,1,1,1,ledger
BSRR,NASDAQ:BSRR,Sierra Bancorp,Weekly,2021-08-06,2021-08-20,24.950000762939453,24.1200008392334,2.5606655031953793,-47.54703576663258,-0.4754703576663258,-3.326652899101031,2.0,0,11.907352,10.698997,3.4,3.784,524823136.0,"(0,15]",>0,>0,OK,1,1,1,1,1,ledger
BST,NASDAQ:BST,BlackRock Science and Technology Trust,Daily,2024-07-23,2024-07-24,36.349998474121094,34.83000183105469,2.8913099364768713,-165.2173552485363,-1.6521735524853631,-4.181559028533517,1.0,0,6.597826,,7.36,,1686004224.0,"(0,15]",>0,missing,OK,1,1,1,0,1,ledger
BST,NASDAQ:BST,BlackRock Science and Technology Trust,Monthly,2022-11-30,2022-12-31,32.34000015258789,28.3700008392334,5.24525437949199,-71.6009723242245,-0.7160097232422451,-12.275817237548182,1.0,0,6.597826,,7.36,,1686004224.0,"(0,15]",>0,missing,OK,1,1,1,0,1,ledger
BSTZ,NASDAQ:BSTZ,BlackRock Science and Technology Term Trust,Daily,2024-09-11,2024-09-16,18.559999465942383,18.56999969482422,1.9818212083590536,1.8182259552361995,0.018182259552361996,0.05388054509476882,3.0,1,6.2301254,,4.78,,2047200896.0,"(0,15]",>0,missing,OK,1,1,1,0,1,ledger
BSTZ,NASDAQ:BSTZ,BlackRock Science and Technology Term Trust,Daily,2025-01-03,2025-01-07,21.15999984741211,21.229999542236328,2.074079437684333,12.962930258022357,0.1296293025802236,0.33081141459828406,2.0,1,6.2301254,,4.78,,2047200896.0,"(0,15]",>0,missing,OK,1,1,1,0,1,ledger
BSTZ,NASDAQ:BSTZ,BlackRock Science and Technology Term Trust,Weekly,2019-12-27,2020-01-31,20.440000534057617,20.90999984741211,2.8571418840059764,55.952289045008875,0.5595228904500887,2.2994094964497096,5.0,1,6.2301254,,4.78,,2047200896.0,"(0,15]",>0,missing,OK,1,1,1,0,1,ledger
BSTZ,NASDAQ:BSTZ,BlackRock Science and Technology Term Trust,Monthly,2023-01-31,2023-04-30,18.149999618530273,16.549999237060547,6.309484353174444,-39.41889060217976,-0.3941889060217976,-8.815429284286063,3.0,0,6.2301254,,4.78,,2047200896.0,"(0,15]",>0,missing,OK,1,1,1,0,1,ledger
BSVN,NASDAQ:BSVN,Bank7 Corp.,Daily,2024-08-07,2024-08-09,37.849998474121094,37.0099983215332,2.706010937314957,-49.84756394072254,-0.4984756394072254,-2.2192871504663807,2.0,0,11.514672,11.39463,4.43,4.47667,485581312.0,"(0,15]",>0,>0,OK,1,1,1,1,1,ledger
BSVN,NASDAQ:BSVN,Bank7 Corp.,Daily,2026-02-26,2026-02-27,42.97999954223633,40.68000030517578,2.6610157437041346,-194.9151391717583,-1.9491513917175831,-5.3513244801232345,1.0,0,11.514672,11.39463,4.43,4.47667,485581312.0,"(0,15]",>0,>0,OK,1,1,1,1,1,ledger
BSVN,NASDAQ:BSVN,Bank7 Corp.,Weekly,2020-02-14,2020-02-28,18.75,17.899999618530273,1.555003626160359,-102.4614525085658,-1.024614525085658,-4.533335367838542,2.0,0,11.514672,11.39463,4.43,4.47667,485581312.0,"(0,15]",>0,>0,OK,1,1,1,1,1,ledger
BSVN,NASDAQ:BSVN,Bank7 Corp.,Weekly,2021-07-02,2021-08-27,17.899999618530273,21.030000686645508,2.9800341821947076,242.9039011106095,2.429039011106095,17.486039859325047,8.0,1,11.514672,11.39463,4.43,4.47667,485581312.0,"(0,15]",>0,>0,OK,1,1,1,1,1,ledger
BSVN,NASDAQ:BSVN,Bank7 Corp.,Weekly,2023-06-09,2023-06-23,25.549999237060547,22.5,1.5171432495117188,-87.14283534458706,-0.8714283534458706,-11.93737506119566,2.0,0,11.514672,11.39463,4.43,4.47667,485581312.0,"(0,15]",>0,>0,OK,1,1,1,1,1,ledger
BSY,NASDAQ:BSY,"Bentley Systems, Incorporated",Daily,2024-12-12,2024-12-13,48.25,47.130001068115234,2.1031786158685564,-88.88892252823939,-0.8888892252823939,-2.321241309605732,1.0,0,41.471268,22.805855,0.87,1.58205,10960984064.0,>40,>0,>0,OK,1,1,0,1,1,ledger
BSY,NASDAQ:BSY,"Bentley Systems, Incorporated",Daily,2025-06-11,2025-07-30,48.27000045776367,58.08000183105469,1.7520057102401299,999.2538503224649,9.99253850322465,20.323184752970498,33.0,1,41.471268,22.805855,0.87,1.58205,10960984064.0,>40,>0,>0,OK,1,1,0,1,1,ledger
BSY,NASDAQ:BSY,"Bentley Systems, Incorporated",Daily,2026-03-19,2026-03-24,37.88999938964844,37.13999938964844,1.8927458802079102,-57.47201249365507,-0.5747201249365507,-1.9794141253137636,3.0,0,41.471268,22.805855,0.87,1.58205,10960984064.0,>40,>0,>0,OK,1,1,0,1,1,ledger
BSY,NASDAQ:BSY,"Bentley Systems, Incorporated",Monthly,2022-03-31,2022-05-31,44.18000030517578,34.380001068115234,2.8509762763456217,-100.71942135783627,-1.0071942135783627,-22.181980917533984,2.0,0,41.471268,22.805855,0.87,1.58205,10960984064.0,>40,>0,>0,OK,1,1,0,1,1,ledger
BTMD,NASDAQ:BTMD,biote Corp.,Daily,2026-07-27,2026-07-28,2.3299999237060547,2.240000009536743,1.681677237828536,-56.05585842846653,-0.5605585842846652,-3.8626573869650316,1.0,0,5.2790694,3.9824562,0.43,0.57,80705488.0,"(0,15]",>0,>0,OK,1,1,1,1,1,ledger
BTMD,NASDAQ:BTMD,biote Corp.,Weekly,2024-02-16,2024-03-29,4.679999828338623,5.800000190734863,3.4502935500324745,109.16185162506927,1.0916185162506928,23.93163255294039,6.0,1,5.2790694,3.9824562,0.43,0.57,80705488.0,"(0,15]",>0,>0,OK,1,1,1,1,1,ledger
BTSG,NASDAQ:BTSG,"BrightSpring Health Services, Inc.",Daily,2024-11-25,2024-12-04,19.030000686645508,18.709999084472656,1.6052617709726722,-42.105461289618255,-0.42105461289618257,-1.6815637973014677,6.0,0,54.112072,27.59133,1.16,2.27499,12419938304.0,>40,>0,>0,OK,1,1,0,1,1,ledger
BTSG,NASDAQ:BTSG,"BrightSpring Health Services, Inc.",Daily,2025-03-12,2025-03-13,17.760000228881836,16.959999084472656,3.8369559132985724,-43.478319460137456,-0.43478319460137455,-4.504510890198043,1.0,0,54.112072,27.59133,1.16,2.27499,12419938304.0,>40,>0,>0,OK,1,1,0,1,1,ledger
BTSG,NASDAQ:BTSG,"BrightSpring Health Services, Inc.",Weekly,2025-07-25,2025-11-14,20.530000686645508,32.0,2.478440123129056,564.0419068406391,5.6404190684063895,55.869454114609816,16.0,1,54.112072,27.59133,1.16,2.27499,12419938304.0,>40,>0,>0,OK,1,1,0,1,1,ledger
BTT,NASDAQ:BTT,Blackrock Municipal 2030 Target Term Trust,Daily,2026-05-20,2026-06-03,22.6299991607666,22.6200008392334,2.6521818453220107,-4.347104970726287,-0.043471049707262864,-0.044181714113967416,9.0,0,16.282608,,1.38,,1429662976.0,"(15,25]",>0,missing,OK,1,1,1,0,1,ledger
BTX,NASDAQ:BTX,BlackRock Innovation and Growth Term Trust,Daily,2026-01-21,2026-01-26,6.789999961853027,6.699999809265137,2.0894750169202254,-72.32804030986887,-0.7232804030986888,-1.3254808997573115,3.0,0,22.051285,,0.39,,1003708608.0,"(15,25]",>0,missing,OK,1,1,1,0,1,ledger
BTX,NASDAQ:BTX,BlackRock Innovation and Growth Term Trust,Monthly,2023-01-31,2023-09-30,7.639999866485596,6.960000038146973,9.358328043975668,-44.315190837554404,-0.4431519083755441,-8.90052146887567,8.0,0,22.051285,,0.39,,1003708608.0,"(15,25]",>0,missing,OK,1,1,1,0,1,ledger
BTZ,NASDAQ:BTZ,BlackRock Credit Allocation Income Trust,Daily,2024-07-26,2024-08-05,10.710000038146973,10.630000114440918,1.8,-40.0,-0.4,-0.7469647378254926,6.0,0,9.072726,,1.1,,931378048.0,"(0,15]",>0,missing,OK,1,1,1,0,1,ledger
BTZ,NASDAQ:BTZ,BlackRock Credit Allocation Income Trust,Weekly,2016-12-02,2017-01-13,12.4399995803833,12.920000076293945,3.2307748738213546,123.07724284987677,1.2307724284987676,3.8585250168943714,6.0,1,9.072726,,1.1,,931378048.0,"(0,15]",>0,missing,OK,1,1,1,0,1,ledger
BTZ,NASDAQ:BTZ,BlackRock Credit Allocation Income Trust,Weekly,2023-03-31,2023-05-19,10.289999961853027,10.239999771118164,3.1362367302483594,-13.402771322786233,-0.1340277132278623,-0.48591050456971263,7.0,0,9.072726,,1.1,,931378048.0,"(0,15]",>0,missing,OK,1,1,1,0,1,ledger
BUI,NASDAQ:BUI,"BlackRock Utilities, Infrastructure & Power Opportunities Trust",Daily,2024-10-11,2024-10-17,23.829999923706055,23.81999969482422,4.034350842622884,-3.634631498362737,-0.036346314983627365,-0.04196487164856313,4.0,0,6.0807176,,4.46,,719808896.0,"(0,15]",>0,missing,OK,1,1,1,0,1,ledger
BUI,NASDAQ:BUI,"BlackRock Utilities, Infrastructure & Power Opportunities Trust",Daily,2026-05-13,2026-05-15,27.530000686645508,27.350000381469727,1.535991359366971,-58.82538667133892,-0.5882538667133892,-0.653833275286104,2.0,0,6.0807176,,4.46,,719808896.0,"(0,15]",>0,missing,OK,1,1,1,0,1,ledger
BUI,NASDAQ:BUI,"BlackRock Utilities, Infrastructure & Power Opportunities Trust",Daily,2026-06-23,2026-07-01,28.25,28.739999771118164,1.9072381944216676,124.606170497925,1.2460617049792502,1.7345124641350942,6.0,1,6.0807176,,4.46,,719808896.0,"(0,15]",>0,missing,OK,1,1,1,0,1,ledger
BUI,NASDAQ:BUI,"BlackRock Utilities, Infrastructure & Power Opportunities Trust",Weekly,2019-12-06,2020-02-28,21.809999465942383,20.270000457763672,3.595369204401392,-205.83137210246483,-2.058313721024648,-7.0609768266318,12.0,0,6.0807176,,4.46,,719808896.0,"(0,15]",>0,missing,OK,1,1,1,0,1,ledger
BUI,NASDAQ:BUI,"BlackRock Utilities, Infrastructure & Power Opportunities Trust",Weekly,2021-12-10,2022-01-21,25.780000686645508,25.43000030517578,2.373900811858737,-41.33662164725537,-0.4133662164725537,-1.3576430261735133,6.0,0,6.0807176,,4.46,,719808896.0,"(0,15]",>0,missing,OK,1,1,1,0,1,ledger
BUI,NASDAQ:BUI,"BlackRock Utilities, Infrastructure & Power Opportunities Trust",Weekly,2023-06-02,2023-06-23,22.34000015258789,22.020000457763672,2.0202517155699597,-34.38724579998634,-0.3438724579998634,-1.4324068605127096,3.0,0,6.0807176,,4.46,,719808896.0,"(0,15]",>0,missing,OK,1,1,1,0,1,ledger
BUI,NASDAQ:BUI,"BlackRock Utilities, Infrastructure & Power Opportunities Trust",Weekly,2024-03-08,2024-04-05,21.280000686645508,21.030000686645508,1.54166225151528,-34.72216335353706,-0.34722163353537067,-1.1748119921673226,4.0,0,6.0807176,,4.46,,719808896.0,"(0,15]",>0,missing,OK,1,1,1,0,1,ledger
BUI,NASDAQ:BUI,"BlackRock Utilities, Infrastructure & Power Opportunities Trust",Weekly,2024-11-08,2024-12-20,23.649999618530273,22.579999923706055,1.720001220703125,-142.6666259765625,-1.426666259765625,-4.524311678998301,6.0,0,6.0807176,,4.46,,719808896.0,"(0,15]",>0,missing,OK,1,1,1,0,1,ledger
BUI,NASDAQ:BUI,"BlackRock Utilities, Infrastructure & Power Opportunities Trust",Weekly,2026-04-10,2026-05-15,27.110000610351562,27.350000381469727,2.183430450077705,14.201165400932457,0.14201165400932456,0.8852813194940454,5.0,1,6.0807176,,4.46,,719808896.0,"(0,15]",>0,missing,OK,1,1,1,0,1,ledger
BULL,NASDAQ:BULL,Webull Corporation,Daily,2024-08-19,2024-08-21,11.199999809265137,11.199999809265137,1.6614342379241716,0.0,0.0,0.0,2.0,0,,24.852459,-1.25,0.305,4031185408.0,missing,<=0,>0,OK,0,0,0,0,0,ledger
BULL,NASDAQ:BULL,Webull Corporation,Daily,2025-05-02,2025-05-12,15.960000038146973,14.09000015258789,10.90093871546864,-32.051501486080134,-0.3205150148608013,-11.716791234896498,6.0,0,,24.852459,-1.25,0.305,4031185408.0,missing,<=0,>0,OK,0,0,0,0,0,ledger
BULL,NASDAQ:BULL,Webull Corporation,Daily,2025-08-04,2025-08-19,14.289999961853027,14.930000305175781,2.9904283405256744,47.49070202065461,0.47490702020654607,4.478658817573314,11.0,1,,24.852459,-1.25,0.305,4031185408.0,missing,<=0,>0,OK,0,0,0,0,0,ledger
BULL,NASDAQ:BULL,Webull Corporation,Weekly,2025-07-04,2025-08-01,14.300000190734863,13.329999923706055,14.814779443604257,-22.020135758305365,-0.22020135758305365,-6.783218560075846,4.0,0,,24.852459,-1.25,0.305,4031185408.0,missing,<=0,>0,OK,0,0,0,0,0,ledger
BUSE,NASDAQ:BUSE,First Busey Corporation,Daily,2024-08-15,2024-08-27,25.18000030517578,26.639999389648438,3.1583304988031395,121.6665130192356,1.216665130192356,5.79824887520971,8.0,1,12.785425,11.585973,2.47,2.72571,2670946816.0,"(0,15]",>0,>0,OK,1,1,1,1,1,ledger
BUSE,NASDAQ:BUSE,First Busey Corporation,Daily,2025-06-18,2025-06-25,22.479999542236328,22.950000762939453,1.7568074647804948,90.73646059780727,0.9073646059780727,2.0907528037092162,4.0,1,12.785425,11.585973,2.47,2.72571,2670946816.0,"(0,15]",>0,>0,OK,1,1,1,1,1,ledger
BUSE,NASDAQ:BUSE,First Busey Corporation,Daily,2026-01-05,2026-01-13,24.200000762939453,23.700000762939453,1.9722189844445386,-69.44432670707413,-0.6944432670707413,-2.066115637342102,6.0,0,12.785425,11.585973,2.47,2.72571,2670946816.0,"(0,15]",>0,>0,OK,1,1,1,1,1,ledger
BUSE,NASDAQ:BUSE,First Busey Corporation,Daily,2026-03-02,2026-03-13,25.68000030517578,24.68000030517578,2.3176452108741263,-117.64700602497504,-1.1764700602497504,-3.894080950608287,9.0,0,12.785425,11.585973,2.47,2.72571,2670946816.0,"(0,15]",>0,>0,OK,1,1,1,1,1,ledger
BUSE,NASDAQ:BUSE,First Busey Corporation,Weekly,2023-01-13,2023-01-20,24.969999313354492,24.030000686645508,2.5265290724071554,-78.90145109009835,-0.7890145109009835,-3.7645120246609416,1.0,0,12.785425,11.585973,2.47,2.72571,2670946816.0,"(0,15]",>0,>0,OK,1,1,1,1,1,ledger
BUSE,NASDAQ:BUSE,First Busey Corporation,Weekly,2024-08-16,2024-09-06,25.780000686645508,26.0,1.7722203325354264,12.222176304599143,0.12222176304599144,0.8533720228659873,3.0,1,12.785425,11.585973,2.47,2.72571,2670946816.0,"(0,15]",>0,>0,OK,1,1,1,1,1,ledger
BUSE,NASDAQ:BUSE,First Busey Corporation,Monthly,2022-07-31,2022-09-30,24.649999618530273,21.979999542236328,1.6679143642499366,-87.66400682443755,-0.8766400682443755,-10.831643479161809,2.0,0,12.785425,11.585973,2.47,2.72571,2670946816.0,"(0,15]",>0,>0,OK,1,1,1,1,1,ledger
BUSE,NASDAQ:BUSE,First Busey Corporation,Monthly,2025-05-31,2025-10-31,22.1200008392334,22.360000610351562,1.8413968350328556,6.451604633420018,0.06451604633420019,1.0849898825161237,5.0,1,12.785425,11.585973,2.47,2.72571,2670946816.0,"(0,15]",>0,>0,OK,1,1,1,1,1,ledger
BV,NASDAQ:BV,"BrightView Holdings, Inc.",Daily,2024-10-28,2024-11-12,16.43000030517578,18.3799991607666,2.1199989318847656,389.99977111816406,3.8999977111816406,11.868525985215785,11.0,1,437.33334,18.147364,0.03,0.72297,1222784000.0,>40,>0,>0,OK,1,1,0,1,1,ledger
BV,NASDAQ:BV,"BrightView Holdings, Inc.",Daily,2025-06-23,2025-07-02,15.829999923706055,15.149999618530273,2.7692317366097816,-149.45064158188396,-1.4945064158188395,-4.295643136153486,7.0,0,437.33334,18.147364,0.03,0.72297,1222784000.0,>40,>0,>0,OK,1,1,0,1,1,ledger
BV,NASDAQ:BV,"BrightView Holdings, Inc.",Daily,2026-01-29,2026-02-04,13.270000457763672,12.699999809265137,1.5024205116324156,-203.90058450754356,-2.0390058450754354,-4.295407903810989,4.0,0,437.33334,18.147364,0.03,0.72297,1222784000.0,>40,>0,>0,OK,1,1,0,1,1,ledger
BV,NASDAQ:BV,"BrightView Holdings, Inc.",Daily,2026-05-14,2026-05-19,12.760000228881836,12.0,2.4086950211985196,-165.2174273600846,-1.6521742736008458,-5.956114539571878,3.0,0,437.33334,18.147364,0.03,0.72297,1222784000.0,>40,>0,>0,OK,1,1,0,1,1,ledger
BV,NASDAQ:BV,"BrightView Holdings, Inc.",Daily,2026-07-22,2026-07-28,14.289999961853027,14.0,1.7081022149481542,-69.76754233265224,-0.6976754233265224,-2.0293909211139156,4.0,0,437.33334,18.147364,0.03,0.72297,1222784000.0,>40,>0,>0,OK,1,1,0,1,1,ledger
BV,NASDAQ:BV,"BrightView Holdings, Inc.",Weekly,2021-07-30,2021-08-06,16.030000686645508,15.289999961853027,2.275360115435967,-53.623199422820164,-0.5362319942282017,-4.61634867806943,1.0,0,437.33334,18.147364,0.03,0.72297,1222784000.0,>40,>0,>0,OK,1,1,0,1,1,ledger
BV,NASDAQ:BV,"BrightView Holdings, Inc.",Weekly,2026-04-17,2026-05-01,12.470000267028809,11.770000457763672,1.54184990933794,-61.673979568687216,-0.6167397956868722,-5.613470683845652,2.0,0,437.33334,18.147364,0.03,0.72297,1222784000.0,>40,>0,>0,OK,1,1,0,1,1,ledger
BV,NASDAQ:BV,"BrightView Holdings, Inc.",Monthly,2025-04-30,2025-09-30,13.720000267028809,13.399999618530273,2.4095788580500423,-14.914253927255507,-0.14914253927255508,-2.3323661973064542,5.0,0,437.33334,18.147364,0.03,0.72297,1222784000.0,>40,>0,>0,OK,1,1,0,1,1,ledger
BVFL,NASDAQ:BVFL,"BV Financial, Inc. - Common Stock",Daily,2024-12-24,2025-01-02,17.3700008392334,17.09000015258789,2.113893138986646,-72.18192081624751,-0.721819208162475,-1.611978544140734,5.0,0,14.366666,,1.5,,186600688.0,"(0,15]",>0,missing,OK,1,1,1,0,1,ledger
BVFL,NASDAQ:BVFL,"BV Financial, Inc. - Common Stock",Daily,2025-06-24,2025-07-10,14.829999923706055,15.869999885559082,1.8205135415685991,133.33337408865995,1.3333337408865995,7.012811646684949,11.0,1,14.366666,,1.5,,186600688.0,"(0,15]",>0,missing,OK,1,1,1,0,1,ledger
BVFL,NASDAQ:BVFL,"BV Financial, Inc. - Common Stock",Daily,2025-12-29,2025-12-30,18.530000686645508,18.030000686645508,2.2840175194729375,-94.38096064627858,-0.9438096064627859,-2.6983269372480265,1.0,0,14.366666,,1.5,,186600688.0,"(0,15]",>0,missing,OK,1,1,1,0,1,ledger
BVFL,NASDAQ:BVFL,"BV Financial, Inc. - Common Stock",Weekly,2025-04-25,2025-06-06,15.350000381469727,14.850000381469727,1.5604390882667185,-27.47251768357831,-0.2747251768357831,-3.257328909278673,6.0,0,14.366666,,1.5,,186600688.0,"(0,15]",>0,missing,OK,1,1,1,0,1,ledger
BVFL,NASDAQ:BVFL,"BV Financial, Inc. - Common Stock",Monthly,2023-11-30,2024-03-31,12.100000381469727,10.329999923706055,4.392802369159817,-72.24489414607639,-0.7224489414607639,-14.628102495552803,4.0,0,14.366666,,1.5,,186600688.0,"(0,15]",>0,missing,OK,1,1,1,0,1,ledger
BVS,NASDAQ:BVS,Bioventus Inc.,Daily,2025-04-01,2025-04-03,9.369999885559082,9.149999618530273,3.186440047845343,-37.288171208741474,-0.3728817120874147,-2.3479217685783547,2.0,0,32.73171,14.779736,0.41,0.908,909178816.0,"(25,40]",>0,>0,OK,1,1,0,1,1,ledger
BVS,NASDAQ:BVS,Bioventus Inc.,Weekly,2021-08-20,2021-09-17,15.890000343322754,13.880000114440918,1.852690738429615,-91.92567607798793,-0.9192567607798794,-12.649466239479798,4.0,0,32.73171,14.779736,0.41,0.908,909178816.0,"(25,40]",>0,>0,OK,1,1,0,1,1,ledger
BVS,NASDAQ:BVS,Bioventus Inc.,Weekly,2023-09-29,2023-10-13,3.299999952316284,2.890000104904175,2.7448726292338326,-62.80118997847407,-0.6280118997847407,-12.424237979892355,2.0,0,32.73171,14.779736,0.41,0.908,909178816.0,"(25,40]",>0,>0,OK,1,1,0,1,1,ledger
BVS,NASDAQ:BVS,Bioventus Inc.,Monthly,2026-01-31,2026-05-31,7.929999828338623,8.510000228881836,3.0424531293789734,27.358510936440755,0.2735851093644075,7.314002687245027,4.0,1,32.73171,14.779736,0.41,0.908,909178816.0,"(25,40]",>0,>0,OK,1,1,0,1,1,ledger
BWB,NASDAQ:BWB,"Bridgewater Bancshares, Inc. - Common Stock",Daily,2024-11-21,2024-11-26,15.0,14.890000343322754,2.6824717391774073,-29.507097035593002,-0.29507097035593005,-0.733331044514974,3.0,0,11.391304,9.945432,1.84,2.1075,584444928.0,"(0,15]",>0,>0,OK,1,1,1,1,1,ledger
BWB,NASDAQ:BWB,"Bridgewater Bancshares, Inc. - Common Stock",Daily,2025-02-26,2025-03-04,14.270000457763672,13.859999656677246,2.642672049284378,-106.01744976990418,-1.0601744976990417,-2.8731659981367597,4.0,0,11.391304,9.945432,1.84,2.1075,584444928.0,"(0,15]",>0,>0,OK,1,1,1,1,1,ledger
BWB,NASDAQ:BWB,"Bridgewater Bancshares, Inc. - Common Stock",Daily,2025-05-27,2025-05-29,14.84000015258789,14.6899995803833,2.393527026415646,-27.40691373421433,-0.27406913734214333,-1.010785516592005,2.0,0,11.391304,9.945432,1.84,2.1075,584444928.0,"(0,15]",>0,>0,OK,1,1,1,1,1,ledger
BWB,NASDAQ:BWB,"Bridgewater Bancshares, Inc. - Common Stock",Daily,2026-01-05,2026-01-20,17.809999465942383,18.040000915527344,2.087721352946688,40.351153109983805,0.40351153109983806,1.2914174984945226,10.0,1,11.391304,9.945432,1.84,2.1075,584444928.0,"(0,15]",>0,>0,OK,1,1,1,1,1,ledger
BWB,NASDAQ:BWB,"Bridgewater Bancshares, Inc. - Common Stock",Daily,2026-01-27,2026-02-23,18.459999084472656,18.625,1.9057655633435324,33.45243447626515,0.33452434476265147,0.8938294892231697,18.0,1,11.391304,9.945432,1.84,2.1075,584444928.0,"(0,15]",>0,>0,OK,1,1,1,1,1,ledger
BWB,NASDAQ:BWB,"Bridgewater Bancshares, Inc. - Common Stock",Daily,2026-02-25,2026-02-27,19.100000381469727,18.280000686645508,1.6901368722212522,-115.49275342852154,-1.1549275342852154,-4.293192033753879,2.0,0,11.391304,9.945432,1.84,2.1075,584444928.0,"(0,15]",>0,>0,OK,1,1,1,1,1,ledger
BWB,NASDAQ:BWB,"Bridgewater Bancshares, Inc. - Common Stock",Weekly,2020-08-07,2020-08-21,10.0,9.539999961853027,1.8782454600624714,-43.199649163905754,-0.43199649163905757,-4.600000381469727,2.0,0,11.391304,9.945432,1.84,2.1075,584444928.0,"(0,15]",>0,>0,OK,1,1,1,1,1,ledger
BWB,NASDAQ:BWB,"Bridgewater Bancshares, Inc. - Common Stock",Weekly,2024-05-03,2024-05-31,11.890000343322754,11.270000457763672,2.4901949234629956,-60.784275226544295,-0.6078427522654429,-5.214464824698384,4.0,0,11.391304,9.945432,1.84,2.1075,584444928.0,"(0,15]",>0,>0,OK,1,1,1,1,1,ledger
BWB,NASDAQ:BWB,"Bridgewater Bancshares, Inc. - Common Stock",Weekly,2025-01-24,2025-02-21,13.539999961853027,14.079999923706055,1.9144150065425516,48.648660259004274,0.4864866025900428,3.9881828905051577,4.0,1,11.391304,9.945432,1.84,2.1075,584444928.0,"(0,15]",>0,>0,OK,1,1,1,1,1,ledger
BWEN,NASDAQ:BWEN,"Broadwind, Inc. - Common Stock",Daily,2025-06-03,2025-06-13,1.7599999904632568,1.7699999809265137,2.0,7.692300638503318,0.07692300638503319,0.5681812794001605,8.0,1,21.69565,-41.583332,0.23,-0.12,116786536.0,"(15,25]",>0,<=0,OK,1,1,1,0,1,ledger
BWEN,NASDAQ:BWEN,"Broadwind, Inc. - Common Stock",Daily,2025-09-29,2025-10-17,2.130000114440918,2.359999895095825,1.5999974568701065,153.33308961671852,1.5333308961671854,10.798111187673692,14.0,1,21.69565,-41.583332,0.23,-0.12,116786536.0,"(15,25]",>0,<=0,OK,1,1,1,0,1,ledger
BWEN,NASDAQ:BWEN,"Broadwind, Inc. - Common Stock",Daily,2025-10-29,2025-11-04,2.2899999618530273,2.109999895095825,2.678873074454651,-102.59517082621164,-1.0259517082621166,-7.86026505483211,4.0,0,21.69565,-41.583332,0.23,-0.12,116786536.0,"(15,25]",>0,<=0,OK,1,1,1,0,1,ledger
BWEN,NASDAQ:BWEN,"Broadwind, Inc. - Common Stock",Daily,2026-02-03,2026-02-05,3.190000057220459,2.180000066757202,3.428571915140007,-360.71431916587545,-3.607143191658755,-31.661441139386675,2.0,0,21.69565,-41.583332,0.23,-0.12,116786536.0,"(15,25]",>0,<=0,OK,1,1,1,0,1,ledger
BWEN,NASDAQ:BWEN,"Broadwind, Inc. - Common Stock",Daily,2026-05-22,2026-05-27,3.890000104904175,3.640000104904175,1.942306854668807,-48.0769027972448,-0.48076902797244797,-6.42673504519503,2.0,0,21.69565,-41.583332,0.23,-0.12,116786536.0,"(15,25]",>0,<=0,OK,1,1,1,0,1,ledger
BWEN,NASDAQ:BWEN,"Broadwind, Inc. - Common Stock",Weekly,2016-10-21,2016-11-11,4.440000057220459,4.139999866485596,2.38636267579304,-68.18185266383959,-0.681818526638396,-6.756760965509316,3.0,0,21.69565,-41.583332,0.23,-0.12,116786536.0,"(15,25]",>0,<=0,OK,1,1,1,0,1,ledger
BWEN,NASDAQ:BWEN,"Broadwind, Inc. - Common Stock",Weekly,2017-06-23,2017-07-28,5.059999942779541,4.28000020980835,5.327020515953827,-87.65979667972388,-0.8765979667972389,-15.415014659915682,5.0,0,21.69565,-41.583332,0.23,-0.12,116786536.0,"(15,25]",>0,<=0,OK,1,1,1,0,1,ledger
BWEN,NASDAQ:BWEN,"Broadwind, Inc. - Common Stock",Weekly,2018-05-18,2018-06-08,2.700000047683716,2.4600000381469727,1.5675668361156343,-64.86484570779042,-0.6486484570779042,-8.88888908511817,3.0,0,21.69565,-41.583332,0.23,-0.12,116786536.0,"(15,25]",>0,<=0,OK,1,1,1,0,1,ledger
BWEN,NASDAQ:BWEN,"Broadwind, Inc. - Common Stock",Weekly,2020-10-09,2020-11-06,3.7799999713897705,3.200000047683716,1.8181821925581318,-52.72727036279075,-0.5272727036279075,-15.343913441692687,4.0,0,21.69565,-41.583332,0.23,-0.12,116786536.0,"(15,25]",>0,<=0,OK,1,1,1,0,1,ledger
BWEN,NASDAQ:BWEN,"Broadwind, Inc. - Common Stock",Weekly,2021-04-02,2021-05-14,6.190000057220459,4.380000114440918,3.8575346839098827,-104.21100386562551,-1.042110038656255,-29.240709629206346,6.0,0,21.69565,-41.583332,0.23,-0.12,116786536.0,"(15,25]",>0,<=0,OK,1,1,1,0,1,ledger
BWEN,NASDAQ:BWEN,"Broadwind, Inc. - Common Stock",Weekly,2022-12-02,2023-02-10,1.7899999618530273,4.480000019073486,4.7962687060603155,733.0660888441804,7.330660888441804,150.2793360082389,10.0,1,21.69565,-41.583332,0.23,-0.12,116786536.0,"(15,25]",>0,<=0,OK,1,1,1,0,1,ledger
BWEN,NASDAQ:BWEN,"Broadwind, Inc. - Common Stock",Weekly,2023-03-03,2023-03-10,4.829999923706055,3.5999999046325684,1.938829525211959,-187.77640856743744,-1.8777640856743745,-25.46583930646749,1.0,0,21.69565,-41.583332,0.23,-0.12,116786536.0,"(15,25]",>0,<=0,OK,1,1,1,0,1,ledger
BWEN,NASDAQ:BWEN,"Broadwind, Inc. - Common Stock",Weekly,2023-07-14,2023-07-28,3.930000066757202,3.7899999618530273,2.726399600690931,-22.321419579584575,-0.22321419579584575,-3.5623435757265627,2.0,0,21.69565,-41.583332,0.23,-0.12,116786536.0,"(15,25]",>0,<=0,OK,1,1,1,0,1,ledger
BWEN,NASDAQ:BWEN,"Broadwind, Inc. - Common Stock",Weekly,2024-07-12,2024-08-02,3.380000114440918,3.0199999809265137,2.5828009787290824,-73.21328434235666,-0.7321328434235665,-10.650891163474162,3.0,0,21.69565,-41.583332,0.23,-0.12,116786536.0,"(15,25]",>0,<=0,OK,1,1,1,0,1,ledger
BWEN,NASDAQ:BWEN,"Broadwind, Inc. - Common Stock",Monthly,2018-04-30,2018-10-31,2.640000104904175,1.840000033378601,6.868096800504051,-76.73851767852803,-0.7673851767852803,-30.30303180819804,6.0,0,21.69565,-41.583332,0.23,-0.12,116786536.0,"(15,25]",>0,<=0,OK,1,1,1,0,1,ledger
BWFG,NASDAQ:BWFG,"Bankwell Financial Group, Inc.",Daily,2024-08-07,2024-08-09,26.040000915527344,26.020000457763672,2.272725409803764,-1.6529290388074194,-0.016529290388074193,-0.07680667073919278,2.0,0,12.551211,11.391543,5.37,5.91667,537392320.0,"(0,15]",>0,>0,OK,1,1,1,1,1,ledger
BWFG,NASDAQ:BWFG,"Bankwell Financial Group, Inc.",Daily,2024-12-04,2024-12-17,32.88999938964844,32.470001220703125,2.654716887843686,-47.2447433730304,-0.472447433730304,-1.2769783421689562,9.0,0,12.551211,11.391543,5.37,5.91667,537392320.0,"(0,15]",>0,>0,OK,1,1,1,1,1,ledger
BWFG,NASDAQ:BWFG,"Bankwell Financial Group, Inc.",Daily,2025-02-18,2025-02-20,31.549999237060547,31.239999771118164,1.7808244039782295,-35.16272111328167,-0.3516272111328167,-0.9825656844334837,2.0,0,12.551211,11.391543,5.37,5.91667,537392320.0,"(0,15]",>0,>0,OK,1,1,1,1,1,ledger
BWFG,NASDAQ:BWFG,"Bankwell Financial Group, Inc.",Daily,2025-11-05,2025-11-17,43.779998779296875,43.650001525878906,3.3203156664997735,-10.156045108838185,-0.10156045108838185,-0.29693297634225413,8.0,0,12.551211,11.391543,5.37,5.91667,537392320.0,"(0,15]",>0,>0,OK,1,1,1,1,1,ledger
BWFG,NASDAQ:BWFG,"Bankwell Financial Group, Inc.",Daily,2026-01-05,2026-01-23,46.72999954223633,47.369998931884766,2.558509915163616,34.04250138485607,0.34042501384856066,1.3695685767554568,13.0,1,12.551211,11.391543,5.37,5.91667,537392320.0,"(0,15]",>0,>0,OK,1,1,1,1,1,ledger
BWFG,NASDAQ:BWFG,"Bankwell Financial Group, Inc.",Weekly,2017-02-03,2017-03-24,30.790000915527344,30.309999465942383,2.0049991607666016,-24.000072479248047,-0.24000072479248047,-1.5589523719140166,7.0,0,12.551211,11.391543,5.37,5.91667,537392320.0,"(0,15]",>0,>0,OK,1,1,1,1,1,ledger
BWFG,NASDAQ:BWFG,"Bankwell Financial Group, Inc.",Monthly,2019-02-28,2019-05-31,30.270000457763672,28.559999465942383,2.1211333187168857,-44.07217837834118,-0.44072178378341176,-5.649160772915372,3.0,0,12.551211,11.391543,5.37,5.91667,537392320.0,"(0,15]",>0,>0,OK,1,1,1,1,1,ledger
BWFG,NASDAQ:BWFG,"Bankwell Financial Group, Inc.",Monthly,2023-06-30,2023-09-30,24.3799991607666,24.270000457763672,3.8804298938297195,-3.4174720835631556,-0.034174720835631556,-0.45118419519859776,3.0,0,12.551211,11.391543,5.37,5.91667,537392320.0,"(0,15]",>0,>0,OK,1,1,1,1,1,ledger
BWIN,NASDAQ:BWIN,"The Baldwin Insurance Group, Inc.",Daily,2025-07-23,2025-07-24,41.22999954223633,40.27000045776367,1.588721284581669,-63.285106856681914,-0.6328510685668192,-2.3283994545991344,1.0,0,,11.581385,-1.05,2.49193,2794761472.0,missing,<=0,>0,OK,0,0,0,0,0,ledger
BWMN,NASDAQ:BWMN,Bowman Consulting Group Ltd.,Daily,2024-09-26,2024-10-01,23.469999313354492,23.459999084472656,1.592860273735233,-0.9538303345162503,-0.009538303345162504,-0.0426085606067563,3.0,0,44.031746,11.675134,0.63,2.37599,485664544.0,>40,>0,>0,OK,1,1,0,1,1,ledger
BWMN,NASDAQ:BWMN,Bowman Consulting Group Ltd.,Daily,2025-05-27,2025-05-28,25.469999313354492,24.809999465942383,1.564825814259043,-68.39633391329228,-0.6839633391329228,-2.591283334138359,1.0,0,44.031746,11.675134,0.63,2.37599,485664544.0,>40,>0,>0,OK,1,1,0,1,1,ledger
BWMN,NASDAQ:BWMN,Bowman Consulting Group Ltd.,Daily,2025-08-05,2025-09-02,34.40999984741211,42.0099983215332,2.346289869671143,608.5937737906371,6.08593773790637,22.086598395299532,19.0,1,44.031746,11.675134,0.63,2.37599,485664544.0,>40,>0,>0,OK,1,1,0,1,1,ledger
BWMN,NASDAQ:BWMN,Bowman Consulting Group Ltd.,Daily,2026-01-02,2026-01-20,33.869998931884766,35.47999954223633,2.340602107925103,113.33443481733691,1.1333443481733692,4.753471098683529,11.0,1,44.031746,11.675134,0.63,2.37599,485664544.0,>40,>0,>0,OK,1,1,0,1,1,ledger
BWMN,NASDAQ:BWMN,Bowman Consulting Group Ltd.,Weekly,2022-02-25,2022-03-04,17.670000076293945,16.530000686645508,2.639946004037419,-58.437612742316325,-0.5843761274231632,-6.451609421201189,1.0,0,44.031746,11.675134,0.63,2.37599,485664544.0,>40,>0,>0,OK,1,1,0,1,1,ledger
BWMN,NASDAQ:BWMN,Bowman Consulting Group Ltd.,Weekly,2024-01-26,2024-02-23,31.3700008392334,32.959999084472656,2.001540087634668,59.26340278876877,0.5926340278876877,5.068531089265068,4.0,1,44.031746,11.675134,0.63,2.37599,485664544.0,>40,>0,>0,OK,1,1,0,1,1,ledger
BWMN,NASDAQ:BWMN,Bowman Consulting Group Ltd.,Weekly,2026-04-03,2026-05-15,29.649999618530273,31.15999984741211,4.384823813218389,40.921409494252885,0.40921409494252886,5.092749572712087,6.0,1,44.031746,11.675134,0.63,2.37599,485664544.0,>40,>0,>0,OK,1,1,0,1,1,ledger
BWMN,NASDAQ:BWMN,Bowman Consulting Group Ltd.,Monthly,2022-08-31,2023-08-31,15.46500015258789,29.530000686645508,1.563230533794124,298.9373169421613,2.9893731694216132,90.94730291162655,12.0,1,44.031746,11.675134,0.63,2.37599,485664544.0,>40,>0,>0,OK,1,1,0,1,1,ledger
BWMX,NASDAQ:BWMX,"Betterware de Mexico, S.A.P.I. de C.V. Ordinary Shares",Daily,2025-03-10,2025-03-19,11.4399995803833,11.5,2.035258462718799,9.615458092558432,0.09615458092558432,0.5244792116914474,7.0,1,6.683594,6.1535373,2.56,2.7805147,637243520.0,"(0,15]",>0,>0,OK,1,1,1,1,1,ledger
BWMX,NASDAQ:BWMX,"Betterware de Mexico, S.A.P.I. de C.V. Ordinary Shares",Daily,2025-09-29,2025-10-02,13.050000190734863,13.029999732971191,2.3823340269634716,-5.95596996564126,-0.05955969965641259,-0.1532602105084385,3.0,0,6.683594,6.1535373,2.56,2.7805147,637243520.0,"(0,15]",>0,>0,OK,1,1,1,1,1,ledger
BWMX,NASDAQ:BWMX,"Betterware de Mexico, S.A.P.I. de C.V. Ordinary Shares",Daily,2026-06-24,2026-06-25,17.639999389648438,17.34000015258789,2.3770607555690235,-43.219136584580944,-0.43219136584580947,-1.7006760058993733,1.0,0,6.683594,6.1535373,2.56,2.7805147,637243520.0,"(0,15]",>0,>0,OK,1,1,1,1,1,ledger
BWMX,NASDAQ:BWMX,"Betterware de Mexico, S.A.P.I. de C.V. Ordinary Shares",Weekly,2024-07-12,2024-07-26,15.130000114440918,14.6899995803833,3.154871833495295,-22.5641321587325,-0.22564132158732503,-2.908133051748335,2.0,0,6.683594,6.1535373,2.56,2.7805147,637243520.0,"(0,15]",>0,>0,OK,1,1,1,1,1,ledger
BWMX,NASDAQ:BWMX,"Betterware de Mexico, S.A.P.I. de C.V. Ordinary Shares",Weekly,2026-05-29,2026-07-24,17.309999465942383,16.729999542236328,1.7103460522810907,-40.0,-0.4,-3.3506640184894922,8.0,0,6.683594,6.1535373,2.56,2.7805147,637243520.0,"(0,15]",>0,>0,OK,1,1,1,1,1,ledger
BWMX,NASDAQ:BWMX,"Betterware de Mexico, S.A.P.I. de C.V. Ordinary Shares",Monthly,2023-01-31,2023-10-31,8.390000343322754,12.369999885559082,8.52485530121907,81.33506136413033,0.8133506136413033,47.437418109331084,9.0,1,6.683594,6.1535373,2.56,2.7805147,637243520.0,"(0,15]",>0,>0,OK,1,1,1,1,1,ledger
BY,NASDAQ:BY,"Byline Bancorp, Inc.",Daily,2024-11-20,2024-11-26,30.93000030517578,31.770000457763672,1.7108020964685893,89.81721203644943,0.8981721203644942,2.715810359844472,4.0,1,12.905845,11.645519,3.08,3.41333,1805018112.0,"(0,15]",>0,>0,OK,1,1,1,1,1,ledger
BY,NASDAQ:BY,"Byline Bancorp, Inc.",Daily,2024-12-06,2024-12-12,31.549999237060547,31.280000686645508,1.6863803519124714,-33.979119299757414,-0.3397911929975741,-0.8557798952270096,4.0,0,12.905845,11.645519,3.08,3.41333,1805018112.0,"(0,15]",>0,>0,OK,1,1,1,1,1,ledger
BY,NASDAQ:BY,"Byline Bancorp, Inc.",Daily,2025-11-03,2025-11-13,26.899999618530273,27.299999237060547,2.107866015106146,56.20970679702573,0.5620970679702574,1.486987450567585,8.0,1,12.905845,11.645519,3.08,3.41333,1805018112.0,"(0,15]",>0,>0,OK,1,1,1,1,1,ledger
BY,NASDAQ:BY,"Byline Bancorp, Inc.",Daily,2026-01-05,2026-01-20,29.700000762939453,30.190000534057617,1.6125645352959386,51.308880655888316,0.5130888065588831,1.649830836804558,10.0,1,12.905845,11.645519,3.08,3.41333,1805018112.0,"(0,15]",>0,>0,OK,1,1,1,1,1,ledger
BY,NASDAQ:BY,"Byline Bancorp, Inc.",Daily,2026-02-25,2026-02-27,32.369998931884766,31.200000762939453,1.7882390428234196,-137.64709050273314,-1.3764709050273312,-3.614452293950658,2.0,0,12.905845,11.645519,3.08,3.41333,1805018112.0,"(0,15]",>0,>0,OK,1,1,1,1,1,ledger
BY,NASDAQ:BY,"Byline Bancorp, Inc.",Weekly,2024-02-16,2024-04-12,21.299999237060547,20.190000534057617,2.515628352764466,-86.71873137353074,-0.8671873137353074,-5.211261703106578,8.0,0,12.905845,11.645519,3.08,3.41333,1805018112.0,"(0,15]",>0,>0,OK,1,1,1,1,1,ledger
BY,NASDAQ:BY,"Byline Bancorp, Inc.",Weekly,2024-08-16,2024-10-04,26.5,25.65999984741211,1.5177669102974594,-42.639616516289436,-0.4263961651628944,-3.1698118965580777,7.0,0,12.905845,11.645519,3.08,3.41333,1805018112.0,"(0,15]",>0,>0,OK,1,1,1,1,1,ledger
BY,NASDAQ:BY,"Byline Bancorp, Inc.",Monthly,2022-10-31,2023-03-31,23.1200008392334,21.6200008392334,2.030301784815199,-50.50502974691999,-0.5050502974691998,-6.487889037852372,5.0,0,12.905845,11.645519,3.08,3.41333,1805018112.0,"(0,15]",>0,>0,OK,1,1,1,1,1,ledger
BZ,NASDAQ:BZ,Kanzhun Limited,Daily,2024-10-10,2024-10-14,16.940000534057617,16.100000381469727,2.4842598190299494,-81.51480712457655,-0.8151480712457655,-4.958678430375978,2.0,0,15.518869,11.335929,1.06,1.4511383,7350816768.0,"(15,25]",>0,>0,OK,1,1,1,1,1,ledger
BZ,NASDAQ:BZ,Kanzhun Limited,Daily,2024-12-27,2025-01-06,13.869999885559082,13.600000381469727,3.3720764907267995,-46.69020868215977,-0.46690208682159773,-1.9466438811615905,5.0,0,15.518869,11.335929,1.06,1.4511383,7350816768.0,"(15,25]",>0,>0,OK,1,1,1,1,1,ledger
BZ,NASDAQ:BZ,Kanzhun Limited,Daily,2025-08-18,2025-08-19,21.530000686645508,21.06999969482422,1.6809508599068705,-67.82802427626449,-0.6782802427626449,-2.136558184629393,1.0,0,15.518869,11.335929,1.06,1.4511383,7350816768.0,"(15,25]",>0,>0,OK,1,1,1,1,1,ledger
BZ,NASDAQ:BZ,Kanzhun Limited,Daily,2025-09-29,2025-10-01,23.440000534057617,22.889999389648438,2.654539436165277,-80.21977871327128,-0.8021977871327128,-2.346421211083355,2.0,0,15.518869,11.335929,1.06,1.4511383,7350816768.0,"(15,25]",>0,>0,OK,1,1,1,1,1,ledger
BZ,NASDAQ:BZ,Kanzhun Limited,Weekly,2023-03-24,2023-04-14,19.59000015258789,17.200000762939453,1.9166669407110466,-68.67815241471465,-0.6867815241471464,-12.200098882248923,3.0,0,15.518869,11.335929,1.06,1.4511383,7350816768.0,"(15,25]",>0,>0,OK,1,1,1,1,1,ledger
BZ,NASDAQ:BZ,Kanzhun Limited,Weekly,2024-08-16,2024-08-30,14.600000381469727,12.460000038146973,4.448087283612331,-116.93991434649335,-1.1693991434649333,-14.657536215128017,2.0,0,15.518869,11.335929,1.06,1.4511383,7350816768.0,"(15,25]",>0,>0,OK,1,1,1,1,1,ledger
BZ,NASDAQ:BZ,Kanzhun Limited,Weekly,2024-12-06,2024-12-20,13.920000076293945,13.619999885559082,3.1794869286852716,-17.09402684742462,-0.17094026847424618,-2.155173772202559,2.0,0,15.518869,11.335929,1.06,1.4511383,7350816768.0,"(15,25]",>0,>0,OK,1,1,1,1,1,ledger
CAAP,NASDAQ:CAAP,Corporacion America Airports SA Common Shares,Daily,2025-01-02,2025-01-13,19.260000228881836,18.610000610351562,1.8,-76.47050903746256,-0.7647050903746255,-3.3748681765618542,6.0,0,15.195402,11.606521,1.74,2.27803,4315608576.0,"(15,25]",>0,>0,OK,1,1,1,1,1,ledger
CAAP,NASDAQ:CAAP,Corporacion America Airports SA Common Shares,Daily,2025-06-06,2025-06-11,20.479999542236328,20.010000228881836,2.4303884745319984,-69.43954992982842,-0.6943954992982841,-2.294918573534159,3.0,0,15.195402,11.606521,1.74,2.27803,4315608576.0,"(15,25]",>0,>0,OK,1,1,1,1,1,ledger
CAAP,NASDAQ:CAAP,Corporacion America Airports SA Common Shares,Daily,2026-05-05,2026-05-11,24.780000686645508,25.100000381469727,3.252244617632486,34.51799322776831,0.3451799322776831,1.2913627359044977,4.0,1,15.195402,11.606521,1.74,2.27803,4315608576.0,"(15,25]",>0,>0,OK,1,1,1,1,1,ledger
CAAP,NASDAQ:CAAP,Corporacion America Airports SA Common Shares,Weekly,2020-07-24,2020-08-21,2.6500000953674316,2.440000057220459,1.6614876942000225,-37.11835600218017,-0.37118356002180175,-7.924529456209527,4.0,0,15.195402,11.606521,1.74,2.27803,4315608576.0,"(15,25]",>0,>0,OK,1,1,1,1,1,ledger
CAAP,NASDAQ:CAAP,Corporacion America Airports SA Common Shares,Weekly,2023-11-10,2024-02-16,11.699999809265137,14.899999618530273,2.873875243895838,288.28836027249315,2.882883602724932,27.35042616608491,14.0,1,15.195402,11.606521,1.74,2.27803,4315608576.0,"(15,25]",>0,>0,OK,1,1,1,1,1,ledger
CAC,NASDAQ:CAC,Camden National Corporation,Daily,2024-11-21,2024-11-26,46.7599983215332,47.84000015258789,1.8914293561662947,61.714390345982146,0.6171439034598214,2.3096703802860095,3.0,1,11.450192,10.260944,5.22,5.825,1009890176.0,"(0,15]",>0,>0,OK,1,1,1,1,1,ledger
CAC,NASDAQ:CAC,Camden National Corporation,Daily,2026-01-05,2026-01-12,44.150001525878906,44.150001525878906,1.6060577336557713,0.0,0.0,0.0,5.0,0,11.450192,10.260944,5.22,5.825,1009890176.0,"(0,15]",>0,>0,OK,1,1,1,1,1,ledger
CAC,NASDAQ:CAC,Camden National Corporation,Daily,2026-02-20,2026-02-23,49.189998626708984,46.95000076293945,1.6292939974880942,-153.34510234972487,-1.5334510234972487,-4.553766876003258,1.0,0,11.450192,10.260944,5.22,5.825,1009890176.0,"(0,15]",>0,>0,OK,1,1,1,1,1,ledger
CAC,NASDAQ:CAC,Camden National Corporation,Weekly,2017-09-15,2017-11-03,40.0099983215332,43.150001525878906,1.8625437346543634,107.90389584171758,1.0790389584171758,7.848046328599237,7.0,1,11.450192,10.260944,5.22,5.825,1009890176.0,"(0,15]",>0,>0,OK,1,1,1,1,1,ledger
CAC,NASDAQ:CAC,Camden National Corporation,Weekly,2018-01-12,2018-03-23,43.619998931884766,42.97999954223633,1.697547205815179,-28.66567053242937,-0.2866567053242937,-1.4672155096744381,10.0,0,11.450192,10.260944,5.22,5.825,1009890176.0,"(0,15]",>0,>0,OK,1,1,1,1,1,ledger
CAC,NASDAQ:CAC,Camden National Corporation,Weekly,2021-08-06,2021-11-19,45.77000045776367,47.9900016784668,1.658899350511067,94.67247200496406,0.9467247200496407,4.850341268298066,15.0,1,11.450192,10.260944,5.22,5.825,1009890176.0,"(0,15]",>0,>0,OK,1,1,1,1,1,ledger
CAC,NASDAQ:CAC,Camden National Corporation,Weekly,2024-08-16,2024-10-25,37.86000061035156,40.18000030517578,1.9374985926686314,80.55551508328091,0.805555150832809,6.127838503494085,10.0,1,11.450192,10.260944,5.22,5.825,1009890176.0,"(0,15]",>0,>0,OK,1,1,1,1,1,ledger
CAC,NASDAQ:CAC,Camden National Corporation,Weekly,2025-01-17,2025-02-21,44.04999923706055,43.09000015258789,1.6358695539499735,-26.08692947993656,-0.2608692947993656,-2.1793396165713914,5.0,0,11.450192,10.260944,5.22,5.825,1009890176.0,"(0,15]",>0,>0,OK,1,1,1,1,1,ledger
CAC,NASDAQ:CAC,Camden National Corporation,Monthly,2025-06-30,2025-07-31,40.58000183105469,37.709999084472656,1.5685938969918762,-47.438037998148765,-0.4743803799814877,-7.072455931694173,1.0,0,11.450192,10.260944,5.22,5.825,1009890176.0,"(0,15]",>0,>0,OK,1,1,1,1,1,ledger
CACC,NASDAQ:CACC,Credit Acceptance Corporation,Daily,2024-07-25,2024-08-01,573.9299926757812,489.2900085449219,1.6204588241816784,-334.28104126139283,-3.342810412613929,-14.747440491173865,5.0,0,14.655946,10.722625,40.11,54.82333,6148952576.0,"(0,15]",>0,>0,OK,1,1,1,1,1,ledger
CACC,NASDAQ:CACC,Credit Acceptance Corporation,Weekly,2020-10-02,2020-10-16,353.92999267578125,333.6199951171875,2.8272232123834438,-31.026581438727305,-0.3102658143872731,-5.738422280927966,2.0,0,14.655946,10.722625,40.11,54.82333,6148952576.0,"(0,15]",>0,>0,OK,1,1,1,1,1,ledger
CACC,NASDAQ:CACC,Credit Acceptance Corporation,Weekly,2022-02-25,2022-03-11,555.989990234375,470.30999755859375,2.2318540853511903,-129.8378623355963,-1.2983786233559629,-15.410348060342463,2.0,0,14.655946,10.722625,40.11,54.82333,6148952576.0,"(0,15]",>0,>0,OK,1,1,1,1,1,ledger
CACC,NASDAQ:CACC,Credit Acceptance Corporation,Weekly,2023-03-31,2023-05-05,436.0400085449219,450.2699890136719,2.647470870255748,27.684790191625478,0.27684790191625475,3.2634575245138295,5.0,1,14.655946,10.722625,40.11,54.82333,6148952576.0,"(0,15]",>0,>0,OK,1,1,1,1,1,ledger
CACC,NASDAQ:CACC,Credit Acceptance Corporation,Weekly,2024-06-28,2024-07-26,514.6799926757812,573.0599975585938,2.0552194781136914,117.6541931230273,1.176541931230273,11.34297149949416,4.0,1,14.655946,10.722625,40.11,54.82333,6148952576.0,"(0,15]",>0,>0,OK,1,1,1,1,1,ledger
CAI,NASDAQ:CAI,"Caris Life Sciences, Inc.",Daily,2025-09-30,2025-10-02,30.25,29.709999084472656,5.990219825419314,-26.405911754583464,-0.26405911754583467,-1.7851269934788223,2.0,0,,45.26159,-2.76,0.35571,4551159296.0,missing,<=0,>0,OK,0,0,0,0,0,ledger
CAI,NASDAQ:CAI,"Caris Life Sciences, Inc.",Weekly,2026-04-17,2026-05-01,21.149999618530273,18.469999313354492,4.383984612745478,-55.03081915746087,-0.5503081915746086,-12.671396470512164,2.0,0,,45.26159,-2.76,0.35571,4551159296.0,missing,<=0,>0,OK,0,0,0,0,0,ledger
CAKE,NASDAQ:CAKE,The Cheesecake Factory Incorporated,Daily,2024-09-12,2024-09-27,36.70000076293945,39.79999923706055,3.5692323944281914,238.46156103372488,2.384615610337249,8.446862151707494,11.0,1,28.448925,21.454912,3.72,4.93267,5266167808.0,"(25,40]",>0,>0,OK,1,1,0,1,1,ledger
CAKE,NASDAQ:CAKE,The Cheesecake Factory Incorporated,Daily,2024-11-05,2024-11-07,46.72999954223633,47.29999923706055,1.8641990425574502,35.185189545838796,0.35185189545838796,1.2197725238773685,2.0,1,28.448925,21.454912,3.72,4.93267,5266167808.0,"(25,40]",>0,>0,OK,1,1,0,1,1,ledger
CAKE,NASDAQ:CAKE,The Cheesecake Factory Incorporated,Daily,2024-11-12,2024-11-14,48.0099983215332,48.099998474121094,1.574715541621906,5.172428912809945,0.05172428912809945,0.1874612700153422,2.0,1,28.448925,21.454912,3.72,4.93267,5266167808.0,"(25,40]",>0,>0,OK,1,1,0,1,1,ledger
CAKE,NASDAQ:CAKE,The Cheesecake Factory Incorporated,Daily,2025-02-13,2025-02-26,52.5099983215332,53.650001525878906,2.237212322727281,53.023461300298614,0.5302346130029861,2.1710212165027105,8.0,1,28.448925,21.454912,3.72,4.93267,5266167808.0,"(25,40]",>0,>0,OK,1,1,0,1,1,ledger
CAKE,NASDAQ:CAKE,The Cheesecake Factory Incorporated,Weekly,2023-04-28,2023-05-12,33.689998626708984,31.18000030517578,2.645271907882495,-87.47862866010807,-0.8747862866010806,-7.45027730438466,2.0,0,28.448925,21.454912,3.72,4.93267,5266167808.0,"(25,40]",>0,>0,OK,1,1,0,1,1,ledger
CAKE,NASDAQ:CAKE,The Cheesecake Factory Incorporated,Weekly,2025-10-24,2025-10-31,56.150001525878906,49.79999923706055,3.1006835025358557,-145.30888553296612,-1.4530888553296613,-11.308997535630901,1.0,0,28.448925,21.454912,3.72,4.93267,5266167808.0,"(25,40]",>0,>0,OK,1,1,0,1,1,ledger
CAKE,NASDAQ:CAKE,The Cheesecake Factory Incorporated,Monthly,2021-09-30,2021-10-31,47.0,40.63999938964844,2.0609521933561266,-69.68452370511788,-0.6968452370511788,-13.531916192237366,1.0,0,28.448925,21.454912,3.72,4.93267,5266167808.0,"(25,40]",>0,>0,OK,1,1,0,1,1,ledger
CAKE,NASDAQ:CAKE,The Cheesecake Factory Incorporated,Monthly,2025-12-31,2026-03-31,50.47999954223633,54.75,2.5937918760846275,57.624838673309014,0.5762483867330901,8.458796546127118,3.0,1,28.448925,21.454912,3.72,4.93267,5266167808.0,"(25,40]",>0,>0,OK,1,1,0,1,1,ledger
CALM,NASDAQ:CALM,"Cal-Maine Foods, Inc.",Daily,2024-08-06,2024-09-04,69.19000244140625,68.94000244140625,1.8931184167121708,-13.483770508936713,-0.13483770508936713,-0.3613238779861487,20.0,0,13.122291,23.645744,6.46,3.585,3977160704.0,"(0,15]",>0,>0,OK,1,1,1,0,1,ledger
CALM,NASDAQ:CALM,"Cal-Maine Foods, Inc.",Daily,2025-04-22,2025-04-30,93.0999984741211,93.37000274658203,1.7459256916504395,6.227310636052575,0.06227310636052575,0.29001533500131077,6.0,1,13.122291,23.645744,6.46,3.585,3977160704.0,"(0,15]",>0,>0,OK,1,1,1,0,1,ledger
CALM,NASDAQ:CALM,"Cal-Maine Foods, Inc.",Daily,2026-02-11,2026-02-17,83.18000030517578,81.2300033569336,2.437551004960307,-75.4478526725641,-0.7544785267256409,-2.3443098594468883,3.0,0,13.122291,23.645744,6.46,3.585,3977160704.0,"(0,15]",>0,>0,OK,1,1,1,0,1,ledger
CALM,NASDAQ:CALM,"Cal-Maine Foods, Inc.",Weekly,2020-10-23,2020-12-11,39.75,37.54999923706055,2.6322799168483053,-83.80633796258748,-0.8380633796258748,-5.53459311431309,7.0,0,13.122291,23.645744,6.46,3.585,3977160704.0,"(0,15]",>0,>0,OK,1,1,1,0,1,ledger
CALM,NASDAQ:CALM,"Cal-Maine Foods, Inc.",Weekly,2022-06-24,2022-09-30,49.41999816894531,55.59000015258789,1.9285722270429944,113.00371828246371,1.1300371828246372,12.484828434331474,14.0,1,13.122291,23.645744,6.46,3.585,3977160704.0,"(0,15]",>0,>0,OK,1,1,1,0,1,ledger
CALM,NASDAQ:CALM,"Cal-Maine Foods, Inc.",Weekly,2025-12-12,2025-12-26,86.88999938964844,81.9800033569336,6.034115314162301,-74.98729600500967,-0.7498729600500966,-5.650818353325701,2.0,0,13.122291,23.645744,6.46,3.585,3977160704.0,"(0,15]",>0,>0,OK,1,1,1,0,1,ledger
CALM,NASDAQ:CALM,"Cal-Maine Foods, Inc.",Weekly,2026-06-12,2026-08-07,78.0999984741211,84.7699966430664,2.328330093585299,125.14063560134781,1.251406356013478,8.540330728886577,8.0,1,13.122291,23.645744,6.46,3.585,3977160704.0,"(0,15]",>0,>0,OK,1,1,1,0,1,ledger
CALM,NASDAQ:CALM,"Cal-Maine Foods, Inc.",Monthly,2021-12-31,2022-05-31,36.9900016784668,47.72999954223633,2.3612545831808265,262.25309184256076,2.6225309184256074,29.034867197699178,5.0,1,13.122291,23.645744,6.46,3.585,3977160704.0,"(0,15]",>0,>0,OK,1,1,1,0,1,ledger
CAMT,NASDAQ:CAMT,Camtek Ltd.,Daily,2024-07-23,2024-07-24,116.4000015258789,108.87000274658203,2.081173977839182,-65.02588591223957,-0.6502588591223958,-6.469071031431859,1.0,0,144.40001,33.508442,1.05,4.52483,7074061312.0,>40,>0,>0,OK,1,1,0,1,1,ledger
CAMT,NASDAQ:CAMT,Camtek Ltd.,Daily,2025-01-30,2025-02-03,90.94999694824219,89.25,2.37170444773771,-20.383665404248312,-0.20383665404248313,-1.8691555857991082,2.0,0,144.40001,33.508442,1.05,4.52483,7074061312.0,>40,>0,>0,OK,1,1,0,1,1,ledger
CAMT,NASDAQ:CAMT,Camtek Ltd.,Daily,2025-12-23,2025-12-29,108.79000091552734,107.9000015258789,1.7824323948148997,-12.027016299063956,-0.12027016299063956,-0.8180893300474364,3.0,0,144.40001,33.508442,1.05,4.52483,7074061312.0,>40,>0,>0,OK,1,1,0,1,1,ledger
CAMT,NASDAQ:CAMT,Camtek Ltd.,Weekly,2017-07-14,2017-08-04,5.309999942779541,4.949999809265137,3.9348315252705612,-53.45433296136093,-0.5345433296136093,-6.779663604402239,3.0,0,144.40001,33.508442,1.05,4.52483,7074061312.0,>40,>0,>0,OK,1,1,0,1,1,ledger
CAMT,NASDAQ:CAMT,Camtek Ltd.,Weekly,2024-08-16,2024-09-06,99.93000030517578,77.87999725341797,1.8627181803787936,-101.23968910740983,-1.0123968910740984,-22.06544879857841,3.0,0,144.40001,33.508442,1.05,4.52483,7074061312.0,>40,>0,>0,OK,1,1,0,1,1,ledger
CAMT,NASDAQ:CAMT,Camtek Ltd.,Weekly,2025-11-28,2025-12-19,105.30000305175781,104.04000091552734,1.8005975884502698,-9.410023851117971,-0.09410023851117971,-1.1965831906112514,3.0,0,144.40001,33.508442,1.05,4.52483,7074061312.0,>40,>0,>0,OK,1,1,0,1,1,ledger
CAMT,NASDAQ:CAMT,Camtek Ltd.,Weekly,2026-05-29,2026-06-26,171.66000366210938,153.72000122070312,1.840183004151354,-74.47075620011123,-0.7447075620011122,-10.450892496028857,4.0,0,144.40001,33.508442,1.05,4.52483,7074061312.0,>40,>0,>0,OK,1,1,0,1,1,ledger
CAMT,NASDAQ:CAMT,Camtek Ltd.,Monthly,2025-01-31,2025-02-28,94.54000091552734,74.5199966430664,1.8599757501955205,-81.01985032059822,-0.8101985032059822,-21.176226019237145,1.0,0,144.40001,33.508442,1.05,4.52483,7074061312.0,>40,>0,>0,OK,1,1,0,1,1,ledger
CAPN,NASDAQ:CAPN,Cayson Acquisition Corp,Daily,2025-12-15,2026-01-05,10.630000114440918,10.609999656677246,10.9943564370551,-27.147198338241374,-0.27147198338241374,-0.18815105878033936,13.0,0,58.421055,,0.19,,58697824.0,>40,>0,missing,OK,1,1,0,0,1,ledger
CAPN,NASDAQ:CAPN,Cayson Acquisition Corp,Daily,2026-02-05,2026-02-09,10.75,10.729999542236328,1.713835004199175,-34.277353857659975,-0.34277353857659976,-0.1860507698946221,2.0,0,58.421055,,0.19,,58697824.0,>40,>0,missing,OK,1,1,0,0,1,ledger
CAR,NASDAQ:CAR,"Avis Budget Group, Inc.",Daily,2026-05-21,2026-06-01,157.7100067138672,169.36000061035156,21.130832514167885,35.677918210096216,0.35677918210096216,7.3869719108064755,6.0,1,,23.343054,-18.32,6.04591,4985523712.0,missing,<=0,>0,OK,0,0,0,0,0,ledger
CAR,NASDAQ:CAR,"Avis Budget Group, Inc.",Weekly,2020-07-03,2020-07-31,25.920000076293945,25.899999618530273,1.5746334357388119,-0.2999370975771978,-0.002999370975771978,-0.07716225966358697,4.0,0,,23.343054,-18.32,6.04591,4985523712.0,missing,<=0,>0,OK,0,0,0,0,0,ledger
CAR,NASDAQ:CAR,"Avis Budget Group, Inc.",Weekly,2022-03-11,2022-05-06,208.0,255.86000061035156,5.091526222137618,72.28514689204471,0.7228514689204472,23.009615678053635,8.0,1,,23.343054,-18.32,6.04591,4985523712.0,missing,<=0,>0,OK,0,0,0,0,0,ledger
CAR,NASDAQ:CAR,"Avis Budget Group, Inc.",Weekly,2023-01-06,2023-03-10,166.3000030517578,191.83999633789062,3.1894924582386093,101.67201814033865,1.0167201814033866,15.357782812658133,9.0,1,,23.343054,-18.32,6.04591,4985523712.0,missing,<=0,>0,OK,0,0,0,0,0,ledger
CAR,NASDAQ:CAR,"Avis Budget Group, Inc.",Weekly,2023-06-02,2023-07-21,174.82000732421875,226.33999633789062,3.6451574645453686,245.68093147088814,2.4568093147088814,29.470304802197848,7.0,1,,23.343054,-18.32,6.04591,4985523712.0,missing,<=0,>0,OK,0,0,0,0,0,ledger
CAR,NASDAQ:CAR,"Avis Budget Group, Inc.",Weekly,2025-10-24,2025-10-31,157.00999450683594,136.07000732421875,3.7093187501463305,-139.19907318331036,-1.3919907318331035,-13.336722447758254,1.0,0,,23.343054,-18.32,6.04591,4985523712.0,missing,<=0,>0,OK,0,0,0,0,0,ledger
CAR,NASDAQ:CAR,"Avis Budget Group, Inc.",Weekly,2026-05-22,2026-06-26,167.0500030517578,166.49000549316406,9.663962953691042,-0.7950922776191225,-0.007950922776191225,-0.33522750575481497,5.0,0,,23.343054,-18.32,6.04591,4985523712.0,missing,<=0,>0,OK,0,0,0,0,0,ledger
CAR,NASDAQ:CAR,"Avis Budget Group, Inc.",Monthly,2022-10-31,2023-03-31,236.4600067138672,194.8000030517578,2.9499184195144488,-39.81649786671551,-0.3981649786671551,-17.618202858515875,5.0,0,,23.343054,-18.32,6.04591,4985523712.0,missing,<=0,>0,OK,0,0,0,0,0,ledger
CARE,NASDAQ:CARE,"Carter Bankshares, Inc.",Daily,2024-10-09,2024-10-21,17.229999542236328,18.1200008392334,2.866115534191323,238.3969411498557,2.383969411498557,5.165416834837331,8.0,1,6.1164384,13.862855,5.84,2.57667,791634240.0,"(0,15]",>0,>0,OK,1,1,1,0,1,ledger
CARE,NASDAQ:CARE,"Carter Bankshares, Inc.",Daily,2024-11-21,2024-11-22,18.84000015258789,18.649999618530273,2.9596885195119382,-36.047602042719944,-0.36047602042719945,-1.008495395534901,1.0,0,6.1164384,13.862855,5.84,2.57667,791634240.0,"(0,15]",>0,>0,OK,1,1,1,0,1,ledger
CARE,NASDAQ:CARE,"Carter Bankshares, Inc.",Daily,2025-09-17,2025-09-24,19.780000686645508,19.6299991607666,1.5673662425987624,-31.34764373345364,-0.31347643733453645,-0.7583494472787352,5.0,0,6.1164384,13.862855,5.84,2.57667,791634240.0,"(0,15]",>0,>0,OK,1,1,1,0,1,ledger
CARE,NASDAQ:CARE,"Carter Bankshares, Inc.",Daily,2026-01-05,2026-01-12,19.709999084472656,19.940000534057617,2.3589782464102664,58.97482295864471,0.589748229586447,1.1669277537722151,5.0,1,6.1164384,13.862855,5.84,2.57667,791634240.0,"(0,15]",>0,>0,OK,1,1,1,0,1,ledger
CARE,NASDAQ:CARE,"Carter Bankshares, Inc.",Daily,2026-07-10,2026-07-13,32.560001373291016,31.600000381469727,1.9448791462290078,-75.59060203110029,-0.7559060203110028,-2.948405870181499,1.0,0,6.1164384,13.862855,5.84,2.57667,791634240.0,"(0,15]",>0,>0,OK,1,1,1,0,1,ledger
CARE,NASDAQ:CARE,"Carter Bankshares, Inc.",Weekly,2017-11-10,2018-02-09,16.850000381469727,17.399999618530273,3.066659602424448,122.22184546263722,1.2222184546263721,3.2640903537627914,13.0,1,6.1164384,13.862855,5.84,2.57667,791634240.0,"(0,15]",>0,>0,OK,1,1,1,0,1,ledger
CARG,NASDAQ:CARG,"CarGurus, Inc.",Daily,2024-11-21,2024-12-09,35.72999954223633,37.869998931884766,2.02034886165088,195.63561637589865,1.9563561637589866,5.989363048042446,11.0,1,19.484211,12.661908,1.9,2.92373,3338726400.0,"(15,25]",>0,>0,OK,1,1,1,1,1,ledger
CARG,NASDAQ:CARG,"CarGurus, Inc.",Weekly,2018-11-02,2018-11-16,44.91999816894531,38.790000915527344,2.34857177734375,-116.76185244605655,-1.1676185244605655,-13.646477077676819,2.0,0,19.484211,12.661908,1.9,2.92373,3338726400.0,"(15,25]",>0,>0,OK,1,1,1,1,1,ledger
CARG,NASDAQ:CARG,"CarGurus, Inc.",Weekly,2021-05-07,2021-06-11,27.350000381469727,25.1299991607666,1.94703350790418,-47.033912003362104,-0.47033912003362105,-8.117006178205498,5.0,0,19.484211,12.661908,1.9,2.92373,3338726400.0,"(15,25]",>0,>0,OK,1,1,1,1,1,ledger
CARS,NASDAQ:CARS,Cars.com Inc.,Daily,2024-09-05,2024-09-09,17.639999389648438,17.329999923706055,1.8321584400369737,-56.23445635869653,-0.5623445635869653,-1.7573666477805987,2.0,0,27.790697,4.7484703,0.43,2.5166,668041152.0,"(25,40]",>0,>0,OK,1,1,0,1,1,ledger
CARS,NASDAQ:CARS,Cars.com Inc.,Daily,2025-02-11,2025-02-18,17.809999465942383,17.299999237060547,1.8593776077056958,-79.68761175881554,-0.7968761175881554,-2.863561168865258,4.0,0,27.790697,4.7484703,0.43,2.5166,668041152.0,"(25,40]",>0,>0,OK,1,1,0,1,1,ledger
CARS,NASDAQ:CARS,Cars.com Inc.,Daily,2025-04-01,2025-04-03,11.369999885559082,10.6899995803833,1.8821056469911985,-112.26596744670746,-1.1226596744670745,-5.980653579772173,2.0,0,27.790697,4.7484703,0.43,2.5166,668041152.0,"(25,40]",>0,>0,OK,1,1,0,1,1,ledger
CARS,NASDAQ:CARS,Cars.com Inc.,Daily,2025-10-31,2025-11-05,10.739999771118164,10.40999984741211,1.6171568143239132,-76.2373958227015,-0.7623739582270149,-3.0726250534332897,3.0,0,27.790697,4.7484703,0.43,2.5166,668041152.0,"(25,40]",>0,>0,OK,1,1,0,1,1,ledger
CARS,NASDAQ:CARS,Cars.com Inc.,Daily,2026-01-06,2026-01-13,12.579999923706055,12.180000305175781,1.8196725924791013,-65.57374486227215,-0.6557374486227215,-3.1796472254066113,5.0,0,27.790697,4.7484703,0.43,2.5166,668041152.0,"(25,40]",>0,>0,OK,1,1,0,1,1,ledger
CARS,NASDAQ:CARS,Cars.com Inc.,Daily,2026-07-24,2026-07-30,11.460000038146973,11.880000114440918,2.225825320997514,96.37593270973672,0.9637593270973672,3.6649221195103707,4.0,1,27.790697,4.7484703,0.43,2.5166,668041152.0,"(25,40]",>0,>0,OK,1,1,0,1,1,ledger
CARS,NASDAQ:CARS,Cars.com Inc.,Weekly,2022-01-14,2022-01-21,16.40999984741211,14.890000343322754,1.7070068956133402,-96.81527385644101,-0.9681527385644101,-9.262641792949575,1.0,0,27.790697,4.7484703,0.43,2.5166,668041152.0,"(25,40]",>0,>0,OK,1,1,0,1,1,ledger
CARS,NASDAQ:CARS,Cars.com Inc.,Weekly,2025-10-24,2026-01-02,11.300000190734863,12.039999961853027,2.102361507015136,58.26767751101606,0.5826767751101606,6.548670430332447,10.0,1,27.790697,4.7484703,0.43,2.5166,668041152.0,"(25,40]",>0,>0,OK,1,1,0,1,1,ledger
CARS,NASDAQ:CARS,Cars.com Inc.,Monthly,2022-07-31,2023-08-31,11.760000228881836,18.690000534057617,2.385631408636612,225.54470070894408,2.255447007089441,58.92857287669202,13.0,1,27.790697,4.7484703,0.43,2.5166,668041152.0,"(25,40]",>0,>0,OK,1,1,0,1,1,ledger
CART,NASDAQ:CART,Maplebear Inc.,Daily,2024-09-25,2024-10-02,40.5,39.45000076293945,1.5026358410018845,-75.85409123566917,-0.7585409123566917,-2.5925907087914735,5.0,0,25.220997,9.622397,1.81,4.74414,10729111552.0,"(25,40]",>0,>0,OK,1,1,0,1,1,ledger
CART,NASDAQ:CART,Maplebear Inc.,Weekly,2024-11-29,2024-12-13,43.66999816894531,41.779998779296875,1.7773889861737824,-52.985236879925054,-0.5298523687992506,-4.327912683523897,2.0,0,25.220997,9.622397,1.81,4.74414,10729111552.0,"(25,40]",>0,>0,OK,1,1,0,1,1,ledger
CASH,NASDAQ:CASH,"Pathward Financial, Inc.",Daily,2024-08-15,2024-08-20,63.630001068115234,63.86000061035156,1.8691560019632008,7.165088302437482,0.07165088302437482,0.36146399241784716,3.0,1,11.357868,9.326152,7.88,9.59667,1889348096.0,"(0,15]",>0,>0,OK,1,1,1,1,1,ledger
CASH,NASDAQ:CASH,"Pathward Financial, Inc.",Daily,2024-09-30,2024-10-01,66.01000213623047,64.54000091552734,2.0861599472583987,-86.62872530910015,-0.8662872530910015,-2.2269370900327474,1.0,0,11.357868,9.326152,7.88,9.59667,1889348096.0,"(0,15]",>0,>0,OK,1,1,1,1,1,ledger
CASH,NASDAQ:CASH,"Pathward Financial, Inc.",Weekly,2018-11-02,2018-11-16,25.010000228881836,24.170000076293945,4.13776400371106,-24.27745409823504,-0.2427745409823504,-3.358657116755436,2.0,0,11.357868,9.326152,7.88,9.59667,1889348096.0,"(0,15]",>0,>0,OK,1,1,1,1,1,ledger
CASH,NASDAQ:CASH,"Pathward Financial, Inc.",Weekly,2023-09-01,2023-09-22,50.18000030517578,45.90999984741211,2.855955576219963,-118.2825411585688,-1.182825411585688,-8.509367141879522,3.0,0,11.357868,9.326152,7.88,9.59667,1889348096.0,"(0,15]",>0,>0,OK,1,1,1,1,1,ledger
CASH,NASDAQ:CASH,"Pathward Financial, Inc.",Monthly,2022-11-30,2023-03-31,43.529998779296875,41.4900016784668,1.8132580632129622,-16.491489708797026,-0.16491489708797025,-4.686416627698857,4.0,0,11.357868,9.326152,7.88,9.59667,1889348096.0,"(0,15]",>0,>0,OK,1,1,1,1,1,ledger
CASS,NASDAQ:CASS,"Cass Information Systems, Inc.",Daily,2024-07-23,2024-08-01,40.849998474121094,41.470001220703125,2.4938274124425046,25.51451311596364,0.25514513115963644,1.5177546382891778,7.0,1,20.375,16.536232,2.8,3.45,728870784.0,"(15,25]",>0,>0,OK,1,1,1,1,1,ledger
CASS,NASDAQ:CASS,"Cass Information Systems, Inc.",Daily,2025-07-16,2025-07-18,44.61000061035156,43.0099983215332,1.6482745738722313,-110.34492737609476,-1.1034492737609476,-3.58664484852548,2.0,0,20.375,16.536232,2.8,3.45,728870784.0,"(15,25]",>0,>0,OK,1,1,1,1,1,ledger
CASS,NASDAQ:CASS,"Cass Information Systems, Inc.",Daily,2026-05-07,2026-05-11,47.619998931884766,46.709999084472656,3.2218540747628284,-60.7015653196563,-0.607015653196563,-1.9109615031990348,2.0,0,20.375,16.536232,2.8,3.45,728870784.0,"(15,25]",>0,>0,OK,1,1,1,1,1,ledger
CASS,NASDAQ:CASS,"Cass Information Systems, Inc.",Weekly,2019-10-25,2019-11-15,53.40999984741211,57.880001068115234,1.9752180695402175,160.8237610678727,1.608237610678727,8.369221556775031,3.0,1,20.375,16.536232,2.8,3.45,728870784.0,"(15,25]",>0,>0,OK,1,1,1,1,1,ledger
CASS,NASDAQ:CASS,"Cass Information Systems, Inc.",Weekly,2021-07-09,2021-09-10,41.529998779296875,42.939998626708984,2.58830634765817,51.98734070191816,0.5198734070191815,3.395135778609771,9.0,1,20.375,16.536232,2.8,3.45,728870784.0,"(15,25]",>0,>0,OK,1,1,1,1,1,ledger
CASS,NASDAQ:CASS,"Cass Information Systems, Inc.",Monthly,2017-10-31,2018-01-31,48.8636360168457,48.29166793823242,1.5553679542082113,-11.367852235077123,-0.11367852235077124,-1.1705393319811397,3.0,0,20.375,16.536232,2.8,3.45,728870784.0,"(15,25]",>0,>0,OK,1,1,1,1,1,ledger
CASY,NASDAQ:CASY,"Casey's General Stores, Inc.",Daily,2025-09-23,2025-09-25,551.0800170898438,543.1300048828125,1.5653130784689486,-60.733352916765746,-0.6073335291676575,-1.4426239312784122,2.0,0,44.866035,36.022522,18.96,23.61467,31478597632.0,>40,>0,>0,OK,1,1,0,1,1,ledger
CASY,NASDAQ:CASY,"Casey's General Stores, Inc.",Daily,2026-04-14,2026-04-28,742.4500122070312,784.6099853515625,1.653050285482697,219.29712159738025,2.1929712159738024,5.678493157971017,10.0,1,44.866035,36.022522,18.96,23.61467,31478597632.0,>40,>0,>0,OK,1,1,0,1,1,ledger
CASY,NASDAQ:CASY,"Casey's General Stores, Inc.",Weekly,2016-11-11,2016-12-30,116.72000122070312,118.87999725341797,2.9776691302982883,34.44967401700125,0.34449674017001247,1.850579172485235,7.0,1,44.866035,36.022522,18.96,23.61467,31478597632.0,>40,>0,>0,OK,1,1,0,1,1,ledger
CASY,NASDAQ:CASY,"Casey's General Stores, Inc.",Weekly,2022-06-24,2022-09-02,191.52999877929688,213.24000549316406,2.085928562122816,182.0889906690698,1.820889906690698,11.335042474930509,10.0,1,44.866035,36.022522,18.96,23.61467,31478597632.0,>40,>0,>0,OK,1,1,0,1,1,ledger
CATY,NASDAQ:CATY,Cathay General Bancorp,Daily,2024-11-21,2024-11-26,51.5099983215332,52.91999816894531,1.7762864097355475,97.83446184122856,0.9783446184122855,2.7373323497521334,3.0,1,12.592955,10.851603,5.11,5.93,4300212224.0,"(0,15]",>0,>0,OK,1,1,1,1,1,ledger
CATY,NASDAQ:CATY,Cathay General Bancorp,Daily,2025-09-17,2025-09-29,48.630001068115234,47.939998626708984,1.7499986376096044,-49.2858349545779,-0.49285834954577906,-1.4188822254800593,8.0,0,12.592955,10.851603,5.11,5.93,4300212224.0,"(0,15]",>0,>0,OK,1,1,1,1,1,ledger
CBAN,NASDAQ:CBAN,"Colony Bankcorp, Inc.",Daily,2024-08-13,2024-08-20,13.489999771118164,14.149999618530273,4.714288772717895,134.69390932693918,1.3469390932693917,4.892511924463903,5.0,1,13.196429,9.3742075,1.68,2.365,470480736.0,"(0,15]",>0,>0,OK,1,1,1,1,1,ledger
CBAN,NASDAQ:CBAN,"Colony Bankcorp, Inc.",Daily,2024-12-26,2025-01-02,16.559999465942383,15.819999694824219,2.415586763982794,-96.1039282737369,-0.961039282737369,-4.4685977957913705,4.0,0,13.196429,9.3742075,1.68,2.365,470480736.0,"(0,15]",>0,>0,OK,1,1,1,1,1,ledger
CBAN,NASDAQ:CBAN,"Colony Bankcorp, Inc.",Daily,2025-06-18,2025-06-30,15.279999732971191,16.469999313354492,2.234646113818898,302.1849536280031,3.021849536280031,7.787955505100691,7.0,1,13.196429,9.3742075,1.68,2.365,470480736.0,"(0,15]",>0,>0,OK,1,1,1,1,1,ledger
CBAN,NASDAQ:CBAN,"Colony Bankcorp, Inc.",Daily,2026-05-20,2026-05-28,19.719999313354492,19.709999084472656,3.3157935243806134,-1.754427058933758,-0.01754427058933758,-0.05071110157221824,5.0,0,13.196429,9.3742075,1.68,2.365,470480736.0,"(0,15]",>0,>0,OK,1,1,1,1,1,ledger
CBAN,NASDAQ:CBAN,"Colony Bankcorp, Inc.",Weekly,2017-06-09,2017-08-04,13.600000381469727,13.699999809265137,2.5722180693817545,27.075830183814503,0.270758301838145,0.7352898896360429,8.0,1,13.196429,9.3742075,1.68,2.365,470480736.0,"(0,15]",>0,>0,OK,1,1,1,1,1,ledger
CBAN,NASDAQ:CBAN,"Colony Bankcorp, Inc.",Weekly,2019-09-20,2019-09-27,16.25,15.350000381469727,2.4545452969133907,-81.81811876535633,-0.8181811876535632,-5.538459190955529,1.0,0,13.196429,9.3742075,1.68,2.365,470480736.0,"(0,15]",>0,>0,OK,1,1,1,1,1,ledger
CBAN,NASDAQ:CBAN,"Colony Bankcorp, Inc.",Weekly,2020-10-09,2021-01-29,11.399999618530273,13.850000381469727,1.5904266274104382,130.31924769266513,1.3031924769266512,21.49123548177202,16.0,1,13.196429,9.3742075,1.68,2.365,470480736.0,"(0,15]",>0,>0,OK,1,1,1,1,1,ledger
CBAN,NASDAQ:CBAN,"Colony Bankcorp, Inc.",Weekly,2025-08-15,2025-10-03,16.479999542236328,16.799999237060547,1.53428170153295,31.27195998085193,0.31271959980851927,1.9417457749564655,7.0,1,13.196429,9.3742075,1.68,2.365,470480736.0,"(0,15]",>0,>0,OK,1,1,1,1,1,ledger
CBFV,NASDAQ:CBFV,"CB Financial Services, Inc.",Daily,2024-10-09,2024-10-15,28.049999237060547,27.860000610351562,1.6666695898099226,-21.838949422313814,-0.21838949422313814,-0.6773569763879073,4.0,0,26.978102,11.010913,1.37,3.35667,187772976.0,"(25,40]",>0,>0,OK,1,1,0,1,1,ledger
CBFV,NASDAQ:CBFV,"CB Financial Services, Inc.",Daily,2025-08-04,2025-08-14,31.5,31.889999389648438,1.653333028157552,25.999959309895836,0.2599995930989583,1.2380933004712302,8.0,1,26.978102,11.010913,1.37,3.35667,187772976.0,"(25,40]",>0,>0,OK,1,1,0,1,1,ledger
CBFV,NASDAQ:CBFV,"CB Financial Services, Inc.",Daily,2025-11-05,2025-11-14,32.0,33.33000183105469,2.9841161690057034,198.44399844287423,1.9844399844287424,4.156255722045898,7.0,1,26.978102,11.010913,1.37,3.35667,187772976.0,"(25,40]",>0,>0,OK,1,1,0,1,1,ledger
CBFV,NASDAQ:CBFV,"CB Financial Services, Inc.",Daily,2025-11-19,2025-12-05,32.779998779296875,34.369998931884766,2.2051332211745374,203.84649242928128,2.038464924292813,4.850519255028464,11.0,1,26.978102,11.010913,1.37,3.35667,187772976.0,"(25,40]",>0,>0,OK,1,1,0,1,1,ledger
CBFV,NASDAQ:CBFV,"CB Financial Services, Inc.",Daily,2025-12-10,2025-12-23,34.90999984741211,35.16999816894531,2.0515455403492213,26.80391694195375,0.26803916941953754,0.7447674668279235,9.0,1,26.978102,11.010913,1.37,3.35667,187772976.0,"(25,40]",>0,>0,OK,1,1,0,1,1,ledger
CBFV,NASDAQ:CBFV,"CB Financial Services, Inc.",Daily,2026-04-16,2026-04-17,35.65999984741211,34.779998779296875,1.521882326923356,-147.17124151689498,-1.47171241516895,-2.4677539873267755,1.0,0,26.978102,11.010913,1.37,3.35667,187772976.0,"(25,40]",>0,>0,OK,1,1,0,1,1,ledger
CBFV,NASDAQ:CBFV,"CB Financial Services, Inc.",Weekly,2022-04-22,2022-05-06,23.299999237060547,22.549999237060547,1.75,-37.5,-0.375,-3.2188842255714065,2.0,0,26.978102,11.010913,1.37,3.35667,187772976.0,"(25,40]",>0,>0,OK,1,1,0,1,1,ledger
CBFV,NASDAQ:CBFV,"CB Financial Services, Inc.",Weekly,2024-04-26,2024-06-21,22.6299991607666,21.0,2.6932537161138277,-100.0,-1.0,-7.20282466290372,8.0,0,26.978102,11.010913,1.37,3.35667,187772976.0,"(25,40]",>0,>0,OK,1,1,0,1,1,ledger
CBFV,NASDAQ:CBFV,"CB Financial Services, Inc.",Monthly,2019-07-31,2020-01-31,24.399999618530273,29.200000762939453,5.198323715995055,198.82037856945797,1.9882037856945798,19.672136145296818,6.0,1,26.978102,11.010913,1.37,3.35667,187772976.0,"(25,40]",>0,>0,OK,1,1,0,1,1,ledger
CBL,NASDAQ:CBL,"CBL & Associates Properties, Inc.",Daily,2024-08-06,2024-08-28,24.670000076293945,26.5,2.948274671393384,315.51726972872893,3.1551726972872896,7.417916165572086,16.0,1,10.532589,-145.02565,5.37,-0.39,1750235520.0,"(0,15]",>0,<=0,OK,1,1,1,0,1,ledger
CBL,NASDAQ:CBL,"CBL & Associates Properties, Inc.",Daily,2024-09-23,2024-09-26,25.200000762939453,25.100000381469727,3.5081922105210497,-16.39348875603472,-0.1639348875603472,-0.39682689858006986,3.0,0,10.532589,-145.02565,5.37,-0.39,1750235520.0,"(0,15]",>0,<=0,OK,1,1,1,0,1,ledger
CBL,NASDAQ:CBL,"CBL & Associates Properties, Inc.",Daily,2025-02-25,2025-02-27,31.6299991607666,30.780000686645508,2.550246495233644,-113.79028074779072,-1.1379028074779072,-2.6873174096552606,2.0,0,10.532589,-145.02565,5.37,-0.39,1750235520.0,"(0,15]",>0,<=0,OK,1,1,1,0,1,ledger
CBL,NASDAQ:CBL,"CBL & Associates Properties, Inc.",Daily,2025-05-27,2025-06-04,24.8700008392334,24.84000015258789,1.5535692390134468,-3.5715096661686365,-0.03571509666168637,-0.12063001862943469,6.0,0,10.532589,-145.02565,5.37,-0.39,1750235520.0,"(0,15]",>0,<=0,OK,1,1,1,0,1,ledger
CBL,NASDAQ:CBL,"CBL & Associates Properties, Inc.",Weekly,2024-05-10,2024-05-24,22.149999618530273,21.579999923706055,2.6525425920537935,-48.30504639058611,-0.48305046390586104,-2.5733620977012017,2.0,0,10.532589,-145.02565,5.37,-0.39,1750235520.0,"(0,15]",>0,<=0,OK,1,1,1,0,1,ledger
CBNA,NASDAQ:CBNA,"Chain Bridge Bancorp, Inc.",Daily,2024-10-28,2024-11-13,21.149999618530273,23.93000030517578,1.544538312353412,429.38175688927794,4.293817568892779,13.144211521450098,12.0,1,11.665854,11.742236,4.1,4.07333,313851712.0,"(0,15]",>0,>0,OK,1,1,1,0,1,ledger
CBNA,NASDAQ:CBNA,"Chain Bridge Bancorp, Inc.",Daily,2025-06-24,2025-07-15,25.030000686645508,25.8700008392334,2.2519666709719663,66.14172045788366,0.6614172045788366,3.3559733501568134,14.0,1,11.665854,11.742236,4.1,4.07333,313851712.0,"(0,15]",>0,>0,OK,1,1,1,0,1,ledger
CBNA,NASDAQ:CBNA,"Chain Bridge Bancorp, Inc.",Weekly,2025-01-03,2025-01-10,24.75,24.0,1.830848646597663,-48.86607636730428,-0.4886607636730428,-3.0303030303030303,1.0,0,11.665854,11.742236,4.1,4.07333,313851712.0,"(0,15]",>0,>0,OK,1,1,1,0,1,ledger
CBNK,NASDAQ:CBNK,"Capital Bancorp, Inc.",Daily,2024-11-20,2024-11-26,27.790000915527344,28.450000762939453,2.2006158936952604,80.68926498120953,0.8068926498120953,2.37495439247482,4.0,1,11.126099,9.912475,3.41,3.8275,618015552.0,"(0,15]",>0,>0,OK,1,1,1,1,1,ledger
CBNK,NASDAQ:CBNK,"Capital Bancorp, Inc.",Daily,2026-02-13,2026-02-18,31.790000915527344,31.43000030517578,1.7945424069384068,-34.73312633362415,-0.3473312633362415,-1.1324334695936598,2.0,0,11.126099,9.912475,3.41,3.8275,618015552.0,"(0,15]",>0,>0,OK,1,1,1,1,1,ledger
CBNK,NASDAQ:CBNK,"Capital Bancorp, Inc.",Daily,2026-04-27,2026-04-28,31.81999969482422,30.3700008392334,1.632092729089735,-179.2828133731773,-1.7928281337317733,-4.556878911053775,1.0,0,11.126099,9.912475,3.41,3.8275,618015552.0,"(0,15]",>0,>0,OK,1,1,1,1,1,ledger
CBNK,NASDAQ:CBNK,"Capital Bancorp, Inc.",Weekly,2021-07-23,2021-09-03,21.25,23.030000686645508,1.6383930586126592,79.46432448771931,0.7946432448771932,8.376473819508272,6.0,1,11.126099,9.912475,3.41,3.8275,618015552.0,"(0,15]",>0,>0,OK,1,1,1,1,1,ledger
CBNK,NASDAQ:CBNK,"Capital Bancorp, Inc.",Weekly,2022-10-07,2022-11-04,24.020000457763672,23.739999771118164,2.2607344280821566,-18.242285805359632,-0.18242285805359632,-1.1656980903803724,4.0,0,11.126099,9.912475,3.41,3.8275,618015552.0,"(0,15]",>0,>0,OK,1,1,1,1,1,ledger
CBNK,NASDAQ:CBNK,"Capital Bancorp, Inc.",Weekly,2025-03-21,2025-04-04,28.600000381469727,26.110000610351562,2.288291897224171,-133.12722865017759,-1.3312722865017759,-8.706292789882141,2.0,0,11.126099,9.912475,3.41,3.8275,618015552.0,"(0,15]",>0,>0,OK,1,1,1,1,1,ledger
CBRL,NASDAQ:CBRL,"Cracker Barrel Old Country Store, Inc. - Common Stock",Daily,2024-12-10,2024-12-12,52.040000915527344,51.27000045776367,1.9042541966718813,-20.47872394390775,-0.2047872394390775,-1.4796319066434227,2.0,0,50.105263,51.866447,1.14,1.10129,1276715392.0,>40,>0,>0,OK,1,1,0,0,1,ledger
CBRL,NASDAQ:CBRL,"Cracker Barrel Old Country Store, Inc. - Common Stock",Daily,2026-01-27,2026-01-29,30.209999084472656,28.43000030517578,3.709842501859656,-98.85501232054337,-0.9885501232054336,-5.89208485018379,2.0,0,50.105263,51.866447,1.14,1.10129,1276715392.0,>40,>0,>0,OK,1,1,0,0,1,ledger
CBRL,NASDAQ:CBRL,"Cracker Barrel Old Country Store, Inc. - Common Stock",Daily,2026-07-09,2026-07-15,49.5099983215332,51.599998474121094,2.1146369582649798,77.67292915870043,0.7767292915870042,4.221369871626302,4.0,1,50.105263,51.866447,1.14,1.10129,1276715392.0,>40,>0,>0,OK,1,1,0,0,1,ledger
CBRL,NASDAQ:CBRL,"Cracker Barrel Old Country Store, Inc. - Common Stock",Weekly,2016-10-28,2016-12-30,136.67999267578125,166.97999572753906,3.9280266386260076,464.012384624372,4.64012384624372,22.168572340819832,9.0,1,50.105263,51.866447,1.14,1.10129,1276715392.0,>40,>0,>0,OK,1,1,0,0,1,ledger
CBRL,NASDAQ:CBRL,"Cracker Barrel Old Country Store, Inc. - Common Stock",Weekly,2020-07-24,2020-09-18,109.33000183105469,118.27999877929688,1.7447735580743255,56.92935541293984,0.5692935541293984,8.186222261362829,8.0,1,50.105263,51.866447,1.14,1.10129,1276715392.0,>40,>0,>0,OK,1,1,0,0,1,ledger
CBRL,NASDAQ:CBRL,"Cracker Barrel Old Country Store, Inc. - Common Stock",Weekly,2021-08-27,2021-09-10,144.4499969482422,135.75,2.342877618671684,-59.30469007596111,-0.5930469007596111,-6.022843289750625,2.0,0,50.105263,51.866447,1.14,1.10129,1276715392.0,>40,>0,>0,OK,1,1,0,0,1,ledger
CBSH,NASDAQ:CBSH,"Commerce Bancshares, Inc.",Daily,2024-08-15,2024-08-20,55.410430908203125,55.7641716003418,1.6448269861066798,13.448240856222988,0.1344824085622299,0.6384009045601973,3.0,1,14.688725,13.262517,4.08,4.51875,8623575040.0,"(0,15]",>0,>0,OK,1,1,1,1,1,ledger
CBSH,NASDAQ:CBSH,"Commerce Bancshares, Inc.",Weekly,2020-08-07,2020-08-21,46.96455764770508,45.82844543457031,1.630182908613515,-24.04641909600159,-0.2404641909600159,-2.4190842414764697,2.0,0,14.688725,13.262517,4.08,4.51875,8623575040.0,"(0,15]",>0,>0,OK,1,1,1,1,1,ledger
CBSH,NASDAQ:CBSH,"Commerce Bancshares, Inc.",Weekly,2024-02-16,2024-03-15,46.75736999511719,46.16780090332031,1.8332352783813377,-22.91544097976672,-0.2291544097976672,-1.2609115779147606,4.0,0,14.688725,13.262517,4.08,4.51875,8623575040.0,"(0,15]",>0,>0,OK,1,1,1,1,1,ledger
CBSH,NASDAQ:CBSH,"Commerce Bancshares, Inc.",Weekly,2025-01-17,2025-02-21,61.761905670166016,60.94285583496094,1.7798140722330729,-19.369415288296292,-0.19369415288296293,-1.3261408085092794,5.0,0,14.688725,13.262517,4.08,4.51875,8623575040.0,"(0,15]",>0,>0,OK,1,1,1,1,1,ledger
CBSH,NASDAQ:CBSH,"Commerce Bancshares, Inc.",Monthly,2026-01-31,2026-02-28,52.63999938964844,50.9900016784668,2.9182103144647886,-28.922670593516475,-0.2892267059351648,-3.134494168527877,1.0,0,14.688725,13.262517,4.08,4.51875,8623575040.0,"(0,15]",>0,>0,OK,1,1,1,1,1,ledger
CBU,NASDAQ:CBU,"Community Financial System, Inc.",Daily,2024-11-21,2024-11-26,68.91000366210938,70.05999755859375,1.517339196206188,51.472894651895,0.51472894651895,1.6688344730370501,3.0,1,15.415705,12.86953,4.33,5.18667,3510916608.0,"(15,25]",>0,>0,OK,1,1,1,1,1,ledger
CBU,NASDAQ:CBU,"Community Financial System, Inc.",Daily,2024-12-04,2024-12-09,69.33000183105469,67.69000244140625,1.9709998885557443,-79.61676251224569,-0.7961676251224569,-2.365497398434857,3.0,0,15.415705,12.86953,4.33,5.18667,3510916608.0,"(15,25]",>0,>0,OK,1,1,1,1,1,ledger
CBU,NASDAQ:CBU,"Community Financial System, Inc.",Daily,2025-02-18,2025-02-20,65.52999877929688,63.939998626708984,1.6400271142547311,-101.07137640469477,-1.0107137640469477,-2.426369879759902,2.0,0,15.415705,12.86953,4.33,5.18667,3510916608.0,"(15,25]",>0,>0,OK,1,1,1,1,1,ledger
CBU,NASDAQ:CBU,"Community Financial System, Inc.",Daily,2025-10-03,2025-10-07,58.7599983215332,58.220001220703125,2.411768225790366,-35.29395631794156,-0.3529395631794156,-0.9189876042460515,2.0,0,15.415705,12.86953,4.33,5.18667,3510916608.0,"(15,25]",>0,>0,OK,1,1,1,1,1,ledger
CBU,NASDAQ:CBU,"Community Financial System, Inc.",Daily,2026-07-24,2026-07-27,67.23999786376953,66.58999633789062,2.6724763446185418,-44.88662710670024,-0.44886627106700244,-0.9666887961475414,1.0,0,15.415705,12.86953,4.33,5.18667,3510916608.0,"(15,25]",>0,>0,OK,1,1,1,1,1,ledger
CBU,NASDAQ:CBU,"Community Financial System, Inc.",Weekly,2021-08-06,2021-09-03,74.58000183105469,71.9800033569336,1.7549666866524296,-57.39512527031305,-0.5739512527031306,-3.486187195343389,4.0,0,15.415705,12.86953,4.33,5.18667,3510916608.0,"(15,25]",>0,>0,OK,1,1,1,1,1,ledger
CBU,NASDAQ:CBU,"Community Financial System, Inc.",Weekly,2025-01-17,2025-03-07,63.2599983215332,59.560001373291016,1.8121647212166085,-66.18956792924726,-0.6618956792924726,-5.848872978839043,7.0,0,15.415705,12.86953,4.33,5.18667,3510916608.0,"(15,25]",>0,>0,OK,1,1,1,1,1,ledger
CBU,NASDAQ:CBU,"Community Financial System, Inc.",Weekly,2026-04-03,2026-05-15,59.439998626708984,61.720001220703125,1.7753318326607195,50.22035352351376,0.5022035352351376,3.8358052602135086,6.0,1,15.415705,12.86953,4.33,5.18667,3510916608.0,"(15,25]",>0,>0,OK,1,1,1,1,1,ledger
CBZ,NASDAQ:CBZ,"CBIZ, Inc.",Weekly,2022-09-09,2022-09-30,44.54999923706055,42.779998779296875,1.5515048962337046,-70.05517823754825,-0.7005517823754825,-3.973065068632442,3.0,0,26.480772,12.9676285,2.08,4.2475,2989434368.0,"(25,40]",>0,>0,OK,1,1,0,1,1,ledger
CCAP,NASDAQ:CCAP,"Crescent Capital BDC, Inc.",Daily,2025-11-11,2025-11-13,14.239999771118164,13.59000015258789,1.5196075910607056,-159.31363497179882,-1.5931363497179882,-4.564604136080219,2.0,0,28.975,7.704632,0.4,1.50429,427044576.0,"(25,40]",>0,>0,OK,1,1,0,1,1,ledger
CCAP,NASDAQ:CCAP,"Crescent Capital BDC, Inc.",Weekly,2024-02-16,2024-04-12,16.389999389648438,16.959999084472656,2.5120670926982265,88.93645549011836,0.8893645549011837,3.4777285909126876,8.0,1,28.975,7.704632,0.4,1.50429,427044576.0,"(25,40]",>0,>0,OK,1,1,0,1,1,ledger
CCAP,NASDAQ:CCAP,"Crescent Capital BDC, Inc.",Monthly,2023-02-28,2023-03-31,15.710000038146973,13.619999885559082,1.8272150294250793,-66.13924852874604,-0.6613924852874604,-13.303629201228254,1.0,0,28.975,7.704632,0.4,1.50429,427044576.0,"(25,40]",>0,>0,OK,1,1,0,1,1,ledger
CCAQ,NASDAQ:CCAQ,Collective Acquisition Corp.,Daily,2025-10-08,2025-10-10,10.119999885559082,10.128000259399414,2.999904634751097,80.00190730497806,0.8000190730497807,0.07905507836762242,2.0,1,40.115387,,0.26,,211028240.0,>40,>0,missing,OK,1,1,0,0,1,ledger
CCAQ,NASDAQ:CCAQ,Collective Acquisition Corp.,Daily,2026-03-05,2026-03-12,10.319999694824219,10.319999694824219,1.7500178814104856,0.0,0.0,0.0,5.0,0,40.115387,,0.26,,211028240.0,>40,>0,missing,OK,1,1,0,0,1,ledger
CCB,NASDAQ:CCB,Coastal Financial Corporation,Daily,2024-08-15,2024-09-04,48.63999938964844,51.4900016784668,1.8014703407420705,104.77944888868942,1.0477944888868942,5.859379779155377,13.0,1,13.722741,7.450317,3.21,5.9125,673114368.0,"(0,15]",>0,>0,OK,1,1,1,1,1,ledger
CCB,NASDAQ:CCB,Coastal Financial Corporation,Daily,2024-09-13,2024-09-23,50.150001525878906,51.560001373291016,1.7111104329427083,62.666659884982636,0.6266665988498263,2.811564914279229,6.0,1,13.722741,7.450317,3.21,5.9125,673114368.0,"(0,15]",>0,>0,OK,1,1,1,1,1,ledger
CCB,NASDAQ:CCB,Coastal Financial Corporation,Daily,2025-01-24,2025-01-31,84.37999725341797,89.18000030517578,1.5275310506064217,173.74766785835143,1.7374766785835143,5.688555591370773,5.0,1,13.722741,7.450317,3.21,5.9125,673114368.0,"(0,15]",>0,>0,OK,1,1,1,1,1,ledger
CCB,NASDAQ:CCB,Coastal Financial Corporation,Daily,2025-09-17,2025-09-30,110.37000274658203,108.16999816894531,1.9715741184309876,-56.84762315943451,-0.5684762315943452,-1.9932993774477812,9.0,0,13.722741,7.450317,3.21,5.9125,673114368.0,"(0,15]",>0,>0,OK,1,1,1,1,1,ledger
CCB,NASDAQ:CCB,Coastal Financial Corporation,Weekly,2024-01-26,2024-02-02,42.029998779296875,38.97999954223633,1.5995070319302649,-109.1385658792484,-1.091385658792484,-7.2567197850191585,1.0,0,13.722741,7.450317,3.21,5.9125,673114368.0,"(0,15]",>0,>0,OK,1,1,1,1,1,ledger
CCB,NASDAQ:CCB,Coastal Financial Corporation,Monthly,2022-07-31,2023-01-31,41.22999954223633,45.66999816894531,2.2581744732878244,76.07201311163782,0.7607201311163783,10.768854416698733,6.0,1,13.722741,7.450317,3.21,5.9125,673114368.0,"(0,15]",>0,>0,OK,1,1,1,1,1,ledger
CCBG,NASDAQ:CCBG,"Capital City Bank Group, Inc.",Daily,2024-08-16,2024-08-20,32.70000076293945,32.25,2.216373518877721,-26.315818826523955,-0.2631581882652395,-1.3761490900314028,2.0,0,14.636111,14.050666,3.6,3.75,901699520.0,"(0,15]",>0,>0,OK,1,1,1,1,1,ledger
CCBG,NASDAQ:CCBG,"Capital City Bank Group, Inc.",Daily,2024-11-20,2024-11-26,38.349998474121094,39.22999954223633,1.6231796474586562,82.56630357286389,0.8256630357286389,2.294657374521323,4.0,1,14.636111,14.050666,3.6,3.75,901699520.0,"(0,15]",>0,>0,OK,1,1,1,1,1,ledger
CCBG,NASDAQ:CCBG,"Capital City Bank Group, Inc.",Daily,2026-01-08,2026-01-20,43.29999923706055,43.970001220703125,1.6642897430797192,47.857362786477424,0.4785736278647742,1.5473487192792423,7.0,1,14.636111,14.050666,3.6,3.75,901699520.0,"(0,15]",>0,>0,OK,1,1,1,1,1,ledger
CCBG,NASDAQ:CCBG,"Capital City Bank Group, Inc.",Daily,2026-06-05,2026-07-08,45.34000015258789,48.119998931884766,1.9435015463528702,157.06203730643648,1.5706203730643649,6.131448544201647,21.0,1,14.636111,14.050666,3.6,3.75,901699520.0,"(0,15]",>0,>0,OK,1,1,1,1,1,ledger
CCBG,NASDAQ:CCBG,"Capital City Bank Group, Inc.",Daily,2026-07-09,2026-07-30,49.31999969482422,51.58000183105469,1.644971028592195,133.72804572223112,1.3372804572223111,4.58232390554463,15.0,1,14.636111,14.050666,3.6,3.75,901699520.0,"(0,15]",>0,>0,OK,1,1,1,1,1,ledger
CCBG,NASDAQ:CCBG,"Capital City Bank Group, Inc.",Weekly,2017-01-27,2017-02-10,20.75,20.3700008392334,1.6666657836352197,-26.38882082188152,-0.2638882082188152,-1.8313212567065136,2.0,0,14.636111,14.050666,3.6,3.75,901699520.0,"(0,15]",>0,>0,OK,1,1,1,1,1,ledger
CCBG,NASDAQ:CCBG,"Capital City Bank Group, Inc.",Weekly,2023-01-13,2023-03-10,32.810001373291016,33.099998474121094,1.9604461730277103,16.62350909055556,0.1662350909055556,0.8838679935751246,8.0,1,14.636111,14.050666,3.6,3.75,901699520.0,"(0,15]",>0,>0,OK,1,1,1,1,1,ledger
CCC,NASDAQ:CCC,CCC Intelligent Solutions Holdings Inc.,Daily,2024-08-06,2024-09-04,10.039999961853027,10.520000457763672,5.647414749346905,184.40553659072756,1.8440553659072756,4.780881451537909,20.0,1,90.42857,12.081535,0.07,0.52394,3728336384.0,>40,>0,>0,OK,1,1,0,1,1,ledger
CCC,NASDAQ:CCC,CCC Intelligent Solutions Holdings Inc.,Daily,2025-01-08,2025-01-10,11.5,11.100000381469727,4.451607246684448,-129.03196035181304,-1.2903196035181306,-3.4782575524371606,1.0,0,90.42857,12.081535,0.07,0.52394,3728336384.0,>40,>0,>0,OK,1,1,0,1,1,ledger
CCC,NASDAQ:CCC,CCC Intelligent Solutions Holdings Inc.,Daily,2026-06-16,2026-06-17,4.710000038146973,4.389999866485596,1.9175371783293058,-127.8358753853525,-1.278358753853525,-6.794058791287669,1.0,0,90.42857,12.081535,0.07,0.52394,3728336384.0,>40,>0,>0,OK,1,1,0,1,1,ledger
CCC,NASDAQ:CCC,CCC Intelligent Solutions Holdings Inc.,Weekly,2023-11-10,2024-05-03,11.460000038146973,10.8100004196167,2.1910101764511114,-73.03363683024496,-0.7303363683024496,-5.671898921174657,25.0,0,90.42857,12.081535,0.07,0.52394,3728336384.0,>40,>0,>0,OK,1,1,0,1,1,ledger
CCC,NASDAQ:CCC,CCC Intelligent Solutions Holdings Inc.,Weekly,2025-01-24,2025-01-31,11.359999656677246,11.109999656677246,2.559152107859734,-42.09130488725202,-0.42091304887252023,-2.2007042918619595,1.0,0,90.42857,12.081535,0.07,0.52394,3728336384.0,>40,>0,>0,OK,1,1,0,1,1,ledger
CCC,NASDAQ:CCC,CCC Intelligent Solutions Holdings Inc.,Monthly,2024-09-30,2025-01-31,11.050000190734863,11.109999656677246,1.7240531949072446,4.383147711823599,0.04383147711823599,0.5429815828663134,4.0,1,90.42857,12.081535,0.07,0.52394,3728336384.0,>40,>0,>0,OK,1,1,0,1,1,ledger
CCEC,NASDAQ:CCEC,Capital Clean Energy Carriers Corp. - Common Share,Daily,2025-02-13,2025-02-14,18.610000610351562,18.299999237060547,1.6296390667562124,-56.76299945134484,-0.5676299945134483,-1.6657784154965667,1.0,0,13.87037,7.8980665,1.62,2.845,1350749056.0,"(0,15]",>0,>0,OK,1,1,1,1,1,ledger
CCEC,NASDAQ:CCEC,Capital Clean Energy Carriers Corp. - Common Share,Daily,2026-02-11,2026-03-05,20.780000686645508,22.079999923706055,3.00089055269308,216.73094902939576,2.167309490293958,6.256011521193093,15.0,1,13.87037,7.8980665,1.62,2.845,1350749056.0,"(0,15]",>0,>0,OK,1,1,1,1,1,ledger
CCEC,NASDAQ:CCEC,Capital Clean Energy Carriers Corp. - Common Share,Daily,2026-06-24,2026-07-08,20.639999389648438,22.15999984741211,3.3407800458126777,168.7038808236037,1.687038808236037,7.364343520891752,9.0,1,13.87037,7.8980665,1.62,2.845,1350749056.0,"(0,15]",>0,>0,OK,1,1,1,1,1,ledger
CCEC,NASDAQ:CCEC,Capital Clean Energy Carriers Corp. - Common Share,Weekly,2016-12-02,2017-02-10,21.209999084472656,24.079999923706055,2.70000199817621,136.66680593349344,1.3666680593349343,13.531357676174812,10.0,1,13.87037,7.8980665,1.62,2.845,1350749056.0,"(0,15]",>0,>0,OK,1,1,1,1,1,ledger
CCEC,NASDAQ:CCEC,Capital Clean Energy Carriers Corp. - Common Share,Weekly,2017-09-01,2017-09-15,25.200000762939453,24.780000686645508,1.875836319417104,-28.137557569380895,-0.28137557569380894,-1.6666669189614518,2.0,0,13.87037,7.8980665,1.62,2.845,1350749056.0,"(0,15]",>0,>0,OK,1,1,1,1,1,ledger
CCEP,NASDAQ:CCEP,Coca-Cola Europacific Partners PLC,Daily,2026-03-09,2026-03-11,101.5999984741211,101.12999725341797,3.8749988079078626,-19.583371745191098,-0.195833717451911,-0.46259963362385353,2.0,0,22.018671,18.729519,4.82,5.666456,46924136448.0,"(15,25]",>0,>0,OK,1,1,1,1,1,ledger
CCEP,NASDAQ:CCEP,Coca-Cola Europacific Partners PLC,Daily,2026-07-10,2026-07-14,105.83999633789062,105.5,1.6387572259540952,-15.223248579895586,-0.15223248579895587,-0.32123615802593014,2.0,0,22.018671,18.729519,4.82,5.666456,46924136448.0,"(15,25]",>0,>0,OK,1,1,1,1,1,ledger
CCEP,NASDAQ:CCEP,Coca-Cola Europacific Partners PLC,Weekly,2016-10-28,2016-11-11,38.2400016784668,35.470001220703125,2.8200563557318237,-256.1167000102247,-2.5611670001022473,-7.243724728504596,2.0,0,22.018671,18.729519,4.82,5.666456,46924136448.0,"(15,25]",>0,>0,OK,1,1,1,1,1,ledger
CCEP,NASDAQ:CCEP,Coca-Cola Europacific Partners PLC,Weekly,2017-10-13,2017-10-27,41.88999938964844,40.849998474121094,1.7023810064441125,-61.904805155289935,-0.6190480515528994,-2.482694988494895,2.0,0,22.018671,18.729519,4.82,5.666456,46924136448.0,"(15,25]",>0,>0,OK,1,1,1,1,1,ledger
CCEP,NASDAQ:CCEP,Coca-Cola Europacific Partners PLC,Weekly,2026-04-10,2026-05-01,97.43000030517578,94.18000030517578,1.7470820778475407,-42.1530529951067,-0.421530529951067,-3.3357282046804526,3.0,0,22.018671,18.729519,4.82,5.666456,46924136448.0,"(15,25]",>0,>0,OK,1,1,1,1,1,ledger
CCEP,NASDAQ:CCEP,Coca-Cola Europacific Partners PLC,Monthly,2020-01-31,2020-03-31,52.61000061035156,37.529998779296875,1.798815491243267,-428.5331659122329,-4.285331659122329,-28.663755286266884,2.0,0,22.018671,18.729519,4.82,5.666456,46924136448.0,"(15,25]",>0,>0,OK,1,1,1,1,1,ledger
CCIX,NASDAQ:CCIX,Churchill Capital Corp IX,Daily,2025-06-02,2025-06-05,11.199999809265137,10.649999618530273,1.5412763603301733,-206.75673357133408,-2.0675673357133406,-4.910716072333133,3.0,0,54.4,,0.2,,398888000.0,>40,>0,missing,OK,1,1,0,0,1,ledger
CCIX,NASDAQ:CCIX,Churchill Capital Corp IX,Weekly,2025-10-10,2025-11-07,10.710000038146973,10.65999984741211,3.6538422037193268,-19.23082566115248,-0.19230825661152479,-0.46685518727144876,4.0,0,54.4,,0.2,,398888000.0,>40,>0,missing,OK,1,1,0,0,1,ledger
CCLD,NASDAQ:CCLD,"CareCloud, Inc.",Weekly,2016-10-28,2016-12-30,0.8700000047683716,0.7250000238418579,1.677872673481419,-86.88983232546597,-0.8688983232546597,-16.666664382963813,9.0,0,20.0,6.2399497,0.13,0.41667,110481664.0,"(15,25]",>0,>0,OK,1,1,1,1,1,ledger
CCLD,NASDAQ:CCLD,"CareCloud, Inc.",Weekly,2017-08-04,2018-10-26,1.6799999475479126,4.739999771118164,3.60000051657367,510.000051657367,5.100000516573671,182.1428523278559,64.0,1,20.0,6.2399497,0.13,0.41667,110481664.0,"(15,25]",>0,>0,OK,1,1,1,1,1,ledger
CCLD,NASDAQ:CCLD,"CareCloud, Inc.",Weekly,2020-11-06,2020-12-11,8.819999694824219,9.40999984741211,3.2482272477632614,41.84398698132963,0.41843986981329623,6.689344365103736,5.0,1,20.0,6.2399497,0.13,0.41667,110481664.0,"(15,25]",>0,>0,OK,1,1,1,1,1,ledger
CCLD,NASDAQ:CCLD,"CareCloud, Inc.",Weekly,2024-05-10,2024-06-14,1.2599999904632568,2.2899999618530273,3.1599998474121094,411.9999885559082,4.119999885559082,81.74603009410154,5.0,1,20.0,6.2399497,0.13,0.41667,110481664.0,"(15,25]",>0,>0,OK,1,1,1,1,1,ledger
CCLD,NASDAQ:CCLD,"CareCloud, Inc.",Weekly,2024-07-26,2024-09-06,2.25,2.319999933242798,2.3846153987229934,10.769220893904645,0.10769220893904645,3.1111081441243487,6.0,1,20.0,6.2399497,0.13,0.41667,110481664.0,"(15,25]",>0,>0,OK,1,1,1,1,1,ledger
CCLD,NASDAQ:CCLD,"CareCloud, Inc.",Weekly,2025-01-24,2025-02-21,3.4600000381469727,3.569999933242798,1.604651046740569,12.790683490513992,0.1279068349051399,3.1791876844815414,4.0,1,20.0,6.2399497,0.13,0.41667,110481664.0,"(15,25]",>0,>0,OK,1,1,1,1,1,ledger
CCLD,NASDAQ:CCLD,"CareCloud, Inc.",Monthly,2025-05-31,2026-06-30,2.0199999809265137,2.119999885559082,2.3230626502300495,8.237802458771679,0.08237802458771679,4.950490375089083,13.0,1,20.0,6.2399497,0.13,0.41667,110481664.0,"(15,25]",>0,>0,OK,1,1,1,1,1,ledger
CCNE,NASDAQ:CCNE,CNB Financial Corporation,Daily,2024-08-15,2024-08-21,22.899999618530273,22.989999771118164,3.5765818554228046,8.108131328839317,0.08108131328839317,0.39301377330619736,4.0,1,11.232704,9.406189,3.18,3.7975,1058162880.0,"(0,15]",>0,>0,OK,1,1,1,1,1,ledger
CCNE,NASDAQ:CCNE,CNB Financial Corporation,Daily,2024-09-10,2024-09-20,23.399999618530273,24.829999923706055,2.4827700678430262,219.15803181786566,2.191580318178657,6.111112514905237,8.0,1,11.232704,9.406189,3.18,3.7975,1058162880.0,"(0,15]",>0,>0,OK,1,1,1,1,1,ledger
CCNE,NASDAQ:CCNE,CNB Financial Corporation,Daily,2024-09-30,2024-10-01,24.059999465942383,22.860000610351562,2.0400009155273438,-159.99984741210938,-1.5999984741210938,-4.987526526297114,1.0,0,11.232704,9.406189,3.18,3.7975,1058162880.0,"(0,15]",>0,>0,OK,1,1,1,1,1,ledger
CCNE,NASDAQ:CCNE,CNB Financial Corporation,Daily,2025-06-20,2025-06-25,21.889999389648438,22.350000381469727,1.980864324224338,81.35704205635126,0.8135704205635126,2.101420761294397,3.0,1,11.232704,9.406189,3.18,3.7975,1058162880.0,"(0,15]",>0,>0,OK,1,1,1,1,1,ledger
CCNE,NASDAQ:CCNE,CNB Financial Corporation,Weekly,2022-10-14,2022-12-02,24.700000762939453,25.510000228881836,2.510265512381869,53.5082666483835,0.535082666483835,3.279349963250721,7.0,1,11.232704,9.406189,3.18,3.7975,1058162880.0,"(0,15]",>0,>0,OK,1,1,1,1,1,ledger
CCNE,NASDAQ:CCNE,CNB Financial Corporation,Weekly,2024-08-16,2024-09-06,23.149999618530273,22.829999923706055,2.2458858032161824,-19.319423005549016,-0.19319423005549016,-1.3822881213703218,3.0,0,11.232704,9.406189,3.18,3.7975,1058162880.0,"(0,15]",>0,>0,OK,1,1,1,1,1,ledger
CCSI,NASDAQ:CCSI,"Consensus Cloud Solutions, Inc.",Daily,2024-08-09,2024-09-05,19.8700008392334,22.520000457763672,2.040934354898258,154.97064804084178,1.5497064804084177,13.336685991969555,18.0,1,8.208955,6.3820972,4.69,6.0325,708321088.0,"(0,15]",>0,>0,OK,1,1,1,1,1,ledger
CCSI,NASDAQ:CCSI,"Consensus Cloud Solutions, Inc.",Daily,2024-11-22,2024-11-29,24.489999771118164,24.950000762939453,2.291666611477201,31.944501473558727,0.3194450147355873,1.8783217481438397,4.0,1,8.208955,6.3820972,4.69,6.0325,708321088.0,"(0,15]",>0,>0,OK,1,1,1,1,1,ledger
CCSI,NASDAQ:CCSI,"Consensus Cloud Solutions, Inc.",Daily,2025-02-04,2025-02-19,28.540000915527344,28.030000686645508,2.3421029516211203,-33.552636532240456,-0.33552636532240454,-1.7869664068734052,10.0,0,8.208955,6.3820972,4.69,6.0325,708321088.0,"(0,15]",>0,>0,OK,1,1,1,1,1,ledger
CCSI,NASDAQ:CCSI,"Consensus Cloud Solutions, Inc.",Daily,2026-05-22,2026-06-03,28.174999237060547,33.689998626708984,5.327550795337454,321.9883768176121,3.219883768176121,19.574088869518665,7.0,1,8.208955,6.3820972,4.69,6.0325,708321088.0,"(0,15]",>0,>0,OK,1,1,1,1,1,ledger
CCSI,NASDAQ:CCSI,"Consensus Cloud Solutions, Inc.",Daily,2026-07-09,2026-07-20,37.349998474121094,36.70000076293945,2.3047997845229835,-36.9904556990804,-0.369904556990804,-1.740288454448019,7.0,0,8.208955,6.3820972,4.69,6.0325,708321088.0,"(0,15]",>0,>0,OK,1,1,1,1,1,ledger
CCU,NASDAQ:CCU,"Compania Cervecerias Unidas, S.A. Common Stock",Daily,2024-08-08,2024-08-26,10.970000267028809,11.5,1.597937901071556,54.639132687522306,0.5463913268752231,4.831355697995258,12.0,1,17.402985,12.831517,0.67,0.9087,2158724608.0,"(15,25]",>0,>0,OK,1,1,1,1,1,ledger
CCU,NASDAQ:CCU,"Compania Cervecerias Unidas, S.A. Common Stock",Daily,2024-10-09,2024-10-15,11.15999984741211,11.100000381469727,2.4177280982409948,-21.979155791800416,-0.21979155791800417,-0.5376296304905065,4.0,0,17.402985,12.831517,0.67,0.9087,2158724608.0,"(15,25]",>0,>0,OK,1,1,1,1,1,ledger
CCU,NASDAQ:CCU,"Compania Cervecerias Unidas, S.A. Common Stock",Daily,2026-04-30,2026-05-04,11.430000305175781,11.069999694824219,2.2641476501855164,-67.9245554623875,-0.6792455546238749,-3.1496115550280908,2.0,0,17.402985,12.831517,0.67,0.9087,2158724608.0,"(15,25]",>0,>0,OK,1,1,1,1,1,ledger
CCU,NASDAQ:CCU,"Compania Cervecerias Unidas, S.A. Common Stock",Weekly,2016-09-23,2016-11-04,20.6299991607666,20.760000228881836,2.462121781348438,9.848568043233245,0.09848568043233245,0.6301554697222954,6.0,1,17.402985,12.831517,0.67,0.9087,2158724608.0,"(15,25]",>0,>0,OK,1,1,1,1,1,ledger
CCZ,NASDAQ:CCZ,Comcast Holdings ZONES,Daily,2024-09-20,2024-11-07,57.25,60.630001068115234,5.256627700644371,591.457978576352,5.914579785763521,5.903931996707833,34.0,1,56.305458,,,,,>40,missing,missing,OK,1,0,0,0,0,ledger
CCZ,NASDAQ:CCZ,Comcast Holdings ZONES,Daily,2024-11-11,2024-11-19,61.40999984741211,60.29999923706055,1.8573342100797026,-79.60007665464205,-0.7960007665464206,-1.8075242030770649,6.0,0,56.305458,,,,,>40,missing,missing,OK,1,0,0,0,0,ledger
CCZ,NASDAQ:CCZ,Comcast Holdings ZONES,Weekly,2021-07-02,2021-07-09,64.19999694824219,64.0,1.7145226301455947,-5.912053677581512,-0.05912053677581512,-0.31152174104217534,1.0,0,56.305458,,,,,>40,missing,missing,OK,1,0,0,0,0,ledger
CCZ,NASDAQ:CCZ,Comcast Holdings ZONES,Monthly,2022-12-31,2023-10-31,56.28200149536133,53.029998779296875,2.7282889063046745,-58.302035782214574,-0.5830203578221457,-5.7780509393086845,10.0,0,56.305458,,,,,>40,missing,missing,OK,1,0,0,0,0,ledger
CDNL,NASDAQ:CDNL,Cardinal Infrastructure Group Inc.,Daily,2026-01-07,2026-01-28,23.639999389648438,25.90999984741211,3.572555712051357,132.72835174522476,1.3272835174522475,9.602371050642528,14.0,1,47.355556,27.437769,1.35,2.33,1271956608.0,>40,>0,>0,OK,1,1,0,1,1,ledger
CDNS,NASDAQ:CDNS,"Cadence Design Systems, Inc.",Daily,2024-08-30,2024-09-03,268.92999267578125,256.2799987792969,2.1029234966377777,-143.48412695056587,-1.4348412695056587,-4.703824133046795,1.0,0,66.65753,35.71522,5.11,9.53711,93948444672.0,>40,>0,>0,OK,1,1,0,1,1,ledger
CDNS,NASDAQ:CDNS,"Cadence Design Systems, Inc.",Daily,2025-09-30,2025-10-02,351.260009765625,347.239990234375,2.5186468819535888,-43.945396327023495,-0.43945396327023495,-1.1444569320408322,2.0,0,66.65753,35.71522,5.11,9.53711,93948444672.0,>40,>0,>0,OK,1,1,0,1,1,ledger
CDNS,NASDAQ:CDNS,"Cadence Design Systems, Inc.",Daily,2025-11-10,2025-11-11,328.94000244140625,318.510009765625,2.7569922661298865,-100.57856882202681,-1.0057856882202683,-3.1707887755728748,1.0,0,66.65753,35.71522,5.11,9.53711,93948444672.0,>40,>0,>0,OK,1,1,0,1,1,ledger
CDNS,NASDAQ:CDNS,"Cadence Design Systems, Inc.",Weekly,2020-10-02,2020-10-23,105.31999969482422,112.05000305175781,1.5590841627590672,85.5146252630783,0.855146252630783,6.390052579219983,3.0,1,66.65753,35.71522,5.11,9.53711,93948444672.0,>40,>0,>0,OK,1,1,0,1,1,ledger
CDRE,NASDAQ:CDRE,"Cadre Holdings, Inc.",Daily,2024-08-08,2024-09-03,34.189998626708984,34.84000015258789,2.5175917157721606,32.66342832387006,0.32663428323870064,1.9011452237120876,17.0,1,36.809525,19.56417,0.84,1.58044,1323297280.0,"(25,40]",>0,>0,OK,1,1,0,1,1,ledger
CDRE,NASDAQ:CDRE,"Cadre Holdings, Inc.",Daily,2025-03-06,2025-03-11,32.91999816894531,33.52000045776367,5.903238806612974,48.387364716450605,0.48387364716450604,1.8226072970573988,3.0,1,36.809525,19.56417,0.84,1.58044,1323297280.0,"(25,40]",>0,>0,OK,1,1,0,1,1,ledger
CDRE,NASDAQ:CDRE,"Cadre Holdings, Inc.",Daily,2025-05-27,2025-05-28,33.369998931884766,32.630001068115234,3.132776147609624,-60.21418905729479,-0.6021418905729479,-2.2175543525788646,1.0,0,36.809525,19.56417,0.84,1.58044,1323297280.0,"(25,40]",>0,>0,OK,1,1,0,1,1,ledger
CDRE,NASDAQ:CDRE,"Cadre Holdings, Inc.",Weekly,2024-05-03,2024-05-10,34.189998626708984,31.309999465942383,2.6522729322012517,-136.03813954601202,-1.36038139546012,-8.423513531576356,1.0,0,36.809525,19.56417,0.84,1.58044,1323297280.0,"(25,40]",>0,>0,OK,1,1,0,1,1,ledger
CDRE,NASDAQ:CDRE,"Cadre Holdings, Inc.",Weekly,2024-08-16,2024-09-06,34.709999084472656,33.84000015258789,1.7888464864486968,-34.66133520572782,-0.3466133520572782,-2.506479270620192,3.0,0,36.809525,19.56417,0.84,1.58044,1323297280.0,"(25,40]",>0,>0,OK,1,1,0,1,1,ledger
CDRO,NASDAQ:CDRO,"Codere Online Luxembourg, S.A. - Ordinary Shares",Daily,2025-05-30,2025-06-04,7.239999771118164,7.190000057220459,2.0784332058338717,-9.80387023665159,-0.09803870236651592,-0.6906038049498859,3.0,0,306.3333,14.918831,0.03,0.616,417868512.0,>40,>0,>0,OK,1,1,0,1,1,ledger
CDW,NASDAQ:CDW,CDW Corporation,Daily,2024-07-29,2024-07-31,231.38999938964844,218.11000061035156,1.9859140227315988,-267.20312912555187,-2.672031291255519,-5.739227630548572,2.0,0,18.780489,13.071896,8.2,11.781,19674030080.0,"(15,25]",>0,>0,OK,1,1,1,1,1,ledger
CDW,NASDAQ:CDW,CDW Corporation,Daily,2026-04-29,2026-05-06,135.55999755859375,109.0,1.848972736668622,-607.7809436017766,-6.077809436017766,-19.592798787941547,5.0,0,18.780489,13.071896,8.2,11.781,19674030080.0,"(15,25]",>0,>0,OK,1,1,1,1,1,ledger
CDW,NASDAQ:CDW,CDW Corporation,Daily,2026-06-23,2026-06-25,130.05999755859375,128.02000427246094,1.6355820887680446,-29.26819123178031,-0.2926819123178031,-1.5685017103077896,2.0,0,18.780489,13.071896,8.2,11.781,19674030080.0,"(15,25]",>0,>0,OK,1,1,1,1,1,ledger
CDW,NASDAQ:CDW,CDW Corporation,Weekly,2021-06-11,2021-09-10,168.66000366210938,197.99000549316406,1.9115665682116447,352.174983632833,3.5217498363283295,17.39001612368865,13.0,1,18.780489,13.071896,8.2,11.781,19674030080.0,"(15,25]",>0,>0,OK,1,1,1,1,1,ledger
CDW,NASDAQ:CDW,CDW Corporation,Monthly,2025-01-31,2025-03-31,199.13999938964844,160.25999450683594,2.09150054332407,-126.60370036733379,-1.2660370036733377,-19.523955509680256,2.0,0,18.780489,13.071896,8.2,11.781,19674030080.0,"(15,25]",>0,>0,OK,1,1,1,1,1,ledger
CECO,NASDAQ:CECO,CECO Environmental Corp.,Daily,2024-12-24,2025-01-07,29.309999465942383,32.15999984741211,4.58435570158361,223.34042130478824,2.233404213047882,9.723645286249043,8.0,1,180.17949,24.770082,0.39,2.83689,4103980800.0,>40,>0,>0,OK,1,1,0,1,1,ledger
CECO,NASDAQ:CECO,CECO Environmental Corp.,Daily,2026-07-09,2026-07-13,84.31999969482422,81.9000015258789,1.9766358638687458,-28.271014709762063,-0.2827101470976206,-2.870016814164977,2.0,0,180.17949,24.770082,0.39,2.83689,4103980800.0,>40,>0,>0,OK,1,1,0,1,1,ledger
CECO,NASDAQ:CECO,CECO Environmental Corp.,Weekly,2018-11-02,2018-12-14,7.610000133514404,7.380000114440918,2.415384525095936,-35.384613127398396,-0.353846131273984,-3.022339225206677,6.0,0,180.17949,24.770082,0.39,2.83689,4103980800.0,>40,>0,>0,OK,1,1,0,1,1,ledger
CECO,NASDAQ:CECO,CECO Environmental Corp.,Weekly,2026-03-27,2026-07-24,60.95000076293945,75.62999725341797,1.9142853526555035,135.2994782831264,1.3529947828312643,24.085309773129097,17.0,1,180.17949,24.770082,0.39,2.83689,4103980800.0,>40,>0,>0,OK,1,1,0,1,1,ledger
CECO,NASDAQ:CECO,CECO Environmental Corp.,Monthly,2018-05-31,2019-08-31,5.710000038146973,6.949999809265137,4.721385432023921,63.844239982126574,0.6384423998212657,21.71628306189246,15.0,1,180.17949,24.770082,0.39,2.83689,4103980800.0,>40,>0,>0,OK,1,1,0,1,1,ledger
CEG,NASDAQ:CEG,Constellation Energy Corporation,Weekly,2023-01-27,2023-02-24,86.58000183105469,79.2699966430664,1.8450226019077205,-119.24958181492323,-1.1924958181492322,-8.443064256631043,4.0,0,23.198784,20.053667,11.52,13.32674,95435513856.0,"(15,25]",>0,>0,OK,1,1,1,1,1,ledger
CELC,NASDAQ:CELC,Celcuity Inc.,Daily,2025-10-24,2025-12-02,70.97000122070312,97.5,1.8915090605049316,417.13830555482247,4.171383055548224,37.38199002814394,26.0,1,,96.34375,-3.9,0.96,4510393856.0,missing,<=0,>0,OK,0,0,0,0,0,ledger
CELC,NASDAQ:CELC,Celcuity Inc.,Weekly,2018-07-27,2018-09-07,24.040000915527344,21.5,1.9216414298850182,-94.77614277214587,-0.9477614277214588,-10.565727199647347,6.0,0,,96.34375,-3.9,0.96,4510393856.0,missing,<=0,>0,OK,0,0,0,0,0,ledger
CELC,NASDAQ:CELC,Celcuity Inc.,Weekly,2021-08-13,2021-09-24,21.31999969482422,18.020000457763672,3.210627219103572,-90.63360665689298,-0.9063360665689298,-15.47842065805318,6.0,0,,96.34375,-3.9,0.96,4510393856.0,missing,<=0,>0,OK,0,0,0,0,0,ledger
CELC,NASDAQ:CELC,Celcuity Inc.,Weekly,2023-05-26,2023-07-07,10.755000114440918,9.890000343322754,2.078062720791892,-49.287733032070086,-0.4928773303207008,-8.042768590552727,6.0,0,,96.34375,-3.9,0.96,4510393856.0,missing,<=0,>0,OK,0,0,0,0,0,ledger
CELC,NASDAQ:CELC,Celcuity Inc.,Weekly,2024-06-28,2024-08-02,16.3799991607666,17.280000686645508,2.17936312424538,33.77117676655261,0.3377117676655261,5.494515091518388,5.0,1,,96.34375,-3.9,0.96,4510393856.0,missing,<=0,>0,OK,0,0,0,0,0,ledger
CELH,NASDAQ:CELH,"Celsius Holdings, Inc.",Daily,2024-11-01,2024-11-06,31.479999542236328,30.040000915527344,2.0616137264101053,-68.24642236317929,-0.6824642236317929,-4.5743286138773795,3.0,0,65.64445,14.979185,0.45,1.97207,7551616000.0,>40,>0,>0,OK,1,1,0,1,1,ledger
CELH,NASDAQ:CELH,"Celsius Holdings, Inc.",Daily,2025-01-15,2025-01-21,27.299999237060547,26.809999465942383,1.8897006816875161,-31.176852556629903,-0.311768525566299,-1.7948710066371543,3.0,0,65.64445,14.979185,0.45,1.97207,7551616000.0,>40,>0,>0,OK,1,1,0,1,1,ledger
CELH,NASDAQ:CELH,"Celsius Holdings, Inc.",Daily,2025-03-07,2025-03-13,27.389999389648438,26.6299991607666,2.104478342758107,-22.686584329899723,-0.22686584329899726,-2.774736202327425,4.0,0,65.64445,14.979185,0.45,1.97207,7551616000.0,>40,>0,>0,OK,1,1,0,1,1,ledger
CELH,NASDAQ:CELH,"Celsius Holdings, Inc.",Daily,2026-02-06,2026-02-09,50.56999969482422,47.79999923706055,2.1993944890900856,-83.6857797134253,-0.8368577971342531,-5.47755680142347,1.0,0,65.64445,14.979185,0.45,1.97207,7551616000.0,>40,>0,>0,OK,1,1,0,1,1,ledger
CELH,NASDAQ:CELH,"Celsius Holdings, Inc.",Weekly,2020-09-11,2020-09-25,6.873332977294922,6.586667060852051,1.8719525837536553,-26.21945714678233,-0.26219457146782327,-4.170697351486261,2.0,0,65.64445,14.979185,0.45,1.97207,7551616000.0,>40,>0,>0,OK,1,1,0,1,1,ledger
CELH,NASDAQ:CELH,"Celsius Holdings, Inc.",Weekly,2021-04-02,2021-05-07,16.520000457763672,16.356666564941406,2.189780191589888,-5.085289322027234,-0.05085289322027233,-0.9887039243119748,5.0,0,65.64445,14.979185,0.45,1.97207,7551616000.0,>40,>0,>0,OK,1,1,0,1,1,ledger
CELH,NASDAQ:CELH,"Celsius Holdings, Inc.",Weekly,2021-12-24,2022-01-07,24.866666793823242,18.200000762939453,2.304010502507374,-129.3660854435381,-1.2936608544353811,-26.809648780671143,2.0,0,65.64445,14.979185,0.45,1.97207,7551616000.0,>40,>0,>0,OK,1,1,0,1,1,ledger
CELH,NASDAQ:CELH,"Celsius Holdings, Inc.",Weekly,2023-12-29,2024-01-19,54.52000045776367,51.9900016784668,2.251169552882953,-39.46956067898042,-0.3946956067898042,-4.6404966215230505,3.0,0,65.64445,14.979185,0.45,1.97207,7551616000.0,>40,>0,>0,OK,1,1,0,1,1,ledger
CELH,NASDAQ:CELH,"Celsius Holdings, Inc.",Weekly,2024-05-03,2024-05-31,75.97000122070312,79.9800033569336,2.7133371072205548,46.00628707935558,0.4600628707935558,5.27840209529663,4.0,1,65.64445,14.979185,0.45,1.97207,7551616000.0,>40,>0,>0,OK,1,1,0,1,1,ledger
CENT,NASDAQ:CENT,Central Garden & Pet Company,Daily,2025-02-13,2025-02-18,39.119998931884766,38.209999084472656,1.5171077558754607,-73.04594032758915,-0.7304594032758915,-2.3261755425826807,2.0,0,16.025454,14.228567,2.75,3.09729,2757494272.0,"(15,25]",>0,>0,OK,1,1,1,1,1,ledger
CENT,NASDAQ:CENT,Central Garden & Pet Company,Daily,2025-09-18,2025-09-19,35.939998626708984,34.869998931884766,2.611101086344005,-116.41148288520873,-1.1641148288520873,-2.9771834605164487,1.0,0,16.025454,14.228567,2.75,3.09729,2757494272.0,"(15,25]",>0,>0,OK,1,1,1,1,1,ledger
CENT,NASDAQ:CENT,Central Garden & Pet Company,Daily,2026-01-06,2026-01-07,32.27000045776367,31.65999984741211,5.197450873928526,-86.62427151767244,-0.8662427151767244,-1.890302453357436,1.0,0,16.025454,14.228567,2.75,3.09729,2757494272.0,"(15,25]",>0,>0,OK,1,1,1,1,1,ledger
CENT,NASDAQ:CENT,Central Garden & Pet Company,Daily,2026-03-19,2026-03-20,36.189998626708984,35.189998626708984,3.8175862567807237,-100.7278452398353,-1.0072784523983531,-2.7631943574100575,1.0,0,16.025454,14.228567,2.75,3.09729,2757494272.0,"(15,25]",>0,>0,OK,1,1,1,1,1,ledger
CENT,NASDAQ:CENT,Central Garden & Pet Company,Daily,2026-05-12,2026-05-15,38.25,37.380001068115234,2.6360549546632246,-69.91969050178038,-0.6991969050178038,-2.2745070114634394,3.0,0,16.025454,14.228567,2.75,3.09729,2757494272.0,"(15,25]",>0,>0,OK,1,1,1,1,1,ledger
CENT,NASDAQ:CENT,Central Garden & Pet Company,Daily,2026-07-13,2026-07-14,43.130001068115234,42.36000061035156,2.2994398767387105,-66.81401082793187,-0.6681401082793188,-1.7853012721877972,1.0,0,16.025454,14.228567,2.75,3.09729,2757494272.0,"(15,25]",>0,>0,OK,1,1,1,1,1,ledger
CENT,NASDAQ:CENT,Central Garden & Pet Company,Monthly,2022-10-31,2022-12-31,32.31793212890625,29.326547622680664,3.641898877076151,-64.28856392528877,-0.6428856392528878,-9.256113585157234,2.0,0,16.025454,14.228567,2.75,3.09729,2757494272.0,"(15,25]",>0,>0,OK,1,1,1,1,1,ledger
CENTA,NASDAQ:CENTA,Central Garden & Pet Company,Daily,2025-09-18,2025-09-19,32.54999923706055,31.260000228881836,2.783016615073731,-154.08093784908803,-1.5408093784908803,-3.9631306863748037,1.0,0,14.054546,12.478651,2.75,3.09729,2418360832.0,"(0,15]",>0,>0,OK,1,1,1,1,1,ledger
CENTA,NASDAQ:CENTA,Central Garden & Pet Company,Daily,2025-12-10,2025-12-18,30.770000457763672,29.559999465942383,1.5217396352153065,-105.21751245167357,-1.0521751245167357,-3.932404854794177,6.0,0,14.054546,12.478651,2.75,3.09729,2418360832.0,"(0,15]",>0,>0,OK,1,1,1,1,1,ledger
CENTA,NASDAQ:CENTA,Central Garden & Pet Company,Daily,2026-03-04,2026-03-06,33.650001525878906,32.560001373291016,1.8231698846392763,-107.41930224534771,-1.074193022453477,-3.2392276468386307,2.0,0,14.054546,12.478651,2.75,3.09729,2418360832.0,"(0,15]",>0,>0,OK,1,1,1,1,1,ledger
CENTA,NASDAQ:CENTA,Central Garden & Pet Company,Daily,2026-05-18,2026-05-29,34.61000061035156,34.130001068115234,2.520324900678272,-39.0243675508704,-0.39024367550870404,-1.3868810568375554,8.0,0,14.054546,12.478651,2.75,3.09729,2418360832.0,"(0,15]",>0,>0,OK,1,1,1,1,1,ledger
CENTA,NASDAQ:CENTA,Central Garden & Pet Company,Daily,2026-07-09,2026-07-23,37.63999938964844,37.720001220703125,1.9344605882348582,6.585542060885991,0.0658554206088599,0.2125447193197596,10.0,1,14.054546,12.478651,2.75,3.09729,2418360832.0,"(0,15]",>0,>0,OK,1,1,1,1,1,ledger
CENTA,NASDAQ:CENTA,Central Garden & Pet Company,Weekly,2018-01-19,2018-04-27,29.360000610351562,28.639999389648438,1.9737209254408865,-38.28346569868137,-0.3828346569868137,-2.4523201830223105,14.0,0,14.054546,12.478651,2.75,3.09729,2418360832.0,"(0,15]",>0,>0,OK,1,1,1,1,1,ledger
CENX,NASDAQ:CENX,Century Aluminum Company,Daily,2025-06-24,2025-07-07,17.360000610351562,18.3700008392334,3.4159553077811435,112.38162819773906,1.1238162819773907,5.817973464122949,8.0,1,13.424501,4.320954,3.51,10.905,4663656960.0,"(0,15]",>0,>0,OK,1,1,1,1,1,ledger
CENX,NASDAQ:CENX,Century Aluminum Company,Daily,2025-08-05,2025-08-20,21.059999465942383,21.84000015258789,2.3328321506308547,84.63306986838714,0.8463306986838713,3.7037070580505103,11.0,1,13.424501,4.320954,3.51,10.905,4663656960.0,"(0,15]",>0,>0,OK,1,1,1,1,1,ledger
CENX,NASDAQ:CENX,Century Aluminum Company,Daily,2025-08-21,2025-09-02,21.969999313354492,21.690000534057617,3.0850292268558417,-28.697819001020687,-0.28697819001020686,-1.2744596633950616,7.0,0,13.424501,4.320954,3.51,10.905,4663656960.0,"(0,15]",>0,>0,OK,1,1,1,1,1,ledger
CENX,NASDAQ:CENX,Century Aluminum Company,Weekly,2017-04-07,2017-04-14,12.829999923706055,11.640000343322754,2.356688842129816,-75.79616634999005,-0.7579616634999004,-9.275133183629508,1.0,0,13.424501,4.320954,3.51,10.905,4663656960.0,"(0,15]",>0,>0,OK,1,1,1,1,1,ledger
CENX,NASDAQ:CENX,Century Aluminum Company,Weekly,2017-11-17,2017-11-24,15.140000343322754,13.65999984741211,3.0842714923687407,-82.39572869422881,-0.8239572869422881,-9.775432380114669,1.0,0,13.424501,4.320954,3.51,10.905,4663656960.0,"(0,15]",>0,>0,OK,1,1,1,1,1,ledger
CENX,NASDAQ:CENX,Century Aluminum Company,Weekly,2020-10-09,2020-10-30,7.96999979019165,6.579999923706055,2.5648857101361386,-106.1068646717886,-1.061068646717886,-17.440400289548453,3.0,0,13.424501,4.320954,3.51,10.905,4663656960.0,"(0,15]",>0,>0,OK,1,1,1,1,1,ledger
CENX,NASDAQ:CENX,Century Aluminum Company,Weekly,2024-06-21,2024-07-19,16.510000228881836,16.110000610351562,1.8932570965664524,-22.471880012815664,-0.22471880012815662,-2.422771732192544,4.0,0,13.424501,4.320954,3.51,10.905,4663656960.0,"(0,15]",>0,>0,OK,1,1,1,1,1,ledger
CENX,NASDAQ:CENX,Century Aluminum Company,Weekly,2025-01-10,2025-01-31,19.31999969482422,18.280000686645508,2.5122153197245587,-43.04285950908216,-0.4304285950908216,-5.383017725705887,3.0,0,13.424501,4.320954,3.51,10.905,4663656960.0,"(0,15]",>0,>0,OK,1,1,1,1,1,ledger
CEPF,NASDAQ:CEPF,"Cantor Equity Partners IV, Inc.",Daily,2026-03-10,2026-03-12,10.369999885559082,10.300000190734863,2.033677325391482,-129.415669510707,-1.29415669510707,-0.67502117258167,2.0,0,57.833332,,0.18,,594931520.0,>40,>0,missing,OK,1,1,0,0,1,ledger
CEPF,NASDAQ:CEPF,"Cantor Equity Partners IV, Inc.",Daily,2026-04-29,2026-05-19,10.25,10.289999961853027,2.4186051048995902,96.74374288542934,0.9674374288542935,0.3902435302734375,14.0,1,57.833332,,0.18,,594931520.0,>40,>0,missing,OK,1,1,0,0,1,ledger
CEPF,NASDAQ:CEPF,"Cantor Equity Partners IV, Inc.",Weekly,2026-01-02,2026-03-06,10.34000015258789,10.350000381469727,2.855417701710319,8.652980961227177,0.08652980961227179,0.0967140109696525,9.0,1,57.833332,,0.18,,594931520.0,>40,>0,missing,OK,1,1,0,0,1,ledger
CETX,NASDAQ:CETX,Cemtrex Inc. - Common Stock,Daily,2024-08-13,2024-08-16,51660.0,45675.0,3.8260869565217392,-82.6086956521739,-0.8260869565217391,-11.585365853658537,3.0,0,0.004677222,5.1454544,605.06,0.55,4870829.0,"(0,15]",>0,>0,OK,1,1,0,0,1,ledger
CETX,NASDAQ:CETX,Cemtrex Inc. - Common Stock,Daily,2026-01-14,2026-01-20,24.950000762939453,21.399999618530273,2.6823750812929346,-59.70178152248363,-0.5970178152248362,-14.228461065549647,3.0,0,0.004677222,5.1454544,605.06,0.55,4870829.0,"(0,15]",>0,>0,OK,1,1,0,0,1,ledger
CETX,NASDAQ:CETX,Cemtrex Inc. - Common Stock,Weekly,2020-07-17,2020-07-24,18411750.0,16206750.0,4.045293299407319,-38.897047563457996,-0.3889704756345799,-11.976047904191617,1.0,0,0.004677222,5.1454544,605.06,0.55,4870829.0,"(0,15]",>0,>0,OK,1,1,0,0,1,ledger
CETX,NASDAQ:CETX,Cemtrex Inc. - Common Stock,Weekly,2023-03-03,2023-04-28,2724750.0,2646000.0,2.185672480950718,-9.40478692319586,-0.09404786923195861,-2.8901734104046244,8.0,0,0.004677222,5.1454544,605.06,0.55,4870829.0,"(0,15]",>0,>0,OK,1,1,0,0,1,ledger
CFBK,NASDAQ:CFBK,CF Bankshares Inc. - Common Stock,Daily,2024-11-21,2024-12-18,27.950000762939453,24.06999969482422,1.6428559611913138,-197.95913799563064,-1.979591379956306,-13.881935464058934,18.0,0,12.233676,8.476191,2.91,4.2,233853264.0,"(0,15]",>0,>0,OK,1,1,1,1,1,ledger
CFBK,NASDAQ:CFBK,CF Bankshares Inc. - Common Stock,Daily,2025-08-22,2025-08-27,24.5,24.5,3.0137329628792786,0.0,0.0,0.0,3.0,0,12.233676,8.476191,2.91,4.2,233853264.0,"(0,15]",>0,>0,OK,1,1,1,1,1,ledger
CFBK,NASDAQ:CFBK,CF Bankshares Inc. - Common Stock,Daily,2025-11-04,2025-11-06,23.360000610351562,23.06999969482422,1.5286450388064519,-62.4378918881938,-0.6243789188819381,-1.2414422429374212,2.0,0,12.233676,8.476191,2.91,4.2,233853264.0,"(0,15]",>0,>0,OK,1,1,1,1,1,ledger
CFBK,NASDAQ:CFBK,CF Bankshares Inc. - Common Stock,Daily,2026-01-06,2026-01-23,25.540000915527344,28.65999984741211,1.573767416264352,255.73736148285263,2.5573736148285264,12.216126938303772,12.0,1,12.233676,8.476191,2.91,4.2,233853264.0,"(0,15]",>0,>0,OK,1,1,1,1,1,ledger
CFBK,NASDAQ:CFBK,CF Bankshares Inc. - Common Stock,Daily,2026-02-20,2026-02-23,31.850000381469727,30.530000686645508,2.4730634294951264,-131.102139449136,-1.31102139449136,-4.144425993766054,1.0,0,12.233676,8.476191,2.91,4.2,233853264.0,"(0,15]",>0,>0,OK,1,1,1,1,1,ledger
CFBK,NASDAQ:CFBK,CF Bankshares Inc. - Common Stock,Weekly,2017-03-17,2017-05-12,12.099448204040527,11.325966835021973,3.372091286836742,-32.55815820605654,-0.32558158206056537,-6.3926995345147715,8.0,0,12.233676,8.476191,2.91,4.2,233853264.0,"(0,15]",>0,>0,OK,1,1,1,1,1,ledger
CFBK,NASDAQ:CFBK,CF Bankshares Inc. - Common Stock,Weekly,2021-08-13,2021-11-19,19.489999771118164,21.049999237060547,3.3790333124652947,125.80643176535916,1.2580643176535915,8.004102022895426,14.0,1,12.233676,8.476191,2.91,4.2,233853264.0,"(0,15]",>0,>0,OK,1,1,1,1,1,ledger
CFBK,NASDAQ:CFBK,CF Bankshares Inc. - Common Stock,Weekly,2022-05-06,2022-05-20,21.600000381469727,20.350000381469727,1.5676551389952889,-108.86498635100237,-1.0886498635100237,-5.787036934834287,2.0,0,12.233676,8.476191,2.91,4.2,233853264.0,"(0,15]",>0,>0,OK,1,1,1,1,1,ledger
CFBK,NASDAQ:CFBK,CF Bankshares Inc. - Common Stock,Weekly,2024-05-10,2024-06-28,18.780000686645508,18.760000228881836,3.66579471673417,-2.2769437278529527,-0.02276943727852953,-0.10649870624282903,7.0,0,12.233676,8.476191,2.91,4.2,233853264.0,"(0,15]",>0,>0,OK,1,1,1,1,1,ledger
CFBK,NASDAQ:CFBK,CF Bankshares Inc. - Common Stock,Weekly,2025-01-24,2025-02-21,23.979999542236328,23.639999389648438,2.6433832165900104,-12.500008765391149,-0.1250000876539115,-1.417848870218047,4.0,0,12.233676,8.476191,2.91,4.2,233853264.0,"(0,15]",>0,>0,OK,1,1,1,1,1,ledger
CFBK,NASDAQ:CFBK,CF Bankshares Inc. - Common Stock,Weekly,2026-04-10,2026-05-08,29.489999771118164,27.43000030517578,1.894531794241743,-80.46874592546288,-0.8046874592546288,-6.985417029266645,4.0,0,12.233676,8.476191,2.91,4.2,233853264.0,"(0,15]",>0,>0,OK,1,1,1,1,1,ledger
CFBK,NASDAQ:CFBK,CF Bankshares Inc. - Common Stock,Monthly,2025-05-31,2025-10-31,23.940000534057617,23.200000762939453,1.5317791678789643,-15.677957197814631,-0.15677957197814632,-3.091059960777456,5.0,0,12.233676,8.476191,2.91,4.2,233853264.0,"(0,15]",>0,>0,OK,1,1,1,1,1,ledger
CFFI,NASDAQ:CFFI,C&F Financial Corporation,Daily,2024-08-09,2024-08-12,55.06999969482422,52.779998779296875,1.725274679209058,-83.88283148397338,-0.8388283148397337,-4.158345611435641,1.0,0,9.375696,,8.97,,273350816.0,"(0,15]",>0,missing,OK,1,1,1,0,1,ledger
CFFI,NASDAQ:CFFI,C&F Financial Corporation,Daily,2024-12-20,2024-12-23,72.9000015258789,71.05000305175781,2.7751120496503083,-64.41596325019391,-0.6441596325019391,-2.5377207618635773,1.0,0,9.375696,,8.97,,273350816.0,"(0,15]",>0,missing,OK,1,1,1,0,1,ledger
CFFI,NASDAQ:CFFI,C&F Financial Corporation,Daily,2025-02-26,2025-03-04,78.4000015258789,75.0999984741211,2.533039136769473,-72.68727723096727,-0.7268727723096727,-4.209187484095291,4.0,0,9.375696,,8.97,,273350816.0,"(0,15]",>0,missing,OK,1,1,1,0,1,ledger
CFFI,NASDAQ:CFFI,C&F Financial Corporation,Daily,2026-01-26,2026-02-09,71.5999984741211,79.16000366210938,1.5307242806422328,422.34644253022987,4.223464425302299,10.558666688688197,10.0,1,9.375696,,8.97,,273350816.0,"(0,15]",>0,missing,OK,1,1,1,0,1,ledger
CFFI,NASDAQ:CFFI,C&F Financial Corporation,Daily,2026-03-30,2026-04-01,72.91999816894531,72.62000274658203,3.500671346448804,-13.01345004766844,-0.1301345004766844,-0.41140349684079025,2.0,0,9.375696,,8.97,,273350816.0,"(0,15]",>0,missing,OK,1,1,1,0,1,ledger
CFFI,NASDAQ:CFFI,C&F Financial Corporation,Weekly,2021-05-07,2021-07-09,44.09000015258789,49.86000061035156,1.920601084978524,123.81975636690184,1.2381975636690186,13.08686876342639,9.0,1,9.375696,,8.97,,273350816.0,"(0,15]",>0,missing,OK,1,1,1,0,1,ledger
CFFN,NASDAQ:CFFN,"Capitol Federal Financial, Inc.",Daily,2024-08-16,2024-08-22,5.860000133514404,5.710000038146973,2.2857139613353255,-35.71430193323373,-0.3571430193323373,-2.5597285315669853,4.0,0,13.924241,11.858065,0.66,0.775,1133862528.0,"(0,15]",>0,>0,OK,1,1,1,1,1,ledger
CFFN,NASDAQ:CFFN,"Capitol Federal Financial, Inc.",Daily,2024-11-05,2024-11-18,6.449999809265137,6.730000019073486,1.650003576282097,140.00023841880648,1.4000023841880647,4.34108865253208,9.0,1,13.924241,11.858065,0.66,0.775,1133862528.0,"(0,15]",>0,>0,OK,1,1,1,1,1,ledger
CFFN,NASDAQ:CFFN,"Capitol Federal Financial, Inc.",Weekly,2017-04-21,2017-05-12,14.770000457763672,14.15999984741211,3.783331690895277,-101.6667037539776,-1.0166670375397762,-4.12999723389259,3.0,0,13.924241,11.858065,0.66,0.775,1133862528.0,"(0,15]",>0,>0,OK,1,1,1,1,1,ledger
CFFN,NASDAQ:CFFN,"Capitol Federal Financial, Inc.",Weekly,2020-01-17,2020-01-31,13.819999694824219,13.180000305175781,1.7452496767624597,-148.92783038828094,-1.4892783038828092,-4.63096529508699,2.0,0,13.924241,11.858065,0.66,0.775,1133862528.0,"(0,15]",>0,>0,OK,1,1,1,1,1,ledger
CFFN,NASDAQ:CFFN,"Capitol Federal Financial, Inc.",Weekly,2024-08-16,2024-10-04,5.860000133514404,5.610000133514404,2.09728781635798,-54.61686804737638,-0.5461686804737638,-4.266211506894081,7.0,0,13.924241,11.858065,0.66,0.775,1133862528.0,"(0,15]",>0,>0,OK,1,1,1,1,1,ledger
CFFN,NASDAQ:CFFN,"Capitol Federal Financial, Inc.",Weekly,2025-02-07,2025-02-21,6.010000228881836,5.880000114440918,2.428569343278789,-26.53062217486291,-0.2653062217486291,-2.163063385857883,2.0,0,13.924241,11.858065,0.66,0.775,1133862528.0,"(0,15]",>0,>0,OK,1,1,1,1,1,ledger
CFFN,NASDAQ:CFFN,"Capitol Federal Financial, Inc.",Monthly,2017-09-30,2017-12-31,14.699999809265137,13.40999984741211,1.5704707823586865,-86.57719194714724,-0.8657719194714724,-8.775510058442071,3.0,0,13.924241,11.858065,0.66,0.775,1133862528.0,"(0,15]",>0,>0,OK,1,1,1,1,1,ledger
CG,NASDAQ:CG,The Carlyle Group Inc.,Daily,2024-11-19,2024-11-26,51.13999938964844,53.52000045776367,2.1394121063489955,150.64501447298588,1.5064501447298588,4.653893422996374,5.0,1,33.536423,9.938064,1.51,5.09556,18229104640.0,"(25,40]",>0,>0,OK,1,1,0,1,1,ledger
CG,NASDAQ:CG,The Carlyle Group Inc.,Daily,2024-12-06,2024-12-10,52.849998474121094,52.38999938964844,1.7231204556213542,-35.07226030077958,-0.35072260300779584,-0.8703861830722713,2.0,0,33.536423,9.938064,1.51,5.09556,18229104640.0,"(25,40]",>0,>0,OK,1,1,0,1,1,ledger
CG,NASDAQ:CG,The Carlyle Group Inc.,Daily,2025-09-26,2025-09-30,63.9900016784668,62.70000076293945,3.0410610511989593,-66.94494343632462,-0.6694494343632462,-2.0159413684801333,2.0,0,33.536423,9.938064,1.51,5.09556,18229104640.0,"(25,40]",>0,>0,OK,1,1,0,1,1,ledger
CG,NASDAQ:CG,The Carlyle Group Inc.,Weekly,2017-03-17,2017-03-24,16.049999237060547,15.649999618530273,1.8484104397302337,-50.99055736223372,-0.5099055736223372,-2.4922095797154116,1.0,0,33.536423,9.938064,1.51,5.09556,18229104640.0,"(25,40]",>0,>0,OK,1,1,0,1,1,ledger
CG,NASDAQ:CG,The Carlyle Group Inc.,Weekly,2018-05-04,2018-06-29,21.450000762939453,21.299999237060547,2.9666659037272134,-10.000101725260418,-0.10000101725260417,-0.6993077880821036,8.0,0,33.536423,9.938064,1.51,5.09556,18229104640.0,"(25,40]",>0,>0,OK,1,1,0,1,1,ledger
CG,NASDAQ:CG,The Carlyle Group Inc.,Weekly,2019-08-30,2019-10-04,22.780000686645508,24.799999237060547,1.573528256796329,99.01949234629956,0.9901949234629955,8.867420937345441,5.0,1,33.536423,9.938064,1.51,5.09556,18229104640.0,"(25,40]",>0,>0,OK,1,1,0,1,1,ledger
CG,NASDAQ:CG,The Carlyle Group Inc.,Weekly,2025-11-28,2026-01-23,54.529998779296875,61.279998779296875,3.3426591729517083,147.27774064543098,1.4727774064543098,12.378507520823085,8.0,1,33.536423,9.938064,1.51,5.09556,18229104640.0,"(25,40]",>0,>0,OK,1,1,0,1,1,ledger
CG,NASDAQ:CG,The Carlyle Group Inc.,Monthly,2018-05-31,2018-09-30,21.899999618530273,22.549999237060547,1.6163715877884473,26.266022886641576,0.26266022886641577,2.9680348395088028,4.0,1,33.536423,9.938064,1.51,5.09556,18229104640.0,"(25,40]",>0,>0,OK,1,1,0,1,1,ledger
CG,NASDAQ:CG,The Carlyle Group Inc.,Monthly,2022-11-30,2023-03-31,31.170000076293945,31.059999465942383,4.136777352325809,-1.545154673437187,-0.015451546734371872,-0.35290539006197325,4.0,0,33.536423,9.938064,1.51,5.09556,18229104640.0,"(25,40]",>0,>0,OK,1,1,0,1,1,ledger
CGEN,NASDAQ:CGEN,Compugen Ltd. - Ordinary Shares,Daily,2024-07-31,2024-08-05,1.7699999809265137,1.6399999856948853,1.7500001862645538,-81.25001396984153,-0.8125001396984154,-7.344632578107678,3.0,0,6.2631583,-6.611111,0.38,-0.36,225111456.0,"(0,15]",>0,<=0,OK,1,1,1,0,1,ledger
CGEN,NASDAQ:CGEN,Compugen Ltd. - Ordinary Shares,Daily,2025-08-08,2025-08-14,1.5,1.4500000476837158,2.333333863152482,-33.33330684237589,-0.33333306842375887,-3.3333301544189453,4.0,0,6.2631583,-6.611111,0.38,-0.36,225111456.0,"(0,15]",>0,<=0,OK,1,1,1,0,1,ledger
CGEN,NASDAQ:CGEN,Compugen Ltd. - Ordinary Shares,Daily,2025-10-31,2025-11-04,1.7699999809265137,1.6100000143051147,3.8125016298148457,-100.0,-1.0,-9.039546234212176,2.0,0,6.2631583,-6.611111,0.38,-0.36,225111456.0,"(0,15]",>0,<=0,OK,1,1,1,0,1,ledger
CGEN,NASDAQ:CGEN,Compugen Ltd. - Ordinary Shares,Daily,2025-12-17,2026-01-21,1.5199999809265137,2.109999895095825,1.98389897044513,585.2499716071394,5.852499716071394,38.81578431400229,22.0,1,6.2631583,-6.611111,0.38,-0.36,225111456.0,"(0,15]",>0,<=0,OK,1,1,1,0,1,ledger
CGEN,NASDAQ:CGEN,Compugen Ltd. - Ordinary Shares,Daily,2026-02-19,2026-02-23,1.7899999618530273,1.7100000381469727,2.809525620640699,-38.0952164699618,-0.380952164699618,-4.469269576030488,2.0,0,6.2631583,-6.611111,0.38,-0.36,225111456.0,"(0,15]",>0,<=0,OK,1,1,1,0,1,ledger
CGEN,NASDAQ:CGEN,Compugen Ltd. - Ordinary Shares,Weekly,2018-06-01,2018-06-29,3.75,3.299999952316284,1.9230766409248,-69.23076640924799,-0.69230766409248,-12.000001271565756,4.0,0,6.2631583,-6.611111,0.38,-0.36,225111456.0,"(0,15]",>0,<=0,OK,1,1,1,0,1,ledger
CGEN,NASDAQ:CGEN,Compugen Ltd. - Ordinary Shares,Weekly,2026-07-03,2026-07-24,2.2799999713897705,2.2799999713897705,2.9090916972516836,0.0,0.0,0.0,3.0,0,6.2631583,-6.611111,0.38,-0.36,225111456.0,"(0,15]",>0,<=0,OK,1,1,1,0,1,ledger
CGNX,NASDAQ:CGNX,Cognex Corporation,Daily,2024-07-23,2024-07-25,50.779998779296875,48.689998626708984,1.7537328516566886,-155.97014288032383,-1.5597014288032385,-4.115794018963208,2.0,0,79.46667,40.090134,0.9,1.78398,11902318592.0,>40,>0,>0,OK,1,1,0,1,1,ledger
CGNX,NASDAQ:CGNX,Cognex Corporation,Daily,2026-03-09,2026-03-12,50.81999969482422,48.77000045776367,3.5810299386029456,-81.02767692363365,-0.8102767692363364,-4.0338434659009454,3.0,0,79.46667,40.090134,0.9,1.78398,11902318592.0,>40,>0,>0,OK,1,1,0,1,1,ledger
CGNX,NASDAQ:CGNX,Cognex Corporation,Daily,2026-05-20,2026-06-01,63.369998931884766,64.63999938964844,2.494154140621863,37.13453619056543,0.37134536190565426,2.004103643947938,7.0,1,79.46667,40.090134,0.9,1.78398,11902318592.0,>40,>0,>0,OK,1,1,0,1,1,ledger
CGNX,NASDAQ:CGNX,Cognex Corporation,Weekly,2021-05-28,2021-06-18,79.38999938964844,77.66999816894531,3.429663175110912,-26.29970917312074,-0.2629970917312074,-2.166521267069557,3.0,0,79.46667,40.090134,0.9,1.78398,11902318592.0,>40,>0,>0,OK,1,1,0,1,1,ledger
CGNX,NASDAQ:CGNX,Cognex Corporation,Weekly,2023-03-03,2023-04-07,49.220001220703125,47.189998626708984,2.074315554224778,-47.313112794942754,-0.4731311279494275,-4.124344867224978,5.0,0,79.46667,40.090134,0.9,1.78398,11902318592.0,>40,>0,>0,OK,1,1,0,1,1,ledger
CGNX,NASDAQ:CGNX,Cognex Corporation,Monthly,2018-07-31,2018-10-31,52.779998779296875,42.84000015258789,1.5690996424016723,-77.17391883815195,-0.7717391883815196,-18.83288908033848,3.0,0,79.46667,40.090134,0.9,1.78398,11902318592.0,>40,>0,>0,OK,1,1,0,1,1,ledger
CGON,NASDAQ:CGON,"CG Oncology, Inc.",Daily,2024-07-31,2024-08-27,33.349998474121094,36.5099983215332,1.7784830411848747,100.00006035917329,1.000000603591733,9.475262344807014,19.0,1,,-25.972326,-2.34,-2.74908,6297656832.0,missing,<=0,<=0,OK,0,0,0,0,0,ledger
CGON,NASDAQ:CGON,"CG Oncology, Inc.",Daily,2026-04-30,2026-05-14,66.73999786376953,69.53500366210938,2.1781319117935194,89.26527266023356,0.8926527266023356,4.187902139351341,10.0,1,,-25.972326,-2.34,-2.74908,6297656832.0,missing,<=0,<=0,OK,0,0,0,0,0,ledger
CGON,NASDAQ:CGON,"CG Oncology, Inc.",Weekly,2024-05-24,2024-06-21,32.709999084472656,31.43000030517578,1.9821540600926064,-14.481476660992818,-0.14481476660992817,-3.913172776285667,4.0,0,,-25.972326,-2.34,-2.74908,6297656832.0,missing,<=0,<=0,OK,0,0,0,0,0,ledger
CHCI,NASDAQ:CHCI,"Comstock Holding Companies, Inc. - Class A Common Stock",Daily,2025-02-12,2025-02-20,8.050000190734863,7.760000228881836,1.9011857746893706,-58.03620135060052,-0.5803620135060052,-3.6024839128178208,5.0,0,9.173653,,1.67,,157171376.0,"(0,15]",>0,missing,OK,1,1,1,0,1,ledger
CHCI,NASDAQ:CHCI,"Comstock Holding Companies, Inc. - Class A Common Stock",Daily,2025-09-03,2025-09-08,16.360000610351562,17.25,1.885964009680628,78.07009838737068,0.7807009838737068,5.440093865799142,3.0,1,9.173653,,1.67,,157171376.0,"(0,15]",>0,missing,OK,1,1,1,0,1,ledger
CHCI,NASDAQ:CHCI,"Comstock Holding Companies, Inc. - Class A Common Stock",Daily,2026-02-09,2026-02-11,11.489999771118164,11.279999732971191,3.36782369621343,-33.203899844049346,-0.33203899844049345,-1.8276766086178626,2.0,0,9.173653,,1.67,,157171376.0,"(0,15]",>0,missing,OK,1,1,1,0,1,ledger
CHCI,NASDAQ:CHCI,"Comstock Holding Companies, Inc. - Class A Common Stock",Daily,2026-05-05,2026-05-11,17.0,16.65999984741211,1.6287420293960102,-20.3592896440111,-0.20359289644011097,-2.0000008975758274,4.0,0,9.173653,,1.67,,157171376.0,"(0,15]",>0,missing,OK,1,1,1,0,1,ledger
CHCI,NASDAQ:CHCI,"Comstock Holding Companies, Inc. - Class A Common Stock",Weekly,2018-02-16,2018-05-18,1.6799999475479126,2.2300000190734863,4.5255764228439075,112.12014371725864,1.1212014371725865,32.73810051770184,13.0,1,9.173653,,1.67,,157171376.0,"(0,15]",>0,missing,OK,1,1,1,0,1,ledger
CHCI,NASDAQ:CHCI,"Comstock Holding Companies, Inc. - Class A Common Stock",Weekly,2019-10-25,2020-02-28,2.240000009536743,1.850000023841858,1.8333330021964311,-81.24999379118309,-0.8124999379118308,-17.41071357296742,18.0,0,9.173653,,1.67,,157171376.0,"(0,15]",>0,missing,OK,1,1,1,0,1,ledger
CHCI,NASDAQ:CHCI,"Comstock Holding Companies, Inc. - Class A Common Stock",Monthly,2019-01-31,2019-08-31,2.299999952316284,2.009999990463257,4.4570270099740945,-30.199478306321026,-0.30199478306321026,-12.608694255013969,7.0,0,9.173653,,1.67,,157171376.0,"(0,15]",>0,missing,OK,1,1,1,0,1,ledger
CHCO,NASDAQ:CHCO,City Holding Company,Daily,2024-09-26,2024-10-01,116.43000030517578,114.52999877929688,2.5023413549633413,-71.49550829722344,-0.7149550829722344,-1.6318831236784286,3.0,0,15.9442005,15.2119,9.14,9.58,2056420224.0,"(15,25]",>0,>0,OK,1,1,1,1,1,ledger
CHCO,NASDAQ:CHCO,City Holding Company,Daily,2024-11-21,2024-11-26,129.9600067138672,131.91000366210938,1.7945127023874718,53.42443992023645,0.5342443992023644,1.5004592547732734,3.0,1,15.9442005,15.2119,9.14,9.58,2056420224.0,"(15,25]",>0,>0,OK,1,1,1,1,1,ledger
CHCO,NASDAQ:CHCO,City Holding Company,Daily,2025-11-03,2025-11-13,118.98999786376953,120.69000244140625,1.993224056152402,57.62733343333454,0.5762733343333454,1.4286953594057856,8.0,1,15.9442005,15.2119,9.14,9.58,2056420224.0,"(15,25]",>0,>0,OK,1,1,1,1,1,ledger
CHCO,NASDAQ:CHCO,City Holding Company,Weekly,2019-06-28,2019-07-19,76.26000213623047,73.7300033569336,1.6782171393176226,-62.62371796929735,-0.6262371796929735,-3.3175959984597143,3.0,0,15.9442005,15.2119,9.14,9.58,2056420224.0,"(15,25]",>0,>0,OK,1,1,1,1,1,ledger
CHCO,NASDAQ:CHCO,City Holding Company,Weekly,2021-05-07,2021-06-11,80.18000030517578,77.91000366210938,1.8905764501864106,-51.64384423850296,-0.5164384423850296,-2.831125760072956,5.0,0,15.9442005,15.2119,9.14,9.58,2056420224.0,"(15,25]",>0,>0,OK,1,1,1,1,1,ledger
CHCO,NASDAQ:CHCO,City Holding Company,Weekly,2024-01-26,2024-02-02,106.51000213623047,101.55999755859375,1.7116772823779194,-90.32849535345099,-0.9032849535345098,-4.6474551482080235,1.0,0,15.9442005,15.2119,9.14,9.58,2056420224.0,"(15,25]",>0,>0,OK,1,1,1,1,1,ledger
CHCT,NASDAQ:CHCT,Community Healthcare Trust Incorporated,Daily,2024-11-27,2024-12-03,18.790000915527344,18.75,1.5588220444524228,-5.882484937562409,-0.05882484937562409,-0.2128840531044813,3.0,0,147.58333,44.274998,0.12,0.4,506006400.0,>40,>0,>0,OK,1,1,0,1,1,ledger
CHCT,NASDAQ:CHCT,Community Healthcare Trust Incorporated,Weekly,2023-06-09,2023-06-23,34.65999984741211,31.649999618530273,3.402215621964781,-111.0701566700919,-1.1107015667009192,-8.68436307597554,2.0,0,147.58333,44.274998,0.12,0.4,506006400.0,>40,>0,>0,OK,1,1,0,1,1,ledger
CHCT,NASDAQ:CHCT,Community Healthcare Trust Incorporated,Weekly,2023-09-01,2023-09-08,33.38999938964844,32.439998626708984,1.7133087380535577,-48.878189589048944,-0.4887818958904894,-2.8451655594638083,1.0,0,147.58333,44.274998,0.12,0.4,506006400.0,>40,>0,>0,OK,1,1,0,1,1,ledger
CHDN,NASDAQ:CHDN,Churchill Downs Incorporated,Daily,2024-07-22,2024-07-24,140.74000549316406,137.25,2.920152100655473,-172.73487144172958,-1.7273487144172959,-2.479753699692428,2.0,0,14.177741,11.565997,6.02,7.37939,5948915200.0,"(0,15]",>0,>0,OK,1,1,1,1,1,ledger
CHDN,NASDAQ:CHDN,Churchill Downs Incorporated,Daily,2024-11-20,2024-11-26,139.97000122070312,139.6999969482422,2.9780664871725957,-7.852443787712073,-0.07852443787712074,-0.1929015289749107,4.0,0,14.177741,11.565997,6.02,7.37939,5948915200.0,"(0,15]",>0,>0,OK,1,1,1,1,1,ledger
CHDN,NASDAQ:CHDN,Churchill Downs Incorporated,Daily,2025-05-27,2025-06-02,94.54000091552734,92.77999877929688,1.5714264482217082,-57.1428925296382,-0.571428925296382,-1.8616481057611287,4.0,0,14.177741,11.565997,6.02,7.37939,5948915200.0,"(0,15]",>0,>0,OK,1,1,1,1,1,ledger
CHDN,NASDAQ:CHDN,Churchill Downs Incorporated,Daily,2025-11-04,2025-11-06,99.01000213623047,96.56999969482422,2.906682752318396,-78.10922402079937,-0.7810922402079937,-2.464399948248649,2.0,0,14.177741,11.565997,6.02,7.37939,5948915200.0,"(0,15]",>0,>0,OK,1,1,1,1,1,ledger
CHDN,NASDAQ:CHDN,Churchill Downs Incorporated,Weekly,2017-02-03,2017-05-12,24.191667556762695,27.633333206176758,2.13684187702633,367.7147643195495,3.677147643195495,14.22665734529721,14.0,1,14.177741,11.565997,6.02,7.37939,5948915200.0,"(0,15]",>0,>0,OK,1,1,1,1,1,ledger
CHDN,NASDAQ:CHDN,Churchill Downs Incorporated,Weekly,2021-06-25,2021-07-09,102.56999969482422,95.88999938964844,2.5191855233056133,-63.28754251101401,-0.6328754251101402,-6.5126258409386155,2.0,0,14.177741,11.565997,6.02,7.37939,5948915200.0,"(0,15]",>0,>0,OK,1,1,1,1,1,ledger
CHDN,NASDAQ:CHDN,Churchill Downs Incorporated,Weekly,2024-02-09,2024-03-08,123.75,112.19999694824219,1.9589619682519344,-179.42914842536655,-1.7942914842536655,-9.333335799400253,4.0,0,14.177741,11.565997,6.02,7.37939,5948915200.0,"(0,15]",>0,>0,OK,1,1,1,1,1,ledger
CHDN,NASDAQ:CHDN,Churchill Downs Incorporated,Weekly,2025-08-22,2025-09-12,104.04000091552734,96.31999969482422,2.219659433631742,-118.83339606856259,-1.188333960685626,-7.420224099162769,3.0,0,14.177741,11.565997,6.02,7.37939,5948915200.0,"(0,15]",>0,>0,OK,1,1,1,1,1,ledger
CHE,NASDAQ:CHE,Chemed Corporation,Daily,2024-10-24,2024-10-30,596.8499755859375,535.7999877929688,1.9240944536921005,-624.8172224674852,-6.2481722246748514,-10.228699051723169,4.0,0,27.135242,19.608355,19.89,27.525,7054118912.0,"(25,40]",>0,>0,OK,1,1,0,1,1,ledger
CHE,NASDAQ:CHE,Chemed Corporation,Weekly,2022-09-16,2022-09-23,480.2900085449219,451.95001220703125,2.053905883955064,-120.18940886122341,-1.201894088612234,-5.9006008523369,1.0,0,27.135242,19.608355,19.89,27.525,7054118912.0,"(25,40]",>0,>0,OK,1,1,0,1,1,ledger
CHE,NASDAQ:CHE,Chemed Corporation,Monthly,2024-07-31,2024-10-31,570.1599731445312,540.239990234375,1.7767909979679715,-62.94286344293412,-0.6294286344293412,-5.2476470323131155,3.0,0,27.135242,19.608355,19.89,27.525,7054118912.0,"(25,40]",>0,>0,OK,1,1,0,1,1,ledger
CHEF,NASDAQ:CHEF,"The Chefs' Warehouse, Inc.",Daily,2025-03-24,2025-03-26,54.5099983215332,53.06999969482422,2.9055718632176117,-34.86681802311727,-0.34866818023117263,-2.641714678131147,2.0,0,52.390476,36.72953,2.1,2.99541,4488385024.0,>40,>0,>0,OK,1,1,0,1,1,ledger
CHEF,NASDAQ:CHEF,"The Chefs' Warehouse, Inc.",Daily,2025-08-13,2025-08-14,63.68000030517578,61.290000915527344,2.4796456485463496,-112.66823535583664,-1.1266823535583663,-3.7531397270646423,1.0,0,52.390476,36.72953,2.1,2.99541,4488385024.0,>40,>0,>0,OK,1,1,0,1,1,ledger
CHEF,NASDAQ:CHEF,"The Chefs' Warehouse, Inc.",Daily,2026-01-09,2026-01-13,60.9900016784668,60.0,2.5725389117471806,-55.729105831931435,-0.5572910583193144,-1.6232196281711666,2.0,0,52.390476,36.72953,2.1,2.99541,4488385024.0,>40,>0,>0,OK,1,1,0,1,1,ledger
CHEF,NASDAQ:CHEF,"The Chefs' Warehouse, Inc.",Daily,2026-07-27,2026-08-04,95.68000030517578,110.0199966430664,1.526540093204978,304.45858015482327,3.0445858015482328,14.987454318721305,6.0,1,52.390476,36.72953,2.1,2.99541,4488385024.0,>40,>0,>0,OK,1,1,0,1,1,ledger
CHEF,NASDAQ:CHEF,"The Chefs' Warehouse, Inc.",Weekly,2017-05-12,2017-06-16,14.5,14.699999809265137,1.827586184217017,13.793092108508421,0.1379309210850842,1.379309029414736,5.0,1,52.390476,36.72953,2.1,2.99541,4488385024.0,>40,>0,>0,OK,1,1,0,1,1,ledger
CHEF,NASDAQ:CHEF,"The Chefs' Warehouse, Inc.",Weekly,2019-04-05,2019-05-31,31.670000076293945,31.670000076293945,3.0229549306085537,0.0,0.0,0.0,8.0,0,52.390476,36.72953,2.1,2.99541,4488385024.0,>40,>0,>0,OK,1,1,0,1,1,ledger
CHEF,NASDAQ:CHEF,"The Chefs' Warehouse, Inc.",Weekly,2019-10-25,2019-11-01,37.72999954223633,34.560001373291016,1.9417052555591099,-142.15241343800088,-1.421524134380009,-8.401797528241953,1.0,0,52.390476,36.72953,2.1,2.99541,4488385024.0,>40,>0,>0,OK,1,1,0,1,1,ledger
CHEF,NASDAQ:CHEF,"The Chefs' Warehouse, Inc.",Weekly,2021-12-24,2022-01-21,32.56999969482422,30.549999237060547,1.7599995930989583,-67.3333485921224,-0.673333485921224,-6.202027868255324,4.0,0,52.390476,36.72953,2.1,2.99541,4488385024.0,>40,>0,>0,OK,1,1,0,1,1,ledger
CHEF,NASDAQ:CHEF,"The Chefs' Warehouse, Inc.",Weekly,2022-09-09,2022-09-23,34.790000915527344,30.270000457763672,2.187731947971348,-134.173010032796,-1.3417301003279598,-12.992240123070312,2.0,0,52.390476,36.72953,2.1,2.99541,4488385024.0,>40,>0,>0,OK,1,1,0,1,1,ledger
CHEF,NASDAQ:CHEF,"The Chefs' Warehouse, Inc.",Weekly,2023-03-24,2023-05-26,32.66999816894531,31.270000457763672,2.41835494596525,-49.282242148456234,-0.4928224214845623,-4.285270246854247,9.0,0,52.390476,36.72953,2.1,2.99541,4488385024.0,>40,>0,>0,OK,1,1,0,1,1,ledger
CHEF,NASDAQ:CHEF,"The Chefs' Warehouse, Inc.",Weekly,2025-10-31,2026-01-02,59.0,62.38999938964844,1.71379374981502,58.44827302712711,0.5844827302712711,5.745761677370233,9.0,1,52.390476,36.72953,2.1,2.99541,4488385024.0,>40,>0,>0,OK,1,1,0,1,1,ledger
CHKP,NASDAQ:CHKP,Check Point Software Technologies Ltd.,Daily,2026-07-24,2026-07-30,130.57000732421875,128.22999572753906,1.9879271630937927,-40.344953230582234,-0.4034495323058224,-1.7921509270266014,4.0,0,12.619144,10.964673,9.82,11.30175,12652310528.0,"(0,15]",>0,>0,OK,1,1,1,1,1,ledger
CHKP,NASDAQ:CHKP,Check Point Software Technologies Ltd.,Weekly,2024-11-22,2025-01-03,181.75,181.39999389648438,2.274156061624912,-2.7494597092318704,-0.0274945970923187,-0.19257557277338377,6.0,0,12.619144,10.964673,9.82,11.30175,12652310528.0,"(0,15]",>0,>0,OK,1,1,1,1,1,ledger
CHKP,NASDAQ:CHKP,Check Point Software Technologies Ltd.,Monthly,2019-10-31,2019-12-31,112.41000366210938,110.95999908447266,2.1260246788590527,-15.148633432005278,-0.1514863343200528,-1.2899248557941996,2.0,0,12.619144,10.964673,9.82,11.30175,12652310528.0,"(0,15]",>0,>0,OK,1,1,1,1,1,ledger
CHMG,NASDAQ:CHMG,Chemung Financial Corporation,Daily,2024-07-26,2024-07-29,48.790000915527344,48.56999969482422,2.060301673782171,-18.20358522567483,-0.1820358522567483,-0.45091456563820215,1.0,0,11.716928,10.361007,7.03,7.95,397008576.0,"(0,15]",>0,>0,OK,1,1,1,1,1,ledger
CHMG,NASDAQ:CHMG,Chemung Financial Corporation,Daily,2025-03-19,2025-03-21,49.470001220703125,46.90999984741211,2.1874977075156807,-123.07688075413564,-1.2307688075413563,-5.1748560948481614,2.0,0,11.716928,10.361007,7.03,7.95,397008576.0,"(0,15]",>0,>0,OK,1,1,1,1,1,ledger
CHMG,NASDAQ:CHMG,Chemung Financial Corporation,Daily,2026-01-14,2026-01-16,55.599998474121094,55.2400016784668,2.331839385816508,-16.143357379045845,-0.16143357379045847,-0.6474762689460444,2.0,0,11.716928,10.361007,7.03,7.95,397008576.0,"(0,15]",>0,>0,OK,1,1,1,1,1,ledger
CHMG,NASDAQ:CHMG,Chemung Financial Corporation,Weekly,2018-01-12,2018-02-02,50.2400016784668,44.9900016784668,1.5542447037357927,-123.82070570072092,-1.2382070570072092,-10.449840415212776,3.0,0,11.716928,10.361007,7.03,7.95,397008576.0,"(0,15]",>0,>0,OK,1,1,1,1,1,ledger
CHMG,NASDAQ:CHMG,Chemung Financial Corporation,Weekly,2024-04-19,2024-08-02,43.5,46.47999954223633,1.7466668023003473,66.22221204969618,0.6622221204969618,6.850573660313398,15.0,1,11.716928,10.361007,7.03,7.95,397008576.0,"(0,15]",>0,>0,OK,1,1,1,1,1,ledger
CHMG,NASDAQ:CHMG,Chemung Financial Corporation,Monthly,2018-03-31,2018-07-31,46.470001220703125,44.959999084472656,1.8401418552163433,-26.82063676296912,-0.2682063676296912,-3.249412732009439,4.0,0,11.716928,10.361007,7.03,7.95,397008576.0,"(0,15]",>0,>0,OK,1,1,1,1,1,ledger
CHMI,NASDAQ:CHMI,Cherry Hill Mortgage Investment Corporation,Daily,2025-06-23,2025-06-30,2.9800000190734863,2.7300000190734863,2.999995665122005,-227.27245141685486,-2.272724514168549,-8.389261691270985,5.0,0,15.333332,4.181818,0.15,0.55,85723872.0,"(15,25]",>0,>0,OK,1,1,1,1,1,ledger
CHMI,NASDAQ:CHMI,Cherry Hill Mortgage Investment Corporation,Weekly,2016-11-11,2017-01-27,16.700000762939453,18.020000457763672,1.8857117944861337,188.57117944861335,1.8857117944861337,7.904189428263708,11.0,1,15.333332,4.181818,0.15,0.55,85723872.0,"(15,25]",>0,>0,OK,1,1,1,1,1,ledger
CHMI,NASDAQ:CHMI,Cherry Hill Mortgage Investment Corporation,Weekly,2024-02-16,2024-03-08,3.640000104904175,3.2799999713897705,2.8369244530349267,-136.17246753644187,-1.3617246753644188,-9.890113273056663,3.0,0,15.333332,4.181818,0.15,0.55,85723872.0,"(15,25]",>0,>0,OK,1,1,1,1,1,ledger
CHRD,NASDAQ:CHRD,Chord Energy Corporation,Daily,2024-08-06,2024-08-08,152.97999572753906,151.05999755859375,3.783894495159173,-25.771798059572795,-0.2577179805957279,-1.2550648598296956,2.0,0,,9.295728,-1.01,14.72612,7706795008.0,missing,<=0,>0,OK,0,0,0,0,0,ledger
CHRD,NASDAQ:CHRD,Chord Energy Corporation,Daily,2025-06-26,2025-06-30,99.3499984741211,96.8499984741211,2.725494370830034,-76.04616767074268,-0.7604616767074268,-2.516356354702115,2.0,0,,9.295728,-1.01,14.72612,7706795008.0,missing,<=0,>0,OK,0,0,0,0,0,ledger
CHRD,NASDAQ:CHRD,Chord Energy Corporation,Daily,2025-08-05,2025-08-07,106.44000244140625,99.52999877929688,2.470584344876619,-213.93177958395043,-2.139317795839504,-6.491923622336665,2.0,0,,9.295728,-1.01,14.72612,7706795008.0,missing,<=0,>0,OK,0,0,0,0,0,ledger
CHRD,NASDAQ:CHRD,Chord Energy Corporation,Weekly,2021-08-27,2021-11-26,88.05999755859375,119.16000366210938,2.2388575962611608,355.4286411830357,3.554286411830357,35.31683734470032,13.0,1,,9.295728,-1.01,14.72612,7706795008.0,missing,<=0,>0,OK,0,0,0,0,0,ledger
CHRD,NASDAQ:CHRD,Chord Energy Corporation,Weekly,2022-12-23,2023-01-06,139.8300018310547,127.75,1.7427373387383331,-84.31024915429953,-0.8431024915429952,-8.639062914159137,2.0,0,,9.295728,-1.01,14.72612,7706795008.0,missing,<=0,>0,OK,0,0,0,0,0,ledger
CHRD,NASDAQ:CHRD,Chord Energy Corporation,Weekly,2024-07-05,2024-08-02,169.5,155.8699951171875,2.186709395587504,-143.77648761188578,-1.4377648761188577,-8.041300815818584,4.0,0,,9.295728,-1.01,14.72612,7706795008.0,missing,<=0,>0,OK,0,0,0,0,0,ledger
CHRD,NASDAQ:CHRD,Chord Energy Corporation,Monthly,2017-09-30,2017-12-31,9.119999885559082,8.40999984741211,3.115504898780088,-27.78905259271684,-0.2778905259271684,-7.785088235266438,3.0,0,,9.295728,-1.01,14.72612,7706795008.0,missing,<=0,>0,OK,0,0,0,0,0,ledger
CHRW,NASDAQ:CHRW,"C.H. Robinson Worldwide, Inc.",Daily,2024-08-16,2024-09-05,99.22000122070312,102.18000030517578,2.1719318440390305,103.859672605105,1.03859672605105,2.9832685426887764,13.0,1,29.532444,20.656414,5.24,7.49162,18082732032.0,"(25,40]",>0,>0,OK,1,1,0,1,1,ledger
CHRW,NASDAQ:CHRW,"C.H. Robinson Worldwide, Inc.",Daily,2024-10-25,2024-10-31,108.12000274658203,103.04000091552734,2.4704984848633105,-252.01099585933343,-2.5201099585933346,-4.698484741034915,4.0,0,29.532444,20.656414,5.24,7.49162,18082732032.0,"(25,40]",>0,>0,OK,1,1,0,1,1,ledger
CHRW,NASDAQ:CHRW,"C.H. Robinson Worldwide, Inc.",Daily,2025-05-27,2025-05-28,97.30000305175781,95.58000183105469,1.5902970324437486,-72.55478176922144,-0.7255478176922143,-1.7677298733363724,1.0,0,29.532444,20.656414,5.24,7.49162,18082732032.0,"(25,40]",>0,>0,OK,1,1,0,1,1,ledger
CHRW,NASDAQ:CHRW,"C.H. Robinson Worldwide, Inc.",Daily,2025-07-17,2025-07-18,98.52999877929688,97.4800033569336,2.0850292979694753,-54.05603873338,-0.5405603873338,-1.0656606468809846,1.0,0,29.532444,20.656414,5.24,7.49162,18082732032.0,"(25,40]",>0,>0,OK,1,1,0,1,1,ledger
CHRW,NASDAQ:CHRW,"C.H. Robinson Worldwide, Inc.",Daily,2025-10-01,2025-10-06,132.66000366210938,134.36000061035156,1.9996819581975898,63.66021643628498,0.6366021643628499,1.2814690949143581,3.0,1,29.532444,20.656414,5.24,7.49162,18082732032.0,"(25,40]",>0,>0,OK,1,1,0,1,1,ledger
CHRW,NASDAQ:CHRW,"C.H. Robinson Worldwide, Inc.",Daily,2026-07-29,2026-07-30,173.75,146.9199981689453,3.7828344113372667,-277.456121110941,-2.7745612111094102,-15.44172767254946,1.0,0,29.532444,20.656414,5.24,7.49162,18082732032.0,"(25,40]",>0,>0,OK,1,1,0,1,1,ledger
CHRW,NASDAQ:CHRW,"C.H. Robinson Worldwide, Inc.",Weekly,2020-11-13,2021-01-29,91.97000122070312,85.55999755859375,2.5397731699207418,-110.14855659476294,-1.1014855659476295,-6.969667910221182,11.0,0,29.532444,20.656414,5.24,7.49162,18082732032.0,"(25,40]",>0,>0,OK,1,1,0,1,1,ledger
CHT,NASDAQ:CHT,"Chunghwa Telecom Co., Ltd.",Weekly,2016-11-25,2016-12-09,33.43000030517578,32.83000183105469,3.97726789979496,-68.18156202993667,-0.6818156202993667,-1.7947905134425002,2.0,0,27.025806,26.71556,1.55,1.568,32495941632.0,"(25,40]",>0,>0,OK,1,1,0,1,1,ledger
CHT,NASDAQ:CHT,"Chunghwa Telecom Co., Ltd.",Weekly,2018-05-25,2018-06-15,36.77000045776367,36.06999969482422,2.9425339267314143,-80.45995659132265,-0.8045995659132265,-1.9037279146719563,3.0,0,27.025806,26.71556,1.55,1.568,32495941632.0,"(25,40]",>0,>0,OK,1,1,0,1,1,ledger
CHT,NASDAQ:CHT,"Chunghwa Telecom Co., Ltd.",Weekly,2020-08-21,2020-09-04,36.970001220703125,36.5099983215332,3.069127502473642,-56.472301962400685,-0.5647230196240068,-1.2442598971631118,2.0,0,27.025806,26.71556,1.55,1.568,32495941632.0,"(25,40]",>0,>0,OK,1,1,0,1,1,ledger
CHT,NASDAQ:CHT,"Chunghwa Telecom Co., Ltd.",Weekly,2024-11-29,2024-12-20,38.09000015258789,37.61000061035156,2.7579495971773964,-52.32471078598402,-0.5232471078598402,-1.2601720669820375,3.0,0,27.025806,26.71556,1.55,1.568,32495941632.0,"(25,40]",>0,>0,OK,1,1,0,1,1,ledger
CHT,NASDAQ:CHT,"Chunghwa Telecom Co., Ltd.",Monthly,2018-09-30,2019-07-31,35.90999984741211,34.25,1.8486512456543345,-89.7297954908179,-0.8972979549081791,-4.622667375287497,10.0,0,27.025806,26.71556,1.55,1.568,32495941632.0,"(25,40]",>0,>0,OK,1,1,0,1,1,ledger
CHTR,NASDAQ:CHTR,"Charter Communications, Inc.",Daily,2024-08-09,2024-08-12,364.4100036621094,350.760009765625,1.793280911658744,-111.92628698662334,-1.1192628698662332,-3.745779138692639,1.0,0,3.9830863,3.4699752,38.43,44.11271,20630390784.0,"(0,15]",>0,>0,OK,1,1,0,1,1,ledger
CHTR,NASDAQ:CHTR,"Charter Communications, Inc.",Daily,2025-05-27,2025-05-28,411.1300048828125,407.3800048828125,2.192458803409013,-31.707376919018294,-0.31707376919018293,-0.9121202431014226,1.0,0,3.9830863,3.4699752,38.43,44.11271,20630390784.0,"(0,15]",>0,>0,OK,1,1,0,1,1,ledger
CHTR,NASDAQ:CHTR,"Charter Communications, Inc.",Daily,2025-07-21,2025-07-24,388.8900146484375,380.0,3.0642127602387643,-81.55958473788539,-0.8155958473788539,-2.2859971492130517,3.0,0,3.9830863,3.4699752,38.43,44.11271,20630390784.0,"(0,15]",>0,>0,OK,1,1,0,1,1,ledger
CHTR,NASDAQ:CHTR,"Charter Communications, Inc.",Daily,2026-07-16,2026-07-20,133.3300018310547,129.16000366210938,4.840256765254263,-58.03295732244268,-0.5803295732244268,-3.127576773177583,2.0,0,3.9830863,3.4699752,38.43,44.11271,20630390784.0,"(0,15]",>0,>0,OK,1,1,0,1,1,ledger
CHTR,NASDAQ:CHTR,"Charter Communications, Inc.",Weekly,2017-10-06,2017-10-13,367.3999938964844,357.3999938964844,2.5003037059385482,-60.350088051069136,-0.6035008805106914,-2.7218291143514604,1.0,0,3.9830863,3.4699752,38.43,44.11271,20630390784.0,"(0,15]",>0,>0,OK,1,1,0,1,1,ledger
CHTR,NASDAQ:CHTR,"Charter Communications, Inc.",Weekly,2019-08-23,2019-09-27,385.510009765625,406.2099914550781,2.0255250056194165,132.600686282398,1.3260068628239798,5.3695056328207675,5.0,1,3.9830863,3.4699752,38.43,44.11271,20630390784.0,"(0,15]",>0,>0,OK,1,1,0,1,1,ledger
CHTR,NASDAQ:CHTR,"Charter Communications, Inc.",Weekly,2023-03-31,2023-04-21,357.6099853515625,332.7099914550781,1.6608135799344834,-71.69596285517454,-0.7169596285517454,-6.962891115024504,3.0,0,3.9830863,3.4699752,38.43,44.11271,20630390784.0,"(0,15]",>0,>0,OK,1,1,0,1,1,ledger
CHTR,NASDAQ:CHTR,"Charter Communications, Inc.",Weekly,2024-10-25,2024-12-13,336.0,379.7799987792969,2.244643414263974,195.44647637679955,1.9544647637679955,13.029761541457402,7.0,1,3.9830863,3.4699752,38.43,44.11271,20630390784.0,"(0,15]",>0,>0,OK,1,1,0,1,1,ledger
CHYM,NASDAQ:CHYM,"Chime Financial, Inc.",Daily,2025-07-31,2025-08-01,34.40999984741211,32.630001068115234,1.5170514235934307,-63.38851516624585,-0.6338851516624585,-5.172911325748652,1.0,0,,15.496895,-4.14,1.61,9506427904.0,missing,<=0,>0,OK,0,0,0,0,0,ledger
CHYM,NASDAQ:CHYM,"Chime Financial, Inc.",Daily,2025-11-18,2025-12-15,18.940000534057617,24.6200008392334,1.9287080221898998,454.5669231638045,4.545669231638045,29.989441103563287,18.0,1,,15.496895,-4.14,1.61,9506427904.0,missing,<=0,>0,OK,0,0,0,0,0,ledger
CHYM,NASDAQ:CHYM,"Chime Financial, Inc.",Daily,2026-04-30,2026-05-05,21.860000610351562,20.790000915527344,2.504890729920942,-92.74162223644853,-0.9274162223644854,-4.894783462711946,3.0,0,,15.496895,-4.14,1.61,9506427904.0,missing,<=0,>0,OK,0,0,0,0,0,ledger
CIA,NASDAQ:CIA,"Citizens, Inc.",Daily,2025-02-26,2025-03-04,4.860000133514404,4.550000190734863,1.8695643159978854,-67.39128631995771,-0.6739128631995771,-6.378599470436049,4.0,0,13.257143,12.888888,0.35,0.36,234568528.0,"(0,15]",>0,>0,OK,1,1,1,1,1,ledger
CIA,NASDAQ:CIA,"Citizens, Inc.",Daily,2025-04-02,2025-04-03,4.809999942779541,4.170000076293945,1.6499992251398026,-159.99992847444332,-1.5999992847444333,-13.30561068813154,1.0,0,13.257143,12.888888,0.35,0.36,234568528.0,"(0,15]",>0,>0,OK,1,1,1,1,1,ledger
CIA,NASDAQ:CIA,"Citizens, Inc.",Daily,2025-10-03,2025-10-21,5.199999809265137,5.489999771118164,3.3975207246772623,124.7191048263087,1.247191048263087,5.576922547887749,12.0,1,13.257143,12.888888,0.35,0.36,234568528.0,"(0,15]",>0,>0,OK,1,1,1,1,1,ledger
CIA,NASDAQ:CIA,"Citizens, Inc.",Daily,2026-02-26,2026-02-27,5.75,5.420000076293945,2.068551429693789,-105.0187252042061,-1.0501872520420612,-5.739129107931386,1.0,0,13.257143,12.888888,0.35,0.36,234568528.0,"(0,15]",>0,>0,OK,1,1,1,1,1,ledger
CIA,NASDAQ:CIA,"Citizens, Inc.",Weekly,2018-01-12,2018-02-09,7.75,7.289999961853027,1.592086571186462,-77.09052952816542,-0.7709052952816542,-5.9354843631867436,4.0,0,13.257143,12.888888,0.35,0.36,234568528.0,"(0,15]",>0,>0,OK,1,1,1,1,1,ledger
CIA,NASDAQ:CIA,"Citizens, Inc.",Weekly,2018-11-30,2018-12-07,7.900000095367432,7.539999961853027,1.7804797350185142,-71.21920826738072,-0.7121920826738073,-4.556963660361331,1.0,0,13.257143,12.888888,0.35,0.36,234568528.0,"(0,15]",>0,>0,OK,1,1,1,1,1,ledger
CIFR,NASDAQ:CIFR,Cipher Digital Inc.,Daily,2024-07-26,2024-07-29,5.820000171661377,5.570000171661377,3.462824631740049,-39.89430035617164,-0.39894300356171647,-4.295532519351027,1.0,0,,39.38164,-1.96,0.5175,8458325504.0,missing,<=0,>0,OK,0,0,0,0,0,ledger
CIFR,NASDAQ:CIFR,Cipher Digital Inc.,Daily,2024-11-19,2024-11-21,6.679999828338623,6.190000057220459,1.8774780232721842,-84.40033696312473,-0.8440033696312472,-7.335326103444399,2.0,0,,39.38164,-1.96,0.5175,8458325504.0,missing,<=0,>0,OK,0,0,0,0,0,ledger
CIFR,NASDAQ:CIFR,Cipher Digital Inc.,Daily,2025-06-02,2025-06-12,3.25,3.8399999141693115,2.455695363945782,219.52422205073276,2.195242220507328,18.153843512901894,8.0,1,,39.38164,-1.96,0.5175,8458325504.0,missing,<=0,>0,OK,0,0,0,0,0,ledger
CIFR,NASDAQ:CIFR,Cipher Digital Inc.,Daily,2025-09-29,2025-10-16,12.649999618530273,18.719999313354492,1.762195987123066,370.1220703579304,3.701220703579304,47.98418875786065,13.0,1,,39.38164,-1.96,0.5175,8458325504.0,missing,<=0,>0,OK,0,0,0,0,0,ledger
CIFR,NASDAQ:CIFR,Cipher Digital Inc.,Weekly,2021-06-11,2021-07-16,10.010000228881836,9.899999618530273,6.640579862339038,-22.685341419672884,-0.22685341419672886,-1.0989071711924434,5.0,0,,39.38164,-1.96,0.5175,8458325504.0,missing,<=0,>0,OK,0,0,0,0,0,ledger
CIFR,NASDAQ:CIFR,Cipher Digital Inc.,Weekly,2023-10-06,2023-11-10,2.6700000762939453,2.9800000190734863,4.239379737843943,50.06504671056639,0.5006504671056639,11.610484416533499,5.0,1,,39.38164,-1.96,0.5175,8458325504.0,missing,<=0,>0,OK,0,0,0,0,0,ledger
CIGI,NASDAQ:CIGI,Colliers International Group Inc.,Daily,2025-05-27,2025-06-13,121.7300033569336,127.37000274658203,1.6481830236598605,107.8393072572563,1.078393072572563,4.6332040040375055,13.0,1,47.16667,11.667381,2.1,8.48948,5061833728.0,>40,>0,>0,OK,1,1,0,1,1,ledger
CIGI,NASDAQ:CIGI,Colliers International Group Inc.,Weekly,2019-09-06,2019-10-04,68.25,71.41999816894531,2.5645155336062415,85.21497657858683,0.8521497657858684,4.644685961824633,4.0,1,47.16667,11.667381,2.1,8.48948,5061833728.0,>40,>0,>0,OK,1,1,0,1,1,ledger
CIGI,NASDAQ:CIGI,Colliers International Group Inc.,Weekly,2023-03-31,2023-05-05,105.55000305175781,90.81999969482422,3.1597891049342377,-190.75293346524023,-1.9075293346524023,-13.955474117523753,5.0,0,47.16667,11.667381,2.1,8.48948,5061833728.0,>40,>0,>0,OK,1,1,0,1,1,ledger
CIGI,NASDAQ:CIGI,Colliers International Group Inc.,Weekly,2025-10-17,2025-11-07,157.6199951171875,151.52000427246094,1.5948594491519883,-74.66330736661631,-0.746633073666163,-3.8700615617906435,3.0,0,47.16667,11.667381,2.1,8.48948,5061833728.0,>40,>0,>0,OK,1,1,0,1,1,ledger
CINF,NASDAQ:CINF,Cincinnati Financial Corporation,Daily,2024-12-05,2024-12-06,157.16000366210938,156.02999877929688,1.7907062136524297,-44.08514988140166,-0.4408514988140166,-0.7190155615177931,1.0,0,8.403747,19.716549,21.35,9.09997,27537031168.0,"(0,15]",>0,>0,OK,1,1,1,0,1,ledger
CINF,NASDAQ:CINF,Cincinnati Financial Corporation,Daily,2025-03-13,2025-03-28,141.99000549316406,145.5500030517578,1.5909083027483166,67.42421177354564,0.6742421177354565,2.5072170018087236,11.0,1,8.403747,19.716549,21.35,9.09997,27537031168.0,"(0,15]",>0,>0,OK,1,1,1,0,1,ledger
CINF,NASDAQ:CINF,Cincinnati Financial Corporation,Weekly,2017-02-03,2017-03-24,71.43000030517578,71.87999725341797,3.5885817034483614,19.76562028138103,0.1976562028138103,0.6299831251849806,7.0,1,8.403747,19.716549,21.35,9.09997,27537031168.0,"(0,15]",>0,>0,OK,1,1,1,0,1,ledger
CINF,NASDAQ:CINF,Cincinnati Financial Corporation,Weekly,2022-05-27,2022-06-10,128.4199981689453,119.9000015258789,1.5226338676001947,-87.65427544308567,-0.8765427544308566,-6.634478091066288,2.0,0,8.403747,19.716549,21.35,9.09997,27537031168.0,"(0,15]",>0,>0,OK,1,1,1,0,1,ledger
CINF,NASDAQ:CINF,Cincinnati Financial Corporation,Weekly,2023-11-24,2024-02-09,102.68000030517578,108.88999938964844,1.5549834237630744,106.70102079206754,1.0670102079206754,6.047914945477098,11.0,1,8.403747,19.716549,21.35,9.09997,27537031168.0,"(0,15]",>0,>0,OK,1,1,1,0,1,ledger
CINT,NASDAQ:CINT,CI&T Inc Class A Common Shares,Daily,2024-09-04,2024-09-16,6.800000190734863,6.369999885559082,3.9365064948236688,-136.5080085921499,-1.365080085921499,-6.323533722273497,8.0,0,11.225806,7.364456,0.31,0.47254,447293120.0,"(0,15]",>0,>0,OK,1,1,1,1,1,ledger
CINT,NASDAQ:CINT,CI&T Inc Class A Common Shares,Daily,2025-02-20,2025-02-27,7.380000114440918,7.050000190734863,1.5121936469058526,-80.48772261590332,-0.8048772261590332,-4.47154361231408,5.0,0,11.225806,7.364456,0.31,0.47254,447293120.0,"(0,15]",>0,>0,OK,1,1,1,1,1,ledger
CINT,NASDAQ:CINT,CI&T Inc Class A Common Shares,Daily,2025-06-17,2025-06-20,5.96999979019165,5.739999771118164,4.460250594533066,-91.9227204760531,-0.919227204760531,-3.852596769791558,2.0,0,11.225806,7.364456,0.31,0.47254,447293120.0,"(0,15]",>0,>0,OK,1,1,1,1,1,ledger
CINT,NASDAQ:CINT,CI&T Inc Class A Common Shares,Daily,2026-02-25,2026-03-09,4.869999885559082,5.0,1.551725328606616,44.82763156596632,0.4482763156596632,2.669406930098804,8.0,1,11.225806,7.364456,0.31,0.47254,447293120.0,"(0,15]",>0,>0,OK,1,1,1,1,1,ledger
CINT,NASDAQ:CINT,CI&T Inc Class A Common Shares,Daily,2026-03-23,2026-03-24,5.139999866485596,4.900000095367432,2.6611984214293103,-96.77071185829236,-0.9677071185829236,-4.669256368721671,1.0,0,11.225806,7.364456,0.31,0.47254,447293120.0,"(0,15]",>0,>0,OK,1,1,1,1,1,ledger
CISO,NASDAQ:CISO,"CISO Global, Inc. - Common Stock",Daily,2024-09-13,2024-10-01,0.4880000054836273,0.6259999871253967,3.999998685192019,202.94109397283256,2.0294109397283258,28.27868444489175,12.0,1,6.45,-1.5176469,0.04,-0.17,11690840.0,"(0,15]",>0,<=0,OK,1,1,1,0,1,ledger
CISO,NASDAQ:CISO,"CISO Global, Inc. - Common Stock",Weekly,2022-05-06,2022-06-10,64.5,68.17500305175781,2.6935787722339244,10.184064319858757,0.10184064319858757,5.697679150012112,5.0,1,6.45,-1.5176469,0.04,-0.17,11690840.0,"(0,15]",>0,<=0,OK,1,1,1,0,1,ledger
CISO,NASDAQ:CISO,"CISO Global, Inc. - Common Stock",Weekly,2025-02-14,2025-03-21,1.2599999904632568,0.5249999761581421,6.030996840523561,-171.81329050938206,-1.7181329050938206,-58.33333491017581,5.0,0,6.45,-1.5176469,0.04,-0.17,11690840.0,"(0,15]",>0,<=0,OK,1,1,1,0,1,ledger
CISO,NASDAQ:CISO,"CISO Global, Inc. - Common Stock",Weekly,2026-01-02,2026-01-30,0.4909999966621399,0.43700000643730164,5.898610341883907,-26.346144529333554,-0.26346144529333554,-10.997961424019312,4.0,0,6.45,-1.5176469,0.04,-0.17,11690840.0,"(0,15]",>0,<=0,OK,1,1,1,0,1,ledger
CIVB,NASDAQ:CIVB,"Civista Bancshares, Inc.  - Common Stock",Daily,2024-08-13,2024-08-20,15.890000343322754,16.329999923706055,3.14141149475335,44.44436952059116,0.4444436952059116,2.769034429682665,5.0,1,10.854477,10.042565,2.68,2.89667,604904384.0,"(0,15]",>0,>0,OK,1,1,1,1,1,ledger
CIVB,NASDAQ:CIVB,"Civista Bancshares, Inc.  - Common Stock",Daily,2024-11-20,2024-11-26,22.360000610351562,22.799999237060547,1.958433238555327,64.3065550254893,0.6430655502548931,1.9677934467733735,4.0,1,10.854477,10.042565,2.68,2.89667,604904384.0,"(0,15]",>0,>0,OK,1,1,1,1,1,ledger
CIVB,NASDAQ:CIVB,"Civista Bancshares, Inc.  - Common Stock",Daily,2025-02-05,2025-02-12,21.219999313354492,21.3700008392334,2.299354074012185,19.376768909437867,0.19376768909437866,0.7068875152342959,5.0,1,10.854477,10.042565,2.68,2.89667,604904384.0,"(0,15]",>0,>0,OK,1,1,1,1,1,ledger
CIVB,NASDAQ:CIVB,"Civista Bancshares, Inc.  - Common Stock",Daily,2026-01-08,2026-01-12,22.56999969482422,22.15999984741211,2.465911529283248,-46.59093618395528,-0.46590936183955284,-1.8165700175269879,2.0,0,10.854477,10.042565,2.68,2.89667,604904384.0,"(0,15]",>0,>0,OK,1,1,1,1,1,ledger
CIVB,NASDAQ:CIVB,"Civista Bancshares, Inc.  - Common Stock",Daily,2026-02-17,2026-03-03,24.149999618530273,23.229999542236328,1.5625014901175405,-115.00011920940324,-1.1500011920940323,-3.8095241856154316,10.0,0,10.854477,10.042565,2.68,2.89667,604904384.0,"(0,15]",>0,>0,OK,1,1,1,1,1,ledger
CIVB,NASDAQ:CIVB,"Civista Bancshares, Inc.  - Common Stock",Weekly,2020-08-07,2020-08-21,14.649999618530273,13.25,1.6884867582391077,-66.03019183813427,-0.6603019183813428,-9.556311638120883,2.0,0,10.854477,10.042565,2.68,2.89667,604904384.0,"(0,15]",>0,>0,OK,1,1,1,1,1,ledger
CIVB,NASDAQ:CIVB,"Civista Bancshares, Inc.  - Common Stock",Weekly,2024-08-16,2024-12-20,16.309999465942383,21.329999923706055,1.907802003663192,356.02843978864956,3.560284397886495,30.778667211155664,18.0,1,10.854477,10.042565,2.68,2.89667,604904384.0,"(0,15]",>0,>0,OK,1,1,1,1,1,ledger
CIVB,NASDAQ:CIVB,"Civista Bancshares, Inc.  - Common Stock",Weekly,2025-08-22,2025-10-03,20.889999389648438,20.450000762939453,2.422682520612161,-22.680357637953513,-0.2268035763795351,-2.106264430658699,6.0,0,10.854477,10.042565,2.68,2.89667,604904384.0,"(0,15]",>0,>0,OK,1,1,1,1,1,ledger
CIVB,NASDAQ:CIVB,"Civista Bancshares, Inc.  - Common Stock",Weekly,2026-05-22,2026-07-10,25.459999084472656,27.670000076293945,1.7729583684898154,137.48207818834524,1.3748207818834521,8.680287004287864,7.0,1,10.854477,10.042565,2.68,2.89667,604904384.0,"(0,15]",>0,>0,OK,1,1,1,1,1,ledger
CLB,NASDAQ:CLB,Core Laboratories Inc.,Daily,2024-10-16,2024-10-22,18.790000915527344,17.25,2.3098026019657625,-210.47934983483526,-2.1047934983483527,-8.195853328856122,4.0,0,21.576925,16.622223,0.52,0.675,514824608.0,"(15,25]",>0,>0,OK,1,1,1,1,1,ledger
CLB,NASDAQ:CLB,Core Laboratories Inc.,Daily,2024-11-20,2024-11-25,20.309999465942383,20.84000015258789,1.600002409285386,55.78961316915392,0.5578961316915392,2.609555394298558,3.0,1,21.576925,16.622223,0.52,0.675,514824608.0,"(15,25]",>0,>0,OK,1,1,1,1,1,ledger
CLB,NASDAQ:CLB,Core Laboratories Inc.,Daily,2025-06-26,2025-06-30,11.800000190734863,11.520000457763672,2.224218096633411,-49.82243785016374,-0.49822437850163737,-2.3728790546210488,2.0,0,21.576925,16.622223,0.52,0.675,514824608.0,"(15,25]",>0,>0,OK,1,1,1,1,1,ledger
CLB,NASDAQ:CLB,Core Laboratories Inc.,Daily,2025-11-03,2025-11-05,16.149999618530273,15.699999809265137,1.6405091605589237,-56.353367199135526,-0.5635336719913552,-2.7863765937728786,2.0,0,21.576925,16.622223,0.52,0.675,514824608.0,"(15,25]",>0,>0,OK,1,1,1,1,1,ledger
CLBK,NASDAQ:CLBK,"Columbia Financial, Inc.",Daily,2024-08-15,2024-09-06,7.699999809265137,7.722726821899414,1.7065215036414285,5.434719398488696,0.05434719398488696,0.2951560155486073,15.0,1,19.527271,30.292774,0.55,0.35454,1117585408.0,"(15,25]",>0,>0,OK,1,1,1,0,1,ledger
CLBK,NASDAQ:CLBK,"Columbia Financial, Inc.",Daily,2024-09-27,2024-10-01,7.731818199157715,7.472726821899414,2.493287041659778,-115.54283992245675,-1.1554283992245675,-3.3509760651967415,2.0,0,19.527271,30.292774,0.55,0.35454,1117585408.0,"(15,25]",>0,>0,OK,1,1,1,0,1,ledger
CLBK,NASDAQ:CLBK,"Columbia Financial, Inc.",Daily,2024-11-21,2024-11-26,8.268181800842285,8.318181991577148,2.0164578914175872,20.730029625959123,0.20730029625959123,0.6047301805793593,3.0,1,19.527271,30.292774,0.55,0.35454,1117585408.0,"(15,25]",>0,>0,OK,1,1,1,0,1,ledger
CLBK,NASDAQ:CLBK,"Columbia Financial, Inc.",Daily,2025-05-27,2025-06-02,6.627273082733154,6.427272796630859,2.6868683229524075,-88.88905372155665,-0.8888905372155665,-3.0178368026418005,4.0,0,19.527271,30.292774,0.55,0.35454,1117585408.0,"(15,25]",>0,>0,OK,1,1,1,0,1,ledger
CLBK,NASDAQ:CLBK,"Columbia Financial, Inc.",Weekly,2024-03-29,2024-04-12,7.822727203369141,7.28181791305542,1.7473128164751506,-63.9785431398847,-0.6397854313988469,-6.914587154218525,2.0,0,19.527271,30.292774,0.55,0.35454,1117585408.0,"(15,25]",>0,>0,OK,1,1,1,0,1,ledger
CLBT,NASDAQ:CLBT,Cellebrite DI Ltd.,Daily,2024-08-07,2024-09-06,12.729999542236328,16.34000015258789,1.6626508931218245,434.93987255233145,4.349398725523314,28.358214769561414,21.0,1,54.413795,23.871836,0.29,0.66103,3936160256.0,>40,>0,>0,OK,1,1,0,1,1,ledger
CLBT,NASDAQ:CLBT,Cellebrite DI Ltd.,Daily,2025-12-02,2025-12-15,17.809999465942383,17.850000381469727,1.6887162132074631,3.1129120838342907,0.03112912083834291,0.2245980725818465,9.0,1,54.413795,23.871836,0.29,0.66103,3936160256.0,>40,>0,>0,OK,1,1,0,1,1,ledger
CLBT,NASDAQ:CLBT,Cellebrite DI Ltd.,Daily,2026-07-27,2026-07-30,14.640000343322754,14.569999694824219,3.1298668324655314,-9.090987906921443,-0.09090987906921442,-0.47814649492451805,3.0,0,54.413795,23.871836,0.29,0.66103,3936160256.0,>40,>0,>0,OK,1,1,0,1,1,ledger
CLBT,NASDAQ:CLBT,Cellebrite DI Ltd.,Weekly,2024-04-26,2024-05-31,10.880000114440918,10.649999618530273,2.0732218036725816,-29.43469609029575,-0.2943469609029575,-2.113975124001765,5.0,0,54.413795,23.871836,0.29,0.66103,3936160256.0,>40,>0,>0,OK,1,1,0,1,1,ledger
CLBT,NASDAQ:CLBT,Cellebrite DI Ltd.,Monthly,2023-01-31,2023-04-30,5.489999771118164,5.409999847412109,3.7041425444174565,-4.7337238037558125,-0.04733723803755813,-1.4571935708798924,3.0,0,54.413795,23.871836,0.29,0.66103,3936160256.0,>40,>0,>0,OK,1,1,0,1,1,ledger
CLBT,NASDAQ:CLBT,Cellebrite DI Ltd.,Monthly,2025-08-31,2026-01-31,16.399999618530273,14.710000038146973,3.0000005779845678,-51.212120336387024,-0.5121212033638702,-10.304875729837086,5.0,0,54.413795,23.871836,0.29,0.66103,3936160256.0,>40,>0,>0,OK,1,1,0,1,1,ledger
CLDT,NASDAQ:CLDT,Chatham Lodging Trust,Daily,2024-07-22,2024-08-01,8.789999961853027,8.670000076293945,2.0,-47.99995422363281,-0.4799995422363281,-1.3651864172907773,8.0,0,674.0,-112.33333,0.02,-0.12,661601920.0,>40,>0,<=0,OK,1,1,0,0,1,ledger
CLDT,NASDAQ:CLDT,Chatham Lodging Trust,Daily,2024-10-04,2024-10-07,8.5600004196167,8.420000076293945,1.866663699681791,-46.666751437663116,-0.4666675143766312,-1.6355179492972838,1.0,0,674.0,-112.33333,0.02,-0.12,661601920.0,>40,>0,<=0,OK,1,1,0,0,1,ledger
CLDT,NASDAQ:CLDT,Chatham Lodging Trust,Daily,2024-11-20,2024-11-26,8.779999732971191,9.25,3.207636872383552,181.63738856988576,1.8163738856988576,5.353078374978018,4.0,1,674.0,-112.33333,0.02,-0.12,661601920.0,>40,>0,<=0,OK,1,1,0,0,1,ledger
CLDT,NASDAQ:CLDT,Chatham Lodging Trust,Daily,2025-09-11,2025-09-12,7.230000019073486,7.110000133514404,3.6173161015428654,-73.57244168703927,-0.7357244168703928,-1.659749450103872,1.0,0,674.0,-112.33333,0.02,-0.12,661601920.0,>40,>0,<=0,OK,1,1,0,0,1,ledger
CLDT,NASDAQ:CLDT,Chatham Lodging Trust,Daily,2025-12-29,2025-12-31,6.960000038146973,6.809999942779541,1.5263151290346058,-78.94739483861576,-0.7894739483861577,-2.155173772202559,2.0,0,674.0,-112.33333,0.02,-0.12,661601920.0,>40,>0,<=0,OK,1,1,0,0,1,ledger
CLDT,NASDAQ:CLDT,Chatham Lodging Trust,Daily,2026-02-25,2026-03-06,7.400000095367432,8.029999732971191,1.8181800448226384,286.3631240598733,2.863631240598733,8.513508506549261,7.0,1,674.0,-112.33333,0.02,-0.12,661601920.0,>40,>0,<=0,OK,1,1,0,0,1,ledger
CLDT,NASDAQ:CLDT,Chatham Lodging Trust,Daily,2026-03-16,2026-03-18,7.809999942779541,7.730000019073486,1.8823517037103523,-23.529378765609398,-0.235293787656094,-1.0243268155208602,2.0,0,674.0,-112.33333,0.02,-0.12,661601920.0,>40,>0,<=0,OK,1,1,0,0,1,ledger
CLDT,NASDAQ:CLDT,Chatham Lodging Trust,Weekly,2019-03-29,2019-05-31,19.239999771118164,19.040000915527344,2.6291420238691794,-21.033015838382763,-0.21033015838382763,-1.0394951037943647,9.0,0,674.0,-112.33333,0.02,-0.12,661601920.0,>40,>0,<=0,OK,1,1,0,0,1,ledger
CLDT,NASDAQ:CLDT,Chatham Lodging Trust,Weekly,2022-10-14,2022-12-23,11.039999961853027,12.390000343322754,1.986013668884348,94.40560093473401,0.9440560093473401,12.228264367159776,10.0,1,674.0,-112.33333,0.02,-0.12,661601920.0,>40,>0,<=0,OK,1,1,0,0,1,ledger
CLFD,NASDAQ:CLFD,"Clearfield, Inc.",Daily,2024-09-27,2024-10-01,38.88999938964844,38.02000045776367,1.5190885672599448,-66.41227719831603,-0.6641227719831603,-2.2370762292074966,2.0,0,146.69566,23.268967,0.23,1.45,458508416.0,>40,>0,>0,OK,1,1,0,1,1,ledger
CLFD,NASDAQ:CLFD,"Clearfield, Inc.",Daily,2025-02-26,2025-03-03,32.65999984741211,31.530000686645508,6.371911746393734,-81.54307398420715,-0.8154307398420715,-3.459887219981538,3.0,0,146.69566,23.268967,0.23,1.45,458508416.0,>40,>0,>0,OK,1,1,0,1,1,ledger
CLFD,NASDAQ:CLFD,"Clearfield, Inc.",Weekly,2022-02-11,2022-03-11,58.40999984741211,59.20000076293945,1.9845724101051503,5.539979021837674,0.05539979021837673,1.3525097031178048,4.0,1,146.69566,23.268967,0.23,1.45,458508416.0,>40,>0,>0,OK,1,1,0,1,1,ledger
CLFD,NASDAQ:CLFD,"Clearfield, Inc.",Weekly,2022-09-30,2022-11-11,104.63999938964844,89.7300033569336,1.5787178344103265,-92.78155765937578,-0.9278155765937578,-14.248849502755084,6.0,0,146.69566,23.268967,0.23,1.45,458508416.0,>40,>0,>0,OK,1,1,0,1,1,ledger
CLMB,NASDAQ:CLMB,"Climb Global Solutions, Inc.",Daily,2024-10-28,2024-10-31,26.09749984741211,25.59749984741211,1.8364502223527115,-64.77780654007913,-0.6477780654007912,-1.9158923380531458,3.0,0,24.568808,15.332032,1.09,1.74667,499731968.0,"(15,25]",>0,>0,OK,1,1,1,1,1,ledger
CLMB,NASDAQ:CLMB,"Climb Global Solutions, Inc.",Daily,2025-07-23,2025-07-24,25.1924991607666,24.540000915527344,4.156339229314645,-69.98720138701664,-0.6998720138701664,-2.590049685326267,1.0,0,24.568808,15.332032,1.09,1.74667,499731968.0,"(15,25]",>0,>0,OK,1,1,1,1,1,ledger
CLMB,NASDAQ:CLMB,"Climb Global Solutions, Inc.",Daily,2025-08-06,2025-08-14,27.149999618530273,30.90250015258789,3.0773122396437764,299.93804359876566,2.999380435987657,13.8213649605228,6.0,1,24.568808,15.332032,1.09,1.74667,499731968.0,"(15,25]",>0,>0,OK,1,1,1,1,1,ledger
CLMB,NASDAQ:CLMB,"Climb Global Solutions, Inc.",Weekly,2022-02-11,2022-02-25,7.650000095367432,7.422500133514404,1.9581984083761415,-29.2604395119151,-0.292604395119151,-2.9738556734240205,2.0,0,24.568808,15.332032,1.09,1.74667,499731968.0,"(15,25]",>0,>0,OK,1,1,1,1,1,ledger
CLMB,NASDAQ:CLMB,"Climb Global Solutions, Inc.",Weekly,2022-06-24,2022-07-15,8.600000381469727,7.625,1.5563724974568596,-120.19516894918972,-1.2019516894918971,-11.337213235135932,3.0,0,24.568808,15.332032,1.09,1.74667,499731968.0,"(15,25]",>0,>0,OK,1,1,1,1,1,ledger
CLMB,NASDAQ:CLMB,"Climb Global Solutions, Inc.",Weekly,2023-08-18,2023-09-08,10.657500267028809,10.029999732971191,2.6350790434036924,-50.60485219979466,-0.5060485219979465,-5.887877253908409,3.0,0,24.568808,15.332032,1.09,1.74667,499731968.0,"(15,25]",>0,>0,OK,1,1,1,1,1,ledger
CLMB,NASDAQ:CLMB,"Climb Global Solutions, Inc.",Weekly,2024-05-31,2024-09-06,14.392499923706055,21.957500457763672,1.99237642099916,384.4981733559598,3.8449817335595977,52.56210230438991,14.0,1,24.568808,15.332032,1.09,1.74667,499731968.0,"(15,25]",>0,>0,OK,1,1,1,1,1,ledger
CLMB,NASDAQ:CLMB,"Climb Global Solutions, Inc.",Monthly,2017-11-30,2018-01-31,3.9124999046325684,3.637500047683716,2.346154509211579,-42.30767961084211,-0.4230767961084211,-7.0287505086770965,2.0,0,24.568808,15.332032,1.09,1.74667,499731968.0,"(15,25]",>0,>0,OK,1,1,1,1,1,ledger
CLMT,NASDAQ:CLMT,"Calumet, Inc.",Daily,2024-07-26,2024-08-01,13.149999618530273,12.65999984741211,4.090909592465816,-40.49584757605158,-0.40495847576051586,-3.7262341089933018,4.0,0,,98.952385,-2.16,0.42,3621835520.0,missing,<=0,>0,OK,0,0,0,0,0,ledger
CLMT,NASDAQ:CLMT,"Calumet, Inc.",Daily,2024-09-12,2024-09-23,16.579999923706055,17.219999313354492,2.9741935761736498,41.290278122160124,0.4129027812216013,3.8600687128675286,7.0,1,,98.952385,-2.16,0.42,3621835520.0,missing,<=0,>0,OK,0,0,0,0,0,ledger
CLMT,NASDAQ:CLMT,"Calumet, Inc.",Daily,2024-11-07,2024-11-12,20.260000228881836,20.329999923706055,2.465685504530886,3.4313560494713653,0.03431356049471365,0.34550688071775054,3.0,1,,98.952385,-2.16,0.42,3621835520.0,missing,<=0,>0,OK,0,0,0,0,0,ledger
CLMT,NASDAQ:CLMT,"Calumet, Inc.",Daily,2025-01-10,2025-01-14,21.75,18.959999084472656,1.706740750865174,-238.09041287408309,-2.3809041287408306,-12.82759041621767,2.0,0,,98.952385,-2.16,0.42,3621835520.0,missing,<=0,>0,OK,0,0,0,0,0,ledger
CLMT,NASDAQ:CLMT,"Calumet, Inc.",Daily,2025-06-06,2025-06-09,13.4399995803833,13.170000076293945,1.878379423310385,-36.48643075677946,-0.36486430756779464,-2.008924944338839,1.0,0,,98.952385,-2.16,0.42,3621835520.0,missing,<=0,>0,OK,0,0,0,0,0,ledger
CLMT,NASDAQ:CLMT,"Calumet, Inc.",Daily,2026-04-16,2026-04-20,32.540000915527344,32.06999969482422,2.7625294334749264,-29.508929121984433,-0.29508929121984434,-1.4443798631820295,2.0,0,,98.952385,-2.16,0.42,3621835520.0,missing,<=0,>0,OK,0,0,0,0,0,ledger
CLMT,NASDAQ:CLMT,"Calumet, Inc.",Daily,2026-05-18,2026-06-05,32.349998474121094,35.16999816894531,2.6918285015780627,177.35866710971584,1.7735866710971586,8.717155572913313,13.0,1,,98.952385,-2.16,0.42,3621835520.0,missing,<=0,>0,OK,0,0,0,0,0,ledger
CLMT,NASDAQ:CLMT,"Calumet, Inc.",Daily,2026-06-25,2026-07-23,34.27000045776367,42.81999969482422,1.7164745189974802,327.58610105876096,3.2758610105876094,24.94893236899153,19.0,1,,98.952385,-2.16,0.42,3621835520.0,missing,<=0,>0,OK,0,0,0,0,0,ledger
CLMT,NASDAQ:CLMT,"Calumet, Inc.",Daily,2026-07-28,2026-08-03,41.47999954223633,42.369998931884766,2.312477727867088,55.32535190911327,0.5532535190911327,2.1456108955406576,4.0,1,,98.952385,-2.16,0.42,3621835520.0,missing,<=0,>0,OK,0,0,0,0,0,ledger
CLMT,NASDAQ:CLMT,"Calumet, Inc.",Weekly,2016-11-11,2017-02-10,4.0,3.8499999046325684,2.0,-12.396701705658284,-0.12396701705658283,-3.750002384185791,13.0,0,,98.952385,-2.16,0.42,3621835520.0,missing,<=0,>0,OK,0,0,0,0,0,ledger
CLMT,NASDAQ:CLMT,"Calumet, Inc.",Weekly,2025-03-21,2025-04-04,12.720000267028809,9.75,4.816091076241311,-113.79308706861777,-1.1379308706861777,-23.34905821289384,2.0,0,,98.952385,-2.16,0.42,3621835520.0,missing,<=0,>0,OK,0,0,0,0,0,ledger
CLSK,NASDAQ:CLSK,"CleanSpark, Inc.",Daily,2024-07-26,2024-07-29,17.1200008392334,16.290000915527344,2.146495248334867,-52.86621534200144,-0.5286621534200144,-4.848130157820837,1.0,0,,-13.937659,-2.01,-1.01667,3636143872.0,missing,<=0,<=0,OK,0,0,0,0,0,ledger
CLSK,NASDAQ:CLSK,"CleanSpark, Inc.",Daily,2024-12-16,2024-12-18,12.479999542236328,11.319999694824219,3.7410734029326944,-79.04635259530363,-0.7904635259530364,-9.294870913146248,2.0,0,,-13.937659,-2.01,-1.01667,3636143872.0,missing,<=0,<=0,OK,0,0,0,0,0,ledger
CLSK,NASDAQ:CLSK,"CleanSpark, Inc.",Daily,2025-05-27,2025-05-28,9.859999656677246,9.109999656677246,1.5335486773113935,-97.47128902752351,-0.9747128902752351,-7.6064911370670885,1.0,0,,-13.937659,-2.01,-1.01667,3636143872.0,missing,<=0,<=0,OK,0,0,0,0,0,ledger
CLSK,NASDAQ:CLSK,"CleanSpark, Inc.",Daily,2025-10-20,2025-10-21,20.399999618530273,18.770000457763672,1.5544794971620692,-78.93456364215747,-0.7893456364215747,-7.990192113954733,1.0,0,,-13.937659,-2.01,-1.01667,3636143872.0,missing,<=0,<=0,OK,0,0,0,0,0,ledger
CLSK,NASDAQ:CLSK,"CleanSpark, Inc.",Weekly,2021-04-30,2021-05-07,21.549999237060547,19.299999237060547,3.241953924822143,-34.64612916691058,-0.34646129166910583,-10.440835636460577,1.0,0,,-13.937659,-2.01,-1.01667,3636143872.0,missing,<=0,<=0,OK,0,0,0,0,0,ledger
CLSK,NASDAQ:CLSK,"CleanSpark, Inc.",Weekly,2023-03-24,2023-04-07,2.690000057220459,2.440000057220459,1.6227088684513082,-35.24563067295764,-0.3524563067295764,-9.293680099706824,2.0,0,,-13.937659,-2.01,-1.01667,3636143872.0,missing,<=0,<=0,OK,0,0,0,0,0,ledger
CLSK,NASDAQ:CLSK,"CleanSpark, Inc.",Weekly,2024-02-02,2024-04-05,8.279999732971191,15.600000381469727,2.8235299517501966,391.4439089021678,3.914439089021678,88.40580778463178,9.0,1,,-13.937659,-2.01,-1.01667,3636143872.0,missing,<=0,<=0,OK,0,0,0,0,0,ledger
CLSK,NASDAQ:CLSK,"CleanSpark, Inc.",Weekly,2025-09-12,2025-10-31,10.350000381469727,17.799999237060547,2.0232477870445567,455.38356888426716,4.553835688842671,71.98066261841916,7.0,1,,-13.937659,-2.01,-1.01667,3636143872.0,missing,<=0,<=0,OK,0,0,0,0,0,ledger
CLSK,NASDAQ:CLSK,"CleanSpark, Inc.",Monthly,2024-10-31,2024-12-31,10.609999656677246,9.210000038146973,2.657262281712987,-26.36545904501549,-0.26365459045015494,-13.195095794835435,2.0,0,,-13.937659,-2.01,-1.01667,3636143872.0,missing,<=0,<=0,OK,0,0,0,0,0,ledger
CLST,NASDAQ:CLST,"Catalyst Bancorp, Inc. - common stock",Daily,2025-06-05,2025-06-16,11.864999771118164,12.149999618530273,3.1395105914149775,167.24491489672107,1.6724491489672106,2.4020215163076304,7.0,1,29.928572,,0.56,,67611368.0,"(25,40]",>0,missing,OK,1,1,0,0,1,ledger
CLST,NASDAQ:CLST,"Catalyst Bancorp, Inc. - common stock",Daily,2026-04-29,2026-04-30,16.09000015258789,15.960000038146973,10.894704612759122,-68.42092054409477,-0.6842092054409477,-0.8079559553018957,1.0,0,29.928572,,0.56,,67611368.0,"(25,40]",>0,missing,OK,1,1,0,0,1,ledger
CLST,NASDAQ:CLST,"Catalyst Bancorp, Inc. - common stock",Daily,2026-07-08,2026-07-23,16.59000015258789,16.760000228881836,2.1290354336764516,54.83882876286694,0.5483882876286693,1.0247141333957541,11.0,1,29.928572,,0.56,,67611368.0,"(25,40]",>0,missing,OK,1,1,0,0,1,ledger
CLWT,NASDAQ:CLWT,Euro Tech Holdings Company Limited - Ordinary Shares,Daily,2025-05-28,2025-06-16,1.1399999856948853,1.100000023841858,3.931068131364846,-36.568035089406564,-0.3656803508940656,-3.508768627628134,13.0,0,74.0,,0.02,,10968967.0,>40,>0,missing,OK,1,1,0,0,1,ledger
CLWT,NASDAQ:CLWT,Euro Tech Holdings Company Limited - Ordinary Shares,Daily,2026-06-05,2026-06-26,1.2300000190734863,1.5099999904632568,1.8571413974383646,399.99965940228503,3.999996594022851,22.76422496323896,14.0,1,74.0,,0.02,,10968967.0,>40,>0,missing,OK,1,1,0,0,1,ledger
CLWT,NASDAQ:CLWT,Euro Tech Holdings Company Limited - Ordinary Shares,Daily,2026-06-30,2026-07-07,1.7100000381469727,1.4800000190734863,2.852940980538384,-67.6470577923073,-0.6764705779230729,-13.450293213017932,4.0,0,74.0,,0.02,,10968967.0,>40,>0,missing,OK,1,1,0,0,1,ledger
CLWT,NASDAQ:CLWT,Euro Tech Holdings Company Limited - Ordinary Shares,Weekly,2017-06-23,2017-11-17,3.3499999046325684,3.5,1.76923130532,23.076942827578947,0.23076942827578947,4.477614914555761,21.0,1,74.0,,0.02,,10968967.0,>40,>0,missing,OK,1,1,0,0,1,ledger
CLWT,NASDAQ:CLWT,Euro Tech Holdings Company Limited - Ordinary Shares,Weekly,2018-01-05,2018-02-02,3.6500000953674316,3.25,3.560005790991629,-71.20013279526303,-0.7120013279526303,-10.958906436060385,4.0,0,74.0,,0.02,,10968967.0,>40,>0,missing,OK,1,1,0,0,1,ledger
CLWT,NASDAQ:CLWT,Euro Tech Holdings Company Limited - Ordinary Shares,Weekly,2021-01-15,2021-02-26,3.9700000286102295,5.039999961853027,3.1445784759134017,128.9156664575477,1.289156664575477,26.952139182159417,6.0,1,74.0,,0.02,,10968967.0,>40,>0,missing,OK,1,1,0,0,1,ledger
CLWT,NASDAQ:CLWT,Euro Tech Holdings Company Limited - Ordinary Shares,Weekly,2022-10-28,2023-03-24,1.4600000381469727,1.2100000381469727,4.020544867225927,-84.46522424160442,-0.8446522424160442,-17.12328722383454,21.0,0,74.0,,0.02,,10968967.0,>40,>0,missing,OK,1,1,0,0,1,ledger
CMCSA,NASDAQ:CMCSA,Comcast Corporation,Daily,2024-08-15,2024-08-22,37.03842544555664,36.935333251953125,1.9537043318333598,-10.185122372219583,-0.10185122372219584,-0.27833848864620997,5.0,0,7.864353,6.8825006,3.17,3.62223,88467513344.0,"(0,15]",>0,>0,OK,1,1,1,1,1,ledger
CMCSA,NASDAQ:CMCSA,Comcast Corporation,Daily,2026-07-10,2026-07-14,23.56999969482422,23.190000534057617,4.354023785094751,-46.87039836998137,-0.4687039836998137,-1.6122153826334,2.0,0,7.864353,6.8825006,3.17,3.62223,88467513344.0,"(0,15]",>0,>0,OK,1,1,1,1,1,ledger
CMCSA,NASDAQ:CMCSA,Comcast Corporation,Weekly,2017-07-21,2017-09-08,37.141517639160156,35.81068420410156,1.7114088092922626,-95.30196575499633,-0.9530196575499634,-3.5831423152602406,7.0,0,7.864353,6.8825006,3.17,3.62223,88467513344.0,"(0,15]",>0,>0,OK,1,1,1,1,1,ledger
CMCSA,NASDAQ:CMCSA,Comcast Corporation,Weekly,2026-04-17,2026-04-24,29.6299991607666,27.559999465942383,1.5023265221753714,-96.27907265580157,-0.9627907265580158,-6.986161840885664,1.0,0,7.864353,6.8825006,3.17,3.62223,88467513344.0,"(0,15]",>0,>0,OK,1,1,1,1,1,ledger
CME,NASDAQ:CME,CME Group Inc.,Daily,2024-09-23,2024-10-07,215.86000061035156,221.72999572753906,1.502874180606406,168.67822769824392,1.6867822769824392,2.719352867872643,10.0,1,22.275658,20.31116,11.79,12.93033,94436302848.0,"(15,25]",>0,>0,OK,1,1,1,1,1,ledger
CME,NASDAQ:CME,CME Group Inc.,Daily,2025-05-15,2025-06-03,274.0,282.30999755859375,1.507247925873234,100.3623041512021,1.0036230415120209,3.0328458243042884,12.0,1,22.275658,20.31116,11.79,12.93033,94436302848.0,"(15,25]",>0,>0,OK,1,1,1,1,1,ledger
CME,NASDAQ:CME,CME Group Inc.,Weekly,2016-10-14,2016-10-28,105.44000244140625,99.91000366210938,2.089354587364457,-235.31848581260957,-2.3531848581260957,-5.244687643449112,2.0,0,22.275658,20.31116,11.79,12.93033,94436302848.0,"(15,25]",>0,>0,OK,1,1,1,1,1,ledger
CME,NASDAQ:CME,CME Group Inc.,Weekly,2017-04-21,2017-07-14,118.7699966430664,120.56999969482422,2.316109052157389,47.21407132017813,0.4721407132017813,1.5155368381185297,12.0,1,22.275658,20.31116,11.79,12.93033,94436302848.0,"(15,25]",>0,>0,OK,1,1,1,1,1,ledger
CME,NASDAQ:CME,CME Group Inc.,Weekly,2019-11-15,2019-11-29,204.1999969482422,202.72999572753906,2.2157036104277807,-15.727117122874956,-0.15727117122874956,-0.7198830767248839,2.0,0,22.275658,20.31116,11.79,12.93033,94436302848.0,"(15,25]",>0,>0,OK,1,1,1,1,1,ledger
CME,NASDAQ:CME,CME Group Inc.,Weekly,2025-01-17,2025-04-04,232.7100067138672,254.4600067138672,2.016066029532976,268.85004724748063,2.6885004724748063,9.346396533236796,11.0,1,22.275658,20.31116,11.79,12.93033,94436302848.0,"(15,25]",>0,>0,OK,1,1,1,1,1,ledger
CME,NASDAQ:CME,CME Group Inc.,Monthly,2023-02-28,2023-05-31,185.36000061035156,178.75,3.6781013273184007,-33.965145846031184,-0.33965145846031186,-3.566033981757778,3.0,0,22.275658,20.31116,11.79,12.93033,94436302848.0,"(15,25]",>0,>0,OK,1,1,1,1,1,ledger
CMP,NASDAQ:CMP,"Compass Minerals International, Inc.",Daily,2024-11-05,2024-11-08,12.739999771118164,13.039999961853027,1.5294130186729558,35.29416384584574,0.3529416384584574,2.3547896085129434,3.0,1,175.35294,25.203547,0.17,1.18277,1250778368.0,>40,>0,>0,OK,1,1,0,1,1,ledger
CMP,NASDAQ:CMP,"Compass Minerals International, Inc.",Daily,2026-06-11,2026-06-18,30.209999084472656,30.579999923706055,2.2941194470113766,19.786152437021762,0.1978615243702176,1.224762828356296,5.0,1,175.35294,25.203547,0.17,1.18277,1250778368.0,>40,>0,>0,OK,1,1,0,1,1,ledger
CMPR,NASDAQ:CMPR,Cimpress plc - Ordinary Shares,Daily,2024-07-30,2024-08-02,91.2699966430664,88.95999908447266,2.6920697739757213,-73.3333979209254,-0.7333339792092541,-2.5309495382448177,3.0,0,26.145039,18.250444,3.93,5.63,2489847296.0,"(25,40]",>0,>0,OK,1,1,0,1,1,ledger
CMPR,NASDAQ:CMPR,Cimpress plc - Ordinary Shares,Daily,2025-06-23,2025-07-07,43.66999816894531,46.439998626708984,2.3547336440624913,158.3157505750646,1.5831575057506462,6.343028564021052,9.0,1,26.145039,18.250444,3.93,5.63,2489847296.0,"(25,40]",>0,>0,OK,1,1,0,1,1,ledger
CMPR,NASDAQ:CMPR,Cimpress plc - Ordinary Shares,Daily,2025-07-18,2025-08-01,44.650001525878906,53.189998626708984,2.400777782725505,332.2956464947826,3.322956464947826,19.126532606903364,10.0,1,26.145039,18.250444,3.93,5.63,2489847296.0,"(25,40]",>0,>0,OK,1,1,0,1,1,ledger
CMPR,NASDAQ:CMPR,Cimpress plc - Ordinary Shares,Weekly,2018-06-01,2018-07-27,139.7100067138672,145.86000061035156,3.41394703407276,65.50939600380921,0.6550939600380921,4.401970940478056,8.0,1,26.145039,18.250444,3.93,5.63,2489847296.0,"(25,40]",>0,>0,OK,1,1,0,1,1,ledger
CMPR,NASDAQ:CMPR,Cimpress plc - Ordinary Shares,Weekly,2021-10-01,2021-11-19,90.48999786376953,79.83000183105469,4.4981034735309775,-124.9342590255419,-1.249342590255419,-11.780303110143958,7.0,0,26.145039,18.250444,3.93,5.63,2489847296.0,"(25,40]",>0,>0,OK,1,1,0,1,1,ledger
CMPR,NASDAQ:CMPR,Cimpress plc - Ordinary Shares,Weekly,2024-08-16,2024-09-13,87.0,82.5999984741211,1.6656681783873601,-57.4819021687241,-0.574819021687241,-5.057473018251617,4.0,0,26.145039,18.250444,3.93,5.63,2489847296.0,"(25,40]",>0,>0,OK,1,1,0,1,1,ledger
CMPR,NASDAQ:CMPR,Cimpress plc - Ordinary Shares,Monthly,2017-03-31,2017-07-31,86.19000244140625,88.23999786376953,2.145175810284246,26.238675612056362,0.2623867561205636,2.3784608008996297,4.0,1,26.145039,18.250444,3.93,5.63,2489847296.0,"(25,40]",>0,>0,OK,1,1,0,1,1,ledger
CMTV,NASDAQ:CMTV,Community Bancorp.  - Common stock,Daily,2024-12-05,2024-12-16,16.600000381469727,16.649999618530273,6.836738665867396,10.203930697038937,0.10203930697038938,0.3012002163346942,7.0,1,12.376901,,3.29,,228107664.0,"(0,15]",>0,missing,OK,1,1,1,0,1,ledger
CMTV,NASDAQ:CMTV,Community Bancorp.  - Common stock,Daily,2025-02-06,2025-02-11,17.5,17.899999618530273,1.8518487121886436,148.1477556902471,1.4814775569024712,2.285712105887277,3.0,1,12.376901,,3.29,,228107664.0,"(0,15]",>0,missing,OK,1,1,1,0,1,ledger
CMTV,NASDAQ:CMTV,Community Bancorp.  - Common stock,Daily,2025-05-08,2025-05-13,17.520000457763672,17.969999313354492,4.092123404729106,270.80147391823465,2.7080147391823464,2.568486551559486,3.0,1,12.376901,,3.29,,228107664.0,"(0,15]",>0,missing,OK,1,1,1,0,1,ledger
CMTV,NASDAQ:CMTV,Community Bancorp.  - Common stock,Daily,2025-07-21,2025-08-05,20.260000228881836,22.299999237060547,2.087163339465969,1774.089667911061,17.74089667911061,10.069096668965338,11.0,1,12.376901,,3.29,,228107664.0,"(0,15]",>0,missing,OK,1,1,1,0,1,ledger
CMTV,NASDAQ:CMTV,Community Bancorp.  - Common stock,Daily,2026-02-20,2026-02-27,32.09000015258789,30.010000228881836,1.7798727954530733,-130.81759271033016,-1.3081759271033016,-6.481769753242938,5.0,0,12.376901,,3.29,,228107664.0,"(0,15]",>0,missing,OK,1,1,1,0,1,ledger
CMTV,NASDAQ:CMTV,Community Bancorp.  - Common stock,Daily,2026-04-01,2026-04-06,33.83000183105469,33.0099983215332,2.411288834015603,-22.043097861309136,-0.22043097861309138,-2.4238943693131922,2.0,0,12.376901,,3.29,,228107664.0,"(0,15]",>0,missing,OK,1,1,1,0,1,ledger
CMTV,NASDAQ:CMTV,Community Bancorp.  - Common stock,Weekly,2016-09-02,2016-09-30,13.899999618530273,13.859999656677246,6.114530205490738,-62.71301529763122,-0.6271301529763122,-0.28776951763151754,4.0,0,12.376901,,3.29,,228107664.0,"(0,15]",>0,missing,OK,1,1,1,0,1,ledger
CMTV,NASDAQ:CMTV,Community Bancorp.  - Common stock,Weekly,2017-09-01,2017-09-15,18.350000381469727,17.75,3.1510322690415093,-90.02953428632884,-0.9002953428632883,-3.2697567792729934,2.0,0,12.376901,,3.29,,228107664.0,"(0,15]",>0,missing,OK,1,1,1,0,1,ledger
CMTV,NASDAQ:CMTV,Community Bancorp.  - Common stock,Weekly,2021-06-18,2021-07-23,19.549999237060547,18.75,1.8272558696948502,-67.0551879373437,-0.670551879373437,-4.0920678684426965,5.0,0,12.376901,,3.29,,228107664.0,"(0,15]",>0,missing,OK,1,1,1,0,1,ledger
CMTV,NASDAQ:CMTV,Community Bancorp.  - Common stock,Weekly,2022-03-18,2022-04-29,21.950000762939453,22.510000228881836,2.8993532648895526,53.40910558024122,0.5340910558024121,2.551250325639579,6.0,1,12.376901,,3.29,,228107664.0,"(0,15]",>0,missing,OK,1,1,1,0,1,ledger
CMTV,NASDAQ:CMTV,Community Bancorp.  - Common stock,Weekly,2024-02-23,2024-03-08,17.399999618530273,16.5,3.5173532982823557,-121.7544677782263,-1.217544677782263,-5.172411714146312,2.0,0,12.376901,,3.29,,228107664.0,"(0,15]",>0,missing,OK,1,1,1,0,1,ledger
CMTV,NASDAQ:CMTV,Community Bancorp.  - Common stock,Weekly,2024-12-06,2024-12-20,16.6200008392334,16.649999618530273,4.284897394442271,3.8601109366564366,0.03860110936656437,0.1804980612639891,2.0,1,12.376901,,3.29,,228107664.0,"(0,15]",>0,missing,OK,1,1,1,0,1,ledger
CNMD,NASDAQ:CNMD,CONMED Corporation,Daily,2025-09-11,2025-09-15,54.04999923706055,51.790000915527344,1.5235288177809692,-132.94101807492513,-1.329410180749251,-4.181310552144442,2.0,0,27.243244,10.540516,1.85,4.78155,1509542912.0,"(25,40]",>0,>0,OK,1,1,0,1,1,ledger
CNMD,NASDAQ:CNMD,CONMED Corporation,Weekly,2023-03-24,2023-07-21,97.0,122.19000244140625,1.5750842076587597,280.20031620835124,2.8020031620835124,25.969074681862114,17.0,1,27.243244,10.540516,1.85,4.78155,1509542912.0,"(25,40]",>0,>0,OK,1,1,0,1,1,ledger
CNMD,NASDAQ:CNMD,CONMED Corporation,Weekly,2023-09-01,2023-09-22,110.4800033569336,101.1500015258789,3.386838928178533,-112.8946617116226,-1.1289466171162261,-8.444968815679482,3.0,0,27.243244,10.540516,1.85,4.78155,1509542912.0,"(25,40]",>0,>0,OK,1,1,0,1,1,ledger
CNMD,NASDAQ:CNMD,CONMED Corporation,Monthly,2023-01-31,2023-08-31,95.76000213623047,111.45999908447266,2.5678955648394783,63.64002131405544,0.6364002131405543,16.395151000421865,7.0,1,27.243244,10.540516,1.85,4.78155,1509542912.0,"(25,40]",>0,>0,OK,1,1,0,1,1,ledger
CNOB,NASDAQ:CNOB,"ConnectOne Bancorp, Inc.",Daily,2024-08-06,2024-08-12,21.68000030517578,21.25,2.406249664723953,-26.875012665983995,-0.26875012665983994,-1.9833962136666807,4.0,0,10.450311,9.178943,3.22,3.666,1693262464.0,"(0,15]",>0,>0,OK,1,1,1,1,1,ledger
CNOB,NASDAQ:CNOB,"ConnectOne Bancorp, Inc.",Daily,2024-09-30,2024-10-01,25.049999237060547,24.229999542236328,1.5578981394293607,-86.31586132956414,-0.8631586132956414,-3.2734519752442135,1.0,0,10.450311,9.178943,3.22,3.666,1693262464.0,"(0,15]",>0,>0,OK,1,1,1,1,1,ledger
CNOB,NASDAQ:CNOB,"ConnectOne Bancorp, Inc.",Daily,2024-12-04,2024-12-06,27.670000076293945,27.059999465942383,1.8699492385539183,-69.5530854489435,-0.6955308544894351,-2.2045558679783874,2.0,0,10.450311,9.178943,3.22,3.666,1693262464.0,"(0,15]",>0,>0,OK,1,1,1,1,1,ledger
CNOB,NASDAQ:CNOB,"ConnectOne Bancorp, Inc.",Daily,2025-02-28,2025-03-04,25.530000686645508,24.389999389648438,1.9145295940608102,-97.43600193669234,-0.9743600193669233,-4.465339860305581,2.0,0,10.450311,9.178943,3.22,3.666,1693262464.0,"(0,15]",>0,>0,OK,1,1,1,1,1,ledger
CNOB,NASDAQ:CNOB,"ConnectOne Bancorp, Inc.",Daily,2025-09-26,2025-09-29,25.260000228881836,25.079999923706055,1.7199003673405389,-30.056542195275583,-0.3005654219527558,-0.712590275315881,1.0,0,10.450311,9.178943,3.22,3.666,1693262464.0,"(0,15]",>0,>0,OK,1,1,1,1,1,ledger
CNOB,NASDAQ:CNOB,"ConnectOne Bancorp, Inc.",Daily,2026-01-05,2026-01-13,26.520000457763672,25.889999389648438,2.5999984741210938,-84.00014241536459,-0.8400014241536459,-2.375569597438687,6.0,0,10.450311,9.178943,3.22,3.666,1693262464.0,"(0,15]",>0,>0,OK,1,1,1,1,1,ledger
CNOB,NASDAQ:CNOB,"ConnectOne Bancorp, Inc.",Monthly,2022-11-30,2023-03-31,26.239999771118164,17.68000030517578,2.9159887998850422,-231.97827173563013,-2.3197827173563015,-32.62194946878087,4.0,0,10.450311,9.178943,3.22,3.666,1693262464.0,"(0,15]",>0,>0,OK,1,1,1,1,1,ledger
CNXC,NASDAQ:CNXC,Concentrix Corporation,Daily,2024-07-25,2024-08-01,66.79000091552734,68.12000274658203,2.1628815077740464,49.682830929773786,0.4968283092977379,1.9913187794933667,5.0,1,,2.1446593,-21.3,11.89,1555968000.0,missing,<=0,>0,OK,0,0,0,0,0,ledger
CNXC,NASDAQ:CNXC,Concentrix Corporation,Daily,2025-02-13,2025-02-19,48.5099983215332,47.790000915527344,4.424854030463462,-39.527082891642515,-0.3952708289164251,-1.484224759674457,3.0,0,,2.1446593,-21.3,11.89,1555968000.0,missing,<=0,>0,OK,0,0,0,0,0,ledger
CNXN,NASDAQ:CNXN,"PC Connection, Inc.",Daily,2024-08-15,2024-09-03,68.38999938964844,69.44000244140625,3.9602325467550936,51.9132977624941,0.519132977624941,1.5353166561319516,12.0,1,22.960318,19.437849,3.78,4.465,2190414848.0,"(15,25]",>0,>0,OK,1,1,1,1,1,ledger
CNXN,NASDAQ:CNXN,"PC Connection, Inc.",Daily,2024-11-20,2024-12-05,70.37999725341797,73.26000213623047,2.8694116199550517,151.91021631477867,1.5191021631477866,4.092078708730887,10.0,1,22.960318,19.437849,3.78,4.465,2190414848.0,"(15,25]",>0,>0,OK,1,1,1,1,1,ledger
CNXN,NASDAQ:CNXN,"PC Connection, Inc.",Daily,2026-03-02,2026-03-11,61.119998931884766,60.220001220703125,4.041669646901748,-46.87492549412298,-0.46874925494122976,-1.4725093699439422,7.0,0,22.960318,19.437849,3.78,4.465,2190414848.0,"(15,25]",>0,>0,OK,1,1,1,1,1,ledger
CNXN,NASDAQ:CNXN,"PC Connection, Inc.",Weekly,2021-01-01,2021-02-26,47.290000915527344,46.0099983215332,1.9306429174073416,-39.16369094298908,-0.3916369094298908,-2.70670875283037,8.0,0,22.960318,19.437849,3.78,4.465,2190414848.0,"(15,25]",>0,>0,OK,1,1,1,1,1,ledger
CNXN,NASDAQ:CNXN,"PC Connection, Inc.",Weekly,2022-06-03,2022-06-17,45.540000915527344,43.90999984741211,2.7694609513214954,-48.802424959540225,-0.48802424959540225,-3.579273244062383,2.0,0,22.960318,19.437849,3.78,4.465,2190414848.0,"(15,25]",>0,>0,OK,1,1,1,1,1,ledger
COCO,NASDAQ:COCO,"The Vita Coco Company, Inc.",Daily,2024-07-30,2024-08-07,24.6299991607666,25.329999923706055,5.962619521273182,65.42065070910607,0.6542065070910608,2.842065719817368,6.0,1,34.98913,27.512821,1.84,2.34,3725293824.0,"(25,40]",>0,>0,OK,1,1,0,1,1,ledger
COCO,NASDAQ:COCO,"The Vita Coco Company, Inc.",Daily,2024-10-09,2024-10-17,28.219999313354492,28.979999542236328,1.7980794448142992,73.07701477646403,0.7307701477646403,2.6931263195395707,6.0,1,34.98913,27.512821,1.84,2.34,3725293824.0,"(25,40]",>0,>0,OK,1,1,0,1,1,ledger
COCO,NASDAQ:COCO,"The Vita Coco Company, Inc.",Daily,2025-06-12,2025-06-25,33.779998779296875,35.68000030517578,3.3565196066338117,169.16158089884468,1.6916158089884468,5.624634678919472,8.0,1,34.98913,27.512821,1.84,2.34,3725293824.0,"(25,40]",>0,>0,OK,1,1,0,1,1,ledger
COCO,NASDAQ:COCO,"The Vita Coco Company, Inc.",Daily,2025-08-27,2025-09-18,34.650001525878906,39.2599983215332,1.6438307845458038,315.7525781815427,3.1575257818154263,13.304463470834907,15.0,1,34.98913,27.512821,1.84,2.34,3725293824.0,"(25,40]",>0,>0,OK,1,1,0,1,1,ledger
COCO,NASDAQ:COCO,"The Vita Coco Company, Inc.",Daily,2025-11-05,2025-12-04,41.790000915527344,53.790000915527344,3.276185597535345,571.4279486215333,5.714279486215334,28.715002960292647,20.0,1,34.98913,27.512821,1.84,2.34,3725293824.0,"(25,40]",>0,>0,OK,1,1,0,1,1,ledger
COCO,NASDAQ:COCO,"The Vita Coco Company, Inc.",Daily,2025-12-18,2025-12-31,52.47999954223633,53.0099983215332,1.5406451751071322,31.285052535923114,0.31285052535923114,1.009906219359487,8.0,1,34.98913,27.512821,1.84,2.34,3725293824.0,"(25,40]",>0,>0,OK,1,1,0,1,1,ledger
COCO,NASDAQ:COCO,"The Vita Coco Company, Inc.",Daily,2026-01-16,2026-01-22,53.540000915527344,52.220001220703125,1.6682527090226111,-75.41419341351529,-0.7541419341351528,-2.465445783063856,3.0,0,34.98913,27.512821,1.84,2.34,3725293824.0,"(25,40]",>0,>0,OK,1,1,0,1,1,ledger
CODA,NASDAQ:CODA,"Coda Octopus Group, Inc. - Common stock",Daily,2024-08-08,2024-08-15,7.099999904632568,7.03000020980835,1.5333349227920432,-23.333253860397843,-0.23333253860397843,-0.9859112079500978,5.0,0,23.727272,24.279068,0.44,0.43,117771064.0,"(15,25]",>0,>0,OK,1,1,1,0,1,ledger
CODA,NASDAQ:CODA,"Coda Octopus Group, Inc. - Common stock",Daily,2025-02-12,2025-02-14,8.010000228881836,7.889999866485596,2.749391062720822,-32.54370015282779,-0.32543700152827787,-1.4981318223132163,2.0,0,23.727272,24.279068,0.44,0.43,117771064.0,"(15,25]",>0,>0,OK,1,1,1,0,1,ledger
CODA,NASDAQ:CODA,"Coda Octopus Group, Inc. - Common stock",Daily,2025-08-05,2025-08-19,7.605000019073486,7.170000076293945,2.1009171020903836,-79.81649208887893,-0.7981649208887893,-5.719920337785046,10.0,0,23.727272,24.279068,0.44,0.43,117771064.0,"(15,25]",>0,>0,OK,1,1,1,0,1,ledger
CODA,NASDAQ:CODA,"Coda Octopus Group, Inc. - Common stock",Daily,2026-06-11,2026-06-12,11.899999618530273,10.920000076293945,1.9294134674611714,-115.29414140643495,-1.1529414140643495,-8.235290534886289,1.0,0,23.727272,24.279068,0.44,0.43,117771064.0,"(15,25]",>0,>0,OK,1,1,1,0,1,ledger
CODA,NASDAQ:CODA,"Coda Octopus Group, Inc. - Common stock",Weekly,2017-08-11,2017-09-29,4.489999771118164,4.050000190734863,5.122451839424525,-89.79587467545863,-0.8979587467545864,-9.799545719658818,7.0,0,23.727272,24.279068,0.44,0.43,117771064.0,"(15,25]",>0,>0,OK,1,1,1,0,1,ledger
CODA,NASDAQ:CODA,"Coda Octopus Group, Inc. - Common stock",Weekly,2018-09-14,2019-05-17,5.429999828338623,13.600000381469727,1.98026333022814,537.5001274441634,5.375001274441634,150.46042009969673,35.0,1,23.727272,24.279068,0.44,0.43,117771064.0,"(15,25]",>0,>0,OK,1,1,1,0,1,ledger
CODA,NASDAQ:CODA,"Coda Octopus Group, Inc. - Common stock",Weekly,2023-07-14,2023-08-04,8.899999618530273,8.199999809265137,1.9043489221818086,-60.86956882296647,-0.6086956882296648,-7.865166733352435,3.0,0,23.727272,24.279068,0.44,0.43,117771064.0,"(15,25]",>0,>0,OK,1,1,1,0,1,ledger
CODA,NASDAQ:CODA,"Coda Octopus Group, Inc. - Common stock",Weekly,2025-11-28,2026-03-20,8.779999732971191,11.869999885559082,1.795817260345425,315.3062853005632,3.1530628530056326,35.19362467613904,16.0,1,23.727272,24.279068,0.44,0.43,117771064.0,"(15,25]",>0,>0,OK,1,1,1,0,1,ledger
CODA,NASDAQ:CODA,"Coda Octopus Group, Inc. - Common stock",Weekly,2026-04-10,2026-04-24,12.220000267028809,12.260000228881836,3.5040628644408844,2.7700072981192077,0.027700072981192078,0.3273319229047202,2.0,1,23.727272,24.279068,0.44,0.43,117771064.0,"(15,25]",>0,>0,OK,1,1,1,0,1,ledger
CODA,NASDAQ:CODA,"Coda Octopus Group, Inc. - Common stock",Monthly,2017-10-31,2018-03-31,4.9766998291015625,3.450000047683716,1.7194700286924947,-129.74419489094888,-1.2974419489094886,-30.67695126980282,5.0,0,23.727272,24.279068,0.44,0.43,117771064.0,"(15,25]",>0,>0,OK,1,1,1,0,1,ledger
CODA,NASDAQ:CODA,"Coda Octopus Group, Inc. - Common stock",Monthly,2019-12-31,2020-01-31,8.369999885559082,6.289999961853027,4.110502285201739,-78.94592564134003,-0.7894592564134003,-24.85065653698177,1.0,0,23.727272,24.279068,0.44,0.43,117771064.0,"(15,25]",>0,>0,OK,1,1,1,0,1,ledger
CODA,NASDAQ:CODA,"Coda Octopus Group, Inc. - Common stock",Monthly,2024-07-31,2024-12-31,7.320000171661377,7.829999923706055,1.7867297357214964,24.17060283286452,0.24170602832864518,6.967209563998223,5.0,1,23.727272,24.279068,0.44,0.43,117771064.0,"(15,25]",>0,>0,OK,1,1,1,0,1,ledger
COFS,NASDAQ:COFS,"ChoiceOne Financial Services, Inc. - Common Stock",Daily,2024-07-22,2024-07-25,27.65999984741211,25.579999923706055,1.5200710032258555,-83.42339860088498,-0.8342339860088497,-7.5198840751282985,3.0,0,9.124339,9.221926,3.78,3.74,515641792.0,"(0,15]",>0,>0,OK,1,1,1,0,1,ledger
COFS,NASDAQ:COFS,"ChoiceOne Financial Services, Inc. - Common Stock",Daily,2026-02-19,2026-02-24,29.290000915527344,28.700000762939453,2.1171679597878694,-56.52171659732157,-0.5652171659732157,-2.0143398229636693,3.0,0,9.124339,9.221926,3.78,3.74,515641792.0,"(0,15]",>0,>0,OK,1,1,1,0,1,ledger
COFS,NASDAQ:COFS,"ChoiceOne Financial Services, Inc. - Common Stock",Weekly,2017-03-03,2017-03-17,21.31519317626953,20.68027114868164,2.222209760930111,-155.55524402325278,-1.5555524402325278,-2.978729877497696,2.0,0,9.124339,9.221926,3.78,3.74,515641792.0,"(0,15]",>0,>0,OK,1,1,1,0,1,ledger
COFS,NASDAQ:COFS,"ChoiceOne Financial Services, Inc. - Common Stock",Weekly,2022-04-29,2022-05-13,24.940000534057617,22.40999984741211,3.8947312063631756,-221.9296323004104,-2.2192963230041043,-10.14434896739711,2.0,0,9.124339,9.221926,3.78,3.74,515641792.0,"(0,15]",>0,>0,OK,1,1,1,0,1,ledger
COFS,NASDAQ:COFS,"ChoiceOne Financial Services, Inc. - Common Stock",Weekly,2023-06-02,2023-06-23,21.229999542236328,23.34000015258789,6.51077081460263,156.82340221153433,1.568234022115343,9.938768986564467,3.0,1,9.124339,9.221926,3.78,3.74,515641792.0,"(0,15]",>0,>0,OK,1,1,1,0,1,ledger
COFS,NASDAQ:COFS,"ChoiceOne Financial Services, Inc. - Common Stock",Weekly,2026-02-06,2026-03-06,30.329999923706055,28.280000686645508,1.7543261844043527,-70.9342446369833,-0.709342446369833,-6.758982005332149,4.0,0,9.124339,9.221926,3.78,3.74,515641792.0,"(0,15]",>0,>0,OK,1,1,1,0,1,ledger
COFS,NASDAQ:COFS,"ChoiceOne Financial Services, Inc. - Common Stock",Monthly,2019-03-31,2020-03-31,25.979999542236328,25.3799991607666,2.709460452144866,-40.54057885471411,-0.40540578854714115,-2.3094703311841522,12.0,0,9.124339,9.221926,3.78,3.74,515641792.0,"(0,15]",>0,>0,OK,1,1,1,0,1,ledger
COFS,NASDAQ:COFS,"ChoiceOne Financial Services, Inc. - Common Stock",Monthly,2025-05-31,2026-01-31,29.579999923706055,28.690000534057617,1.8272922444122621,-18.97653066743774,-0.1897653066743774,-3.0087876671533476,8.0,0,9.124339,9.221926,3.78,3.74,515641792.0,"(0,15]",>0,>0,OK,1,1,1,0,1,ledger
COGT,NASDAQ:COGT,"Cogent Biosciences, Inc.",Daily,2024-09-16,2024-09-17,10.819999694824219,10.520000457763672,2.062502980235081,-46.87492549412298,-0.46874925494122976,-2.7726362802399382,1.0,0,,-45.34581,-2.4,-0.94474,7319985152.0,missing,<=0,<=0,OK,0,0,0,0,0,ledger
COGT,NASDAQ:COGT,"Cogent Biosciences, Inc.",Daily,2025-05-08,2025-05-13,4.980000019073486,4.989999771118164,1.9834014055025295,2.1795083061270724,0.021795083061270728,0.20079823305980946,3.0,1,,-45.34581,-2.4,-0.94474,7319985152.0,missing,<=0,<=0,OK,0,0,0,0,0,ledger
COGT,NASDAQ:COGT,"Cogent Biosciences, Inc.",Weekly,2022-10-28,2022-11-04,14.050000190734863,12.15999984741211,2.277448786768714,-107.07411741006976,-1.0707411741006976,-13.45195955633578,1.0,0,,-45.34581,-2.4,-0.94474,7319985152.0,missing,<=0,<=0,OK,0,0,0,0,0,ledger
COGT,NASDAQ:COGT,"Cogent Biosciences, Inc.",Weekly,2024-05-03,2024-08-09,7.53000020980835,8.579999923706055,1.516666516551281,58.33331125754131,0.5833331125754131,13.944218919542756,14.0,1,,-45.34581,-2.4,-0.94474,7319985152.0,missing,<=0,<=0,OK,0,0,0,0,0,ledger
COGT,NASDAQ:COGT,"Cogent Biosciences, Inc.",Weekly,2024-11-29,2024-12-06,9.510000228881836,8.890000343322754,2.469946711595936,-49.39893423191872,-0.49398934231918723,-6.51945184686899,1.0,0,,-45.34581,-2.4,-0.94474,7319985152.0,missing,<=0,<=0,OK,0,0,0,0,0,ledger
COGT,NASDAQ:COGT,"Cogent Biosciences, Inc.",Monthly,2020-05-31,2022-10-31,2.24399995803833,13.649999618530273,15.002656447932392,250.19050203762157,2.5019050203762156,508.28876442862725,29.0,1,,-45.34581,-2.4,-0.94474,7319985152.0,missing,<=0,<=0,OK,0,0,0,0,0,ledger
COIN,NASDAQ:COIN,"Coinbase Global, Inc.",Daily,2025-10-20,2025-10-21,343.7799987792969,338.6199951171875,1.886581657076884,-19.8385302758666,-0.198385302758666,-1.500960986803087,1.0,0,,47.624615,-3.88,3.16496,39768137728.0,missing,<=0,>0,OK,0,0,0,0,0,ledger
COIN,NASDAQ:COIN,"Coinbase Global, Inc.",Daily,2026-04-30,2026-05-05,187.77000427246094,197.75,2.4113287050487004,85.09565492518972,0.8509565492518971,5.3150106515723,3.0,1,,47.624615,-3.88,3.16496,39768137728.0,missing,<=0,>0,OK,0,0,0,0,0,ledger
COIN,NASDAQ:COIN,"Coinbase Global, Inc.",Weekly,2023-09-08,2023-09-22,82.08999633789062,70.95999908447266,2.6253837958958695,-90.35408426989763,-0.9035408426989764,-13.558286941085719,2.0,0,,47.624615,-3.88,3.16496,39768137728.0,missing,<=0,>0,OK,0,0,0,0,0,ledger
COIN,NASDAQ:COIN,"Coinbase Global, Inc.",Weekly,2024-02-09,2024-04-05,141.99000549316406,240.89999389648438,1.65211020198181,359.93441164687454,3.5993441164687456,69.65982433748283,8.0,1,,47.624615,-3.88,3.16496,39768137728.0,missing,<=0,>0,OK,0,0,0,0,0,ledger
COIN,NASDAQ:COIN,"Coinbase Global, Inc.",Weekly,2025-09-19,2025-10-17,342.4599914550781,336.0199890136719,2.003725538066789,-12.627455767463236,-0.12627455767463236,-1.8805123524191325,4.0,0,,47.624615,-3.88,3.16496,39768137728.0,missing,<=0,>0,OK,0,0,0,0,0,ledger
COKE,NASDAQ:COKE,"Coca-Cola Consolidated, Inc.",Daily,2024-10-23,2024-10-25,127.3740005493164,124.88500213623047,1.8333682270388136,-98.64356138277243,-0.9864356138277243,-1.9540867071394623,2.0,0,24.828533,4.6481767,7.29,38.94,12048137216.0,"(15,25]",>0,>0,OK,1,1,1,1,1,ledger
COKE,NASDAQ:COKE,"Coca-Cola Consolidated, Inc.",Daily,2025-01-27,2025-02-06,132.052001953125,136.01300048828125,3.0437194825718406,102.18820283678598,1.0218820283678598,2.999574770977195,8.0,1,24.828533,4.6481767,7.29,38.94,12048137216.0,"(15,25]",>0,>0,OK,1,1,1,1,1,ledger
COKE,NASDAQ:COKE,"Coca-Cola Consolidated, Inc.",Daily,2025-10-27,2025-11-21,128.1699981689453,161.50999450683594,2.2590686454282487,1314.4397299222576,13.144397299222573,26.01232489208904,19.0,1,24.828533,4.6481767,7.29,38.94,12048137216.0,"(15,25]",>0,>0,OK,1,1,1,1,1,ledger
COKE,NASDAQ:COKE,"Coca-Cola Consolidated, Inc.",Daily,2026-03-30,2026-04-13,185.7899932861328,198.49000549316406,3.978851053681925,149.2364324892283,1.4923643248922829,6.83568150383219,9.0,1,24.828533,4.6481767,7.29,38.94,12048137216.0,"(15,25]",>0,>0,OK,1,1,1,1,1,ledger
COKE,NASDAQ:COKE,"Coca-Cola Consolidated, Inc.",Weekly,2016-10-28,2016-11-04,14.508999824523926,14.055999755859375,2.0775093943620497,-57.56038626853879,-0.5756038626853879,-3.122200524800232,1.0,0,24.828533,4.6481767,7.29,38.94,12048137216.0,"(15,25]",>0,>0,OK,1,1,1,1,1,ledger
COKE,NASDAQ:COKE,"Coca-Cola Consolidated, Inc.",Weekly,2019-07-05,2019-07-19,31.84000015258789,29.12700080871582,3.496134408711603,-99.85271932219999,-0.998527193222,-8.520726541678622,2.0,0,24.828533,4.6481767,7.29,38.94,12048137216.0,"(15,25]",>0,>0,OK,1,1,1,1,1,ledger
COKE,NASDAQ:COKE,"Coca-Cola Consolidated, Inc.",Weekly,2026-01-16,2026-03-27,151.47999572753906,181.3000030517578,2.0450017864157464,338.6004174487005,3.386004174487005,19.68577248830584,10.0,1,24.828533,4.6481767,7.29,38.94,12048137216.0,"(15,25]",>0,>0,OK,1,1,1,1,1,ledger
COKE,NASDAQ:COKE,"Coca-Cola Consolidated, Inc.",Monthly,2022-10-31,2024-10-31,48.70100021362305,112.4260025024414,1.8047074860447365,761.6729327575382,7.616729327575382,130.8494733358529,24.0,1,24.828533,4.6481767,7.29,38.94,12048137216.0,"(15,25]",>0,>0,OK,1,1,1,1,1,ledger
COLB,NASDAQ:COLB,"Columbia Banking System, Inc.",Daily,2024-08-16,2024-08-20,23.959999084472656,23.649999618530273,1.7333345342570556,-17.222199852074453,-0.17222199852074455,-1.2938208588800775,2.0,0,12.365759,9.645092,2.57,3.29494,8987924480.0,"(0,15]",>0,>0,OK,1,1,1,1,1,ledger
COLB,NASDAQ:COLB,"Columbia Banking System, Inc.",Daily,2024-10-23,2024-11-01,27.079999923706055,28.3700008392334,1.592574163664767,192.0021229081048,1.9200212290810483,4.7636666143343165,7.0,1,12.365759,9.645092,2.57,3.29494,8987924480.0,"(0,15]",>0,>0,OK,1,1,1,1,1,ledger
COLB,NASDAQ:COLB,"Columbia Banking System, Inc.",Daily,2025-05-27,2025-05-30,24.149999618530273,23.3799991607666,1.7244911463949149,-78.57151198321532,-0.7857151198321533,-3.1884077429668,3.0,0,12.365759,9.645092,2.57,3.29494,8987924480.0,"(0,15]",>0,>0,OK,1,1,1,1,1,ledger
COLB,NASDAQ:COLB,"Columbia Banking System, Inc.",Daily,2025-07-17,2025-07-24,24.350000381469727,23.350000381469727,1.5111103104952963,-111.11115820615905,-1.1111115820615904,-4.106776116360955,5.0,0,12.365759,9.645092,2.57,3.29494,8987924480.0,"(0,15]",>0,>0,OK,1,1,1,1,1,ledger
COLB,NASDAQ:COLB,"Columbia Banking System, Inc.",Daily,2026-01-30,2026-02-11,29.440000534057617,31.6299991607666,1.56074817999672,204.67282722625083,2.0467282722625084,7.438853895995987,8.0,1,12.365759,9.645092,2.57,3.29494,8987924480.0,"(0,15]",>0,>0,OK,1,1,1,1,1,ledger
COLB,NASDAQ:COLB,"Columbia Banking System, Inc.",Daily,2026-02-25,2026-02-27,30.440000534057617,28.450000762939453,2.471583646896319,-217.63054838523354,-2.1763054838523352,-6.537449856124885,2.0,0,12.365759,9.645092,2.57,3.29494,8987924480.0,"(0,15]",>0,>0,OK,1,1,1,1,1,ledger
COLB,NASDAQ:COLB,"Columbia Banking System, Inc.",Weekly,2017-02-17,2017-03-03,40.970001220703125,40.08000183105469,1.6584502927511353,-31.338004994029465,-0.3133800499402946,-2.1723196561651537,2.0,0,12.365759,9.645092,2.57,3.29494,8987924480.0,"(0,15]",>0,>0,OK,1,1,1,1,1,ledger
COLB,NASDAQ:COLB,"Columbia Banking System, Inc.",Weekly,2020-10-16,2021-03-26,26.219999313354492,45.11000061035156,1.6527781604250422,524.7224806562978,5.247224806562977,72.0442478706547,23.0,1,12.365759,9.645092,2.57,3.29494,8987924480.0,"(0,15]",>0,>0,OK,1,1,1,1,1,ledger
COLB,NASDAQ:COLB,"Columbia Banking System, Inc.",Weekly,2021-08-06,2021-09-10,36.689998626708984,33.65999984741211,4.031703785787549,-87.319914823353,-0.87319914823353,-8.258378012287922,5.0,0,12.365759,9.645092,2.57,3.29494,8987924480.0,"(0,15]",>0,>0,OK,1,1,1,1,1,ledger
COLB,NASDAQ:COLB,"Columbia Banking System, Inc.",Weekly,2024-08-16,2024-09-06,23.959999084472656,23.639999389648438,1.6510864541519306,-16.934199337806493,-0.16934199337806494,-1.335558042786385,3.0,0,12.365759,9.645092,2.57,3.29494,8987924480.0,"(0,15]",>0,>0,OK,1,1,1,1,1,ledger
COLB,NASDAQ:COLB,"Columbia Banking System, Inc.",Weekly,2025-01-17,2025-03-07,28.579999923706055,25.040000915527344,1.5873597407708098,-131.59845001364923,-1.3159845001364925,-12.386280677497178,7.0,0,12.365759,9.645092,2.57,3.29494,8987924480.0,"(0,15]",>0,>0,OK,1,1,1,1,1,ledger
COLB,NASDAQ:COLB,"Columbia Banking System, Inc.",Monthly,2022-01-31,2022-03-31,34.77000045776367,32.27000045776367,2.7015026490195946,-42.44975919121419,-0.4244975919121419,-7.190106318913735,2.0,0,12.365759,9.645092,2.57,3.29494,8987924480.0,"(0,15]",>0,>0,OK,1,1,1,1,1,ledger
COLL,NASDAQ:COLL,"Collegium Pharmaceutical, Inc.",Daily,2025-06-16,2025-06-30,29.709999084472656,29.56999969482422,1.519284802348184,-17.434322312260285,-0.17434322312260284,-0.47121977099489515,9.0,0,17.26087,4.761143,2.07,7.5045,1158859008.0,"(15,25]",>0,>0,OK,1,1,1,1,1,ledger
COLL,NASDAQ:COLL,"Collegium Pharmaceutical, Inc.",Daily,2025-07-22,2025-07-25,31.639999389648438,31.780000686645508,1.7752841737102885,15.730493596447614,0.15730493596447614,0.4424819838741024,3.0,1,17.26087,4.761143,2.07,7.5045,1158859008.0,"(15,25]",>0,>0,OK,1,1,1,1,1,ledger
COLL,NASDAQ:COLL,"Collegium Pharmaceutical, Inc.",Daily,2026-04-27,2026-05-11,32.779998779296875,35.810001373291016,2.569939749415379,223.12092728156352,2.2312092728156356,9.243449380198951,10.0,1,17.26087,4.761143,2.07,7.5045,1158859008.0,"(15,25]",>0,>0,OK,1,1,1,1,1,ledger
COLL,NASDAQ:COLL,"Collegium Pharmaceutical, Inc.",Daily,2026-05-20,2026-05-26,34.220001220703125,33.779998779296875,4.152887697777717,-29.096832501498724,-0.29096832501498726,-1.2858048676516358,3.0,0,17.26087,4.761143,2.07,7.5045,1158859008.0,"(15,25]",>0,>0,OK,1,1,1,1,1,ledger
COLL,NASDAQ:COLL,"Collegium Pharmaceutical, Inc.",Weekly,2023-06-16,2023-06-30,22.959999084472656,21.489999771118164,3.5693242973328045,-72.27140634714334,-0.7227140634714333,-6.4024362890703275,2.0,0,17.26087,4.761143,2.07,7.5045,1158859008.0,"(15,25]",>0,>0,OK,1,1,1,1,1,ledger
COLL,NASDAQ:COLL,"Collegium Pharmaceutical, Inc.",Weekly,2023-11-03,2024-04-12,22.200000762939453,35.709999084472656,2.119545772288966,870.3668224474214,8.703668224474216,60.85584620378353,23.0,1,17.26087,4.761143,2.07,7.5045,1158859008.0,"(15,25]",>0,>0,OK,1,1,1,1,1,ledger
COLL,NASDAQ:COLL,"Collegium Pharmaceutical, Inc.",Weekly,2024-04-26,2024-05-10,36.41999816894531,31.5,1.948945266642533,-211.67332566141792,-2.116733256614179,-13.509056607093703,2.0,0,17.26087,4.761143,2.07,7.5045,1158859008.0,"(15,25]",>0,>0,OK,1,1,1,1,1,ledger
COLL,NASDAQ:COLL,"Collegium Pharmaceutical, Inc.",Monthly,2017-06-30,2017-08-31,12.510000228881836,10.039999961853027,1.564202037189214,-48.054476693518595,-0.48054476693518594,-19.74420640957559,2.0,0,17.26087,4.761143,2.07,7.5045,1158859008.0,"(15,25]",>0,>0,OK,1,1,1,1,1,ledger
COLL,NASDAQ:COLL,"Collegium Pharmaceutical, Inc.",Monthly,2018-11-30,2019-04-30,19.190000534057617,13.930000305175781,1.950819247820316,-95.81055618313532,-0.9581055618313532,-27.410109861886696,5.0,0,17.26087,4.761143,2.07,7.5045,1158859008.0,"(15,25]",>0,>0,OK,1,1,1,1,1,ledger
COLL,NASDAQ:COLL,"Collegium Pharmaceutical, Inc.",Monthly,2023-08-31,2024-05-31,23.420000076293945,33.13999938964844,1.791171175787225,256.03212576650424,2.5603212576650423,41.50298583129901,9.0,1,17.26087,4.761143,2.07,7.5045,1158859008.0,"(15,25]",>0,>0,OK,1,1,1,1,1,ledger
COLM,NASDAQ:COLM,Columbia Sportswear Company,Daily,2024-09-04,2024-09-10,81.43000030517578,81.1500015258789,1.840392164613674,-16.307221723840158,-0.1630722172384016,-0.3438521162317593,4.0,0,15.036554,13.757008,3.83,4.18623,2945198336.0,"(15,25]",>0,>0,OK,1,1,1,1,1,ledger
COLM,NASDAQ:COLM,Columbia Sportswear Company,Daily,2025-01-14,2025-01-15,83.43000030517578,82.94000244140625,2.9475685931615434,-18.351992502043082,-0.1835199250204308,-0.5873161476413575,1.0,0,15.036554,13.757008,3.83,4.18623,2945198336.0,"(15,25]",>0,>0,OK,1,1,1,1,1,ledger
COLM,NASDAQ:COLM,Columbia Sportswear Company,Daily,2025-03-10,2025-03-11,85.23999786376953,80.5199966430664,2.2670654181910384,-140.05958633679865,-1.4005958633679865,-5.537307999756905,1.0,0,15.036554,13.757008,3.83,4.18623,2945198336.0,"(15,25]",>0,>0,OK,1,1,1,1,1,ledger
COLM,NASDAQ:COLM,Columbia Sportswear Company,Daily,2025-09-11,2025-09-12,55.689998626708984,54.61000061035156,1.7774634425426745,-68.80488753284457,-0.6880488753284457,-1.9393033632424148,1.0,0,15.036554,13.757008,3.83,4.18623,2945198336.0,"(15,25]",>0,>0,OK,1,1,1,1,1,ledger
COLM,NASDAQ:COLM,Columbia Sportswear Company,Daily,2026-04-06,2026-04-22,55.63999938964844,62.630001068115234,3.417828342880702,194.70755936954427,1.9470755936954427,12.562907539799964,12.0,1,15.036554,13.757008,3.83,4.18623,2945198336.0,"(15,25]",>0,>0,OK,1,1,1,1,1,ledger
COLM,NASDAQ:COLM,Columbia Sportswear Company,Daily,2026-06-08,2026-06-10,65.13999938964844,64.47000122070312,1.519350868650789,-32.213959502248976,-0.3221395950224898,-1.0285510826267887,2.0,0,15.036554,13.757008,3.83,4.18623,2945198336.0,"(15,25]",>0,>0,OK,1,1,1,1,1,ledger
COLM,NASDAQ:COLM,Columbia Sportswear Company,Weekly,2019-01-18,2020-02-28,86.08999633789062,81.30000305175781,1.566008138024112,-79.04282534470777,-0.7904282534470777,-5.563937147044112,58.0,0,15.036554,13.757008,3.83,4.18623,2945198336.0,"(15,25]",>0,>0,OK,1,1,1,1,1,ledger
COLM,NASDAQ:COLM,Columbia Sportswear Company,Weekly,2021-08-06,2021-09-17,103.08999633789062,99.11000061035156,1.5127248901938897,-50.6361231769759,-0.506361231769759,-3.8607002317607213,6.0,0,15.036554,13.757008,3.83,4.18623,2945198336.0,"(15,25]",>0,>0,OK,1,1,1,1,1,ledger
COLM,NASDAQ:COLM,Columbia Sportswear Company,Weekly,2026-04-10,2026-05-15,57.2599983215332,57.75,2.044147257590956,9.405024272022375,0.09405024272022376,0.8557486776637344,5.0,1,15.036554,13.757008,3.83,4.18623,2945198336.0,"(15,25]",>0,>0,OK,1,1,1,1,1,ledger
COO,NASDAQ:COO,"The Cooper Companies, Inc.",Daily,2025-07-22,2025-07-28,73.02999877929688,72.91000366210938,2.1365685738948432,-6.36173384768053,-0.0636173384768053,-0.16430935121625273,4.0,0,63.296616,14.949212,1.18,4.99625,14566838272.0,>40,>0,>0,OK,1,1,0,1,1,ledger
COO,NASDAQ:COO,"The Cooper Companies, Inc.",Daily,2025-12-10,2025-12-15,80.73999786376953,81.52999877929688,2.9322607876000126,25.483913044548302,0.254839130445483,0.9784505033803585,3.0,1,63.296616,14.949212,1.18,4.99625,14566838272.0,>40,>0,>0,OK,1,1,0,1,1,ledger
COO,NASDAQ:COO,"The Cooper Companies, Inc.",Daily,2026-07-13,2026-07-14,71.31999969482422,68.51000213623047,1.5048050471334775,-135.095917543924,-1.35095917543924,-3.939985376637172,1.0,0,63.296616,14.949212,1.18,4.99625,14566838272.0,>40,>0,>0,OK,1,1,0,1,1,ledger
COO,NASDAQ:COO,"The Cooper Companies, Inc.",Weekly,2019-11-01,2020-01-31,72.9574966430664,86.72250366210938,3.8661358404088397,405.5428915243557,4.055428915243557,18.867159171299694,13.0,1,63.296616,14.949212,1.18,4.99625,14566838272.0,>40,>0,>0,OK,1,1,0,1,1,ledger
COO,NASDAQ:COO,"The Cooper Companies, Inc.",Weekly,2021-10-22,2021-11-19,104.25499725341797,101.26750183105469,1.8687816718060002,-47.953410451910294,-0.4795341045191029,-2.8655656813278916,4.0,0,63.296616,14.949212,1.18,4.99625,14566838272.0,>40,>0,>0,OK,1,1,0,1,1,ledger
COO,NASDAQ:COO,"The Cooper Companies, Inc.",Monthly,2022-11-30,2023-02-28,79.0875015258789,81.74250030517578,2.0413140200612974,14.723408288189491,0.1472340828818949,3.3570396435245966,3.0,1,63.296616,14.949212,1.18,4.99625,14566838272.0,>40,>0,>0,OK,1,1,0,1,1,ledger
CORT,NASDAQ:CORT,Corcept Therapeutics Incorporated,Daily,2025-02-26,2025-02-27,63.369998931884766,59.849998474121094,2.7172907441870415,-82.24302480623471,-0.8224302480623471,-5.554679686119697,1.0,0,249.54546,24.309944,0.44,4.51667,11869204480.0,>40,>0,>0,OK,1,1,0,1,1,ledger
CORT,NASDAQ:CORT,Corcept Therapeutics Incorporated,Daily,2025-04-22,2025-06-02,64.68000030517578,71.68000030517578,8.250458156720493,109.69269785995387,1.0969269785995386,10.822510771447616,28.0,1,249.54546,24.309944,0.44,4.51667,11869204480.0,>40,>0,>0,OK,1,1,0,1,1,ledger
CORT,NASDAQ:CORT,Corcept Therapeutics Incorporated,Daily,2025-08-21,2025-08-25,70.9800033569336,68.81999969482422,1.913771318611392,-97.95638233087087,-0.9795638233087087,-3.043115750850944,2.0,0,249.54546,24.309944,0.44,4.51667,11869204480.0,>40,>0,>0,OK,1,1,0,1,1,ledger
CORT,NASDAQ:CORT,Corcept Therapeutics Incorporated,Daily,2025-10-15,2025-10-28,76.80999755859375,71.55999755859375,1.9227652740431982,-71.13823785731786,-0.7113823785731787,-6.835047737106213,9.0,0,249.54546,24.309944,0.44,4.51667,11869204480.0,>40,>0,>0,OK,1,1,0,1,1,ledger
CORT,NASDAQ:CORT,Corcept Therapeutics Incorporated,Weekly,2017-01-13,2017-01-20,8.170000076293945,7.400000095367432,1.8484843084490226,-77.77775637095225,-0.7777775637095224,-9.424724280734635,1.0,0,249.54546,24.309944,0.44,4.51667,11869204480.0,>40,>0,>0,OK,1,1,0,1,1,ledger
CORT,NASDAQ:CORT,Corcept Therapeutics Incorporated,Weekly,2019-01-04,2019-01-25,13.819999694824219,12.289999961853027,2.669811392899894,-72.1698026208951,-0.721698026208951,-11.070910034420605,3.0,0,249.54546,24.309944,0.44,4.51667,11869204480.0,>40,>0,>0,OK,1,1,0,1,1,ledger
CORT,NASDAQ:CORT,Corcept Therapeutics Incorporated,Weekly,2021-03-12,2021-03-26,25.690000534057617,24.479999542236328,2.0561796308030367,-45.31838791183907,-0.45318387911839064,-4.710007655380048,2.0,0,249.54546,24.309944,0.44,4.51667,11869204480.0,>40,>0,>0,OK,1,1,0,1,1,ledger
CORT,NASDAQ:CORT,Corcept Therapeutics Incorporated,Weekly,2022-05-20,2022-06-17,20.420000076293945,20.700000762939453,1.6284832737901915,8.66875313708701,0.08668753137087011,1.371208058762777,4.0,1,249.54546,24.309944,0.44,4.51667,11869204480.0,>40,>0,>0,OK,1,1,0,1,1,ledger
CORT,NASDAQ:CORT,Corcept Therapeutics Incorporated,Weekly,2022-10-07,2022-11-04,26.479999542236328,25.549999237060547,1.7465791878813224,-47.0817048851709,-0.47081704885170905,-3.5120858053354764,4.0,0,249.54546,24.309944,0.44,4.51667,11869204480.0,>40,>0,>0,OK,1,1,0,1,1,ledger
CORT,NASDAQ:CORT,Corcept Therapeutics Incorporated,Weekly,2023-07-14,2023-09-22,22.81999969482422,31.639999389648438,1.7592606546684155,544.4447845754263,5.444447845754262,38.650305928026256,10.0,1,249.54546,24.309944,0.44,4.51667,11869204480.0,>40,>0,>0,OK,1,1,0,1,1,ledger
CORT,NASDAQ:CORT,Corcept Therapeutics Incorporated,Weekly,2023-12-01,2024-01-05,25.969999313354492,24.280000686645508,4.085722459247005,-83.09104439224483,-0.8309104439224483,-6.507503547910917,5.0,0,249.54546,24.309944,0.44,4.51667,11869204480.0,>40,>0,>0,OK,1,1,0,1,1,ledger
CORT,NASDAQ:CORT,Corcept Therapeutics Incorporated,Weekly,2024-08-30,2024-12-13,35.29999923706055,55.400001525878906,1.5542578905788567,702.0355461110754,7.020355461110754,56.94051762957516,15.0,1,249.54546,24.309944,0.44,4.51667,11869204480.0,>40,>0,>0,OK,1,1,0,1,1,ledger
CORT,NASDAQ:CORT,Corcept Therapeutics Incorporated,Weekly,2025-04-25,2025-06-06,71.70999908447266,69.5999984741211,4.290327286964818,-19.843473584143904,-0.19843473584143906,-2.9424078054526714,6.0,0,249.54546,24.309944,0.44,4.51667,11869204480.0,>40,>0,>0,OK,1,1,0,1,1,ledger
CORT,NASDAQ:CORT,Corcept Therapeutics Incorporated,Monthly,2019-09-30,2020-08-31,14.140000343322754,12.699999809265137,2.3639997482299804,-28.800010681152344,-0.28800010681152344,-10.183879060071027,11.0,0,249.54546,24.309944,0.44,4.51667,11869204480.0,>40,>0,>0,OK,1,1,0,1,1,ledger
CORZ,NASDAQ:CORZ,"Core Scientific, Inc.",Daily,2024-12-16,2024-12-18,16.559999465942383,14.449999809265137,1.7386562804284322,-177.3109580423223,-1.773109580423223,-12.74154423142774,2.0,0,,162.92857,-5.04,0.14,7329775616.0,missing,<=0,>0,OK,0,0,0,0,0,ledger
CORZ,NASDAQ:CORZ,"Core Scientific, Inc.",Daily,2025-07-14,2025-07-17,13.5600004196167,13.470000267028809,4.005421319274683,-7.752443729458114,-0.07752443729458114,-0.6637179188998481,3.0,0,,162.92857,-5.04,0.14,7329775616.0,missing,<=0,>0,OK,0,0,0,0,0,ledger
CORZ,NASDAQ:CORZ,"Core Scientific, Inc.",Weekly,2025-01-03,2025-01-31,15.380000114440918,12.270000457763672,1.5418229987333545,-147.58601395794201,-1.4758601395794202,-20.22106393716564,4.0,0,,162.92857,-5.04,0.14,7329775616.0,missing,<=0,>0,OK,0,0,0,0,0,ledger
CORZ,NASDAQ:CORZ,"Core Scientific, Inc.",Weekly,2025-11-28,2025-12-19,16.889999389648438,15.600000381469727,2.2504180884220393,-43.07176855542012,-0.4307176855542012,-7.637649821167708,3.0,0,,162.92857,-5.04,0.14,7329775616.0,missing,<=0,>0,OK,0,0,0,0,0,ledger
COSO,NASDAQ:COSO,"CoastalSouth Bancshares, Inc.",Daily,2025-07-25,2025-08-01,21.299999237060547,20.489999771118164,2.7310852488100332,-159.8393315832643,-1.598393315832643,-3.8028145303077707,5.0,0,12.288288,10.69804,2.22,2.55,327442944.0,"(0,15]",>0,>0,OK,1,1,1,1,1,ledger
COSO,NASDAQ:COSO,"CoastalSouth Bancshares, Inc.",Daily,2025-10-06,2025-10-07,22.190000534057617,21.450000762939453,2.2150524623247496,-79.56984175164277,-0.7956984175164278,-3.3348343997666827,1.0,0,12.288288,10.69804,2.22,2.55,327442944.0,"(0,15]",>0,>0,OK,1,1,1,1,1,ledger
COST,NASDAQ:COST,Costco Wholesale Corporation,Daily,2024-12-24,2024-12-27,958.8200073242188,939.7000122070312,2.2447279572809995,-87.62597937336888,-0.8762597937336888,-1.994117245273773,2.0,0,47.654602,41.852043,19.89,22.64764,420351377408.0,>40,>0,>0,OK,1,1,0,1,1,ledger
COST,NASDAQ:COST,Costco Wholesale Corporation,Daily,2025-10-30,2025-11-06,920.1799926757812,923.5800170898438,3.124293393334433,24.241606660253183,0.24241606660253184,0.3694955814215876,5.0,1,47.654602,41.852043,19.89,22.64764,420351377408.0,>40,>0,>0,OK,1,1,0,1,1,ledger
COST,NASDAQ:COST,Costco Wholesale Corporation,Daily,2026-04-15,2026-04-27,984.75,998.010009765625,2.7074904847902417,70.29839049653408,0.7029839049653408,1.3465356451510535,8.0,1,47.654602,41.852043,19.89,22.64764,420351377408.0,>40,>0,>0,OK,1,1,0,1,1,ledger
COST,NASDAQ:COST,Costco Wholesale Corporation,Daily,2026-07-24,2026-07-30,935.030029296875,954.1699829101562,1.5713260945280387,102.64546447293165,1.0264546447293166,2.0469881194804125,4.0,1,47.654602,41.852043,19.89,22.64764,420351377408.0,>40,>0,>0,OK,1,1,0,1,1,ledger
COST,NASDAQ:COST,Costco Wholesale Corporation,Weekly,2016-11-11,2016-12-30,149.36000061035156,160.11000061035156,2.7462074016702585,148.2758620689655,1.4827586206896552,7.197375439254625,7.0,1,47.654602,41.852043,19.89,22.64764,420351377408.0,>40,>0,>0,OK,1,1,0,1,1,ledger
COST,NASDAQ:COST,Costco Wholesale Corporation,Weekly,2025-01-10,2025-02-21,936.9400024414062,1035.030029296875,1.836120953818964,252.56648413429394,2.5256648413429392,10.469189766673779,6.0,1,47.654602,41.852043,19.89,22.64764,420351377408.0,>40,>0,>0,OK,1,1,0,1,1,ledger
CPB,NASDAQ:CPB,The Campbell's Company,Daily,2024-07-24,2024-08-12,46.470001220703125,48.439998626708984,1.815122198286916,165.54566087090322,1.655456608709032,4.239288474836954,13.0,1,11.156863,11.709325,2.04,1.94375,6787173888.0,"(0,15]",>0,>0,OK,1,1,1,0,1,ledger
CPB,NASDAQ:CPB,The Campbell's Company,Daily,2025-03-17,2025-03-20,39.0099983215332,37.97999954223633,3.523842478841383,-74.99077143004675,-0.7499077143004674,-2.640345612956164,3.0,0,11.156863,11.709325,2.04,1.94375,6787173888.0,"(0,15]",>0,>0,OK,1,1,1,0,1,ledger
CPB,NASDAQ:CPB,The Campbell's Company,Daily,2026-06-23,2026-06-30,21.209999084472656,22.270000457763672,2.4457841846313646,127.71102056949299,1.27711020569493,4.997649311861677,5.0,1,11.156863,11.709325,2.04,1.94375,6787173888.0,"(0,15]",>0,>0,OK,1,1,1,0,1,ledger
CPB,NASDAQ:CPB,The Campbell's Company,Weekly,2017-04-21,2017-05-19,57.349998474121094,55.779998779296875,3.948346937417669,-90.1002774328237,-0.901002774328237,-2.7375758266718586,4.0,0,11.156863,11.709325,2.04,1.94375,6787173888.0,"(0,15]",>0,>0,OK,1,1,1,0,1,ledger
CPB,NASDAQ:CPB,The Campbell's Company,Weekly,2021-03-12,2021-04-09,47.959999084472656,48.06999969482422,1.8986947741099032,3.594794056048668,0.03594794056048668,0.22935907516974052,4.0,1,11.156863,11.709325,2.04,1.94375,6787173888.0,"(0,15]",>0,>0,OK,1,1,1,0,1,ledger
CPB,NASDAQ:CPB,The Campbell's Company,Weekly,2024-11-29,2024-12-06,46.20000076293945,42.72999954223633,1.8885716029575892,-99.14289202008929,-0.9914289202008929,-7.510825029004497,1.0,0,11.156863,11.709325,2.04,1.94375,6787173888.0,"(0,15]",>0,>0,OK,1,1,1,0,1,ledger
CPF,NASDAQ:CPF,Central Pacific Financial Corp.,Daily,2024-10-23,2024-10-25,29.040000915527344,28.299999237060547,1.6496023247287641,-96.88175517699273,-0.9688175517699272,-2.5482150658994187,2.0,0,12.735669,11.186014,3.14,3.575,1031998720.0,"(0,15]",>0,>0,OK,1,1,1,1,1,ledger
CPF,NASDAQ:CPF,Central Pacific Financial Corp.,Daily,2024-12-05,2024-12-06,31.780000686645508,31.510000228881836,1.6623064486407682,-30.53222528739214,-0.3053222528739214,-0.8495923597545125,1.0,0,12.735669,11.186014,3.14,3.575,1031998720.0,"(0,15]",>0,>0,OK,1,1,1,1,1,ledger
CPF,NASDAQ:CPF,Central Pacific Financial Corp.,Daily,2025-04-28,2025-05-14,25.809999465942383,27.3799991607666,2.6859699216366577,159.73370778541943,1.5973370778541942,6.082912542853454,12.0,1,12.735669,11.186014,3.14,3.575,1031998720.0,"(0,15]",>0,>0,OK,1,1,1,1,1,ledger
CPF,NASDAQ:CPF,Central Pacific Financial Corp.,Daily,2026-01-05,2026-01-12,31.3799991607666,31.229999542236328,2.1888890537215566,-16.66663134538072,-0.16666631345380717,-0.47801026941330554,5.0,0,12.735669,11.186014,3.14,3.575,1031998720.0,"(0,15]",>0,>0,OK,1,1,1,1,1,ledger
CPF,NASDAQ:CPF,Central Pacific Financial Corp.,Weekly,2021-07-30,2021-08-20,25.600000381469727,25.59000015258789,1.521326140250649,-0.47394435967341864,-0.004739443596734186,-0.03906339348758171,3.0,0,12.735669,11.186014,3.14,3.575,1031998720.0,"(0,15]",>0,>0,OK,1,1,1,1,1,ledger
CPK,NASDAQ:CPK,Chesapeake Utilities Corporation,Daily,2025-01-24,2025-01-31,121.1500015258789,122.25,2.347251524969638,41.44421936650234,0.4144421936650234,0.9079640613014129,5.0,1,21.500807,18.182116,6.19,7.31983,3194793472.0,"(15,25]",>0,>0,OK,1,1,1,1,1,ledger
CPK,NASDAQ:CPK,Chesapeake Utilities Corporation,Daily,2025-02-13,2025-02-20,123.0,123.6500015258789,1.7703591358131976,25.97598330383364,0.2597598330383364,0.5284565251048018,4.0,1,21.500807,18.182116,6.19,7.31983,3194793472.0,"(15,25]",>0,>0,OK,1,1,1,1,1,ledger
CPK,NASDAQ:CPK,Chesapeake Utilities Corporation,Daily,2025-10-24,2025-10-29,131.8699951171875,128.52000427246094,3.027789110059711,-116.31954562553314,-1.1631954562553313,-2.540373829353343,3.0,0,21.500807,18.182116,6.19,7.31983,3194793472.0,"(15,25]",>0,>0,OK,1,1,1,1,1,ledger
CPK,NASDAQ:CPK,Chesapeake Utilities Corporation,Weekly,2024-06-28,2024-08-09,106.19999694824219,113.9000015258789,1.590870272831305,151.41782912299342,1.5141782912299342,7.250475328534526,6.0,1,21.500807,18.182116,6.19,7.31983,3194793472.0,"(15,25]",>0,>0,OK,1,1,1,1,1,ledger
CPRT,NASDAQ:CPRT,"Copart, Inc.",Weekly,2020-12-11,2021-01-08,29.2450008392334,30.545000076293945,2.0863862993761018,77.60514867279494,0.7760514867279494,4.44520157208046,4.0,1,18.26087,17.469532,1.61,1.68293,28321267712.0,"(15,25]",>0,>0,OK,1,1,1,1,1,ledger
CPRT,NASDAQ:CPRT,"Copart, Inc.",Weekly,2024-06-21,2024-07-19,54.2400016784668,51.709999084472656,1.7290822545297593,-100.7968303084279,-1.007968303084279,-4.66445891538117,4.0,0,18.26087,17.469532,1.61,1.68293,28321267712.0,"(15,25]",>0,>0,OK,1,1,1,1,1,ledger
CPRT,NASDAQ:CPRT,"Copart, Inc.",Weekly,2025-01-24,2025-02-21,57.70000076293945,56.59000015258789,2.589144088997711,-43.02324893691264,-0.4302324893691264,-1.923744533231467,4.0,0,18.26087,17.469532,1.61,1.68293,28321267712.0,"(15,25]",>0,>0,OK,1,1,1,1,1,ledger
CPSS,NASDAQ:CPSS,"Consumer Portfolio Services, Inc.",Daily,2024-07-25,2024-07-26,10.489999771118164,10.0,2.4731837708894826,-78.18447306735203,-0.7818447306735203,-4.671113267964669,1.0,0,11.493828,6.4206896,0.81,1.45,202013632.0,"(0,15]",>0,>0,OK,1,1,1,1,1,ledger
CPSS,NASDAQ:CPSS,"Consumer Portfolio Services, Inc.",Daily,2025-05-22,2025-06-13,8.989999771118164,9.949999809265137,2.346178598411009,220.81671893680968,2.2081671893680968,10.678532398088917,15.0,1,11.493828,6.4206896,0.81,1.45,202013632.0,"(0,15]",>0,>0,OK,1,1,1,1,1,ledger
CPSS,NASDAQ:CPSS,"Consumer Portfolio Services, Inc.",Daily,2025-10-07,2025-10-14,7.860000133514404,7.449999809265137,1.9285706378974885,-73.21435109693844,-0.7321435109693845,-5.216289023979267,5.0,0,11.493828,6.4206896,0.81,1.45,202013632.0,"(0,15]",>0,>0,OK,1,1,1,1,1,ledger
CPSS,NASDAQ:CPSS,"Consumer Portfolio Services, Inc.",Daily,2026-03-30,2026-04-21,7.78000020980835,8.5600004196167,1.7892732305800443,244.84790788554523,2.4484790788554527,10.025709367269592,15.0,1,11.493828,6.4206896,0.81,1.45,202013632.0,"(0,15]",>0,>0,OK,1,1,1,1,1,ledger
CPSS,NASDAQ:CPSS,"Consumer Portfolio Services, Inc.",Weekly,2017-02-24,2017-03-17,5.090000152587891,5.039999961853027,2.318506713634095,-12.075601384925983,-0.12075601384925984,-0.982321988918642,3.0,0,11.493828,6.4206896,0.81,1.45,202013632.0,"(0,15]",>0,>0,OK,1,1,1,1,1,ledger
CPSS,NASDAQ:CPSS,"Consumer Portfolio Services, Inc.",Weekly,2019-06-07,2019-07-12,3.5199999809265137,3.5999999046325684,3.2815928397350005,23.232491170412324,0.23232491170412323,2.272725117600642,5.0,1,11.493828,6.4206896,0.81,1.45,202013632.0,"(0,15]",>0,>0,OK,1,1,1,1,1,ledger
CPSS,NASDAQ:CPSS,"Consumer Portfolio Services, Inc.",Weekly,2024-09-13,2024-10-04,9.579999923706055,9.390000343322754,1.5974026617422392,-12.33763539543735,-0.12337635395437349,-1.9832941742842816,3.0,0,11.493828,6.4206896,0.81,1.45,202013632.0,"(0,15]",>0,>0,OK,1,1,1,1,1,ledger
CPSS,NASDAQ:CPSS,"Consumer Portfolio Services, Inc.",Monthly,2017-09-30,2018-02-28,4.559999942779541,3.7899999618530273,1.6555560942050236,-85.55556703497045,-0.8555556703497045,-16.885964705893425,5.0,0,11.493828,6.4206896,0.81,1.45,202013632.0,"(0,15]",>0,>0,OK,1,1,1,1,1,ledger
CPSS,NASDAQ:CPSS,"Consumer Portfolio Services, Inc.",Monthly,2020-02-29,2020-03-31,3.6700000762939453,1.3600000143051147,1.6065570566802918,-378.6884518664262,-3.7868845186642623,-62.94277967213353,1.0,0,11.493828,6.4206896,0.81,1.45,202013632.0,"(0,15]",>0,>0,OK,1,1,1,1,1,ledger
CPSS,NASDAQ:CPSS,"Consumer Portfolio Services, Inc.",Monthly,2022-11-30,2023-08-31,8.619999885559082,9.270000457763672,1.7211056152367443,16.331672590190212,0.16331672590190213,7.540609986474863,9.0,1,11.493828,6.4206896,0.81,1.45,202013632.0,"(0,15]",>0,>0,OK,1,1,1,1,1,ledger
CRAI,NASDAQ:CRAI,"CRA International, Inc.",Daily,2024-11-19,2024-12-03,190.57000732421875,191.63999938964844,2.7643847418907685,16.607917715242888,0.16607917715242887,0.561469289135986,9.0,1,25.048477,18.773363,7.22,9.63333,1168991104.0,"(25,40]",>0,>0,OK,1,1,0,1,1,ledger
CRAI,NASDAQ:CRAI,"CRA International, Inc.",Daily,2024-12-24,2025-01-02,188.72999572753906,183.16000366210938,3.195263246628053,-81.00860237506971,-0.8100860237506972,-2.9513019612795586,5.0,0,25.048477,18.773363,7.22,9.63333,1168991104.0,"(25,40]",>0,>0,OK,1,1,0,1,1,ledger
CRAI,NASDAQ:CRAI,"CRA International, Inc.",Daily,2025-07-24,2025-07-29,179.38999938964844,174.63999938964844,4.071080292258694,-76.73664178589388,-0.7673664178589389,-2.647862208685695,3.0,0,25.048477,18.773363,7.22,9.63333,1168991104.0,"(25,40]",>0,>0,OK,1,1,0,1,1,ledger
CRAI,NASDAQ:CRAI,"CRA International, Inc.",Weekly,2017-06-02,2017-12-08,35.400001525878906,44.349998474121094,1.7358474812935991,337.7355394266729,3.377355394266729,25.282476165147504,27.0,1,25.048477,18.773363,7.22,9.63333,1168991104.0,"(25,40]",>0,>0,OK,1,1,0,1,1,ledger
CRAI,NASDAQ:CRAI,"CRA International, Inc.",Weekly,2020-10-16,2021-01-29,40.04999923706055,53.209999084472656,1.9938397850314842,334.6802392359312,3.3468023923593124,32.85892658703077,15.0,1,25.048477,18.773363,7.22,9.63333,1168991104.0,"(25,40]",>0,>0,OK,1,1,0,1,1,ledger
CRAI,NASDAQ:CRAI,"CRA International, Inc.",Weekly,2022-10-07,2022-12-09,90.31999969482422,114.19999694824219,1.6361537937905726,276.70921035299443,2.767092103529944,26.439323886298034,9.0,1,25.048477,18.773363,7.22,9.63333,1168991104.0,"(25,40]",>0,>0,OK,1,1,0,1,1,ledger
CRAI,NASDAQ:CRAI,"CRA International, Inc.",Weekly,2025-01-24,2025-03-07,188.4600067138672,186.05999755859375,1.774008810249508,-19.144061401401995,-0.19144061401401993,-1.2734845960805332,6.0,0,25.048477,18.773363,7.22,9.63333,1168991104.0,"(25,40]",>0,>0,OK,1,1,0,1,1,ledger
CRAI,NASDAQ:CRAI,"CRA International, Inc.",Monthly,2022-06-30,2022-09-30,89.31999969482422,88.73999786376953,2.4968091469266827,-5.287162867038516,-0.052871628670385154,-0.6493527015633169,3.0,0,25.048477,18.773363,7.22,9.63333,1168991104.0,"(25,40]",>0,>0,OK,1,1,0,1,1,ledger
CRCT,NASDAQ:CRCT,"Cricut, Inc.",Daily,2024-08-06,2024-08-12,5.849999904632568,5.630000114440918,1.9571432269350397,-62.85710003910066,-0.6285710003910066,-3.7606802355233255,4.0,0,14.114286,26.0,0.35,0.19,1036899264.0,"(0,15]",>0,>0,OK,1,1,1,0,1,ledger
CRCT,NASDAQ:CRCT,"Cricut, Inc.",Daily,2024-08-22,2024-08-28,5.789999961853027,5.730000019073486,2.7805595109684886,-19.399230889819805,-0.19399230889819805,-1.0362684486156488,4.0,0,14.114286,26.0,0.35,0.19,1036899264.0,"(0,15]",>0,>0,OK,1,1,1,0,1,ledger
CRCT,NASDAQ:CRCT,"Cricut, Inc.",Daily,2024-10-04,2024-10-09,6.46999979019165,6.409999847412109,1.7460346774608615,-19.0476262560513,-0.19047626256051298,-0.9273561781331022,3.0,0,14.114286,26.0,0.35,0.19,1036899264.0,"(0,15]",>0,>0,OK,1,1,1,0,1,ledger
CRCT,NASDAQ:CRCT,"Cricut, Inc.",Daily,2025-05-30,2025-06-09,6.059999942779541,6.369999885559082,1.5757578822645435,93.9393983180649,0.939393983180649,5.115510655225408,6.0,1,14.114286,26.0,0.35,0.19,1036899264.0,"(0,15]",>0,>0,OK,1,1,1,0,1,ledger
CRCT,NASDAQ:CRCT,"Cricut, Inc.",Daily,2025-09-29,2025-10-03,6.320000171661377,5.96999979019165,2.467862931931427,-141.59892684136597,-1.4159892684136597,-5.537980569037229,4.0,0,14.114286,26.0,0.35,0.19,1036899264.0,"(0,15]",>0,>0,OK,1,1,1,0,1,ledger
CRCT,NASDAQ:CRCT,"Cricut, Inc.",Weekly,2023-09-01,2023-09-22,9.6899995803833,8.970000267028809,5.013690057055771,-44.02260344413234,-0.44022603444132347,-7.430333792914485,3.0,0,14.114286,26.0,0.35,0.19,1036899264.0,"(0,15]",>0,>0,OK,1,1,1,0,1,ledger
CRCT,NASDAQ:CRCT,"Cricut, Inc.",Monthly,2022-09-30,2022-11-30,9.260000228881836,8.220000267028809,7.356538236348418,-20.080838342704393,-0.2008083834270439,-11.231100822322652,2.0,0,14.114286,26.0,0.35,0.19,1036899264.0,"(0,15]",>0,>0,OK,1,1,1,0,1,ledger
CRD-A,NASDAQ:CRD.A,Crawford & Company,Daily,2024-09-12,2024-09-24,10.1899995803833,10.65999984741211,1.891306015403912,102.17396262011631,1.021739626201163,4.612367874220554,8.0,1,31.275,12.765306,0.4,0.98,608055040.0,"(25,40]",>0,>0,OK,1,1,0,1,1,ledger
CRD-A,NASDAQ:CRD.A,Crawford & Company,Daily,2024-09-26,2024-10-03,10.800000190734863,10.84000015258789,1.8393952877498834,10.510823055776795,0.10510823055776797,0.37037001061669084,5.0,1,31.275,12.765306,0.4,0.98,608055040.0,"(25,40]",>0,>0,OK,1,1,0,1,1,ledger
CRD-A,NASDAQ:CRD.A,Crawford & Company,Daily,2024-11-20,2024-12-05,11.699999809265137,11.470000267028809,2.281781819211543,-50.4623839568945,-0.504623839568945,-1.965808085348799,10.0,0,31.275,12.765306,0.4,0.98,608055040.0,"(25,40]",>0,>0,OK,1,1,0,1,1,ledger
CRD-A,NASDAQ:CRD.A,Crawford & Company,Daily,2025-12-04,2025-12-08,11.039999961853027,10.630000114440918,1.9750017881410487,-102.50005960470162,-1.025000596047016,-3.7137667466376714,2.0,0,31.275,12.765306,0.4,0.98,608055040.0,"(25,40]",>0,>0,OK,1,1,0,1,1,ledger
CRD-A,NASDAQ:CRD.A,Crawford & Company,Weekly,2026-04-03,2026-05-08,10.199999809265137,9.989999771118164,1.844661227943961,-20.38835850386053,-0.2038835850386053,-2.0588239419006635,5.0,0,31.275,12.765306,0.4,0.98,608055040.0,"(25,40]",>0,>0,OK,1,1,0,1,1,ledger
CRD-B,NASDAQ:CRD.B,Crawford & Company,Daily,2024-09-12,2024-09-24,10.130000114440918,10.8100004196167,3.088890961070998,151.11124297724533,1.5111124297724532,6.712737388881173,8.0,1,31.61111,10.537037,0.36,1.08,553130816.0,"(25,40]",>0,>0,OK,1,1,0,1,1,ledger
CRD-B,NASDAQ:CRD.B,Crawford & Company,Daily,2024-09-26,2024-10-15,11.050000190734863,11.449999809265137,1.842339064361858,88.78734827560663,0.8878734827560663,3.61990598756426,13.0,1,31.61111,10.537037,0.36,1.08,553130816.0,"(25,40]",>0,>0,OK,1,1,0,1,1,ledger
CRD-B,NASDAQ:CRD.B,Crawford & Company,Daily,2024-11-15,2024-11-18,11.65999984741211,11.460000038146973,1.8666677969478171,-44.44442089692048,-0.4444442089692048,-1.7152642528509627,1.0,0,31.61111,10.537037,0.36,1.08,553130816.0,"(25,40]",>0,>0,OK,1,1,0,1,1,ledger
CRD-B,NASDAQ:CRD.B,Crawford & Company,Weekly,2020-01-24,2020-01-31,9.600000381469727,7.989999771118164,2.12499765839071,-287.4998935632141,-2.874998935632141,-16.77083902474884,1.0,0,31.61111,10.537037,0.36,1.08,553130816.0,"(25,40]",>0,>0,OK,1,1,0,1,1,ledger
CRD-B,NASDAQ:CRD.B,Crawford & Company,Weekly,2023-11-03,2024-03-01,8.4399995803833,11.3100004196167,2.775312919857544,479.82810634268776,4.798281063426877,34.004750970651806,17.0,1,31.61111,10.537037,0.36,1.08,553130816.0,"(25,40]",>0,>0,OK,1,1,0,1,1,ledger
CRD-B,NASDAQ:CRD.B,Crawford & Company,Monthly,2017-08-31,2017-11-30,9.920000076293945,10.020000457763672,2.6176472403186617,5.882376040556968,0.058823760405569685,1.0080683538370105,3.0,1,31.61111,10.537037,0.36,1.08,553130816.0,"(25,40]",>0,>0,OK,1,1,0,1,1,ledger
CRDO,NASDAQ:CRDO,Credo Technology Group Holding Ltd,Daily,2024-09-12,2024-10-01,27.770000457763672,29.959999084472656,2.4485090893677994,59.34954768965323,0.5934954768965323,7.886203063049376,13.0,1,86.832115,26.214567,2.74,9.07587,44366823424.0,>40,>0,>0,OK,1,1,0,1,1,ledger
CRDO,NASDAQ:CRDO,Credo Technology Group Holding Ltd,Daily,2025-10-02,2025-10-03,149.6300048828125,143.8699951171875,2.327599372330041,-49.52714830014799,-0.49527148300147994,-3.8495018229372744,1.0,0,86.832115,26.214567,2.74,9.07587,44366823424.0,>40,>0,>0,OK,1,1,0,1,1,ledger
CRDO,NASDAQ:CRDO,Credo Technology Group Holding Ltd,Daily,2025-12-19,2025-12-23,150.1300048828125,147.80999755859375,3.665512961178396,-13.356395730352673,-0.13356395730352674,-1.5453322112589591,2.0,0,86.832115,26.214567,2.74,9.07587,44366823424.0,>40,>0,>0,OK,1,1,0,1,1,ledger
CRDO,NASDAQ:CRDO,Credo Technology Group Holding Ltd,Weekly,2023-08-25,2023-09-15,15.649999618530273,14.960000038146973,1.6132076702409963,-32.54715177502642,-0.32547151775026417,-4.408943113112358,3.0,0,86.832115,26.214567,2.74,9.07587,44366823424.0,>40,>0,>0,OK,1,1,0,1,1,ledger
CRDO,NASDAQ:CRDO,Credo Technology Group Holding Ltd,Monthly,2022-06-30,2022-09-30,11.680000305175781,11.0,2.05863138755856,-22.149842395256602,-0.22149842395256605,-5.821920268910022,3.0,0,86.832115,26.214567,2.74,9.07587,44366823424.0,>40,>0,>0,OK,1,1,0,1,1,ledger
CRI,NASDAQ:CRI,"Carter's, Inc.",Daily,2024-09-03,2024-09-16,66.61000061035156,70.08000183105469,1.7224238483015695,192.80050961538478,1.9280050961538477,5.209429798689819,9.0,1,7.4253726,10.904587,5.36,3.64984,1461105152.0,"(0,15]",>0,>0,OK,1,1,1,0,1,ledger
CRI,NASDAQ:CRI,"Carter's, Inc.",Daily,2025-10-01,2025-10-07,29.030000686645508,28.969999313354492,2.956203403988723,-4.3796596011277025,-0.04379659601127702,-0.20668746769481713,4.0,0,7.4253726,10.904587,5.36,3.64984,1461105152.0,"(0,15]",>0,>0,OK,1,1,1,0,1,ledger
CRI,NASDAQ:CRI,"Carter's, Inc.",Daily,2026-01-30,2026-02-06,34.61000061035156,36.790000915527344,2.02109834358366,91.98317669460357,0.9198317669460357,6.298758355189863,5.0,1,7.4253726,10.904587,5.36,3.64984,1461105152.0,"(0,15]",>0,>0,OK,1,1,1,0,1,ledger
CRI,NASDAQ:CRI,"Carter's, Inc.",Weekly,2017-06-02,2017-07-14,84.33000183105469,85.88999938964844,2.4775443053345256,33.6962742484589,0.33696274248458896,1.8498725539209913,6.0,1,7.4253726,10.904587,5.36,3.64984,1461105152.0,"(0,15]",>0,>0,OK,1,1,1,0,1,ledger
CRI,NASDAQ:CRI,"Carter's, Inc.",Weekly,2018-04-13,2018-04-20,106.26000213623047,103.38999938964844,3.661835944650639,-46.21583204026748,-0.46215832040267485,-2.700924796615898,1.0,0,7.4253726,10.904587,5.36,3.64984,1461105152.0,"(0,15]",>0,>0,OK,1,1,1,0,1,ledger
CRI,NASDAQ:CRI,"Carter's, Inc.",Weekly,2021-03-12,2021-07-16,88.23999786376953,97.73999786376953,2.1647561242674374,119.77388605500117,1.1977388605500117,10.76609273570779,18.0,1,7.4253726,10.904587,5.36,3.64984,1461105152.0,"(0,15]",>0,>0,OK,1,1,1,0,1,ledger
CRI,NASDAQ:CRI,"Carter's, Inc.",Weekly,2021-08-06,2021-09-17,102.25,96.44999694824219,1.6520273317988623,-65.31536988398676,-0.6531536988398677,-5.672374622746027,6.0,0,7.4253726,10.904587,5.36,3.64984,1461105152.0,"(0,15]",>0,>0,OK,1,1,1,0,1,ledger
CRI,NASDAQ:CRI,"Carter's, Inc.",Weekly,2026-04-03,2026-05-01,35.90999984741211,33.709999084472656,2.0213270538464494,-52.13272798356606,-0.5213272798356606,-6.126429329678759,4.0,0,7.4253726,10.904587,5.36,3.64984,1461105152.0,"(0,15]",>0,>0,OK,1,1,1,0,1,ledger
CRI,NASDAQ:CRI,"Carter's, Inc.",Monthly,2018-05-31,2018-07-31,109.01000213623047,104.83000183105469,1.7912441500035483,-37.45573733766903,-0.37455737337669026,-3.8345108001667674,2.0,0,7.4253726,10.904587,5.36,3.64984,1461105152.0,"(0,15]",>0,>0,OK,1,1,1,0,1,ledger
CRMD,NASDAQ:CRMD,CorMedix Inc. - Common Stock,Daily,2024-11-07,2024-11-13,10.630000114440918,11.350000381469727,2.6178853404809774,58.53658347476912,0.5853658347476912,6.773285599975526,4.0,1,3.4814813,21.485714,2.16,0.35,589958208.0,"(0,15]",>0,>0,OK,1,1,0,0,1,ledger
CRMD,NASDAQ:CRMD,CorMedix Inc. - Common Stock,Daily,2025-02-04,2025-02-07,10.479999542236328,10.15999984741211,3.641924284321111,-44.65189222307069,-0.4465189222307069,-3.0534323358943007,3.0,0,3.4814813,21.485714,2.16,0.35,589958208.0,"(0,15]",>0,>0,OK,1,1,0,0,1,ledger
CRMD,NASDAQ:CRMD,CorMedix Inc. - Common Stock,Weekly,2017-12-15,2017-12-29,2.8499999046325684,2.5,1.6120389107863506,-53.734605957008085,-0.5373460595700809,-12.28069881910019,2.0,0,3.4814813,21.485714,2.16,0.35,589958208.0,"(0,15]",>0,>0,OK,1,1,0,0,1,ledger
CRMD,NASDAQ:CRMD,CorMedix Inc. - Common Stock,Weekly,2018-11-23,2018-12-21,6.699999809265137,5.699999809265137,2.1200000762939455,-40.0,-0.4,-14.925373559222251,4.0,0,3.4814813,21.485714,2.16,0.35,589958208.0,"(0,15]",>0,>0,OK,1,1,0,0,1,ledger
CRMD,NASDAQ:CRMD,CorMedix Inc. - Common Stock,Weekly,2019-06-14,2019-08-09,7.150000095367432,8.199999809265137,4.126927641697103,66.15684018831644,0.6615684018831643,14.685310488009812,8.0,1,3.4814813,21.485714,2.16,0.35,589958208.0,"(0,15]",>0,>0,OK,1,1,0,0,1,ledger
CRMD,NASDAQ:CRMD,CorMedix Inc. - Common Stock,Weekly,2020-08-21,2020-09-04,5.050000190734863,4.0,1.6521734443189005,-91.30435684002116,-0.9130435684002115,-20.792082199546808,2.0,0,3.4814813,21.485714,2.16,0.35,589958208.0,"(0,15]",>0,>0,OK,1,1,0,0,1,ledger
CRMD,NASDAQ:CRMD,CorMedix Inc. - Common Stock,Weekly,2022-11-11,2022-12-09,3.7100000381469727,3.7799999713897705,4.319999694824219,6.999993324279785,0.06999993324279785,1.886790634044322,4.0,1,3.4814813,21.485714,2.16,0.35,589958208.0,"(0,15]",>0,>0,OK,1,1,0,0,1,ledger
CRMD,NASDAQ:CRMD,CorMedix Inc. - Common Stock,Weekly,2024-07-12,2024-07-26,4.78000020980835,4.539999961853027,2.8831166820555025,-31.168864142897572,-0.31168864142897573,-5.020925469058607,2.0,0,3.4814813,21.485714,2.16,0.35,589958208.0,"(0,15]",>0,>0,OK,1,1,0,0,1,ledger
CRMD,NASDAQ:CRMD,CorMedix Inc. - Common Stock,Monthly,2017-08-31,2017-12-31,2.5,2.5,4.3845698184835395,0.0,0.0,0.0,4.0,0,3.4814813,21.485714,2.16,0.35,589958208.0,"(0,15]",>0,>0,OK,1,1,0,0,1,ledger
CRMD,NASDAQ:CRMD,CorMedix Inc. - Common Stock,Monthly,2022-03-31,2022-04-30,5.480000019073486,3.440000057220459,5.676809088797145,-86.94212465834654,-0.8694212465834655,-37.22627654658173,1.0,0,3.4814813,21.485714,2.16,0.35,589958208.0,"(0,15]",>0,>0,OK,1,1,0,0,1,ledger
CRMD,NASDAQ:CRMD,CorMedix Inc. - Common Stock,Monthly,2022-11-30,2023-06-30,4.159999847412109,3.9700000286102295,1.810334365534187,-8.887938284076224,-0.08887938284076224,-4.5673035041113454,7.0,0,3.4814813,21.485714,2.16,0.35,589958208.0,"(0,15]",>0,>0,OK,1,1,0,0,1,ledger
CRNX,NASDAQ:CRNX,"Crinetics Pharmaceuticals, Inc.",Daily,2025-10-07,2025-10-14,42.5,44.04999923706055,2.263717265516453,71.46151005117923,0.7146151005117923,3.6470570283777572,5.0,1,,-20.608625,-5.15,-4.06917,8897143808.0,missing,<=0,<=0,OK,0,0,0,0,0,ledger
CRNX,NASDAQ:CRNX,"Crinetics Pharmaceuticals, Inc.",Weekly,2023-07-14,2023-08-11,20.3700008392334,16.514999389648438,1.536495075006091,-140.69339737565696,-1.4069339737565696,-18.924895880024124,4.0,0,,-20.608625,-5.15,-4.06917,8897143808.0,missing,<=0,<=0,OK,0,0,0,0,0,ledger
CRNX,NASDAQ:CRNX,"Crinetics Pharmaceuticals, Inc.",Monthly,2023-01-31,2023-06-30,19.610000610351562,18.020000457763672,1.8317579807268787,-31.183034489060912,-0.31183034489060907,-8.108108633859883,5.0,0,,-20.608625,-5.15,-4.06917,8897143808.0,missing,<=0,<=0,OK,0,0,0,0,0,ledger
CROX,NASDAQ:CROX,"Crocs, Inc.",Daily,2025-05-27,2025-05-28,109.94999694824219,106.87999725341797,3.0345288382299587,-72.27310355641025,-0.7227310355641025,-2.7921780627873862,1.0,0,11.975403,9.460981,11.79,14.9234,6769365504.0,"(0,15]",>0,>0,OK,1,1,1,1,1,ledger
CROX,NASDAQ:CROX,"Crocs, Inc.",Daily,2025-10-08,2025-10-10,81.0999984741211,76.69999694824219,1.91449144969021,-140.39608833198403,-1.4039608833198405,-5.425402723383455,2.0,0,11.975403,9.460981,11.79,14.9234,6769365504.0,"(0,15]",>0,>0,OK,1,1,1,1,1,ledger
CROX,NASDAQ:CROX,"Crocs, Inc.",Weekly,2019-03-29,2019-05-10,25.75,23.229999542236328,2.8978775798319214,-119.129752487703,-1.1912975248770301,-9.786409544713289,6.0,0,11.975403,9.460981,11.79,14.9234,6769365504.0,"(0,15]",>0,>0,OK,1,1,1,1,1,ledger
CROX,NASDAQ:CROX,"Crocs, Inc.",Monthly,2022-07-31,2023-05-31,71.63999938964844,112.27999877929688,4.391236941078144,158.99844785385946,1.5899844785385948,56.728084500124496,10.0,1,11.975403,9.460981,11.79,14.9234,6769365504.0,"(0,15]",>0,>0,OK,1,1,1,1,1,ledger
CRSP,NASDAQ:CRSP,CRISPR Therapeutics AG,Daily,2024-07-22,2024-07-24,56.2400016784668,55.38999938964844,3.1073168940487,-35.50036235952469,-0.35500362359524695,-1.5113838254805898,2.0,0,,-14.935832,-6.61,-3.5532,5131479040.0,missing,<=0,<=0,OK,0,0,0,0,0,ledger
CRSP,NASDAQ:CRSP,CRISPR Therapeutics AG,Daily,2025-03-07,2025-03-11,45.529998779296875,42.369998931884766,2.06586941243744,-63.073870380959704,-0.6307387038095971,-6.9404786561272775,2.0,0,,-14.935832,-6.61,-3.5532,5131479040.0,missing,<=0,<=0,OK,0,0,0,0,0,ledger
CRSP,NASDAQ:CRSP,CRISPR Therapeutics AG,Daily,2025-06-16,2025-06-26,41.58000183105469,46.70000076293945,1.7092505841086383,245.893953849232,2.45893953849232,12.313609202539315,7.0,1,,-14.935832,-6.61,-3.5532,5131479040.0,missing,<=0,<=0,OK,0,0,0,0,0,ledger
CRSP,NASDAQ:CRSP,CRISPR Therapeutics AG,Daily,2025-08-04,2025-08-05,59.59000015258789,55.59000015258789,1.9592526819461824,-67.91172180815374,-0.6791172180815374,-6.7125356431573815,1.0,0,,-14.935832,-6.61,-3.5532,5131479040.0,missing,<=0,<=0,OK,0,0,0,0,0,ledger
CRSP,NASDAQ:CRSP,CRISPR Therapeutics AG,Daily,2026-01-02,2026-01-09,53.77000045776367,53.84000015258789,2.29983043397222,2.683123808758433,0.02683123808758433,0.13018354887164915,5.0,1,,-14.935832,-6.61,-3.5532,5131479040.0,missing,<=0,<=0,OK,0,0,0,0,0,ledger
CRSP,NASDAQ:CRSP,CRISPR Therapeutics AG,Daily,2026-01-13,2026-01-15,56.18000030517578,54.209999084472656,1.6192160190056,-70.10677074495163,-0.7010677074495164,-3.5065881274508137,2.0,0,,-14.935832,-6.61,-3.5532,5131479040.0,missing,<=0,<=0,OK,0,0,0,0,0,ledger
CRSP,NASDAQ:CRSP,CRISPR Therapeutics AG,Daily,2026-03-17,2026-03-18,50.09000015258789,47.689998626708984,3.6112573956377525,-74.26756315125782,-0.7426756315125782,-4.7913785557353625,1.0,0,,-14.935832,-6.61,-3.5532,5131479040.0,missing,<=0,<=0,OK,0,0,0,0,0,ledger
CRSP,NASDAQ:CRSP,CRISPR Therapeutics AG,Weekly,2020-02-14,2020-03-06,55.79999923706055,50.86000061035156,2.9065859211272866,-78.89302119161802,-0.7889302119161803,-8.853044254932529,3.0,0,,-14.935832,-6.61,-3.5532,5131479040.0,missing,<=0,<=0,OK,0,0,0,0,0,ledger
CRSP,NASDAQ:CRSP,CRISPR Therapeutics AG,Weekly,2021-05-21,2021-06-04,115.56999969482422,113.29000091552734,5.113880837503212,-11.143689547020527,-0.11143689547020527,-1.9728292682508193,2.0,0,,-14.935832,-6.61,-3.5532,5131479040.0,missing,<=0,<=0,OK,0,0,0,0,0,ledger
CRSP,NASDAQ:CRSP,CRISPR Therapeutics AG,Weekly,2025-09-12,2025-10-31,56.2599983215332,63.9900016784668,2.269184463581655,117.9610274441658,1.179610274441658,13.73978597147412,7.0,1,,-14.935832,-6.61,-3.5532,5131479040.0,missing,<=0,<=0,OK,0,0,0,0,0,ledger
CRSR,NASDAQ:CRSR,"Corsair Gaming, Inc. - Common Stock",Daily,2026-02-20,2026-02-23,5.619999885559082,5.400000095367432,3.9405516840399075,-42.08352270915141,-0.4208352270915141,-3.91458709379964,1.0,0,126.33333,14.790243,0.09,0.76875,1215250688.0,>40,>0,>0,OK,1,1,0,1,1,ledger
CRSR,NASDAQ:CRSR,"Corsair Gaming, Inc. - Common Stock",Daily,2026-05-20,2026-06-03,6.880000114440918,10.475000381469727,3.94718671923686,1020.8729355956837,10.208729355956837,52.25290998880957,9.0,1,126.33333,14.790243,0.09,0.76875,1215250688.0,>40,>0,>0,OK,1,1,0,1,1,ledger
CRSR,NASDAQ:CRSR,"Corsair Gaming, Inc. - Common Stock",Daily,2026-06-11,2026-06-12,8.949999809265137,8.430000305175781,4.6111137013387475,-57.77774716599662,-0.5777774716599662,-5.810050448839634,1.0,0,126.33333,14.790243,0.09,0.76875,1215250688.0,>40,>0,>0,OK,1,1,0,1,1,ledger
CRSR,NASDAQ:CRSR,"Corsair Gaming, Inc. - Common Stock",Weekly,2023-01-06,2023-03-10,14.329999923706055,16.31999969482422,2.2622607673956225,105.18452539911385,1.0518452539911385,13.886948930307504,9.0,1,126.33333,14.790243,0.09,0.76875,1215250688.0,>40,>0,>0,OK,1,1,0,1,1,ledger
CRSR,NASDAQ:CRSR,"Corsair Gaming, Inc. - Common Stock",Monthly,2022-02-28,2022-04-30,23.079999923706055,15.130000114440918,3.903129440536329,-109.68497488752169,-1.096849748875217,-34.44540656648569,2.0,0,126.33333,14.790243,0.09,0.76875,1215250688.0,>40,>0,>0,OK,1,1,0,1,1,ledger
CRSR,NASDAQ:CRSR,"Corsair Gaming, Inc. - Common Stock",Monthly,2023-12-31,2024-03-31,14.100000381469727,12.34000015258789,1.6666900223173344,-44.31080504598248,-0.44310805045982476,-12.482270789118806,3.0,0,126.33333,14.790243,0.09,0.76875,1215250688.0,>40,>0,>0,OK,1,1,0,1,1,ledger
CRT,NASDAQ:CRT,Cross Timbers Royalty Trust Common Stock,Daily,2025-02-25,2025-03-12,10.760000228881836,10.5600004196167,1.7267662896346518,-57.55887632115507,-0.5755887632115506,-1.8587342473125619,11.0,0,18.675924,,0.54,,60510000.0,"(15,25]",>0,missing,OK,1,1,1,0,1,ledger
CRT,NASDAQ:CRT,Cross Timbers Royalty Trust Common Stock,Weekly,2021-04-09,2021-05-21,8.970000267028809,9.869999885559082,2.289152562886565,127.965023148357,1.27965023148357,10.033440264638767,6.0,1,18.675924,,0.54,,60510000.0,"(15,25]",>0,missing,OK,1,1,1,0,1,ledger
CRT,NASDAQ:CRT,Cross Timbers Royalty Trust Common Stock,Weekly,2022-04-15,2022-06-17,13.75,17.440000534057617,2.5472983944759044,249.3244375252917,2.493244375252917,26.836367520419035,9.0,1,18.675924,,0.54,,60510000.0,"(15,25]",>0,missing,OK,1,1,1,0,1,ledger
CRT,NASDAQ:CRT,Cross Timbers Royalty Trust Common Stock,Weekly,2022-07-15,2022-09-23,15.930000305175781,17.649999618530273,1.8571424080027583,63.00362640706236,0.6300362640706236,10.797233398643758,10.0,1,18.675924,,0.54,,60510000.0,"(15,25]",>0,missing,OK,1,1,1,0,1,ledger
CRTO,NASDAQ:CRTO,Criteo S.A. - Ordinary Shares,Daily,2024-09-12,2024-09-13,44.369998931884766,43.5,3.848430198999439,-60.218153517843454,-0.6021815351784345,-1.9607819536357367,1.0,0,10.516431,4.364413,2.13,5.13242,1125477376.0,"(0,15]",>0,>0,OK,1,1,1,1,1,ledger
CRTO,NASDAQ:CRTO,Criteo S.A. - Ordinary Shares,Daily,2025-02-18,2025-02-20,44.52000045776367,43.86000061035156,1.728155214123017,-41.55127946962399,-0.4155127946962399,-1.4824794263833267,2.0,0,10.516431,4.364413,2.13,5.13242,1125477376.0,"(0,15]",>0,>0,OK,1,1,1,1,1,ledger
CRTO,NASDAQ:CRTO,Criteo S.A. - Ordinary Shares,Daily,2026-03-24,2026-03-27,17.6299991607666,17.18000030517578,2.4160403540276536,-48.75402186738635,-0.4875402186738635,-2.5524610153824483,3.0,0,10.516431,4.364413,2.13,5.13242,1125477376.0,"(0,15]",>0,>0,OK,1,1,1,1,1,ledger
CRTO,NASDAQ:CRTO,Criteo S.A. - Ordinary Shares,Weekly,2023-03-31,2023-06-23,31.5049991607666,33.130001068115234,1.754591330508291,54.25717819291549,0.5425717819291549,5.157917634139344,12.0,1,10.516431,4.364413,2.13,5.13242,1125477376.0,"(0,15]",>0,>0,OK,1,1,1,1,1,ledger
CRTO,NASDAQ:CRTO,Criteo S.A. - Ordinary Shares,Monthly,2022-08-31,2022-10-31,27.020000457763672,25.5,3.0386993892056484,-23.529415238296014,-0.23529415238296011,-5.6254642191426365,2.0,0,10.516431,4.364413,2.13,5.13242,1125477376.0,"(0,15]",>0,>0,OK,1,1,1,1,1,ledger
CRUS,NASDAQ:CRUS,"Cirrus Logic, Inc.",Daily,2024-07-29,2024-07-30,130.9600067138672,129.1999969482422,2.2783070673582415,-33.781333926892636,-0.3378133392689263,-1.343929196239599,1.0,0,16.21238,14.140099,8.24,9.4476,6739978752.0,"(15,25]",>0,>0,OK,1,1,1,1,1,ledger
CRUS,NASDAQ:CRUS,"Cirrus Logic, Inc.",Daily,2025-11-11,2025-11-13,120.4000015258789,119.58000183105469,3.7545433895654194,-18.63635023763822,-0.1863635023763822,-0.6810628608239404,2.0,0,16.21238,14.140099,8.24,9.4476,6739978752.0,"(15,25]",>0,>0,OK,1,1,1,1,1,ledger
CRUS,NASDAQ:CRUS,"Cirrus Logic, Inc.",Daily,2026-03-09,2026-03-12,133.9600067138672,132.58999633789062,2.080512753729308,-22.061334860029632,-0.22061334860029633,-1.0227010356179256,3.0,0,16.21238,14.140099,8.24,9.4476,6739978752.0,"(15,25]",>0,>0,OK,1,1,1,1,1,ledger
CRUS,NASDAQ:CRUS,"Cirrus Logic, Inc.",Weekly,2019-06-07,2019-11-22,40.709999084472656,69.56999969482422,2.7118175452019977,831.7009275108038,8.317009275108038,70.89167590121404,24.0,1,16.21238,14.140099,8.24,9.4476,6739978752.0,"(15,25]",>0,>0,OK,1,1,1,1,1,ledger
CRUS,NASDAQ:CRUS,"Cirrus Logic, Inc.",Weekly,2024-10-18,2024-11-01,124.83000183105469,110.30000305175781,2.4985337763884305,-160.42282318961662,-1.6042282318961663,-11.639829020399937,2.0,0,16.21238,14.140099,8.24,9.4476,6739978752.0,"(15,25]",>0,>0,OK,1,1,1,1,1,ledger
CRUS,NASDAQ:CRUS,"Cirrus Logic, Inc.",Weekly,2026-07-10,2026-07-17,150.36000061035156,137.97999572753906,2.023549451621177,-98.5505660747344,-0.985505660747344,-8.233575972704669,1.0,0,16.21238,14.140099,8.24,9.4476,6739978752.0,"(15,25]",>0,>0,OK,1,1,1,1,1,ledger
CRUS,NASDAQ:CRUS,"Cirrus Logic, Inc.",Monthly,2023-08-31,2023-09-30,82.04000091552734,73.95999908447266,2.3205865445858955,-64.41203413340794,-0.6441203413340794,-9.848856339451139,1.0,0,16.21238,14.140099,8.24,9.4476,6739978752.0,"(15,25]",>0,>0,OK,1,1,1,1,1,ledger
CRUS,NASDAQ:CRUS,"Cirrus Logic, Inc.",Monthly,2025-06-30,2026-06-30,104.26000213623047,148.52999877929688,1.519521776782113,155.71577969700866,1.5571577969700865,42.461150715517334,12.0,1,16.21238,14.140099,8.24,9.4476,6739978752.0,"(15,25]",>0,>0,OK,1,1,1,1,1,ledger
CRVL,NASDAQ:CRVL,CorVel Corp. - Common Stock,Daily,2024-08-06,2024-08-20,98.45333099365234,103.98999786376953,2.84964005596147,181.35056767851245,1.8135056767851245,5.623646060765742,10.0,1,27.616821,,2.14,,3014635264.0,"(25,40]",>0,missing,OK,1,1,0,0,1,ledger
CRVL,NASDAQ:CRVL,CorVel Corp. - Common Stock,Daily,2024-12-10,2024-12-17,119.27333068847656,116.76333618164062,2.3866873687973134,-75.1640058680879,-0.7516400586808789,-2.1044054797058145,5.0,0,27.616821,,2.14,,3014635264.0,"(25,40]",>0,missing,OK,1,1,0,0,1,ledger
CRVL,NASDAQ:CRVL,CorVel Corp. - Common Stock,Daily,2025-02-13,2025-02-20,119.12999725341797,114.2699966430664,2.235850974817587,-114.62271365464376,-1.1462271365464376,-4.079577539159327,4.0,0,27.616821,,2.14,,3014635264.0,"(25,40]",>0,missing,OK,1,1,0,0,1,ledger
CRVL,NASDAQ:CRVL,CorVel Corp. - Common Stock,Daily,2026-07-13,2026-07-14,63.27000045776367,62.08000183105469,1.5195701843067888,-56.50893754325056,-0.5650893754325056,-1.8808260124849792,1.0,0,27.616821,,2.14,,3014635264.0,"(25,40]",>0,missing,OK,1,1,0,0,1,ledger
CRVL,NASDAQ:CRVL,CorVel Corp. - Common Stock,Weekly,2023-07-14,2023-09-01,67.21333312988281,69.0566635131836,1.5692073854434008,43.001484350249704,0.4300148435024971,2.7425070257098185,7.0,1,27.616821,,2.14,,3014635264.0,"(25,40]",>0,missing,OK,1,1,0,0,1,ledger
CRVL,NASDAQ:CRVL,CorVel Corp. - Common Stock,Weekly,2023-10-06,2023-10-27,67.53666687011719,63.44333267211914,1.9233003775963406,-89.70048927858785,-0.8970048927858786,-6.060906449336807,3.0,0,27.616821,,2.14,,3014635264.0,"(25,40]",>0,missing,OK,1,1,0,0,1,ledger
CRVL,NASDAQ:CRVL,CorVel Corp. - Common Stock,Weekly,2024-06-14,2024-09-06,81.75,101.7300033569336,2.2946204386947837,380.36398316820635,3.8036398316820637,24.44037107881785,12.0,1,27.616821,,2.14,,3014635264.0,"(25,40]",>0,missing,OK,1,1,0,0,1,ledger
CRWD,NASDAQ:CRWD,"CrowdStrike Holdings, Inc.",Daily,2024-10-03,2024-10-14,70.9375,77.62999725341797,1.6613729070782688,241.60669184094482,2.4160669184094483,9.434357361646475,7.0,1,,135.16696,-0.02,1.56266,215076716544.0,missing,<=0,>0,OK,0,0,0,0,0,ledger
CRWD,NASDAQ:CRWD,"CrowdStrike Holdings, Inc.",Daily,2025-02-26,2025-02-27,98.63999938964844,95.05999755859375,2.417029654625619,-56.71290029393564,-0.5671290029393564,-3.629361165051247,1.0,0,,135.16696,-0.02,1.56266,215076716544.0,missing,<=0,>0,OK,0,0,0,0,0,ledger
CRWD,NASDAQ:CRWD,"CrowdStrike Holdings, Inc.",Daily,2025-07-21,2025-07-22,120.3949966430664,117.80750274658203,1.9380550093257602,-57.24548270303572,-0.5724548270303572,-2.149170620566141,1.0,0,,135.16696,-0.02,1.56266,215076716544.0,missing,<=0,>0,OK,0,0,0,0,0,ledger
CRWD,NASDAQ:CRWD,"CrowdStrike Holdings, Inc.",Daily,2026-03-30,2026-04-09,95.01499938964844,98.66999816894531,3.659044056940114,74.3608624278394,0.743608624278394,3.8467597776936624,7.0,1,,135.16696,-0.02,1.56266,215076716544.0,missing,<=0,>0,OK,0,0,0,0,0,ledger
CRWD,NASDAQ:CRWD,"CrowdStrike Holdings, Inc.",Weekly,2019-11-15,2019-12-06,14.9375,12.72249984741211,2.7773749629695947,-58.40860543870405,-0.5840860543870405,-14.82845290435408,3.0,0,,135.16696,-0.02,1.56266,215076716544.0,missing,<=0,>0,OK,0,0,0,0,0,ledger
CRWD,NASDAQ:CRWD,"CrowdStrike Holdings, Inc.",Weekly,2025-03-21,2025-04-04,90.55999755859375,80.40750122070312,1.5970921359648595,-69.4781831880202,-0.6947818318802019,-11.210795728347717,2.0,0,,135.16696,-0.02,1.56266,215076716544.0,missing,<=0,>0,OK,0,0,0,0,0,ledger
CRWS,NASDAQ:CRWS,"Crown Crafts, Inc. - Common Stock",Daily,2025-09-30,2025-10-07,2.9100000858306885,2.880000114440918,2.5999961853081914,-29.999928474528588,-0.29999928474528587,-1.0309268214748768,5.0,0,17.470589,3.9078948,0.17,0.76,31958052.0,"(15,25]",>0,>0,OK,1,1,1,1,1,ledger
CRWS,NASDAQ:CRWS,"Crown Crafts, Inc. - Common Stock",Weekly,2020-01-17,2020-02-07,6.360000133514404,6.170000076293945,3.646138990055389,-43.84599051874092,-0.4384599051874091,-2.9874222206261005,3.0,0,17.470589,3.9078948,0.17,0.76,31958052.0,"(15,25]",>0,>0,OK,1,1,1,1,1,ledger
CRWS,NASDAQ:CRWS,"Crown Crafts, Inc. - Common Stock",Weekly,2021-01-01,2021-03-26,7.199999809265137,7.679999828338623,2.064373787479814,100.0908774196923,1.0009087741969231,6.6666671081825655,12.0,1,17.470589,3.9078948,0.17,0.76,31958052.0,"(15,25]",>0,>0,OK,1,1,1,1,1,ledger
CRWS,NASDAQ:CRWS,"Crown Crafts, Inc. - Common Stock",Weekly,2021-05-07,2021-06-11,7.840000152587891,7.739999771118164,1.589019435499063,-28.37548236681087,-0.28375482366810867,-1.2755150449419013,5.0,0,17.470589,3.9078948,0.17,0.76,31958052.0,"(15,25]",>0,>0,OK,1,1,1,1,1,ledger
CRWS,NASDAQ:CRWS,"Crown Crafts, Inc. - Common Stock",Weekly,2024-06-28,2024-07-19,5.230000019073486,4.860000133514404,2.0555541574224314,-102.77770787112156,-1.0277770787112157,-7.074567575711575,3.0,0,17.470589,3.9078948,0.17,0.76,31958052.0,"(15,25]",>0,>0,OK,1,1,1,1,1,ledger
CRWS,NASDAQ:CRWS,"Crown Crafts, Inc. - Common Stock",Monthly,2018-01-31,2018-03-31,7.099999904632568,5.900000095367432,1.8470589522259602,-70.58823199420615,-0.7058823199420615,-16.901405991317937,2.0,0,17.470589,3.9078948,0.17,0.76,31958052.0,"(15,25]",>0,>0,OK,1,1,1,1,1,ledger
CRWV,NASDAQ:CRWV,"CoreWeave, Inc.",Daily,2025-07-03,2025-07-08,165.1999969482422,151.4499969482422,1.527912646393167,-96.37062360966978,-0.9637062360966977,-8.323244705814329,2.0,0,,-57.366154,-2.91,-1.60199,50137919488.0,missing,<=0,<=0,OK,0,0,0,0,0,ledger
CRWV,NASDAQ:CRWV,"CoreWeave, Inc.",Weekly,2025-08-08,2025-08-15,129.5500030517578,99.97000122070312,1.9982607634171197,-102.886962890625,-1.02886962890625,-22.83288393226582,1.0,0,,-57.366154,-2.91,-1.60199,50137919488.0,missing,<=0,<=0,OK,0,0,0,0,0,ledger
CSCO,NASDAQ:CSCO,"Cisco Systems, Inc.",Daily,2024-07-24,2024-08-01,46.849998474121094,47.38999938964844,2.90471222216239,82.99177777606829,0.8299177777606828,1.1526167195621753,6.0,1,40.579998,25.41115,3.0,4.79081,479830245376.0,>40,>0,>0,OK,1,1,0,1,1,ledger
CSCO,NASDAQ:CSCO,"Cisco Systems, Inc.",Daily,2024-11-20,2024-12-09,57.5,58.95000076293945,1.6347813683798504,126.08685556580177,1.260868555658018,2.5217404572860054,12.0,1,40.579998,25.41115,3.0,4.79081,479830245376.0,>40,>0,>0,OK,1,1,0,1,1,ledger
CSCO,NASDAQ:CSCO,"Cisco Systems, Inc.",Daily,2024-12-17,2024-12-18,58.52000045776367,57.529998779296875,2.1365816275627556,-123.69710701457817,-1.2369710701457817,-1.6917321782683896,1.0,0,40.579998,25.41115,3.0,4.79081,479830245376.0,>40,>0,>0,OK,1,1,0,1,1,ledger
CSCO,NASDAQ:CSCO,"Cisco Systems, Inc.",Daily,2025-03-14,2025-03-18,60.5,60.29999923706055,4.404554099103003,-14.681903003811604,-0.14681903003811606,-0.33057977345364153,2.0,0,40.579998,25.41115,3.0,4.79081,479830245376.0,>40,>0,>0,OK,1,1,0,1,1,ledger
CSCO,NASDAQ:CSCO,"Cisco Systems, Inc.",Daily,2025-11-10,2025-11-20,72.08999633789062,75.44000244140625,1.7741987881532382,216.13006433321357,2.161300643332136,4.6469777690290375,8.0,1,40.579998,25.41115,3.0,4.79081,479830245376.0,>40,>0,>0,OK,1,1,0,1,1,ledger
CSCO,NASDAQ:CSCO,"Cisco Systems, Inc.",Daily,2026-02-18,2026-02-23,78.18000030517578,77.73999786376953,2.102940681484141,-9.243744620558004,-0.09243744620558003,-0.5628069067391911,3.0,0,40.579998,25.41115,3.0,4.79081,479830245376.0,>40,>0,>0,OK,1,1,0,1,1,ledger
CSCO,NASDAQ:CSCO,"Cisco Systems, Inc.",Weekly,2022-02-18,2022-04-15,57.209999084472656,51.16999816894531,1.5698457795983825,-133.9246821154915,-1.339246821154915,-10.557596595324291,8.0,0,40.579998,25.41115,3.0,4.79081,479830245376.0,>40,>0,>0,OK,1,1,0,1,1,ledger
CSGP,NASDAQ:CSGP,"CoStar Group, Inc.",Weekly,2023-09-01,2023-09-15,82.56999969482422,79.12000274658203,1.8129626202159117,-63.888814321782334,-0.6388881432178234,-4.178269299979719,2.0,0,165.63889,17.281153,0.18,1.72529,12080966656.0,>40,>0,>0,OK,1,1,0,1,1,ledger
CSGP,NASDAQ:CSGP,"CoStar Group, Inc.",Weekly,2025-10-24,2025-10-31,77.88999938964844,68.80999755859375,3.897516741666544,-181.11288379099562,-1.8111288379099564,-11.657468098865357,1.0,0,165.63889,17.281153,0.18,1.72529,12080966656.0,>40,>0,>0,OK,1,1,0,1,1,ledger
CSR,NASDAQ:CSR,D/B/A Centerspace Common Stock,Daily,2024-09-12,2024-09-20,73.4800033569336,73.16999816894531,1.9384606583601767,-22.422865387077586,-0.2242286538707759,-0.4218905468504297,6.0,0,118.67391,-105.266205,0.46,-0.51859,965978368.0,>40,>0,<=0,OK,1,1,0,0,1,ledger
CSR,NASDAQ:CSR,D/B/A Centerspace Common Stock,Weekly,2024-10-18,2024-11-01,71.2699966430664,66.76000213623047,1.6627289140682269,-153.3514827198062,-1.5335148271980616,-6.328040857673729,2.0,0,118.67391,-105.266205,0.46,-0.51859,965978368.0,>40,>0,<=0,OK,1,1,0,0,1,ledger
CSR,NASDAQ:CSR,D/B/A Centerspace Common Stock,Monthly,2017-06-30,2017-10-31,62.099998474121094,58.5,1.75409954986561,-59.01638319081371,-0.590163831908137,-5.79709913458584,4.0,0,118.67391,-105.266205,0.46,-0.51859,965978368.0,>40,>0,<=0,OK,1,1,0,0,1,ledger
CSR,NASDAQ:CSR,D/B/A Centerspace Common Stock,Monthly,2023-01-31,2023-03-31,67.62000274658203,54.630001068115234,4.162844836887211,-121.10944862328292,-1.2110944862328292,-19.210294514700234,2.0,0,118.67391,-105.266205,0.46,-0.51859,965978368.0,>40,>0,<=0,OK,1,1,0,0,1,ledger
CSV,NASDAQ:CSV,"Carriage Services, Inc. Common Stock",Daily,2024-08-08,2024-09-06,30.0,32.33000183105469,4.132234531548516,192.56228049710901,1.9256228049710902,7.766672770182291,20.0,1,14.730908,10.768208,2.75,3.762,642987968.0,"(0,15]",>0,>0,OK,1,1,1,1,1,ledger
CSV,NASDAQ:CSV,"Carriage Services, Inc. Common Stock",Daily,2025-02-04,2025-02-18,40.869998931884766,40.95000076293945,1.592923550580308,7.079825266185496,0.07079825266185497,0.1957470837912697,9.0,1,14.730908,10.768208,2.75,3.762,642987968.0,"(0,15]",>0,>0,OK,1,1,1,1,1,ledger
CSV,NASDAQ:CSV,"Carriage Services, Inc. Common Stock",Daily,2025-08-04,2025-08-11,45.47999954223633,47.4900016784668,1.70940438462642,171.7953232390417,1.717953232390417,4.4195298075230225,5.0,1,14.730908,10.768208,2.75,3.762,642987968.0,"(0,15]",>0,>0,OK,1,1,1,1,1,ledger
CSV,NASDAQ:CSV,"Carriage Services, Inc. Common Stock",Daily,2025-10-14,2025-10-16,44.689998626708984,44.130001068115234,3.1065228702532437,-46.89067017836279,-0.46890670178362787,-1.253071326475869,2.0,0,14.730908,10.768208,2.75,3.762,642987968.0,"(0,15]",>0,>0,OK,1,1,1,1,1,ledger
CSV,NASDAQ:CSV,"Carriage Services, Inc. Common Stock",Weekly,2017-02-10,2017-03-03,26.600000381469727,25.780000686645508,2.390473803049211,-78.09512391394779,-0.780951239139478,-3.0827055754309405,3.0,0,14.730908,10.768208,2.75,3.762,642987968.0,"(0,15]",>0,>0,OK,1,1,1,1,1,ledger
CSV,NASDAQ:CSV,"Carriage Services, Inc. Common Stock",Weekly,2019-04-05,2019-04-26,19.350000381469727,18.690000534057617,1.8438778389887143,-52.911282437398704,-0.5291128243739871,-3.4108518573681765,3.0,0,14.730908,10.768208,2.75,3.762,642987968.0,"(0,15]",>0,>0,OK,1,1,1,1,1,ledger
CSV,NASDAQ:CSV,"Carriage Services, Inc. Common Stock",Monthly,2023-12-31,2025-08-31,25.010000228881836,43.779998779296875,5.9453233188850545,270.07189194143916,2.700718919414392,75.04997352514707,20.0,1,14.730908,10.768208,2.75,3.762,642987968.0,"(0,15]",>0,>0,OK,1,1,1,1,1,ledger
CSW,NASDAQ:CSW,"CSW Industrials, Inc. Common Stock",Daily,2024-11-18,2024-11-26,409.760009765625,423.5799865722656,1.5962667888114754,122.21819899057641,1.2221819899057642,3.3727002336185494,6.0,1,46.950268,25.563395,7.44,13.66446,5691478016.0,>40,>0,>0,OK,1,1,0,1,1,ledger
CSW,NASDAQ:CSW,"CSW Industrials, Inc. Common Stock",Daily,2024-12-06,2024-12-09,415.7699890136719,398.4100036621094,1.901784513645024,-159.26161988278773,-1.592616198827877,-4.175382016567735,1.0,0,46.950268,25.563395,7.44,13.66446,5691478016.0,>40,>0,>0,OK,1,1,0,1,1,ledger
CSW,NASDAQ:CSW,"CSW Industrials, Inc. Common Stock",Daily,2025-07-23,2025-07-24,289.4599914550781,283.3800048828125,1.7302010073759884,-62.1357618475837,-0.621357618475837,-2.1004583540897364,1.0,0,46.950268,25.563395,7.44,13.66446,5691478016.0,>40,>0,>0,OK,1,1,0,1,1,ledger
CSW,NASDAQ:CSW,"CSW Industrials, Inc. Common Stock",Daily,2025-12-22,2025-12-30,311.8399963378906,302.0899963378906,1.5261585282798722,-88.78303687655315,-0.8878303687655316,-3.1266034230694064,5.0,0,46.950268,25.563395,7.44,13.66446,5691478016.0,>40,>0,>0,OK,1,1,0,1,1,ledger
CSW,NASDAQ:CSW,"CSW Industrials, Inc. Common Stock",Daily,2026-07-22,2026-07-29,282.2900085449219,272.6099853515625,2.040083239281364,-83.44843189716634,-0.8344843189716634,-3.4291058487176165,5.0,0,46.950268,25.563395,7.44,13.66446,5691478016.0,>40,>0,>0,OK,1,1,0,1,1,ledger
CSW,NASDAQ:CSW,"CSW Industrials, Inc. Common Stock",Monthly,2025-11-30,2026-03-31,271.8699951171875,260.5799865722656,3.9746502211640373,-27.25738542737689,-0.2725738542737689,-4.1527232676248085,4.0,0,46.950268,25.563395,7.44,13.66446,5691478016.0,>40,>0,>0,OK,1,1,0,1,1,ledger
CSWC,NASDAQ:CSWC,Capital Southwest Corporation - Common Stock,Daily,2025-05-27,2025-05-28,20.799999237060547,20.6200008392334,1.5189974288306092,-34.177089045915395,-0.341770890459154,-0.8653769443723585,1.0,0,13.010526,10.9477415,1.9,2.258,1575501184.0,"(0,15]",>0,>0,OK,1,1,1,1,1,ledger
CSWC,NASDAQ:CSWC,Capital Southwest Corporation - Common Stock,Daily,2025-12-24,2026-01-07,21.700000762939453,22.100000381469727,2.2162103646120617,108.107759798337,1.08107759798337,1.843316149616992,8.0,1,13.010526,10.9477415,1.9,2.258,1575501184.0,"(0,15]",>0,>0,OK,1,1,1,1,1,ledger
CSWC,NASDAQ:CSWC,Capital Southwest Corporation - Common Stock,Weekly,2023-11-03,2024-02-02,21.600000381469727,24.489999771118164,1.8161371672262614,299.92201741724216,2.9992201741724216,13.379626567635244,13.0,1,13.010526,10.9477415,1.9,2.258,1575501184.0,"(0,15]",>0,>0,OK,1,1,1,1,1,ledger
CSWC,NASDAQ:CSWC,Capital Southwest Corporation - Common Stock,Monthly,2023-01-31,2023-03-31,19.809999465942383,17.780000686645508,2.4362615737738933,-57.50706745856783,-0.5750706745856784,-10.24734393752446,2.0,0,13.010526,10.9477415,1.9,2.258,1575501184.0,"(0,15]",>0,>0,OK,1,1,1,1,1,ledger
CSX,NASDAQ:CSX,CSX Corporation,Daily,2024-11-21,2024-12-02,35.34000015258789,36.34000015258789,1.8924706924698722,107.5268464359254,1.075268464359254,2.8296547698989514,6.0,1,28.994318,22.504862,1.76,2.26751,94531788800.0,"(25,40]",>0,>0,OK,1,1,0,1,1,ledger
CSX,NASDAQ:CSX,CSX Corporation,Weekly,2021-07-02,2021-09-03,32.58000183105469,32.0,1.7993095381946498,-43.91035079029504,-0.4391035079029505,-1.7802387920734857,9.0,0,28.994318,22.504862,1.76,2.26751,94531788800.0,"(25,40]",>0,>0,OK,1,1,0,1,1,ledger
CSX,NASDAQ:CSX,CSX Corporation,Weekly,2024-05-10,2024-05-17,34.380001068115234,33.52000045776367,4.042246369998254,-60.5633386613655,-0.605633386613655,-2.501456031509975,1.0,0,28.994318,22.504862,1.76,2.26751,94531788800.0,"(25,40]",>0,>0,OK,1,1,0,1,1,ledger
CSX,NASDAQ:CSX,CSX Corporation,Weekly,2025-09-19,2025-11-14,32.97999954223633,34.900001525878906,2.5894369435129585,116.43380644193414,1.1643380644193413,5.821716222838933,8.0,1,28.994318,22.504862,1.76,2.26751,94531788800.0,"(25,40]",>0,>0,OK,1,1,0,1,1,ledger
CTAS,NASDAQ:CTAS,Cintas Corporation,Daily,2024-11-19,2024-11-27,217.97000122070312,224.0500030517578,2.30146940576767,149.0195858437396,1.490195858437396,2.7893755090171553,6.0,1,41.476578,33.39811,4.91,6.09765,81494532096.0,>40,>0,>0,OK,1,1,0,1,1,ledger
CTAS,NASDAQ:CTAS,Cintas Corporation,Daily,2026-07-22,2026-07-30,201.36000061035156,206.7899932861328,1.5021266068218377,97.56621863207873,0.9756621863207872,2.6966590481337653,6.0,1,41.476578,33.39811,4.91,6.09765,81494532096.0,>40,>0,>0,OK,1,1,0,1,1,ledger
CTAS,NASDAQ:CTAS,Cintas Corporation,Weekly,2016-11-11,2016-12-23,27.18000030517578,29.09000015258789,1.687217841535791,114.8871825054008,1.148871825054008,7.027225261099043,6.0,1,41.476578,33.39811,4.91,6.09765,81494532096.0,>40,>0,>0,OK,1,1,0,1,1,ledger
CTBI,NASDAQ:CTBI,"Community Trust Bancorp, Inc. - Common Stock",Daily,2024-08-15,2024-08-20,46.83000183105469,47.150001525878906,2.530514876416407,15.02345231720356,0.1502345231720356,0.6833219780316456,3.0,1,13.309883,12.274981,5.97,6.47333,1443289216.0,"(0,15]",>0,>0,OK,1,1,1,1,1,ledger
CTBI,NASDAQ:CTBI,"Community Trust Bancorp, Inc. - Common Stock",Daily,2026-04-23,2026-04-29,65.55000305175781,65.05000305175781,1.8061663164397896,-28.48844415958634,-0.2848844415958634,-0.7627764709716391,4.0,0,13.309883,12.274981,5.97,6.47333,1443289216.0,"(0,15]",>0,>0,OK,1,1,1,1,1,ledger
CTBI,NASDAQ:CTBI,"Community Trust Bancorp, Inc. - Common Stock",Weekly,2017-02-17,2017-03-03,46.79999923706055,45.95000076293945,2.1666678776825514,-40.47614722562316,-0.4047614722562316,-1.8162360854228108,2.0,0,13.309883,12.274981,5.97,6.47333,1443289216.0,"(0,15]",>0,>0,OK,1,1,1,1,1,ledger
CTBI,NASDAQ:CTBI,"Community Trust Bancorp, Inc. - Common Stock",Weekly,2024-08-16,2024-09-06,47.619998931884766,48.02000045776367,1.5328761860573072,13.329402354794624,0.13329402354794626,0.8399864234584822,3.0,1,13.309883,12.274981,5.97,6.47333,1443289216.0,"(0,15]",>0,>0,OK,1,1,1,1,1,ledger
CTBI,NASDAQ:CTBI,"Community Trust Bancorp, Inc. - Common Stock",Weekly,2025-01-17,2025-02-21,53.79999923706055,53.880001068115234,1.5835016176013448,1.6096956299818475,0.016096956299818475,0.14870229031449061,5.0,1,13.309883,12.274981,5.97,6.47333,1443289216.0,"(0,15]",>0,>0,OK,1,1,1,1,1,ledger
CTBI,NASDAQ:CTBI,"Community Trust Bancorp, Inc. - Common Stock",Monthly,2025-05-31,2025-10-31,51.04999923706055,51.20000076293945,1.6465112675498232,2.3256047773015482,0.023256047773015487,0.2938325722246246,5.0,1,13.309883,12.274981,5.97,6.47333,1443289216.0,"(0,15]",>0,>0,OK,1,1,1,1,1,ledger
CTO,NASDAQ:CTO,"CTO Realty Growth, Inc. Common Stock",Daily,2024-11-22,2024-12-02,19.809999465942383,20.209999084472656,2.5853701653346235,97.56091887717601,0.9756091887717601,2.019180359989197,5.0,1,15.948905,35.241936,1.37,0.62,819057216.0,"(15,25]",>0,>0,OK,1,1,1,0,1,ledger
CTO,NASDAQ:CTO,"CTO Realty Growth, Inc. Common Stock",Daily,2025-01-24,2025-01-29,19.40999984741211,19.3799991607666,1.5738290388651723,-7.869320301586689,-0.0786932030158669,-0.15456304421098557,3.0,0,15.948905,35.241936,1.37,0.62,819057216.0,"(15,25]",>0,>0,OK,1,1,1,0,1,ledger
CTO,NASDAQ:CTO,"CTO Realty Growth, Inc. Common Stock",Daily,2025-06-23,2025-06-25,18.309999465942383,17.100000381469727,1.652177698903687,-263.0438027631732,-2.630438027631732,-6.6084058971346336,2.0,0,15.948905,35.241936,1.37,0.62,819057216.0,"(15,25]",>0,>0,OK,1,1,1,0,1,ledger
CTO,NASDAQ:CTO,"CTO Realty Growth, Inc. Common Stock",Daily,2025-12-24,2026-01-05,17.969999313354492,18.1200008392334,1.7631619894694046,39.47417293667087,0.39474172936670865,0.8347330640543313,6.0,1,15.948905,35.241936,1.37,0.62,819057216.0,"(15,25]",>0,>0,OK,1,1,1,0,1,ledger
CTO,NASDAQ:CTO,"CTO Realty Growth, Inc. Common Stock",Weekly,2026-04-03,2026-07-10,18.799999237060547,21.290000915527344,1.7460456968629383,299.83823643339605,2.9983823643339607,13.244690316573216,14.0,1,15.948905,35.241936,1.37,0.62,819057216.0,"(15,25]",>0,>0,OK,1,1,1,0,1,ledger
CTRM,NASDAQ:CTRM,Castor Maritime Inc. - Common Shares,Daily,2024-10-11,2024-10-15,4.090000152587891,4.0,1.5945971857741332,-47.83804230054327,-0.47838042300543276,-2.200492646215289,2.0,0,0.6268657,,3.35,,20290942.0,"(0,15]",>0,missing,OK,1,1,0,0,1,ledger
CTRM,NASDAQ:CTRM,Castor Maritime Inc. - Common Shares,Daily,2025-05-27,2025-05-30,2.200000047683716,2.190000057220459,3.0494287923795356,-8.024807576617082,-0.08024807576617082,-0.45454501120513113,3.0,0,0.6268657,,3.35,,20290942.0,"(0,15]",>0,missing,OK,1,1,0,0,1,ledger
CTRM,NASDAQ:CTRM,Castor Maritime Inc. - Common Shares,Daily,2025-12-19,2025-12-26,2.240000009536743,2.319999933242798,1.833331677650467,66.66653421203735,0.6666653421203734,3.571425150243618,4.0,1,0.6268657,,3.35,,20290942.0,"(0,15]",>0,missing,OK,1,1,0,0,1,ledger
CTRM,NASDAQ:CTRM,Castor Maritime Inc. - Common Shares,Daily,2026-02-09,2026-02-12,2.2200000286102295,2.1600000858306885,2.7124986402697706,-37.4999441206755,-0.374999441206755,-2.7027000903735274,3.0,0,0.6268657,,3.35,,20290942.0,"(0,15]",>0,missing,OK,1,1,0,0,1,ledger
CTRM,NASDAQ:CTRM,Castor Maritime Inc. - Common Shares,Weekly,2021-08-06,2021-08-20,23.0,19.100000381469727,15.149046812992328,-34.34957953009729,-0.34349579530097285,-16.956520080566406,2.0,0,0.6268657,,3.35,,20290942.0,"(0,15]",>0,missing,OK,1,1,0,0,1,ledger
CTRM,NASDAQ:CTRM,Castor Maritime Inc. - Common Shares,Weekly,2024-05-17,2024-06-14,3.950000047683716,4.070000171661377,2.7717388487493393,13.043490655029077,0.13043490655029077,3.0379777855453276,4.0,1,0.6268657,,3.35,,20290942.0,"(0,15]",>0,missing,OK,1,1,0,0,1,ledger
CTRN,NASDAQ:CTRN,"Citi Trends, Inc. - Common Stock",Daily,2024-07-22,2024-07-24,19.729999542236328,18.6299991607666,1.8598967859453568,-129.4865362547214,-1.294865362547214,-5.575268155049564,2.0,0,50.797203,30.585262,1.43,2.375,605080128.0,>40,>0,>0,OK,1,1,0,1,1,ledger
CTRN,NASDAQ:CTRN,"Citi Trends, Inc. - Common Stock",Daily,2025-06-23,2025-07-01,29.959999084472656,33.040000915527344,2.7309967742367256,180.11716257757672,1.801171625775767,10.280380257591387,6.0,1,50.797203,30.585262,1.43,2.375,605080128.0,>40,>0,>0,OK,1,1,0,1,1,ledger
CTRN,NASDAQ:CTRN,"Citi Trends, Inc. - Common Stock",Daily,2025-09-15,2025-09-16,34.58000183105469,32.939998626708984,2.557345162353745,-87.55859706368756,-0.8755859706368755,-4.742634810599959,1.0,0,50.797203,30.585262,1.43,2.375,605080128.0,>40,>0,>0,OK,1,1,0,1,1,ledger
CTRN,NASDAQ:CTRN,"Citi Trends, Inc. - Common Stock",Daily,2026-04-01,2026-04-07,44.09000015258789,42.43000030517578,4.030416392718725,-52.72254784045989,-0.5272254784045989,-3.7650257238991522,3.0,0,50.797203,30.585262,1.43,2.375,605080128.0,>40,>0,>0,OK,1,1,0,1,1,ledger
CTRN,NASDAQ:CTRN,"Citi Trends, Inc. - Common Stock",Daily,2026-06-10,2026-06-25,45.65999984741211,56.220001220703125,2.3971391099049804,292.9837277870018,2.929837277870018,23.12746694827142,10.0,1,50.797203,30.585262,1.43,2.375,605080128.0,>40,>0,>0,OK,1,1,0,1,1,ledger
CTRN,NASDAQ:CTRN,"Citi Trends, Inc. - Common Stock",Weekly,2017-09-15,2017-12-29,18.969999313354492,26.459999084472656,2.376624808181292,486.3639347389098,4.863639347389098,39.483395056558365,15.0,1,50.797203,30.585262,1.43,2.375,605080128.0,>40,>0,>0,OK,1,1,0,1,1,ledger
CTRN,NASDAQ:CTRN,"Citi Trends, Inc. - Common Stock",Weekly,2023-09-29,2023-12-01,22.219999313354492,23.670000076293945,1.5930740934931322,62.770610310418995,0.62770610310419,6.525656200484151,9.0,1,50.797203,30.585262,1.43,2.375,605080128.0,>40,>0,>0,OK,1,1,0,1,1,ledger
CTS,NASDAQ:CTS,CTS Corporation Common Stock,Daily,2024-11-21,2024-11-26,53.18000030517578,54.459999084472656,3.571429170282246,70.32961505086962,0.7032961505086962,2.406917585467366,3.0,1,27.341463,22.57047,2.46,2.98,1920689792.0,"(25,40]",>0,>0,OK,1,1,0,1,1,ledger
CTS,NASDAQ:CTS,CTS Corporation Common Stock,Weekly,2017-01-27,2017-02-24,21.950000762939453,22.700000762939453,2.440016818787341,64.21100329377757,0.6421100329377756,3.41685637326403,4.0,1,27.341463,22.57047,2.46,2.98,1920689792.0,"(25,40]",>0,>0,OK,1,1,0,1,1,ledger
CTS,NASDAQ:CTS,CTS Corporation Common Stock,Weekly,2025-01-24,2025-02-07,52.25,46.470001220703125,2.3774977658363485,-184.95200026765048,-1.8495200026765046,-11.062198620663874,2.0,0,27.341463,22.57047,2.46,2.98,1920689792.0,"(25,40]",>0,>0,OK,1,1,0,1,1,ledger
CTS,NASDAQ:CTS,CTS Corporation Common Stock,Weekly,2026-03-27,2026-06-05,47.84000015258789,62.849998474121094,3.4936007860494005,443.6458823063314,4.4364588230633135,31.375414451626504,10.0,1,27.341463,22.57047,2.46,2.98,1920689792.0,"(25,40]",>0,>0,OK,1,1,0,1,1,ledger
CTSH,NASDAQ:CTSH,Cognizant Technology Solutions Corporation,Daily,2024-09-23,2024-09-25,76.12000274658203,75.52999877929688,1.6165345387377672,-44.36113947431823,-0.44361139474318234,-0.7750971439785567,2.0,0,11.841773,8.897702,4.74,6.30837,26549489664.0,"(0,15]",>0,>0,OK,1,1,1,1,1,ledger
CTSH,NASDAQ:CTSH,Cognizant Technology Solutions Corporation,Daily,2024-11-20,2024-12-09,77.56999969482422,80.63999938964844,2.0083037073853296,127.38608915326245,1.2738608915326244,3.957715233856139,12.0,1,11.841773,8.897702,4.74,6.30837,26549489664.0,"(0,15]",>0,>0,OK,1,1,1,1,1,ledger
CTSH,NASDAQ:CTSH,Cognizant Technology Solutions Corporation,Daily,2025-03-10,2025-03-11,84.0,82.47000122070312,2.8416647328283102,-63.74990860626944,-0.6374990860626946,-1.8214271182105655,1.0,0,11.841773,8.897702,4.74,6.30837,26549489664.0,"(0,15]",>0,>0,OK,1,1,1,1,1,ledger
CTSH,NASDAQ:CTSH,Cognizant Technology Solutions Corporation,Weekly,2023-03-31,2023-07-28,60.93000030517578,65.76000213623047,2.216518151744926,107.8125518879773,1.0781255188797731,7.927132458334151,17.0,1,11.841773,8.897702,4.74,6.30837,26549489664.0,"(0,15]",>0,>0,OK,1,1,1,1,1,ledger
CVBF,NASDAQ:CVBF,CVB Financial Corp.,Daily,2024-08-19,2024-08-20,17.270000457763672,17.010000228881836,2.5378143717853576,-21.8487489241116,-0.218487489241116,-1.505502153967539,1.0,0,15.821918,11.6470785,1.46,1.98333,4071308800.0,"(15,25]",>0,>0,OK,1,1,1,1,1,ledger
CVBF,NASDAQ:CVBF,CVB Financial Corp.,Daily,2024-09-30,2024-10-01,17.81999969482422,17.389999389648438,1.9656190944482168,-87.13564400046873,-0.8713564400046873,-2.4130208335563212,1.0,0,15.821918,11.6470785,1.46,1.98333,4071308800.0,"(15,25]",>0,>0,OK,1,1,1,1,1,ledger
CVBF,NASDAQ:CVBF,CVB Financial Corp.,Daily,2024-10-23,2024-10-31,18.989999771118164,19.43000030517578,1.97409743175889,86.86039242556821,0.8686039242556821,2.3170117923161473,6.0,1,15.821918,11.6470785,1.46,1.98333,4071308800.0,"(15,25]",>0,>0,OK,1,1,1,1,1,ledger
CVBF,NASDAQ:CVBF,CVB Financial Corp.,Daily,2024-12-04,2024-12-12,23.520000457763672,22.84000015258789,1.6188971562952148,-103.85387877061329,-1.038538787706133,-2.8911577038312566,6.0,0,15.821918,11.6470785,1.46,1.98333,4071308800.0,"(15,25]",>0,>0,OK,1,1,1,1,1,ledger
CVBF,NASDAQ:CVBF,CVB Financial Corp.,Weekly,2017-04-28,2017-05-12,21.540000915527344,21.239999771118164,2.323303752739121,-22.556445969046496,-0.22556445969046499,-1.392762913918544,2.0,0,15.821918,11.6470785,1.46,1.98333,4071308800.0,"(15,25]",>0,>0,OK,1,1,1,1,1,ledger
CVBF,NASDAQ:CVBF,CVB Financial Corp.,Weekly,2021-05-14,2021-06-18,22.43000030517578,20.6299991607666,1.797039314881237,-125.8627707174011,-1.258627707174011,-8.024971555590325,5.0,0,15.821918,11.6470785,1.46,1.98333,4071308800.0,"(15,25]",>0,>0,OK,1,1,1,1,1,ledger
CVBF,NASDAQ:CVBF,CVB Financial Corp.,Weekly,2024-05-03,2024-05-24,17.209999084472656,16.299999237060547,3.0400028483091024,-60.66669506498659,-0.6066669506498659,-5.287622869388394,3.0,0,15.821918,11.6470785,1.46,1.98333,4071308800.0,"(15,25]",>0,>0,OK,1,1,1,1,1,ledger
CVCO,NASDAQ:CVCO,"Cavco Industries, Inc. - Common Stock",Daily,2025-05-20,2025-05-22,519.77001953125,499.2300109863281,1.8837006033668655,-128.03197881733522,-1.2803197881733521,-3.951749383976725,2.0,0,24.654482,19.654287,22.98,28.82628,4356507648.0,"(15,25]",>0,>0,OK,1,1,1,1,1,ledger
CVCO,NASDAQ:CVCO,"Cavco Industries, Inc. - Common Stock",Daily,2025-10-31,2025-11-13,529.7999877929688,550.2100219726562,1.8896405802384508,52.99933829676796,0.5299933829676796,3.8524036711875467,9.0,1,24.654482,19.654287,22.98,28.82628,4356507648.0,"(15,25]",>0,>0,OK,1,1,1,1,1,ledger
CVCO,NASDAQ:CVCO,"Cavco Industries, Inc. - Common Stock",Weekly,2016-11-11,2016-12-30,95.75,99.8499984741211,2.1781024076592455,59.854005655777236,0.5985400565577723,4.281982740596443,7.0,1,24.654482,19.654287,22.98,28.82628,4356507648.0,"(15,25]",>0,>0,OK,1,1,1,1,1,ledger
CVCO,NASDAQ:CVCO,"Cavco Industries, Inc. - Common Stock",Weekly,2021-10-22,2021-12-17,241.0,296.2099914550781,1.5663627746765512,340.46809522034744,3.404680952203474,22.90871014733532,8.0,1,24.654482,19.654287,22.98,28.82628,4356507648.0,"(15,25]",>0,>0,OK,1,1,1,1,1,ledger
CVCO,NASDAQ:CVCO,"Cavco Industries, Inc. - Common Stock",Weekly,2022-10-28,2022-11-04,233.33999633789062,201.5800018310547,1.7831957450260765,-87.4930904593904,-0.874930904593904,-13.611037544050323,1.0,0,24.654482,19.654287,22.98,28.82628,4356507648.0,"(15,25]",>0,>0,OK,1,1,1,1,1,ledger
CVCO,NASDAQ:CVCO,"Cavco Industries, Inc. - Common Stock",Monthly,2019-05-31,2020-03-31,143.60000610351562,144.94000244140625,3.7405050271905775,4.240493921112075,0.042404939211120755,0.9331450424345207,10.0,1,24.654482,19.654287,22.98,28.82628,4356507648.0,"(15,25]",>0,>0,OK,1,1,1,1,1,ledger
CVLG,NASDAQ:CVLG,"Covenant Logistics Group, Inc. Class A Common Stock",Daily,2024-11-22,2024-11-27,28.885000228881836,28.954999923706055,2.1791915926696053,8.092452409985249,0.08092452409985249,0.2423392566022095,3.0,1,724.6,13.174545,0.05,2.75,911944896.0,>40,>0,>0,OK,1,1,0,1,1,ledger
CVLG,NASDAQ:CVLG,"Covenant Logistics Group, Inc. Class A Common Stock",Daily,2025-02-04,2025-02-07,27.6200008392334,26.899999618530273,2.209834766361728,-86.00459684641358,-0.8600459684641357,-2.6068110022660984,3.0,0,724.6,13.174545,0.05,2.75,911944896.0,>40,>0,>0,OK,1,1,0,1,1,ledger
CVLG,NASDAQ:CVLG,"Covenant Logistics Group, Inc. Class A Common Stock",Daily,2025-09-04,2025-09-09,24.079999923706055,23.510000228881836,1.7796506993640122,-87.448318014374,-0.8744831801437399,-2.367108374710046,3.0,0,724.6,13.174545,0.05,2.75,911944896.0,>40,>0,>0,OK,1,1,0,1,1,ledger
CVLG,NASDAQ:CVLG,"Covenant Logistics Group, Inc. Class A Common Stock",Daily,2026-01-02,2026-01-20,22.299999237060547,25.399999618530273,2.0720914606044367,468.8671812718202,4.688671812718202,13.901347477706686,11.0,1,724.6,13.174545,0.05,2.75,911944896.0,>40,>0,>0,OK,1,1,0,1,1,ledger
CVLG,NASDAQ:CVLG,"Covenant Logistics Group, Inc. Class A Common Stock",Weekly,2022-10-07,2022-12-02,14.835000038146973,18.725000381469727,1.8330304481981983,277.99182219540586,2.779918221954059,26.221775081361244,8.0,1,724.6,13.174545,0.05,2.75,911944896.0,>40,>0,>0,OK,1,1,0,1,1,ledger
CVLG,NASDAQ:CVLG,"Covenant Logistics Group, Inc. Class A Common Stock",Weekly,2023-10-06,2023-10-20,22.514999389648438,21.399999618530273,3.8886311447621567,-69.15187431930798,-0.6915187431930797,-4.952253170527731,2.0,0,724.6,13.174545,0.05,2.75,911944896.0,>40,>0,>0,OK,1,1,0,1,1,ledger
CVLG,NASDAQ:CVLG,"Covenant Logistics Group, Inc. Class A Common Stock",Weekly,2024-03-29,2024-04-19,23.18000030517578,22.354999542236328,2.6104272224107468,-50.61351057232123,-0.5061351057232123,-3.559105919231768,3.0,0,724.6,13.174545,0.05,2.75,911944896.0,>40,>0,>0,OK,1,1,0,1,1,ledger
CVLG,NASDAQ:CVLG,"Covenant Logistics Group, Inc. Class A Common Stock",Weekly,2025-01-03,2025-01-10,28.18000030517578,26.280000686645508,1.5938462477463942,-116.92305344801683,-1.1692305344801683,-6.742369048808361,1.0,0,724.6,13.174545,0.05,2.75,911944896.0,>40,>0,>0,OK,1,1,0,1,1,ledger
CVLG,NASDAQ:CVLG,"Covenant Logistics Group, Inc. Class A Common Stock",Monthly,2019-01-31,2019-03-31,11.789999961853027,9.489999771118164,2.1302746931618937,-84.40366490863975,-0.8440366490863976,-19.508059356883777,2.0,0,724.6,13.174545,0.05,2.75,911944896.0,>40,>0,>0,OK,1,1,0,1,1,ledger
CVLT,NASDAQ:CVLT,"Commvault Systems, Inc.",Daily,2025-03-05,2025-03-06,167.9199981689453,157.92999267578125,2.521590312059468,-113.5227503264166,-1.1352275032641659,-5.949264889291541,1.0,0,80.06061,21.468052,1.65,6.15333,5474827264.0,>40,>0,>0,OK,1,1,0,1,1,ledger
CVLT,NASDAQ:CVLT,"Commvault Systems, Inc.",Daily,2025-04-01,2025-04-03,162.94000244140625,152.88999938964844,1.5315776370579472,-132.23677606138847,-1.3223677606138846,-6.167916350296991,2.0,0,80.06061,21.468052,1.65,6.15333,5474827264.0,>40,>0,>0,OK,1,1,0,1,1,ledger
CVLT,NASDAQ:CVLT,"Commvault Systems, Inc.",Daily,2026-07-24,2026-07-28,142.30999755859375,120.0199966430664,2.193586794253019,-390.53542305682987,-3.9053542305682982,-15.662990160863302,2.0,0,80.06061,21.468052,1.65,6.15333,5474827264.0,>40,>0,>0,OK,1,1,0,1,1,ledger
CVLT,NASDAQ:CVLT,"Commvault Systems, Inc.",Weekly,2020-01-03,2020-02-28,45.18000030517578,41.70000076293945,2.5161480392895914,-146.18025288269973,-1.4618025288269973,-7.7025221751440816,8.0,0,80.06061,21.468052,1.65,6.15333,5474827264.0,>40,>0,>0,OK,1,1,0,1,1,ledger
CVLT,NASDAQ:CVLT,"Commvault Systems, Inc.",Weekly,2023-10-06,2023-10-27,68.63999938964844,64.12000274658203,3.4695781130897325,-154.3550764898675,-1.5435507648986753,-6.585076752999017,3.0,0,80.06061,21.468052,1.65,6.15333,5474827264.0,>40,>0,>0,OK,1,1,0,1,1,ledger
CVLT,NASDAQ:CVLT,"Commvault Systems, Inc.",Monthly,2022-10-31,2023-02-28,60.88999938964844,58.880001068115234,2.1947318425990754,-18.908731134206636,-0.18908731134206636,-3.3010319291855854,4.0,0,80.06061,21.468052,1.65,6.15333,5474827264.0,>40,>0,>0,OK,1,1,0,1,1,ledger
CVSA,NASDAQ:CVSA,Covista Inc. Common Shares,Daily,2024-10-11,2024-10-16,73.29000091552734,74.43000030517578,2.6130734330882452,65.61457088343191,0.6561457088343191,1.5554637404935756,3.0,1,18.555714,14.614909,7.0,8.8875,4420272128.0,"(15,25]",>0,>0,OK,1,1,1,1,1,ledger
CVSA,NASDAQ:CVSA,Covista Inc. Common Shares,Daily,2025-05-15,2025-05-21,130.39999389648438,130.6999969482422,1.7686318553115499,5.458795137796955,0.05458795137796955,0.2300637007667074,4.0,1,18.555714,14.614909,7.0,8.8875,4420272128.0,"(15,25]",>0,>0,OK,1,1,1,1,1,ledger
CVSA,NASDAQ:CVSA,Covista Inc. Common Shares,Daily,2025-10-13,2025-10-16,145.11000061035156,147.60000610351562,2.693677769118512,65.24584862234558,0.6524584862234558,1.7159434103030633,3.0,1,18.555714,14.614909,7.0,8.8875,4420272128.0,"(15,25]",>0,>0,OK,1,1,1,1,1,ledger
CVSA,NASDAQ:CVSA,Covista Inc. Common Shares,Daily,2026-02-18,2026-03-27,97.61000061035156,114.61000061035156,3.711484911107929,238.0952584484332,2.380952584484332,17.41624822630843,27.0,1,18.555714,14.614909,7.0,8.8875,4420272128.0,"(15,25]",>0,>0,OK,1,1,1,1,1,ledger
CVSA,NASDAQ:CVSA,Covista Inc. Common Shares,Weekly,2019-01-04,2019-02-08,48.209999084472656,47.790000915527344,2.8777171941245374,-11.412992774881051,-0.11412992774881049,-0.8711847685568289,5.0,0,18.555714,14.614909,7.0,8.8875,4420272128.0,"(15,25]",>0,>0,OK,1,1,1,1,1,ledger
CVSA,NASDAQ:CVSA,Covista Inc. Common Shares,Weekly,2023-01-06,2023-03-17,37.369998931884766,36.40999984741211,2.662085356057477,-36.35275336578877,-0.36352753365788776,-2.5689031627281302,10.0,0,18.555714,14.614909,7.0,8.8875,4420272128.0,"(15,25]",>0,>0,OK,1,1,1,1,1,ledger
CVSA,NASDAQ:CVSA,Covista Inc. Common Shares,Monthly,2025-12-31,2026-02-28,103.47000122070312,98.0,2.928461279181064,-30.344172777362594,-0.30344172777362594,-5.286557607200107,2.0,0,18.555714,14.614909,7.0,8.8875,4420272128.0,"(15,25]",>0,>0,OK,1,1,1,1,1,ledger
CW,NASDAQ:CW,Curtiss-Wright Corporation Common Stock,Daily,2024-10-28,2024-10-31,349.5799865722656,344.9599914550781,2.746733651470634,-70.57779924416192,-0.7057779924416192,-1.3215845570817448,3.0,0,55.358917,44.266373,13.68,17.10802,27975913472.0,>40,>0,>0,OK,1,1,0,1,1,ledger
CW,NASDAQ:CW,Curtiss-Wright Corporation Common Stock,Daily,2024-11-19,2024-11-27,361.8399963378906,371.3699951171875,2.761156411365469,83.37712061259471,0.8337712061259471,2.633760467540367,6.0,1,55.358917,44.266373,13.68,17.10802,27975913472.0,>40,>0,>0,OK,1,1,0,1,1,ledger
CW,NASDAQ:CW,Curtiss-Wright Corporation Common Stock,Weekly,2017-01-27,2017-03-24,97.9000015258789,91.22000122070312,2.6032145698804867,-179.08831885522366,-1.7908831885522367,-6.8232892758535755,8.0,0,55.358917,44.266373,13.68,17.10802,27975913472.0,>40,>0,>0,OK,1,1,0,1,1,ledger
CW,NASDAQ:CW,Curtiss-Wright Corporation Common Stock,Weekly,2019-04-26,2019-08-02,114.7300033569336,123.43000030517578,2.1046204559312156,163.33802889575355,1.6333802889575355,7.583018124017523,14.0,1,55.358917,44.266373,13.68,17.10802,27975913472.0,>40,>0,>0,OK,1,1,0,1,1,ledger
CW,NASDAQ:CW,Curtiss-Wright Corporation Common Stock,Weekly,2020-07-17,2020-08-21,92.12000274658203,100.6500015258789,2.061765426284797,73.40090668368612,0.7340090668368612,9.259659710131052,5.0,1,55.358917,44.266373,13.68,17.10802,27975913472.0,>40,>0,>0,OK,1,1,0,1,1,ledger
CW,NASDAQ:CW,Curtiss-Wright Corporation Common Stock,Weekly,2022-05-27,2022-06-10,144.49000549316406,137.77999877929688,2.005421668801573,-72.77663585119869,-0.7277663585119869,-4.643924464508823,2.0,0,55.358917,44.266373,13.68,17.10802,27975913472.0,>40,>0,>0,OK,1,1,0,1,1,ledger
CWBC,NASDAQ:CWBC,Community West Bancshares - Common Stock,Daily,2024-12-26,2024-12-30,19.670000076293945,19.3700008392334,6.731175561496509,-62.71266967649939,-0.6271266967649939,-1.5251613416214596,2.0,0,14.5,8.540701,1.78,3.022,700333824.0,"(0,15]",>0,>0,OK,1,1,1,1,1,ledger
CWBC,NASDAQ:CWBC,Community West Bancshares - Common Stock,Daily,2025-07-18,2025-07-24,20.450000762939453,20.530000686645508,1.7358469516649693,15.094305672015633,0.15094305672015634,0.3911976563396256,4.0,1,14.5,8.540701,1.78,3.022,700333824.0,"(0,15]",>0,>0,OK,1,1,1,1,1,ledger
CWBC,NASDAQ:CWBC,Community West Bancshares - Common Stock,Daily,2026-01-29,2026-02-09,23.739999771118164,25.040000915527344,1.6678526823441895,233.14082626494928,2.331408262649493,5.475994763869996,7.0,1,14.5,8.540701,1.78,3.022,700333824.0,"(0,15]",>0,>0,OK,1,1,1,1,1,ledger
CWBC,NASDAQ:CWBC,Community West Bancshares - Common Stock,Daily,2026-02-25,2026-02-27,23.809999465942383,23.229999542236328,2.9692033309600507,-90.16428497405096,-0.9016428497405097,-2.4359510151845303,2.0,0,14.5,8.540701,1.78,3.022,700333824.0,"(0,15]",>0,>0,OK,1,1,1,1,1,ledger
CWBC,NASDAQ:CWBC,Community West Bancshares - Common Stock,Weekly,2020-10-02,2020-10-30,12.489999771118164,12.899999618530273,3.4247019681669273,32.50294869378515,0.3250294869378515,3.2826249393550166,4.0,1,14.5,8.540701,1.78,3.022,700333824.0,"(0,15]",>0,>0,OK,1,1,1,1,1,ledger
CWBC,NASDAQ:CWBC,Community West Bancshares - Common Stock,Weekly,2021-09-24,2021-11-26,20.959999084472656,21.110000610351562,2.3184640095560396,12.117527436738527,0.12117527436738526,0.7156561661781209,9.0,1,14.5,8.540701,1.78,3.022,700333824.0,"(0,15]",>0,>0,OK,1,1,1,1,1,ledger
CWBC,NASDAQ:CWBC,Community West Bancshares - Common Stock,Weekly,2024-03-08,2024-04-05,19.270000457763672,18.43000030517578,1.6380078313455777,-38.00903962018751,-0.38009039620187507,-4.359108109151413,4.0,0,14.5,8.540701,1.78,3.022,700333824.0,"(0,15]",>0,>0,OK,1,1,1,1,1,ledger
CWCO,NASDAQ:CWCO,Consolidated Water Co. Ltd. - Ordinary Shares,Daily,2025-11-03,2025-11-06,34.4900016784668,34.15999984741211,1.9430836315818856,-26.82934393588845,-0.2682934393588845,-0.9568043345753681,3.0,0,27.10909,21.92647,1.1,1.36,477125664.0,"(25,40]",>0,>0,OK,1,1,0,1,1,ledger
CWCO,NASDAQ:CWCO,Consolidated Water Co. Ltd. - Ordinary Shares,Monthly,2025-05-31,2026-03-31,27.030000686645508,33.119998931884766,2.5944700076030256,140.32253527935626,1.4032253527935625,22.530514578373996,10.0,1,27.10909,21.92647,1.1,1.36,477125664.0,"(25,40]",>0,>0,OK,1,1,0,1,1,ledger
CWST,NASDAQ:CWST,"Casella Waste Systems, Inc.",Daily,2024-07-31,2024-08-01,103.55999755859375,102.29000091552734,2.1558742911027298,-54.43248065671228,-0.5443248065671228,-1.2263390044479754,1.0,0,831.8182,60.817142,0.11,1.50451,5820309504.0,>40,>0,>0,OK,1,1,0,1,1,ledger
CWST,NASDAQ:CWST,"Casella Waste Systems, Inc.",Daily,2025-01-27,2025-02-11,106.94999694824219,107.47000122070312,2.7510782023419176,22.008806447568503,0.22008806447568502,0.4862125173435867,11.0,1,831.8182,60.817142,0.11,1.50451,5820309504.0,>40,>0,>0,OK,1,1,0,1,1,ledger
CWST,NASDAQ:CWST,"Casella Waste Systems, Inc.",Weekly,2018-04-06,2018-05-11,24.5,24.209999084472656,1.8768358671574576,-18.898759665795897,-0.18898759665795897,-1.1836772062340561,5.0,0,831.8182,60.817142,0.11,1.50451,5820309504.0,>40,>0,>0,OK,1,1,0,1,1,ledger
CWST,NASDAQ:CWST,"Casella Waste Systems, Inc.",Weekly,2022-10-21,2022-12-16,76.80000305175781,81.44000244140625,1.570578666046944,68.94497882929096,0.6894497882929097,6.041665631863847,8.0,1,831.8182,60.817142,0.11,1.50451,5820309504.0,>40,>0,>0,OK,1,1,0,1,1,ledger
CWST,NASDAQ:CWST,"Casella Waste Systems, Inc.",Weekly,2025-01-10,2025-01-24,106.93000030517578,105.02999877929688,1.6185543401943332,-38.68247668657439,-0.3868247668657439,-1.7768647904763353,2.0,0,831.8182,60.817142,0.11,1.50451,5820309504.0,>40,>0,>0,OK,1,1,0,1,1,ledger
CWST,NASDAQ:CWST,"Casella Waste Systems, Inc.",Monthly,2023-11-30,2025-07-31,80.87999725341797,108.7300033569336,1.6466874806638796,307.78692409809435,3.077869240980944,34.433737696917014,20.0,1,831.8182,60.817142,0.11,1.50451,5820309504.0,>40,>0,>0,OK,1,1,0,1,1,ledger
CWST,NASDAQ:CWST,"Casella Waste Systems, Inc.",Monthly,2025-11-30,2026-02-28,96.38999938964844,93.16000366210938,1.7537051295166615,-22.794609350182256,-0.22794609350182254,-3.350965606382128,3.0,0,831.8182,60.817142,0.11,1.50451,5820309504.0,>40,>0,>0,OK,1,1,0,1,1,ledger
CXDO,NASDAQ:CXDO,"Crexendo, Inc. - Common Stock",Daily,2024-09-12,2024-09-27,4.699999809265137,4.320000171661377,1.7857159887057605,-90.47619047619048,-0.9047619047619048,-8.085099000528984,11.0,0,53.35714,14.411669,0.14,0.51833,242142816.0,>40,>0,>0,OK,1,1,0,1,1,ledger
CXDO,NASDAQ:CXDO,"Crexendo, Inc. - Common Stock",Daily,2025-01-15,2025-01-27,5.329999923706055,5.579999923706055,2.3118262375574883,84.99357353081912,0.8499357353081911,4.690431586838936,7.0,1,53.35714,14.411669,0.14,0.51833,242142816.0,>40,>0,>0,OK,1,1,0,1,1,ledger
CXDO,NASDAQ:CXDO,"Crexendo, Inc. - Common Stock",Daily,2025-07-16,2025-07-21,5.849999904632568,5.659999847412109,2.804857336621338,-74.53467702411005,-0.7453467702411006,-3.247864278937842,3.0,0,53.35714,14.411669,0.14,0.51833,242142816.0,>40,>0,>0,OK,1,1,0,1,1,ledger
CXDO,NASDAQ:CXDO,"Crexendo, Inc. - Common Stock",Daily,2025-08-13,2025-09-08,6.050000190734863,6.420000076293945,1.7948697257577424,94.87168201102837,0.9487168201102838,6.11570039494726,17.0,1,53.35714,14.411669,0.14,0.51833,242142816.0,>40,>0,>0,OK,1,1,0,1,1,ledger
CXDO,NASDAQ:CXDO,"Crexendo, Inc. - Common Stock",Weekly,2023-11-10,2024-02-23,1.9199999570846558,5.739999771118164,1.6578947450975963,1005.2631215705761,10.05263121570576,198.95832809464372,15.0,1,53.35714,14.411669,0.14,0.51833,242142816.0,>40,>0,>0,OK,1,1,0,1,1,ledger
CXDO,NASDAQ:CXDO,"Crexendo, Inc. - Common Stock",Weekly,2024-03-08,2024-03-15,5.989999771118164,4.840000152587891,1.568627854302871,-112.74506274849878,-1.1274506274849878,-19.198658805885078,1.0,0,53.35714,14.411669,0.14,0.51833,242142816.0,>40,>0,>0,OK,1,1,0,1,1,ledger
CXDO,NASDAQ:CXDO,"Crexendo, Inc. - Common Stock",Weekly,2026-07-10,2026-07-24,8.3100004196167,6.619999885559082,1.6404487519324626,-94.94383903693907,-0.9494383903693907,-20.336948841400527,2.0,0,53.35714,14.411669,0.14,0.51833,242142816.0,>40,>0,>0,OK,1,1,0,1,1,ledger
CXDO,NASDAQ:CXDO,"Crexendo, Inc. - Common Stock",Monthly,2021-06-30,2021-11-30,6.110000133514404,5.099999904632568,4.536516173005554,-68.68359122233082,-0.6868359122233081,-16.530281617209965,5.0,0,53.35714,14.411669,0.14,0.51833,242142816.0,>40,>0,>0,OK,1,1,0,1,1,ledger
CXDO,NASDAQ:CXDO,"Crexendo, Inc. - Common Stock",Monthly,2024-07-31,2025-03-31,4.170000076293945,4.869999885559082,2.5788784889876895,52.78404708006768,0.5278404708006768,16.78656586230224,8.0,1,53.35714,14.411669,0.14,0.51833,242142816.0,>40,>0,>0,OK,1,1,0,1,1,ledger
CXM,NASDAQ:CXM,"Sprinklr, Inc. Class A Common Stock",Daily,2025-03-19,2025-03-21,8.869999885559082,8.65999984741211,2.012348324475538,-51.851895458387986,-0.5185189545838799,-2.3675314639954608,2.0,0,55.583336,12.260353,0.12,0.54403,1562305920.0,>40,>0,>0,OK,1,1,0,1,1,ledger
CXM,NASDAQ:CXM,"Sprinklr, Inc. Class A Common Stock",Daily,2025-12-29,2026-01-02,7.800000190734863,7.320000171661377,2.0769198792013595,-246.1536392424409,-2.461536392424409,-6.1538462478968725,3.0,0,55.583336,12.260353,0.12,0.54403,1562305920.0,>40,>0,>0,OK,1,1,0,1,1,ledger
CXM,NASDAQ:CXM,"Sprinklr, Inc. Class A Common Stock",Daily,2026-06-26,2026-07-08,5.159999847412109,5.420000076293945,2.4782624319815567,75.36243101406049,0.7536243101406048,5.038764274619768,7.0,1,55.583336,12.260353,0.12,0.54403,1562305920.0,>40,>0,>0,OK,1,1,0,1,1,ledger
CXW,NASDAQ:CXW,"CoreCivic, Inc. Common Stock",Daily,2024-11-19,2024-12-02,22.010000228881836,21.639999389648438,2.0551710167346733,-25.51728583116948,-0.2551728583116948,-1.681057861816276,8.0,0,24.713114,14.121779,1.22,2.135,2981487104.0,"(15,25]",>0,>0,OK,1,1,1,1,1,ledger
CXW,NASDAQ:CXW,"CoreCivic, Inc. Common Stock",Weekly,2017-04-07,2017-05-05,31.93000030517578,33.470001220703125,1.6694291652083058,75.61533203030703,0.7561533203030703,4.8230532439979745,4.0,1,24.713114,14.121779,1.22,2.135,2981487104.0,"(15,25]",>0,>0,OK,1,1,1,1,1,ledger
CXW,NASDAQ:CXW,"CoreCivic, Inc. Common Stock",Weekly,2021-12-24,2022-01-21,10.289999961853027,9.989999771118164,1.5454538361102585,-27.272735154330462,-0.2727273515433046,-2.915453759446265,4.0,0,24.713114,14.121779,1.22,2.135,2981487104.0,"(15,25]",>0,>0,OK,1,1,1,1,1,ledger
CXW,NASDAQ:CXW,"CoreCivic, Inc. Common Stock",Monthly,2018-05-31,2018-10-31,21.520000457763672,22.459999084472656,2.186973624659396,15.138089131915931,0.15138089131915933,4.3680232653985165,5.0,1,24.713114,14.121779,1.22,2.135,2981487104.0,"(15,25]",>0,>0,OK,1,1,1,1,1,ledger
CYD,NASDAQ:CYD,China Yuchai International Limited Common Stock,Daily,2025-01-07,2025-01-10,10.430000305175781,10.130000114440918,2.2252233830503814,-27.02702934909616,-0.2702702934909616,-2.876320057114392,2.0,0,22.698114,11.76968,2.12,4.0884714,1805381760.0,"(15,25]",>0,>0,OK,1,1,1,1,1,ledger
CYD,NASDAQ:CYD,China Yuchai International Limited Common Stock,Daily,2025-02-04,2025-02-13,10.869999885559082,11.210000038146973,2.034708016379647,52.40918151371314,0.5240918151371313,3.127876321687774,7.0,1,22.698114,11.76968,2.12,4.0884714,1805381760.0,"(15,25]",>0,>0,OK,1,1,1,1,1,ledger
CYD,NASDAQ:CYD,China Yuchai International Limited Common Stock,Daily,2026-04-17,2026-04-22,43.2599983215332,42.59000015258789,1.5997400869754532,-29.52679376533846,-0.2952679376533846,-1.548770677163463,3.0,0,22.698114,11.76968,2.12,4.0884714,1805381760.0,"(15,25]",>0,>0,OK,1,1,1,1,1,ledger
CYD,NASDAQ:CYD,China Yuchai International Limited Common Stock,Weekly,2017-05-26,2017-08-11,17.989999771118164,16.780000686645508,1.7013887877082023,-84.02768303586211,-0.8402768303586211,-6.72595386251886,11.0,0,22.698114,11.76968,2.12,4.0884714,1805381760.0,"(15,25]",>0,>0,OK,1,1,1,1,1,ledger
CYD,NASDAQ:CYD,China Yuchai International Limited Common Stock,Weekly,2021-01-08,2021-01-29,17.309999465942383,15.970000267028809,1.8705886246836747,-78.8234911327913,-0.7882349113279131,-7.741185674500092,3.0,0,22.698114,11.76968,2.12,4.0884714,1805381760.0,"(15,25]",>0,>0,OK,1,1,1,1,1,ledger
CYD,NASDAQ:CYD,China Yuchai International Limited Common Stock,Weekly,2023-03-31,2023-04-21,7.889999866485596,7.360000133514404,1.6288667446320169,-54.63915954728972,-0.5463915954728972,-6.717360480859762,3.0,0,22.698114,11.76968,2.12,4.0884714,1805381760.0,"(15,25]",>0,>0,OK,1,1,1,1,1,ledger
CYD,NASDAQ:CYD,China Yuchai International Limited Common Stock,Weekly,2025-05-02,2025-08-01,16.610000610351562,22.350000381469727,2.4025311235778184,145.31642183397088,1.4531642183397089,34.55749283682099,13.0,1,22.698114,11.76968,2.12,4.0884714,1805381760.0,"(15,25]",>0,>0,OK,1,1,1,1,1,ledger
CYD,NASDAQ:CYD,China Yuchai International Limited Common Stock,Weekly,2026-04-10,2026-05-01,42.779998779296875,40.0,2.2102731090764696,-44.62277662221085,-0.44622776622210847,-6.498361053348694,3.0,0,22.698114,11.76968,2.12,4.0884714,1805381760.0,"(15,25]",>0,>0,OK,1,1,1,1,1,ledger
CYD,NASDAQ:CYD,China Yuchai International Limited Common Stock,Monthly,2019-01-31,2019-05-31,16.829999923706055,13.90999984741211,2.308488570321734,-60.455489076973564,-0.6045548907697357,-17.34997082311897,4.0,0,22.698114,11.76968,2.12,4.0884714,1805381760.0,"(15,25]",>0,>0,OK,1,1,1,1,1,ledger
CYH,NASDAQ:CYH,"Community Health Systems, Inc. Common Stock",Daily,2024-10-11,2024-10-21,5.429999828338623,5.75,3.071431977411521,114.28588458486176,1.1428588458486177,5.893189351338986,6.0,1,1.5744681,-5.57838,1.88,-0.53062,417387712.0,"(0,15]",>0,<=0,OK,1,1,0,0,1,ledger
CYH,NASDAQ:CYH,"Community Health Systems, Inc. Common Stock",Daily,2025-04-30,2025-05-21,2.7300000190734863,3.950000047683716,2.1785055599132064,590.6170141763372,5.906170141763371,44.68864542441563,15.0,1,1.5744681,-5.57838,1.88,-0.53062,417387712.0,"(0,15]",>0,<=0,OK,1,1,0,0,1,ledger
CYH,NASDAQ:CYH,"Community Health Systems, Inc. Common Stock",Daily,2025-05-29,2025-06-09,3.9000000953674316,3.440000057220459,1.6764689382804698,-135.29406814841408,-1.352940681484141,-11.79487248457707,7.0,0,1.5744681,-5.57838,1.88,-0.53062,417387712.0,"(0,15]",>0,<=0,OK,1,1,0,0,1,ledger
CYH,NASDAQ:CYH,"Community Health Systems, Inc. Common Stock",Daily,2025-11-05,2025-11-06,3.890000104904175,3.700000047683716,2.4545438782244755,-86.36365114164553,-0.8636365114164555,-4.884320105311138,1.0,0,1.5744681,-5.57838,1.88,-0.53062,417387712.0,"(0,15]",>0,<=0,OK,1,1,0,0,1,ledger
CYH,NASDAQ:CYH,"Community Health Systems, Inc. Common Stock",Weekly,2019-01-04,2019-03-15,3.2200000286102295,4.309999942779541,2.7622999581092285,163.63624226625353,1.6363624226625353,33.850928710698234,10.0,1,1.5744681,-5.57838,1.88,-0.53062,417387712.0,"(0,15]",>0,<=0,OK,1,1,0,0,1,ledger
CYH,NASDAQ:CYH,"Community Health Systems, Inc. Common Stock",Weekly,2019-04-26,2019-05-31,3.6700000762939453,2.6600000858306885,2.2702700090373527,-136.4864834387691,-1.3648648343876912,-27.520435135335998,5.0,0,1.5744681,-5.57838,1.88,-0.53062,417387712.0,"(0,15]",>0,<=0,OK,1,1,0,0,1,ledger
CYH,NASDAQ:CYH,"Community Health Systems, Inc. Common Stock",Weekly,2019-11-29,2019-12-20,3.200000047683716,2.950000047683716,2.8574609091816683,-48.267927916807324,-0.48267927916807324,-7.81249988358468,3.0,0,1.5744681,-5.57838,1.88,-0.53062,417387712.0,"(0,15]",>0,<=0,OK,1,1,0,0,1,ledger
CYH,NASDAQ:CYH,"Community Health Systems, Inc. Common Stock",Weekly,2021-01-08,2021-02-19,8.039999961853027,8.90999984741211,2.7154802260105186,78.74891619557005,0.7874891619557005,10.820894150334896,6.0,1,1.5744681,-5.57838,1.88,-0.53062,417387712.0,"(0,15]",>0,<=0,OK,1,1,0,0,1,ledger
CYH,NASDAQ:CYH,"Community Health Systems, Inc. Common Stock",Weekly,2021-04-30,2021-06-18,11.149999618530273,14.770000457763672,1.8100563094081838,202.23468806591117,2.0223468806591116,32.466376350518345,7.0,1,1.5744681,-5.57838,1.88,-0.53062,417387712.0,"(0,15]",>0,<=0,OK,1,1,0,0,1,ledger
CYH,NASDAQ:CYH,"Community Health Systems, Inc. Common Stock",Weekly,2021-09-03,2021-09-10,12.819999694824219,11.319999694824219,2.569514311160437,-91.33342065949608,-0.9133342065949609,-11.700468297246456,1.0,0,1.5744681,-5.57838,1.88,-0.53062,417387712.0,"(0,15]",>0,<=0,OK,1,1,0,0,1,ledger
CYH,NASDAQ:CYH,"Community Health Systems, Inc. Common Stock",Weekly,2025-07-04,2025-07-25,3.4100000858306885,2.7699999809265137,2.119828714951313,-127.989714937291,-1.2798971493729099,-18.76833104971223,3.0,0,1.5744681,-5.57838,1.88,-0.53062,417387712.0,"(0,15]",>0,<=0,OK,1,1,0,0,1,ledger
CYH,NASDAQ:CYH,"Community Health Systems, Inc. Common Stock",Weekly,2025-11-28,2025-12-12,3.4600000381469727,3.240000009536743,1.732142659474372,-39.28572340887513,-0.39285723408875134,-6.358382259673386,2.0,0,1.5744681,-5.57838,1.88,-0.53062,417387712.0,"(0,15]",>0,<=0,OK,1,1,0,0,1,ledger
CYTK,NASDAQ:CYTK,"Cytokinetics, Incorporated",Daily,2025-03-17,2025-03-18,44.90999984741211,43.279998779296875,2.2842802665438477,-54.515055287562944,-0.5451505528756294,-3.6294835752691754,1.0,0,,-16.773819,-7.04,-4.68647,10672926720.0,missing,<=0,<=0,OK,0,0,0,0,0,ledger
CYTK,NASDAQ:CYTK,"Cytokinetics, Incorporated",Daily,2025-12-31,2026-01-08,63.540000915527344,63.31999969482422,2.3846140679064423,-7.051314969005611,-0.07051314969005612,-0.34624050603273293,5.0,0,,-16.773819,-7.04,-4.68647,10672926720.0,missing,<=0,<=0,OK,0,0,0,0,0,ledger
CYTK,NASDAQ:CYTK,"Cytokinetics, Incorporated",Daily,2026-06-04,2026-06-08,72.29000091552734,67.9000015258789,2.73352979196606,-151.70923055694828,-1.5170923055694827,-6.072761563218488,2.0,0,,-16.773819,-7.04,-4.68647,10672926720.0,missing,<=0,<=0,OK,0,0,0,0,0,ledger
CYTK,NASDAQ:CYTK,"Cytokinetics, Incorporated",Weekly,2017-02-03,2017-02-24,11.25,10.199999809265137,1.5172414473489495,-72.41381578298316,-0.7241381578298316,-9.33333502875434,3.0,0,,-16.773819,-7.04,-4.68647,10672926720.0,missing,<=0,<=0,OK,0,0,0,0,0,ledger
CYTK,NASDAQ:CYTK,"Cytokinetics, Incorporated",Weekly,2020-08-21,2020-10-09,24.239999771118164,15.260000228881836,1.5308646117927136,-277.1604992779743,-2.771604992779743,-37.04620308180016,7.0,0,,-16.773819,-7.04,-4.68647,10672926720.0,missing,<=0,<=0,OK,0,0,0,0,0,ledger
CYTK,NASDAQ:CYTK,"Cytokinetics, Incorporated",Weekly,2022-11-18,2022-12-09,41.13999938964844,35.77000045776367,2.680072500153425,-98.1718049999721,-0.981718049999721,-13.052987388317641,3.0,0,,-16.773819,-7.04,-4.68647,10672926720.0,missing,<=0,<=0,OK,0,0,0,0,0,ledger
CYTK,NASDAQ:CYTK,"Cytokinetics, Incorporated",Weekly,2024-03-22,2024-04-19,67.41999816894531,67.55000305175781,5.314676521836088,1.6132007211511983,0.016132007211511982,0.19282836894585123,4.0,1,,-16.773819,-7.04,-4.68647,10672926720.0,missing,<=0,<=0,OK,0,0,0,0,0,ledger
CZFS,NASDAQ:CZFS,"Citizens Financial Services, Inc. - Common Stock",Daily,2024-08-06,2024-08-12,44.43000030517578,43.81999969482422,3.549148346734696,-17.223410583119183,-0.17223410583119184,-1.3729475718245758,4.0,0,9.070252,9.379114,9.11,8.81,397390880.0,"(0,15]",>0,>0,OK,1,1,1,0,1,ledger
CZFS,NASDAQ:CZFS,"Citizens Financial Services, Inc. - Common Stock",Daily,2026-01-05,2026-01-23,57.65999984741211,65.54000091552734,2.4143447911109894,313.9444756003593,3.1394447560035927,13.666321694360711,13.0,1,9.070252,9.379114,9.11,8.81,397390880.0,"(0,15]",>0,>0,OK,1,1,1,0,1,ledger
CZFS,NASDAQ:CZFS,"Citizens Financial Services, Inc. - Common Stock",Daily,2026-01-29,2026-02-06,61.83000183105469,65.72000122070312,2.72661182797174,141.9881742083561,1.4198817420835608,6.291443109249027,6.0,1,9.070252,9.379114,9.11,8.81,397390880.0,"(0,15]",>0,>0,OK,1,1,1,0,1,ledger
CZFS,NASDAQ:CZFS,"Citizens Financial Services, Inc. - Common Stock",Weekly,2018-05-04,2018-05-11,60.44566345214844,59.6768798828125,3.185930686865653,-82.21751347232988,-0.8221751347232988,-1.2718589315254052,1.0,0,9.070252,9.379114,9.11,8.81,397390880.0,"(0,15]",>0,>0,OK,1,1,1,0,1,ledger
CZFS,NASDAQ:CZFS,"Citizens Financial Services, Inc. - Common Stock",Weekly,2019-05-03,2019-05-10,59.6912956237793,58.6236457824707,1.6113728499956557,-70.90055739580153,-0.7090055739580152,-1.7886189772755956,1.0,0,9.070252,9.379114,9.11,8.81,397390880.0,"(0,15]",>0,>0,OK,1,1,1,0,1,ledger
CZFS,NASDAQ:CZFS,"Citizens Financial Services, Inc. - Common Stock",Weekly,2021-08-27,2021-09-10,60.66188430786133,60.17658996582031,2.1170614060097317,-42.34116155493754,-0.42341161554937545,-0.7999987926160169,2.0,0,9.070252,9.379114,9.11,8.81,397390880.0,"(0,15]",>0,>0,OK,1,1,1,0,1,ledger
CZNC,NASDAQ:CZNC,Citizens & Northern Corp - Common Stock,Daily,2024-11-21,2024-11-26,20.079999923706055,20.40999984741211,1.8036739873674619,64.69698139804112,0.6469698139804111,1.6434259211149858,3.0,1,17.251701,9.221818,1.47,2.75,455011776.0,"(15,25]",>0,>0,OK,1,1,1,1,1,ledger
CZNC,NASDAQ:CZNC,Citizens & Northern Corp - Common Stock,Daily,2025-02-04,2025-02-20,21.190000534057617,21.25,2.0995696773363868,8.454569040266916,0.08454569040266915,0.2831499029268485,11.0,1,17.251701,9.221818,1.47,2.75,455011776.0,"(15,25]",>0,>0,OK,1,1,1,1,1,ledger
CZNC,NASDAQ:CZNC,Citizens & Northern Corp - Common Stock,Weekly,2019-02-01,2019-03-22,25.399999618530273,25.520000457763672,1.994445374571641,6.666716116466995,0.06666716116466996,0.4724442560457884,7.0,1,17.251701,9.221818,1.47,2.75,455011776.0,"(15,25]",>0,>0,OK,1,1,1,1,1,ledger
CZNC,NASDAQ:CZNC,Citizens & Northern Corp - Common Stock,Weekly,2019-06-28,2019-07-12,26.329999923706055,25.520000457763672,2.2252614970271867,-61.72810195477275,-0.6172810195477275,-3.076336757650746,2.0,0,17.251701,9.221818,1.47,2.75,455011776.0,"(15,25]",>0,>0,OK,1,1,1,1,1,ledger
CZNC,NASDAQ:CZNC,Citizens & Northern Corp - Common Stock,Weekly,2024-01-26,2024-02-23,20.829999923706055,18.479999542236328,1.7747063041851698,-156.2007630209795,-1.5620076302097952,-11.281806961483735,4.0,0,17.251701,9.221818,1.47,2.75,455011776.0,"(15,25]",>0,>0,OK,1,1,1,1,1,ledger
CZNC,NASDAQ:CZNC,Citizens & Northern Corp - Common Stock,Weekly,2025-06-27,2025-07-18,19.170000076293945,19.40999984741211,3.0521751245167357,20.869552237320686,0.20869552237320688,1.2519549825925833,3.0,1,17.251701,9.221818,1.47,2.75,455011776.0,"(15,25]",>0,>0,OK,1,1,1,1,1,ledger
CZR,NASDAQ:CZR,"Caesars Entertainment, Inc.",Daily,2025-05-27,2025-05-28,28.25,27.489999771118164,1.980313766246249,-59.8425161373651,-0.598425161373651,-2.6902662969268527,1.0,0,,41.640743,-2.3,0.72333,6136057856.0,missing,<=0,>0,OK,0,0,0,0,0,ledger
CZR,NASDAQ:CZR,"Caesars Entertainment, Inc.",Daily,2026-03-31,2026-04-09,26.43000030517578,26.440000534057617,2.9865768719221597,0.6711564038920159,0.0067115640389201585,0.037836658215541503,6.0,1,,41.640743,-2.3,0.72333,6136057856.0,missing,<=0,>0,OK,0,0,0,0,0,ledger
CZR,NASDAQ:CZR,"Caesars Entertainment, Inc.",Weekly,2021-12-24,2022-01-21,94.76000213623047,72.16999816894531,2.1210825078926407,-191.27852704299397,-1.9127852704299397,-23.83917629593226,4.0,0,,41.640743,-2.3,0.72333,6136057856.0,missing,<=0,>0,OK,0,0,0,0,0,ledger
CZR,NASDAQ:CZR,"Caesars Entertainment, Inc.",Weekly,2023-01-06,2023-02-24,44.11000061035156,50.029998779296875,1.799757926122996,93.46110321357753,0.9346110321357753,13.420988635298341,7.0,1,,41.640743,-2.3,0.72333,6136057856.0,missing,<=0,>0,OK,0,0,0,0,0,ledger
CZR,NASDAQ:CZR,"Caesars Entertainment, Inc.",Weekly,2024-11-29,2024-12-06,38.4900016784668,37.599998474121094,2.1494282159196847,-25.712343451409808,-0.2571234345140981,-2.312297130513285,1.0,0,,41.640743,-2.3,0.72333,6136057856.0,missing,<=0,>0,OK,0,0,0,0,0,ledger
CZWI,NASDAQ:CZWI,"Citizens Community Bancorp, Inc. - Common Stock",Daily,2024-08-06,2024-08-07,12.25,12.239999771118164,2.1372542419788547,-1.9608283125208033,-0.019608283125208032,-0.081634521484375,1.0,0,16.694658,9.963554,1.31,2.195,211050560.0,"(15,25]",>0,>0,OK,1,1,1,1,1,ledger
CZWI,NASDAQ:CZWI,"Citizens Community Bancorp, Inc. - Common Stock",Monthly,2022-06-30,2022-09-30,13.829999923706055,12.170000076293945,1.7385622952015214,-108.49674098886693,-1.0849674098886695,-12.0028912260997,3.0,0,16.694658,9.963554,1.31,2.195,211050560.0,"(15,25]",>0,>0,OK,1,1,1,1,1,ledger
DAC,NASDAQ:DAC,Danaos Corporation Common Stock,Daily,2025-05-23,2025-05-28,84.6500015258789,83.63999938964844,2.159935441739218,-44.98020817773237,-0.4498020817773237,-1.1931507596272097,2.0,0,5.0151844,5.6620407,27.66,24.5,2525198848.0,"(0,15]",>0,>0,OK,1,1,1,0,1,ledger
DAC,NASDAQ:DAC,Danaos Corporation Common Stock,Daily,2026-03-09,2026-03-12,112.25,108.94999694824219,1.6246905858993825,-81.48149543555333,-0.8148149543555333,-2.939869088425668,3.0,0,5.0151844,5.6620407,27.66,24.5,2525198848.0,"(0,15]",>0,>0,OK,1,1,1,0,1,ledger
DAC,NASDAQ:DAC,Danaos Corporation Common Stock,Weekly,2018-08-31,2018-09-28,23.100000381469727,16.799999237060547,3.4780176237700444,-184.13038413805253,-1.8413038413805252,-27.272731776502013,4.0,0,5.0151844,5.6620407,27.66,24.5,2525198848.0,"(0,15]",>0,>0,OK,1,1,1,0,1,ledger
DAC,NASDAQ:DAC,Danaos Corporation Common Stock,Weekly,2024-09-20,2024-10-18,80.73999786376953,84.41999816894531,2.9329980830670928,61.64153354632588,0.6164153354632588,4.557840478748772,4.0,1,5.0151844,5.6620407,27.66,24.5,2525198848.0,"(0,15]",>0,>0,OK,1,1,1,0,1,ledger
DAKT,NASDAQ:DAKT,"Daktronics, Inc. - Common Stock",Daily,2024-12-24,2025-01-02,17.299999237060547,16.709999084472656,2.7263192343291043,-62.105354034448766,-0.6210535403444877,-3.410405656689138,5.0,0,23.402174,14.746575,0.92,1.46,1040024448.0,"(15,25]",>0,>0,OK,1,1,1,1,1,ledger
DAKT,NASDAQ:DAKT,"Daktronics, Inc. - Common Stock",Daily,2025-10-08,2025-10-10,19.950000762939453,19.15999984741211,4.922212096808376,-87.77773068282966,-0.8777773068282966,-3.959904187045977,2.0,0,23.402174,14.746575,0.92,1.46,1040024448.0,"(15,25]",>0,>0,OK,1,1,1,1,1,ledger
DAKT,NASDAQ:DAKT,"Daktronics, Inc. - Common Stock",Weekly,2020-02-14,2020-02-28,6.239999771118164,4.920000076293945,4.1707333525618955,-321.9512648982592,-3.219512648982592,-21.153842039126936,2.0,0,23.402174,14.746575,0.92,1.46,1040024448.0,"(15,25]",>0,>0,OK,1,1,1,1,1,ledger
DAKT,NASDAQ:DAKT,"Daktronics, Inc. - Common Stock",Weekly,2021-05-07,2021-06-18,6.489999771118164,6.449999809265137,1.5196009620014375,-8.214048668204095,-0.08214048668204095,-0.616332253677965,6.0,0,23.402174,14.746575,0.92,1.46,1040024448.0,"(15,25]",>0,>0,OK,1,1,1,1,1,ledger
DAKT,NASDAQ:DAKT,"Daktronics, Inc. - Common Stock",Weekly,2024-02-16,2024-04-12,7.710000038146973,9.479999542236328,5.2804353202383565,198.43668412951635,1.9843668412951636,22.95719189794918,8.0,1,23.402174,14.746575,0.92,1.46,1040024448.0,"(15,25]",>0,>0,OK,1,1,1,1,1,ledger
DAKT,NASDAQ:DAKT,"Daktronics, Inc. - Common Stock",Weekly,2025-10-24,2025-10-31,20.420000076293945,18.790000915527344,2.4949827821777006,-102.69749447728323,-1.0269749447728322,-7.982366085585404,1.0,0,23.402174,14.746575,0.92,1.46,1040024448.0,"(15,25]",>0,>0,OK,1,1,1,1,1,ledger
DAKT,NASDAQ:DAKT,"Daktronics, Inc. - Common Stock",Weekly,2026-05-08,2026-05-15,20.530000686645508,19.040000915527344,4.2377395855777635,-81.57921446110147,-0.8157921446110148,-7.257670342346306,1.0,0,23.402174,14.746575,0.92,1.46,1040024448.0,"(15,25]",>0,>0,OK,1,1,1,1,1,ledger
DASH,NASDAQ:DASH,"DoorDash, Inc.",Weekly,2024-06-21,2024-06-28,113.87999725341797,108.77999877929688,3.387311822747898,-58.6398019831977,-0.586398019831977,-4.478397082124994,1.0,0,95.45755,26.121122,2.12,7.74737,88176394240.0,>40,>0,>0,OK,1,1,0,1,1,ledger
DAVE,NASDAQ:DAVE,Dave Inc.,Daily,2024-07-26,2024-07-30,35.95000076293945,34.34000015258789,1.7195118490533736,-39.26830391597246,-0.39268303915972463,-4.47844388368219,2.0,0,27.55199,20.195406,15.58,21.25533,5457717760.0,"(25,40]",>0,>0,OK,1,1,0,1,1,ledger
DAVE,NASDAQ:DAVE,Dave Inc.,Daily,2024-10-21,2024-10-23,43.779998779296875,40.279998779296875,1.6812672262422028,-98.89805945067891,-0.9889805945067892,-7.994518267677784,2.0,0,27.55199,20.195406,15.58,21.25533,5457717760.0,"(25,40]",>0,>0,OK,1,1,0,1,1,ledger
DAVE,NASDAQ:DAVE,Dave Inc.,Weekly,2023-11-03,2024-05-24,5.650000095367432,42.16999816894531,2.49169903671373,2740.868654087603,27.408686540876026,646.3716364097319,29.0,1,27.55199,20.195406,15.58,21.25533,5457717760.0,"(25,40]",>0,>0,OK,1,1,0,1,1,ledger
DAVE,NASDAQ:DAVE,Dave Inc.,Weekly,2024-09-20,2024-10-25,41.20000076293945,38.7400016784668,1.7300230405916006,-19.084552652805023,-0.19084552652805023,-5.970871453685733,5.0,0,27.55199,20.195406,15.58,21.25533,5457717760.0,"(25,40]",>0,>0,OK,1,1,0,1,1,ledger
DAVE,NASDAQ:DAVE,Dave Inc.,Monthly,2023-07-31,2023-10-31,6.230000019073486,5.269999980926514,16.557450126738754,-3.2784191654306705,-0.0327841916543067,-15.409310356466774,3.0,0,27.55199,20.195406,15.58,21.25533,5457717760.0,"(25,40]",>0,>0,OK,1,1,0,1,1,ledger
DBI,NASDAQ:DBI,Designer Brands Inc. Class A Common Stock,Daily,2025-04-01,2025-04-03,3.799999952316284,2.990000009536743,1.8458176480272988,-241.14707908307588,-2.4114707908307587,-21.31578823536055,2.0,0,30.045456,11.346471,0.22,0.58256,335636512.0,"(25,40]",>0,>0,OK,1,1,0,1,1,ledger
DBI,NASDAQ:DBI,Designer Brands Inc. Class A Common Stock,Daily,2025-12-26,2025-12-31,7.78000020980835,7.429999828338623,1.979590406819741,-71.42861313442422,-0.7142861313442422,-4.498719434846241,3.0,0,30.045456,11.346471,0.22,0.58256,335636512.0,"(25,40]",>0,>0,OK,1,1,0,1,1,ledger
DBI,NASDAQ:DBI,Designer Brands Inc. Class A Common Stock,Daily,2026-05-14,2026-05-15,6.659999847412109,6.409999847412109,3.259259913356916,-46.29629956678458,-0.4629629956678458,-3.7537538397563637,1.0,0,30.045456,11.346471,0.22,0.58256,335636512.0,"(25,40]",>0,>0,OK,1,1,0,1,1,ledger
DBI,NASDAQ:DBI,Designer Brands Inc. Class A Common Stock,Weekly,2025-10-24,2025-11-21,3.680000066757202,3.5899999141693115,2.04561779850201,-14.383274852872946,-0.14383274852872946,-2.445656275957579,4.0,0,30.045456,11.346471,0.22,0.58256,335636512.0,"(25,40]",>0,>0,OK,1,1,0,1,1,ledger
DBX,NASDAQ:DBX,"Dropbox, Inc.",Daily,2025-11-21,2025-11-26,29.65999984741211,29.670000076293945,2.4631560772094105,1.0526548263912592,0.010526548263912592,0.0337162135309602,3.0,1,18.068062,10.133517,1.91,3.40553,8051205120.0,"(15,25]",>0,>0,OK,1,1,1,1,1,ledger
DBX,NASDAQ:DBX,"Dropbox, Inc.",Daily,2026-05-15,2026-05-21,26.81999969482422,27.25,1.7078668541155897,32.20978277641573,0.32209782776415724,1.6032822895921346,4.0,1,18.068062,10.133517,1.91,3.40553,8051205120.0,"(15,25]",>0,>0,OK,1,1,1,1,1,ledger
DBX,NASDAQ:DBX,"Dropbox, Inc.",Daily,2026-06-15,2026-06-17,27.229999542236328,26.40999984741211,1.833768816989887,-87.9350291316688,-0.879350291316688,-3.011383432277775,2.0,0,18.068062,10.133517,1.91,3.40553,8051205120.0,"(15,25]",>0,>0,OK,1,1,1,1,1,ledger
DBX,NASDAQ:DBX,"Dropbox, Inc.",Weekly,2018-08-10,2018-08-17,31.049999237060547,27.510000228881836,2.804055093180883,-79.72973205180085,-0.7972973205180085,-11.40096326944012,1.0,0,18.068062,10.133517,1.91,3.40553,8051205120.0,"(15,25]",>0,>0,OK,1,1,1,1,1,ledger
DBX,NASDAQ:DBX,"Dropbox, Inc.",Weekly,2019-04-12,2019-04-19,22.34000015258789,21.25,2.12452012019904,-55.80066188085854,-0.5580066188085854,-4.879141204757887,1.0,0,18.068062,10.133517,1.91,3.40553,8051205120.0,"(15,25]",>0,>0,OK,1,1,1,1,1,ledger
DBX,NASDAQ:DBX,"Dropbox, Inc.",Weekly,2025-03-21,2025-04-04,26.5,25.450000762939453,3.348038610702839,-51.470527736950565,-0.5147052773695057,-3.9622612719265917,2.0,0,18.068062,10.133517,1.91,3.40553,8051205120.0,"(15,25]",>0,>0,OK,1,1,1,1,1,ledger
DBX,NASDAQ:DBX,"Dropbox, Inc.",Weekly,2025-07-25,2025-08-01,27.770000457763672,26.459999084472656,1.751981600556829,-87.26612300671056,-0.8726612300671055,-4.71732571730937,1.0,0,18.068062,10.133517,1.91,3.40553,8051205120.0,"(15,25]",>0,>0,OK,1,1,1,1,1,ledger
DBX,NASDAQ:DBX,"Dropbox, Inc.",Weekly,2025-10-24,2025-12-12,29.360000610351562,28.31999969482422,1.8765428028826852,-64.19755412098942,-0.6419755412098942,-3.542237377068265,7.0,0,18.068062,10.133517,1.91,3.40553,8051205120.0,"(15,25]",>0,>0,OK,1,1,1,1,1,ledger
DBX,NASDAQ:DBX,"Dropbox, Inc.",Monthly,2022-07-31,2022-09-30,22.739999771118164,20.719999313354492,2.669589237873244,-52.55917507062885,-0.5255917507062885,-8.88302760815879,2.0,0,18.068062,10.133517,1.91,3.40553,8051205120.0,"(15,25]",>0,>0,OK,1,1,1,1,1,ledger
DBX,NASDAQ:DBX,"Dropbox, Inc.",Monthly,2024-07-31,2025-02-28,23.920000076293945,25.979999542236328,2.8459142843374985,61.64649594905798,0.6164649594905798,8.612037873628426,7.0,1,18.068062,10.133517,1.91,3.40553,8051205120.0,"(15,25]",>0,>0,OK,1,1,1,1,1,ledger
DCBO,NASDAQ:DCBO,Docebo Inc. - Common Shares,Daily,2024-10-04,2024-10-23,43.36000061035156,44.959999084472656,1.7035375375983635,70.7963257410802,0.707963257410802,3.6900333293332968,13.0,1,17.930435,10.50524,1.15,1.96283,523390304.0,"(15,25]",>0,>0,OK,1,1,1,1,1,ledger
DCBO,NASDAQ:DCBO,Docebo Inc. - Common Shares,Daily,2024-11-20,2024-12-02,48.04999923706055,48.810001373291016,3.7483898277970975,49.03242002052554,0.4903242002052554,1.5816902149798282,7.0,1,17.930435,10.50524,1.15,1.96283,523390304.0,"(15,25]",>0,>0,OK,1,1,1,1,1,ledger
DCBO,NASDAQ:DCBO,Docebo Inc. - Common Shares,Daily,2026-03-16,2026-03-19,19.860000610351562,19.649999618530273,2.247204669458237,-17.41385124871703,-0.1741385124871703,-1.0574067742567488,3.0,0,17.930435,10.50524,1.15,1.96283,523390304.0,"(15,25]",>0,>0,OK,1,1,1,1,1,ledger
DCBO,NASDAQ:DCBO,Docebo Inc. - Common Shares,Weekly,2021-10-15,2021-10-29,77.23999786376953,75.05999755859375,1.6412705973535278,-23.06879374793118,-0.23068793747931182,-2.8223723012275483,2.0,0,17.930435,10.50524,1.15,1.96283,523390304.0,"(15,25]",>0,>0,OK,1,1,1,1,1,ledger
DCBO,NASDAQ:DCBO,Docebo Inc. - Common Shares,Weekly,2024-05-03,2024-05-10,45.619998931884766,35.810001373291016,3.0669210833300373,-278.83675428211893,-2.78836754282119,-21.503721587633223,1.0,0,17.930435,10.50524,1.15,1.96283,523390304.0,"(15,25]",>0,>0,OK,1,1,1,1,1,ledger
DCOM,NASDAQ:DCOM,"Dime Commercial Bancshares, Inc. Common Stock",Daily,2024-08-16,2024-08-27,23.43000030517578,24.850000381469727,1.5157893363128132,74.73686112591817,0.7473686112591816,6.060606307291689,7.0,1,15.123189,9.657566,2.76,4.322,1843096448.0,"(15,25]",>0,>0,OK,1,1,1,1,1,ledger
DCOM,NASDAQ:DCOM,"Dime Commercial Bancshares, Inc. Common Stock",Daily,2024-09-27,2024-10-01,28.09000015258789,27.530000686645508,2.018868069275426,-55.69284030492523,-0.5569284030492523,-1.99359011356499,2.0,0,15.123189,9.657566,2.76,4.322,1843096448.0,"(15,25]",>0,>0,OK,1,1,1,1,1,ledger
DCOM,NASDAQ:DCOM,"Dime Commercial Bancshares, Inc. Common Stock",Daily,2025-02-14,2025-02-24,31.34000015258789,30.459999084472656,2.0781201487574323,-68.74992689783434,-0.6874992689783433,-2.8079166044374397,5.0,0,15.123189,9.657566,2.76,4.322,1843096448.0,"(15,25]",>0,>0,OK,1,1,1,1,1,ledger
DCOM,NASDAQ:DCOM,"Dime Commercial Bancshares, Inc. Common Stock",Daily,2025-09-26,2025-09-29,30.40999984741211,29.860000610351562,1.8446716485395511,-71.95518504389173,-0.7195518504389173,-1.8086130872090478,1.0,0,15.123189,9.657566,2.76,4.322,1843096448.0,"(15,25]",>0,>0,OK,1,1,1,1,1,ledger
DCOM,NASDAQ:DCOM,"Dime Commercial Bancshares, Inc. Common Stock",Daily,2026-01-14,2026-02-10,30.110000610351562,35.90999984741211,2.065420294195241,542.0561580639871,5.4205615806398715,19.262700496480747,18.0,1,15.123189,9.657566,2.76,4.322,1843096448.0,"(15,25]",>0,>0,OK,1,1,1,1,1,ledger
DCOM,NASDAQ:DCOM,"Dime Commercial Bancshares, Inc. Common Stock",Daily,2026-03-10,2026-03-27,32.08000183105469,32.880001068115234,3.1066626146156127,53.33321465401375,0.5333321465401376,2.493763065456301,13.0,1,15.123189,9.657566,2.76,4.322,1843096448.0,"(15,25]",>0,>0,OK,1,1,1,1,1,ledger
DCOM,NASDAQ:DCOM,"Dime Commercial Bancshares, Inc. Common Stock",Weekly,2017-01-27,2017-02-10,36.650001525878906,35.5,1.5828914730712165,-79.14470491994727,-0.7914470491994728,-3.137793937244121,2.0,0,15.123189,9.657566,2.76,4.322,1843096448.0,"(15,25]",>0,>0,OK,1,1,1,1,1,ledger
DCOM,NASDAQ:DCOM,"Dime Commercial Bancshares, Inc. Common Stock",Weekly,2021-12-24,2022-01-21,34.43000030517578,36.119998931884766,1.8852239830584985,81.27620996478461,0.8127620996478461,4.908505988177208,4.0,1,15.123189,9.657566,2.76,4.322,1843096448.0,"(15,25]",>0,>0,OK,1,1,1,1,1,ledger
DCOM,NASDAQ:DCOM,"Dime Commercial Bancshares, Inc. Common Stock",Weekly,2025-01-17,2025-03-07,31.959999084472656,28.440000534057617,1.7039275829740006,-106.34438424034211,-1.063443842403421,-11.013762988889395,7.0,0,15.123189,9.657566,2.76,4.322,1843096448.0,"(15,25]",>0,>0,OK,1,1,1,1,1,ledger
DCOM,NASDAQ:DCOM,"Dime Commercial Bancshares, Inc. Common Stock",Weekly,2026-03-27,2026-04-24,32.880001068115234,35.290000915527344,1.7304337225704745,104.78254992482563,1.0478254992482563,7.329682996115111,4.0,1,15.123189,9.657566,2.76,4.322,1843096448.0,"(15,25]",>0,>0,OK,1,1,1,1,1,ledger
DCOY,NASDAQ:DCOY,Decoy Therapeutics Inc. - Common Stock,Daily,2024-09-11,2024-09-24,288.0,279.0,20.28975943638756,-18.115856639631748,-0.1811585663963175,-3.125,9.0,0,0.03941553,-0.22619036,110.87,-19.32001,2324700.0,"(0,15]",>0,<=0,OK,1,1,0,0,1,ledger
DCOY,NASDAQ:DCOY,Decoy Therapeutics Inc. - Common Stock,Daily,2026-01-26,2026-01-30,9.63599967956543,9.251999855041504,4.0183087482798845,-21.18382441213838,-0.21183824412138377,-3.9850543513223076,4.0,0,0.03941553,-0.22619036,110.87,-19.32001,2324700.0,"(0,15]",>0,<=0,OK,1,1,0,0,1,ledger
DCOY,NASDAQ:DCOY,Decoy Therapeutics Inc. - Common Stock,Daily,2026-07-15,2026-07-17,6.179999828338623,5.610000133514404,6.384966118263171,-49.65113969984603,-0.4965113969984603,-9.223296288949129,2.0,0,0.03941553,-0.22619036,110.87,-19.32001,2324700.0,"(0,15]",>0,<=0,OK,1,1,0,0,1,ledger
DCOY,NASDAQ:DCOY,Decoy Therapeutics Inc. - Common Stock,Weekly,2019-05-31,2019-06-21,429300.0,450000.0,2.0943247475539826,17.021013849378654,0.17021013849378655,4.821802935010482,3.0,1,0.03941553,-0.22619036,110.87,-19.32001,2324700.0,"(0,15]",>0,<=0,OK,1,1,0,0,1,ledger
DCOY,NASDAQ:DCOY,Decoy Therapeutics Inc. - Common Stock,Weekly,2021-04-30,2021-06-04,46080.0,43560.0,5.617110263524694,-17.711608939041827,-0.17711608939041826,-5.46875,5.0,0,0.03941553,-0.22619036,110.87,-19.32001,2324700.0,"(0,15]",>0,<=0,OK,1,1,0,0,1,ledger
DCTH,NASDAQ:DCTH,"Delcath Systems, Inc. - Common Stock",Daily,2024-09-27,2024-10-01,9.135000228881836,8.859999656677246,5.420230543098981,-57.109835130424266,-0.5710983513042426,-3.0104057505672457,2.0,0,1314.0001,-25.764708,0.01,-0.51,453614464.0,>40,>0,<=0,OK,1,1,0,0,1,ledger
DCTH,NASDAQ:DCTH,"Delcath Systems, Inc. - Common Stock",Daily,2026-06-04,2026-06-10,10.789999961853027,11.1899995803833,2.5084747680470696,67.79652797982737,0.6779652797982737,3.7071327149623015,4.0,1,1314.0001,-25.764708,0.01,-0.51,453614464.0,>40,>0,<=0,OK,1,1,0,0,1,ledger
DCTH,NASDAQ:DCTH,"Delcath Systems, Inc. - Common Stock",Weekly,2021-06-11,2021-06-18,11.869999885559082,10.1899995803833,5.432653655433939,-68.57144636593615,-0.6857144636593615,-14.153330424372221,1.0,0,1314.0001,-25.764708,0.01,-0.51,453614464.0,>40,>0,<=0,OK,1,1,0,0,1,ledger
DCX,NASDAQ:DCX,Digital Currency X Technology Inc. - Class A Ordinary Shares,Daily,2024-07-31,2024-08-02,3960.0,3756.0,2.83625616955889,-14.436034395958425,-0.14436034395958422,-5.151515151515151,2.0,0,0.0028119315,,362.74,,358608736.0,"(0,15]",>0,missing,OK,1,1,0,0,1,ledger
DCX,NASDAQ:DCX,Digital Currency X Technology Inc. - Class A Ordinary Shares,Daily,2025-01-10,2025-01-13,2436.0,2292.0,2.965032681185312,-59.300653623706246,-0.5930065362370625,-5.911330049261084,1.0,0,0.0028119315,,362.74,,358608736.0,"(0,15]",>0,missing,OK,1,1,0,0,1,ledger
DCX,NASDAQ:DCX,Digital Currency X Technology Inc. - Class A Ordinary Shares,Weekly,2023-01-20,2023-04-28,370800.0,343800.0,2.6910137968138423,-1345.5068984069212,-13.455068984069213,-7.281553398058252,14.0,0,0.0028119315,,362.74,,358608736.0,"(0,15]",>0,missing,OK,1,1,0,0,1,ledger
DCX,NASDAQ:DCX,Digital Currency X Technology Inc. - Class A Ordinary Shares,Monthly,2023-10-31,2023-12-31,99720.0,25272.0,6.743421052631579,-136.05263157894737,-1.3605263157894736,-74.65703971119133,2.0,0,0.0028119315,,362.74,,358608736.0,"(0,15]",>0,missing,OK,1,1,0,0,1,ledger
DDD,NASDAQ:DDD,3D Systems Corporation Common Stock,Daily,2025-01-06,2025-01-07,3.440000057220459,3.390000104904175,2.2285697547763736,-14.285694822981089,-0.1428569482298109,-1.4534869617614032,1.0,0,6.472727,-27.921568,0.55,-0.1275,591483392.0,"(0,15]",>0,<=0,OK,1,1,1,0,1,ledger
DDD,NASDAQ:DDD,3D Systems Corporation Common Stock,Daily,2025-09-05,2025-09-17,2.119999885559082,2.240000009536743,3.4415410637530885,71.20435153186003,0.7120435153186003,5.66038351204981,8.0,1,6.472727,-27.921568,0.55,-0.1275,591483392.0,"(0,15]",>0,<=0,OK,1,1,1,0,1,ledger
DDD,NASDAQ:DDD,3D Systems Corporation Common Stock,Daily,2025-10-02,2025-10-10,2.990000009536743,2.890000104904175,1.822691805776809,-45.56724082398436,-0.4556724082398436,-3.3444784051375938,6.0,0,6.472727,-27.921568,0.55,-0.1275,591483392.0,"(0,15]",>0,<=0,OK,1,1,1,0,1,ledger
DDD,NASDAQ:DDD,3D Systems Corporation Common Stock,Daily,2026-06-16,2026-06-22,3.190000057220459,3.259999990463257,2.2682917893892123,17.073150875315832,0.17073150875315832,2.1943552347077655,3.0,1,6.472727,-27.921568,0.55,-0.1275,591483392.0,"(0,15]",>0,<=0,OK,1,1,1,0,1,ledger
DDD,NASDAQ:DDD,3D Systems Corporation Common Stock,Weekly,2017-04-21,2017-06-02,15.15999984741211,20.68000030517578,1.6688742223766067,365.5628888116967,3.655628888116967,36.41161288471889,6.0,1,6.472727,-27.921568,0.55,-0.1275,591483392.0,"(0,15]",>0,<=0,OK,1,1,1,0,1,ledger
DDD,NASDAQ:DDD,3D Systems Corporation Common Stock,Weekly,2021-05-14,2021-06-18,22.329999923706055,27.950000762939453,5.808759632163842,95.53770539881883,0.9553770539881883,25.167939357075735,5.0,1,6.472727,-27.921568,0.55,-0.1275,591483392.0,"(0,15]",>0,<=0,OK,1,1,1,0,1,ledger
DDD,NASDAQ:DDD,3D Systems Corporation Common Stock,Weekly,2026-01-09,2026-01-30,2.3299999237060547,2.240000009536743,2.333333837923018,-14.285703473078186,-0.14285703473078185,-3.8626573869650316,3.0,0,6.472727,-27.921568,0.55,-0.1275,591483392.0,"(0,15]",>0,<=0,OK,1,1,1,0,1,ledger
DDD,NASDAQ:DDD,3D Systems Corporation Common Stock,Monthly,2021-05-31,2021-11-30,29.40999984741211,22.780000686645508,2.268844132403216,-55.52762867853493,-0.5552762867853493,-22.54334986455295,6.0,0,6.472727,-27.921568,0.55,-0.1275,591483392.0,"(0,15]",>0,<=0,OK,1,1,1,0,1,ledger
DDOG,NASDAQ:DDOG,"Datadog, Inc.",Daily,2025-01-06,2025-01-07,146.0399932861328,141.39999389648438,5.3310991170372235,-102.89637211644522,-1.0289637211644522,-3.1772114509464497,1.0,0,758.2895,99.865524,0.38,2.88538,102569926656.0,>40,>0,>0,OK,1,1,0,1,1,ledger
DDOG,NASDAQ:DDOG,"Datadog, Inc.",Daily,2025-02-03,2025-02-07,143.15499877929688,142.64999389648438,1.9238054950254855,-9.464502935568733,-0.09464502935568733,-0.352767899911808,4.0,0,758.2895,99.865524,0.38,2.88538,102569926656.0,>40,>0,>0,OK,1,1,0,1,1,ledger
DDOG,NASDAQ:DDOG,"Datadog, Inc.",Daily,2025-07-17,2025-07-31,143.14999389648438,139.97999572753906,1.9457019241004063,-43.35935950978121,-0.4335935950978121,-2.214459171571899,10.0,0,758.2895,99.865524,0.38,2.88538,102569926656.0,>40,>0,>0,OK,1,1,0,1,1,ledger
DDOG,NASDAQ:DDOG,"Datadog, Inc.",Daily,2025-09-18,2025-09-24,136.80999755859375,136.57000732421875,1.8421641212888795,-5.297799095924925,-0.05297799095924925,-0.17541863800722285,4.0,0,758.2895,99.865524,0.38,2.88538,102569926656.0,>40,>0,>0,OK,1,1,0,1,1,ledger
DDOG,NASDAQ:DDOG,"Datadog, Inc.",Daily,2025-11-28,2025-12-01,160.00999450683594,157.89999389648438,5.174431512506346,-26.194941389526644,-0.26194941389526644,-1.3186680099919754,1.0,0,758.2895,99.865524,0.38,2.88538,102569926656.0,>40,>0,>0,OK,1,1,0,1,1,ledger
DDOG,NASDAQ:DDOG,"Datadog, Inc.",Weekly,2022-02-04,2022-03-04,150.25999450683594,142.19000244140625,1.5904416209975134,-25.973589077316948,-0.2597358907731695,-5.370685718388303,4.0,0,758.2895,99.865524,0.38,2.88538,102569926656.0,>40,>0,>0,OK,1,1,0,1,1,ledger
DDS,NASDAQ:DDS,"Dillard's, Inc. Common Stock",Daily,2024-07-23,2024-07-29,412.05999755859375,389.05999755859375,2.9458294112740835,-112.24993148807891,-1.1224993148807894,-5.581711434323218,4.0,0,14.6931305,18.143234,42.07,34.07,9653524480.0,"(0,15]",>0,>0,OK,1,1,1,0,1,ledger
DDS,NASDAQ:DDS,"Dillard's, Inc. Common Stock",Daily,2024-10-07,2024-10-09,370.0199890136719,360.92999267578125,2.3616706256147917,-76.91714267772278,-0.7691714267772277,-2.4566230495063226,2.0,0,14.6931305,18.143234,42.07,34.07,9653524480.0,"(0,15]",>0,>0,OK,1,1,1,0,1,ledger
DDS,NASDAQ:DDS,"Dillard's, Inc. Common Stock",Daily,2024-11-04,2024-11-11,380.95001220703125,388.07000732421875,1.5259100808960797,60.49263638249326,0.6049263638249326,1.8690103396867892,5.0,1,14.6931305,18.143234,42.07,34.07,9653524480.0,"(0,15]",>0,>0,OK,1,1,1,0,1,ledger
DDS,NASDAQ:DDS,"Dillard's, Inc. Common Stock",Daily,2025-07-14,2025-07-29,439.1099853515625,483.42999267578125,1.5063221149724828,311.2362199324498,3.112362199324498,10.093144952906282,11.0,1,14.6931305,18.143234,42.07,34.07,9653524480.0,"(0,15]",>0,>0,OK,1,1,1,0,1,ledger
DDS,NASDAQ:DDS,"Dillard's, Inc. Common Stock",Daily,2025-08-08,2025-08-26,471.05999755859375,525.3200073242188,2.0228782287822877,253.31490689424268,2.5331490689424268,11.518704633559073,12.0,1,14.6931305,18.143234,42.07,34.07,9653524480.0,"(0,15]",>0,>0,OK,1,1,1,0,1,ledger
DDS,NASDAQ:DDS,"Dillard's, Inc. Common Stock",Daily,2026-01-05,2026-01-14,646.2000122070312,648.719970703125,2.184760711426682,5.74807699001079,0.0574807699001079,0.38996571471533786,7.0,1,14.6931305,18.143234,42.07,34.07,9653524480.0,"(0,15]",>0,>0,OK,1,1,1,0,1,ledger
DDS,NASDAQ:DDS,"Dillard's, Inc. Common Stock",Weekly,2017-09-01,2017-09-08,60.36000061035156,56.400001525878906,3.3867597859301313,-58.10903200868273,-0.5810903200868273,-6.560634599784162,1.0,0,14.6931305,18.143234,42.07,34.07,9653524480.0,"(0,15]",>0,>0,OK,1,1,1,0,1,ledger
DDS,NASDAQ:DDS,"Dillard's, Inc. Common Stock",Weekly,2018-08-10,2018-08-17,85.83000183105469,74.56999969482422,1.6272032992797238,-141.81358531466918,-1.4181358531466919,-13.118958284999612,1.0,0,14.6931305,18.143234,42.07,34.07,9653524480.0,"(0,15]",>0,>0,OK,1,1,1,0,1,ledger
DDS,NASDAQ:DDS,"Dillard's, Inc. Common Stock",Weekly,2020-08-07,2020-08-21,27.860000610351562,25.440000534057617,1.820905797849654,-38.65432503901349,-0.38654325039013493,-8.686288669336133,2.0,0,14.6931305,18.143234,42.07,34.07,9653524480.0,"(0,15]",>0,>0,OK,1,1,1,0,1,ledger
DDS,NASDAQ:DDS,"Dillard's, Inc. Common Stock",Weekly,2021-03-05,2021-06-18,84.91000366210938,154.02000427246094,3.768226775799198,604.3680132467936,6.043680132467936,81.39205939192713,15.0,1,14.6931305,18.143234,42.07,34.07,9653524480.0,"(0,15]",>0,>0,OK,1,1,1,0,1,ledger
DDS,NASDAQ:DDS,"Dillard's, Inc. Common Stock",Weekly,2022-02-25,2022-05-20,265.9200134277344,250.35000610351562,3.02063176015831,-31.189910128446446,-0.31189910128446446,-5.855146862968255,12.0,0,14.6931305,18.143234,42.07,34.07,9653524480.0,"(0,15]",>0,>0,OK,1,1,1,0,1,ledger
DDS,NASDAQ:DDS,"Dillard's, Inc. Common Stock",Weekly,2022-12-30,2023-02-24,323.20001220703125,352.4100036621094,1.9843368579968732,85.74331893419041,0.8574331893419042,9.037744539553783,8.0,1,14.6931305,18.143234,42.07,34.07,9653524480.0,"(0,15]",>0,>0,OK,1,1,1,0,1,ledger
DDS,NASDAQ:DDS,"Dillard's, Inc. Common Stock",Weekly,2023-09-29,2023-10-06,330.80999755859375,301.010009765625,1.9570606276921325,-111.93930131111816,-1.1193930131111816,-9.008188389980722,1.0,0,14.6931305,18.143234,42.07,34.07,9653524480.0,"(0,15]",>0,>0,OK,1,1,1,0,1,ledger
DDS,NASDAQ:DDS,"Dillard's, Inc. Common Stock",Monthly,2017-11-30,2018-04-30,60.099998474121094,74.55000305175781,1.6150170669326174,99.98714671534927,0.9998714671534926,24.0432694584158,5.0,1,14.6931305,18.143234,42.07,34.07,9653524480.0,"(0,15]",>0,>0,OK,1,1,1,0,1,ledger
DEA,NASDAQ:DEA,"Easterly Government Properties, Inc. Common Stock",Daily,2024-07-22,2024-08-01,33.974998474121094,33.79999923706055,1.7408457060607183,-31.245738999235282,-0.31245738999235284,-0.5150823985874335,8.0,0,115.59091,97.80769,0.22,0.26,1246217728.0,>40,>0,>0,OK,1,1,0,1,1,ledger
DEA,NASDAQ:DEA,"Easterly Government Properties, Inc. Common Stock",Daily,2025-05-23,2025-05-30,21.200000762939453,21.729999542236328,1.5496457938610209,75.34956551509772,0.7534956551509773,2.4999941519973268,4.0,1,115.59091,97.80769,0.22,0.26,1246217728.0,>40,>0,>0,OK,1,1,0,1,1,ledger
DEA,NASDAQ:DEA,"Easterly Government Properties, Inc. Common Stock",Daily,2025-06-26,2025-07-07,22.34000015258789,22.40999984741211,2.1353422505452206,12.56077636988596,0.12560776369885962,0.3133379335098613,6.0,1,115.59091,97.80769,0.22,0.26,1246217728.0,>40,>0,>0,OK,1,1,0,1,1,ledger
DEA,NASDAQ:DEA,"Easterly Government Properties, Inc. Common Stock",Weekly,2017-09-01,2017-10-20,50.17499923706055,50.79999923706055,2.5487458636064373,36.61989256531492,0.3661989256531492,1.2456402780338438,7.0,1,115.59091,97.80769,0.22,0.26,1246217728.0,>40,>0,>0,OK,1,1,0,1,1,ledger
DEA,NASDAQ:DEA,"Easterly Government Properties, Inc. Common Stock",Weekly,2020-07-31,2020-09-11,61.125,58.67499923706055,2.5095706949394834,-46.88998044830189,-0.46889980448301893,-4.0081812072629095,6.0,0,115.59091,97.80769,0.22,0.26,1246217728.0,>40,>0,>0,OK,1,1,0,1,1,ledger
DEA,NASDAQ:DEA,"Easterly Government Properties, Inc. Common Stock",Weekly,2021-04-16,2021-05-07,53.724998474121094,52.95000076293945,2.0339845408894988,-29.259083815111044,-0.2925908381511104,-1.4425271906800536,3.0,0,115.59091,97.80769,0.22,0.26,1246217728.0,>40,>0,>0,OK,1,1,0,1,1,ledger
DEA,NASDAQ:DEA,"Easterly Government Properties, Inc. Common Stock",Monthly,2021-07-31,2021-09-30,56.75,51.650001525878906,2.285947655382811,-66.66663342312414,-0.6666663342312414,-8.986781452195759,2.0,0,115.59091,97.80769,0.22,0.26,1246217728.0,>40,>0,>0,OK,1,1,0,1,1,ledger
DEC,NASDAQ:DEC,Diversified Energy Company Common Stock,Daily,2024-11-12,2024-11-22,12.869999885559082,15.850000381469727,1.5555568637516395,735.8030767202059,7.358030767202059,23.15462721374524,8.0,1,1.7005075,5.5457835,7.88,2.41625,925787136.0,"(0,15]",>0,>0,OK,1,1,0,0,1,ledger
DEC,NASDAQ:DEC,Diversified Energy Company Common Stock,Daily,2025-01-16,2025-01-17,16.68000030517578,16.270000457763672,1.8488599625669087,-74.31685905325568,-0.7431685905325569,-2.4580326133740353,1.0,0,1.7005075,5.5457835,7.88,2.41625,925787136.0,"(0,15]",>0,>0,OK,1,1,0,0,1,ledger
DEC,NASDAQ:DEC,Diversified Energy Company Common Stock,Daily,2025-07-10,2025-07-15,14.470000267028809,14.600000381469727,2.1263644925254868,33.30453647960995,0.33304536479609953,0.8984112787968281,3.0,1,1.7005075,5.5457835,7.88,2.41625,925787136.0,"(0,15]",>0,>0,OK,1,1,0,0,1,ledger
DEC,NASDAQ:DEC,Diversified Energy Company Common Stock,Daily,2025-11-24,2025-12-08,14.800000190734863,15.40999984741211,1.580644714720581,98.38705956004843,0.9838705956004842,4.121619248755954,9.0,1,1.7005075,5.5457835,7.88,2.41625,925787136.0,"(0,15]",>0,>0,OK,1,1,0,0,1,ledger
DEC,NASDAQ:DEC,Diversified Energy Company Common Stock,Daily,2026-04-10,2026-04-13,16.700000762939453,16.15999984741211,2.115381652789495,-51.92311924586436,-0.5192311924586436,-3.233538268607213,1.0,0,1.7005075,5.5457835,7.88,2.41625,925787136.0,"(0,15]",>0,>0,OK,1,1,0,0,1,ledger
DEC,NASDAQ:DEC,Diversified Energy Company Common Stock,Weekly,2024-03-29,2024-06-21,12.029999732971191,13.470000267028809,4.0321496189135395,96.4501342681428,0.9645013426814281,11.97007951804803,12.0,1,1.7005075,5.5457835,7.88,2.41625,925787136.0,"(0,15]",>0,>0,OK,1,1,0,0,1,ledger
DFH,NASDAQ:DFH,"Dream Finders Homes, Inc. Class A Common Stock",Daily,2025-02-05,2025-02-07,22.600000381469727,21.139999389648438,2.5699807067760494,-127.62495575727253,-1.2762495575727253,-6.46018127069758,2.0,0,10.134752,12.0590725,1.41,1.185,1296444288.0,"(0,15]",>0,>0,OK,1,1,1,0,1,ledger
DFH,NASDAQ:DFH,"Dream Finders Homes, Inc. Class A Common Stock",Daily,2025-03-19,2025-03-21,24.600000381469727,23.440000534057617,1.619402857606477,-86.56714293441283,-0.8656714293441283,-4.715446461073612,2.0,0,10.134752,12.0590725,1.41,1.185,1296444288.0,"(0,15]",>0,>0,OK,1,1,1,0,1,ledger
DFH,NASDAQ:DFH,"Dream Finders Homes, Inc. Class A Common Stock",Daily,2025-09-03,2025-09-09,27.809999465942383,29.639999389648438,2.0779961544021646,146.82365173676922,1.4682365173676921,6.580366626569593,4.0,1,10.134752,12.0590725,1.41,1.185,1296444288.0,"(0,15]",>0,>0,OK,1,1,1,0,1,ledger
DFH,NASDAQ:DFH,"Dream Finders Homes, Inc. Class A Common Stock",Daily,2026-06-09,2026-06-10,14.819999694824219,14.430000305175781,1.5867257984046956,-46.52797958009717,-0.4652797958009717,-2.631574883126631,1.0,0,10.134752,12.0590725,1.41,1.185,1296444288.0,"(0,15]",>0,>0,OK,1,1,1,0,1,ledger
DFH,NASDAQ:DFH,"Dream Finders Homes, Inc. Class A Common Stock",Daily,2026-07-15,2026-07-17,16.149999618530273,15.84000015258789,2.02338397301608,-35.84274005893495,-0.35842740058934947,-1.9195013824439597,2.0,0,10.134752,12.0590725,1.41,1.185,1296444288.0,"(0,15]",>0,>0,OK,1,1,1,0,1,ledger
DFH,NASDAQ:DFH,"Dream Finders Homes, Inc. Class A Common Stock",Weekly,2024-07-12,2024-08-02,27.829999923706055,28.25,4.546704373488269,11.538465569207423,0.11538465569207423,1.509163052264985,3.0,1,10.134752,12.0590725,1.41,1.185,1296444288.0,"(0,15]",>0,>0,OK,1,1,1,0,1,ledger
DFH,NASDAQ:DFH,"Dream Finders Homes, Inc. Class A Common Stock",Monthly,2024-07-31,2024-10-31,31.549999237060547,29.850000381469727,1.7432070777159185,-23.097814608271726,-0.23097814608271727,-5.388269086212523,3.0,0,10.134752,12.0590725,1.41,1.185,1296444288.0,"(0,15]",>0,>0,OK,1,1,1,0,1,ledger
DFIN,NASDAQ:DFIN,"Donnelley Financial Solutions, Inc. Common Stock",Daily,2025-02-13,2025-02-14,66.54000091552734,65.8499984741211,2.1316279710664596,-43.400074673797924,-0.4340007467379792,-1.0369738982754289,1.0,0,32.266235,9.100732,1.54,5.46,1221647744.0,"(25,40]",>0,>0,OK,1,1,0,1,1,ledger
DFIN,NASDAQ:DFIN,"Donnelley Financial Solutions, Inc. Common Stock",Daily,2025-07-17,2025-07-18,61.88999938964844,61.099998474121094,3.175222660399392,-57.532762788224105,-0.5753276278822411,-1.2764597242175402,1.0,0,32.266235,9.100732,1.54,5.46,1221647744.0,"(25,40]",>0,>0,OK,1,1,0,1,1,ledger
DFIN,NASDAQ:DFIN,"Donnelley Financial Solutions, Inc. Common Stock",Weekly,2023-03-24,2023-05-05,39.11000061035156,42.45000076293945,3.3065780349439047,97.99441608406009,0.9799441608406009,8.54001559821982,6.0,1,32.266235,9.100732,1.54,5.46,1221647744.0,"(25,40]",>0,>0,OK,1,1,0,1,1,ledger
DFIN,NASDAQ:DFIN,"Donnelley Financial Solutions, Inc. Common Stock",Monthly,2022-07-31,2025-02-28,33.9900016784668,49.56999969482422,1.9531413865142955,165.92114871528204,1.6592114871528205,45.837002786109295,31.0,1,32.266235,9.100732,1.54,5.46,1221647744.0,"(25,40]",>0,>0,OK,1,1,0,1,1,ledger
DGICA,NASDAQ:DGICA,"Donegal Group, Inc. - Class A Common Stock",Weekly,2017-02-10,2017-03-03,16.829999923706055,16.639999389648438,2.42959918946688,-26.838681850654908,-0.26838681850654905,-1.1289396014196658,3.0,0,10.296296,10.109091,1.89,1.925,720985280.0,"(0,15]",>0,>0,OK,1,1,1,1,1,ledger
DGICA,NASDAQ:DGICA,"Donegal Group, Inc. - Class A Common Stock",Weekly,2018-03-30,2018-04-27,15.800000190734863,13.9399995803833,2.1681412045496167,-164.60180725484454,-1.6460180725484455,-11.772155619607325,4.0,0,10.296296,10.109091,1.89,1.925,720985280.0,"(0,15]",>0,>0,OK,1,1,1,1,1,ledger
DGICA,NASDAQ:DGICA,"Donegal Group, Inc. - Class A Common Stock",Weekly,2021-06-04,2021-06-11,15.34000015258789,15.09000015258789,1.6521717497007677,-36.23185601463958,-0.3623185601463958,-1.6297261897864093,1.0,0,10.296296,10.109091,1.89,1.925,720985280.0,"(0,15]",>0,>0,OK,1,1,1,1,1,ledger
DGICA,NASDAQ:DGICA,"Donegal Group, Inc. - Class A Common Stock",Weekly,2022-08-12,2022-08-26,15.100000381469727,14.920000076293945,1.7652154515065144,-15.65219266201882,-0.15652192662018818,-1.1920549710493538,2.0,0,10.296296,10.109091,1.89,1.925,720985280.0,"(0,15]",>0,>0,OK,1,1,1,1,1,ledger
DGICA,NASDAQ:DGICA,"Donegal Group, Inc. - Class A Common Stock",Weekly,2025-01-31,2025-04-11,14.829999923706055,17.979999542236328,2.8186126902496444,409.15339110192184,4.091533911019218,21.24072579053042,10.0,1,10.296296,10.109091,1.89,1.925,720985280.0,"(0,15]",>0,>0,OK,1,1,1,1,1,ledger
DGICB,NASDAQ:DGICB,"Donegal Group, Inc. - Class B Common Stock",Daily,2024-07-22,2024-08-05,11.539999961853027,11.5,3.06921696587363,-11.581935184327868,-0.11581935184327867,-0.3466201211893625,10.0,0,11.989529,,1.91,,848435904.0,"(0,15]",>0,missing,OK,1,1,1,0,1,ledger
DGICB,NASDAQ:DGICB,"Donegal Group, Inc. - Class B Common Stock",Daily,2024-10-23,2024-11-05,12.699999809265137,13.739999771118164,6.551800887284541,298.8540995996094,2.988540995996094,8.188976200568977,9.0,1,11.989529,,1.91,,848435904.0,"(0,15]",>0,missing,OK,1,1,1,0,1,ledger
DGICB,NASDAQ:DGICB,"Donegal Group, Inc. - Class B Common Stock",Daily,2025-07-10,2025-07-18,17.34000015258789,16.0,3.7142837680119527,-159.5237987111775,-1.5952379871117752,-7.727797813126915,6.0,0,11.989529,,1.91,,848435904.0,"(0,15]",>0,missing,OK,1,1,1,0,1,ledger
DGICB,NASDAQ:DGICB,"Donegal Group, Inc. - Class B Common Stock",Daily,2025-12-29,2026-01-08,16.15999984741211,17.709999084472656,2.969054934442884,371.13175263149117,3.711317526314912,9.591579527822622,7.0,1,11.989529,,1.91,,848435904.0,"(0,15]",>0,missing,OK,1,1,1,0,1,ledger
DGICB,NASDAQ:DGICB,"Donegal Group, Inc. - Class B Common Stock",Weekly,2017-01-06,2017-01-13,16.850000381469727,16.0,4.3336685613468875,-61.08823674982141,-0.610882367498214,-5.044512535468477,1.0,0,11.989529,,1.91,,848435904.0,"(0,15]",>0,missing,OK,1,1,1,0,1,ledger
DGICB,NASDAQ:DGICB,"Donegal Group, Inc. - Class B Common Stock",Weekly,2023-02-10,2023-02-17,16.75,15.210000038146973,1.5662104851067833,-70.31964643497747,-0.7031964643497747,-9.194029623003148,1.0,0,11.989529,,1.91,,848435904.0,"(0,15]",>0,missing,OK,1,1,1,0,1,ledger
DGICB,NASDAQ:DGICB,"Donegal Group, Inc. - Class B Common Stock",Weekly,2024-03-29,2024-04-05,13.470000267028809,12.819999694824219,2.9952415434853292,-76.95292184359262,-0.7695292184359261,-4.825542385441733,1.0,0,11.989529,,1.91,,848435904.0,"(0,15]",>0,missing,OK,1,1,1,0,1,ledger
DGICB,NASDAQ:DGICB,"Donegal Group, Inc. - Class B Common Stock",Weekly,2026-02-27,2026-03-06,16.690000534057617,15.430000305175781,2.0344101609433527,-85.44524228093857,-0.8544524228093857,-7.549431926683761,1.0,0,11.989529,,1.91,,848435904.0,"(0,15]",>0,missing,OK,1,1,1,0,1,ledger
DGICB,NASDAQ:DGICB,"Donegal Group, Inc. - Class B Common Stock",Monthly,2017-09-30,2018-04-30,15.0,13.0,3.0771498478449635,-110.88829804865769,-1.108882980486577,-13.333333333333334,7.0,0,11.989529,,1.91,,848435904.0,"(0,15]",>0,missing,OK,1,1,1,0,1,ledger
DGII,NASDAQ:DGII,Digi International Inc. - Common Stock,Daily,2025-10-02,2025-10-07,36.88999938964844,35.4900016784668,1.6137627990985761,-129.10081286446197,-1.2910081286446196,-3.795060272010979,3.0,0,63.840706,25.764286,1.13,2.8,2719836672.0,>40,>0,>0,OK,1,1,0,1,1,ledger
DGII,NASDAQ:DGII,Digi International Inc. - Common Stock,Daily,2025-11-19,2025-11-20,39.810001373291016,38.209999084472656,2.040981376791655,-65.57379868424344,-0.6557379868424345,-4.0190962914455435,1.0,0,63.840706,25.764286,1.13,2.8,2719836672.0,>40,>0,>0,OK,1,1,0,1,1,ledger
DGII,NASDAQ:DGII,Digi International Inc. - Common Stock,Daily,2025-12-22,2025-12-31,44.720001220703125,43.290000915527344,2.1207894048961906,-92.46129953942344,-0.9246129953942344,-3.197675013733592,6.0,0,63.840706,25.764286,1.13,2.8,2719836672.0,>40,>0,>0,OK,1,1,0,1,1,ledger
DGII,NASDAQ:DGII,Digi International Inc. - Common Stock,Weekly,2019-06-14,2019-08-23,11.829999923706055,12.949999809265137,2.6363638990838947,113.13132772688301,1.1313132772688304,9.467454714980361,10.0,1,63.840706,25.764286,1.13,2.8,2719836672.0,>40,>0,>0,OK,1,1,0,1,1,ledger
DGII,NASDAQ:DGII,Digi International Inc. - Common Stock,Monthly,2021-06-30,2022-02-28,20.110000610351562,20.079999923706055,1.612903297979329,-0.879785571494254,-0.00879785571494254,-0.14918292260053462,8.0,0,63.840706,25.764286,1.13,2.8,2719836672.0,>40,>0,>0,OK,1,1,0,1,1,ledger
DIN,NASDAQ:DIN,"Dine Brands Global, Inc. Common Stock",Daily,2026-01-29,2026-02-10,34.29999923706055,34.97999954223633,3.9974602263818495,50.52553223414123,0.5052553223414123,1.9825082224522408,8.0,1,30.304348,7.0632486,1.15,4.93399,442078336.0,"(25,40]",>0,>0,OK,1,1,0,1,1,ledger
DIN,NASDAQ:DIN,"Dine Brands Global, Inc. Common Stock",Monthly,2017-10-31,2018-05-31,47.61000061035156,63.45000076293945,3.7055040124310117,145.32108197398307,1.4532108197398306,33.27032125503459,7.0,1,30.304348,7.0632486,1.15,4.93399,442078336.0,"(25,40]",>0,>0,OK,1,1,0,1,1,ledger
DIOD,NASDAQ:DIOD,Diodes Incorporated,Daily,2026-02-20,2026-02-27,68.44999694824219,68.2300033569336,3.531683105162866,-5.859332763950325,-0.05859332763950325,-0.32139313530567404,5.0,0,47.724323,17.693388,1.85,4.99,4056460800.0,>40,>0,>0,OK,1,1,0,1,1,ledger
DIOD,NASDAQ:DIOD,Diodes Incorporated,Weekly,2018-01-05,2018-02-02,29.969999313354492,27.780000686645508,1.945849861975367,-79.06136363792858,-0.7906136363792857,-7.307302892506678,4.0,0,47.724323,17.693388,1.85,4.99,4056460800.0,>40,>0,>0,OK,1,1,0,1,1,ledger
DIOD,NASDAQ:DIOD,Diodes Incorporated,Weekly,2023-01-06,2023-02-24,79.58000183105469,91.47000122070312,1.87684387109219,167.15861447482837,1.6715861447482836,14.94093882391515,7.0,1,47.724323,17.693388,1.85,4.99,4056460800.0,>40,>0,>0,OK,1,1,0,1,1,ledger
DIOD,NASDAQ:DIOD,Diodes Incorporated,Weekly,2024-02-09,2024-04-19,69.98999786376953,66.88999938964844,2.2673552065769855,-54.95541186510828,-0.5495541186510828,-4.429202127073952,10.0,0,47.724323,17.693388,1.85,4.99,4056460800.0,>40,>0,>0,OK,1,1,0,1,1,ledger
DJCO,NASDAQ:DJCO,Daily Journal Corp. (S.C.) - Common Stock,Daily,2024-09-30,2024-10-01,490.1000061035156,472.510009765625,1.6611471394614394,-130.5028709669867,-1.305028709669867,-3.5890626645238983,1.0,0,58.154076,,10.32,,826857920.0,>40,>0,missing,OK,1,1,0,0,1,ledger
DJCO,NASDAQ:DJCO,Daily Journal Corp. (S.C.) - Common Stock,Daily,2024-10-24,2024-10-31,487.0,485.0,1.695722318968213,-18.737256874613397,-0.18737256874613398,-0.41067761806981523,5.0,0,58.154076,,10.32,,826857920.0,>40,>0,missing,OK,1,1,0,0,1,ledger
DJCO,NASDAQ:DJCO,Daily Journal Corp. (S.C.) - Common Stock,Daily,2024-11-20,2024-11-26,561.6199951171875,572.5999755859375,1.6087666995754284,43.74498465608723,0.43744984656087227,1.9550551198696051,4.0,1,58.154076,,10.32,,826857920.0,>40,>0,missing,OK,1,1,0,0,1,ledger
DJCO,NASDAQ:DJCO,Daily Journal Corp. (S.C.) - Common Stock,Weekly,2017-03-31,2017-04-14,214.2899932861328,206.16000366210938,4.97225471221718,-59.281960295211256,-0.5928196029521126,-3.7939193983583683,2.0,0,58.154076,,10.32,,826857920.0,>40,>0,missing,OK,1,1,0,0,1,ledger
DJCO,NASDAQ:DJCO,Daily Journal Corp. (S.C.) - Common Stock,Weekly,2021-02-19,2021-03-05,341.30999755859375,332.510009765625,2.9252602346114136,-34.14997703417086,-0.34149977034170864,-2.5782976929815917,2.0,0,58.154076,,10.32,,826857920.0,>40,>0,missing,OK,1,1,0,0,1,ledger
DJCO,NASDAQ:DJCO,Daily Journal Corp. (S.C.) - Common Stock,Monthly,2021-06-30,2022-01-31,338.5,323.989990234375,1.7387507669677091,-32.26664512204825,-0.32266645122048254,-4.286561230612999,7.0,0,58.154076,,10.32,,826857920.0,>40,>0,missing,OK,1,1,0,0,1,ledger
DJCO,NASDAQ:DJCO,Daily Journal Corp. (S.C.) - Common Stock,Monthly,2025-05-31,2025-10-31,421.42999267578125,405.0400085449219,2.8909296033235683,-26.240398958852886,-0.26240398958852884,-3.889135660894615,5.0,0,58.154076,,10.32,,826857920.0,>40,>0,missing,OK,1,1,0,0,1,ledger
DJT,NASDAQ:DJT,Trump Media & Technology Group Corp.,Daily,2024-08-02,2024-08-07,29.209999084472656,25.719999313354492,2.855856562797307,-104.8048003326691,-1.048048003326691,-11.94796261727158,3.0,0,,,-4.27,,2863702528.0,missing,<=0,missing,OK,0,0,0,0,0,ledger
DJT,NASDAQ:DJT,Trump Media & Technology Group Corp.,Daily,2024-11-06,2024-11-07,35.95500183105469,27.69499969482422,2.646641894957565,-116.7491027377115,-1.1674910273771149,-22.973165667026123,1.0,0,,,-4.27,,2863702528.0,missing,<=0,missing,OK,0,0,0,0,0,ledger
DJT,NASDAQ:DJT,Trump Media & Technology Group Corp.,Daily,2025-05-01,2025-05-05,24.729999542236328,24.260000228881836,1.5293007557364573,-28.076949981656615,-0.2807694998165662,-1.9005229359255793,2.0,0,,,-4.27,,2863702528.0,missing,<=0,missing,OK,0,0,0,0,0,ledger
DJT,NASDAQ:DJT,Trump Media & Technology Group Corp.,Daily,2025-12-31,2026-01-07,13.239999771118164,13.619999885559082,3.820393162177333,37.70778428553002,0.3770778428553001,2.8700915484141705,4.0,1,,,-4.27,,2863702528.0,missing,<=0,missing,OK,0,0,0,0,0,ledger
DJT,NASDAQ:DJT,Trump Media & Technology Group Corp.,Weekly,2021-12-10,2022-01-28,56.02000045776367,68.75,3.3588270627324106,65.00131542247533,0.6500131542247533,22.724026130335577,7.0,1,,,-4.27,,2863702528.0,missing,<=0,missing,OK,0,0,0,0,0,ledger
DJT,NASDAQ:DJT,Trump Media & Technology Group Corp.,Weekly,2024-04-26,2024-05-24,41.540000915527344,45.810001373291016,1.9926273298226336,22.48551911717588,0.22485519117175878,10.279249792138492,4.0,1,,,-4.27,,2863702528.0,missing,<=0,missing,OK,0,0,0,0,0,ledger
DJT,NASDAQ:DJT,Trump Media & Technology Group Corp.,Monthly,2023-07-31,2024-07-31,16.8700008392334,28.739999771118164,6.51229832652763,90.94232052401271,0.9094232052401272,70.36157878711855,12.0,1,,,-4.27,,2863702528.0,missing,<=0,missing,OK,0,0,0,0,0,ledger
DKNG,NASDAQ:DKNG,DraftKings Inc.,Weekly,2020-11-13,2021-01-01,42.84000015258789,46.560001373291016,2.688917629909922,46.851408867875485,0.4685140886787549,8.68347620787393,7.0,1,262.33334,14.0303545,0.09,1.68278,11713601536.0,>40,>0,>0,OK,1,1,0,1,1,ledger
DKNG,NASDAQ:DKNG,DraftKings Inc.,Weekly,2025-01-10,2025-03-07,39.4900016784668,39.40999984741211,1.8073633328974712,-2.2663391576765592,-0.02266339157676559,-0.20258756053259702,8.0,0,262.33334,14.0303545,0.09,1.68278,11713601536.0,>40,>0,>0,OK,1,1,0,1,1,ledger
DLO,NASDAQ:DLO,DLocal Limited,Daily,2024-07-11,2024-07-17,8.09000015258789,8.039999961853027,1.6291115181728377,-27.151944949593165,-0.27151944949593165,-0.6180493175747201,4.0,0,23.90625,13.500398,0.64,1.1333,4502317568.0,"(15,25]",>0,>0,OK,1,1,1,1,1,ledger
DLO,NASDAQ:DLO,DLocal Limited,Daily,2024-12-23,2024-12-27,11.600000381469727,11.5,3.735513344724572,-18.046029687431083,-0.18046029687431084,-0.8620722256998448,3.0,0,23.90625,13.500398,0.64,1.1333,4502317568.0,"(15,25]",>0,>0,OK,1,1,1,1,1,ledger
DLO,NASDAQ:DLO,DLocal Limited,Daily,2025-06-16,2025-07-11,10.289999961853027,10.979999542236328,4.2407409696749205,127.77770909752381,1.277777090975238,6.705535305551599,17.0,1,23.90625,13.500398,0.64,1.1333,4502317568.0,"(15,25]",>0,>0,OK,1,1,1,1,1,ledger
DLO,NASDAQ:DLO,DLocal Limited,Daily,2025-09-05,2025-09-23,13.420000076293945,14.869999885559082,3.6829287581760157,176.829310842118,1.76829310842118,10.804767518791008,12.0,1,23.90625,13.500398,0.64,1.1333,4502317568.0,"(15,25]",>0,>0,OK,1,1,1,1,1,ledger
DLO,NASDAQ:DLO,DLocal Limited,Daily,2025-10-27,2025-10-30,15.380000114440918,14.960000038146973,1.521739626201163,-45.65217842001058,-0.45652178420010575,-2.73081972151346,3.0,0,23.90625,13.500398,0.64,1.1333,4502317568.0,"(15,25]",>0,>0,OK,1,1,1,1,1,ledger
DLO,NASDAQ:DLO,DLocal Limited,Weekly,2025-03-21,2025-03-28,9.4399995803833,8.329999923706055,3.532103569086871,-81.25664516260929,-0.812566451626093,-11.758471462052498,1.0,0,23.90625,13.500398,0.64,1.1333,4502317568.0,"(15,25]",>0,>0,OK,1,1,1,1,1,ledger
DLO,NASDAQ:DLO,DLocal Limited,Monthly,2024-11-30,2025-02-28,11.4399995803833,9.555000305175781,11.622832893352513,-35.34284775554976,-0.35342847755549767,-16.47726699605667,3.0,0,23.90625,13.500398,0.64,1.1333,4502317568.0,"(15,25]",>0,>0,OK,1,1,1,1,1,ledger
DLTR,NASDAQ:DLTR,"Dollar Tree, Inc.",Daily,2025-02-13,2025-02-14,72.01000213623047,71.55999755859375,1.7615432571173162,-17.73383250403669,-0.17733832504036692,-0.6249195449062589,1.0,0,20.98074,17.013971,6.23,7.68251,25119141888.0,"(15,25]",>0,>0,OK,1,1,1,1,1,ledger
DLTR,NASDAQ:DLTR,"Dollar Tree, Inc.",Daily,2025-12-26,2025-12-31,123.94999694824219,123.01000213623047,1.7408182457975998,-19.183591487453523,-0.19183591487453522,-0.7583661437315181,3.0,0,20.98074,17.013971,6.23,7.68251,25119141888.0,"(15,25]",>0,>0,OK,1,1,1,1,1,ledger
DLTR,NASDAQ:DLTR,"Dollar Tree, Inc.",Weekly,2017-02-17,2017-03-10,80.0,75.05999755859375,1.604782374490569,-69.47963456169079,-0.6947963456169078,-6.1750030517578125,3.0,0,20.98074,17.013971,6.23,7.68251,25119141888.0,"(15,25]",>0,>0,OK,1,1,1,1,1,ledger
DLTR,NASDAQ:DLTR,"Dollar Tree, Inc.",Weekly,2018-06-15,2018-06-29,88.0199966430664,85.0,3.574285208108309,-37.7028553576293,-0.37702855357629306,-3.431034717386916,2.0,0,20.98074,17.013971,6.23,7.68251,25119141888.0,"(15,25]",>0,>0,OK,1,1,1,1,1,ledger
DLTR,NASDAQ:DLTR,"Dollar Tree, Inc.",Weekly,2019-05-31,2019-06-28,101.58999633789062,107.38999938964844,1.5462979751479373,89.5062789487441,0.8950627894874409,5.709226558554911,4.0,1,20.98074,17.013971,6.23,7.68251,25119141888.0,"(15,25]",>0,>0,OK,1,1,1,1,1,ledger
DLTR,NASDAQ:DLTR,"Dollar Tree, Inc.",Weekly,2020-10-02,2020-10-30,90.76000213623047,90.31999969482422,2.1858268643661534,-6.9291739706622675,-0.06929173970662268,-0.48479774245246027,4.0,0,20.98074,17.013971,6.23,7.68251,25119141888.0,"(15,25]",>0,>0,OK,1,1,1,1,1,ledger
DLTR,NASDAQ:DLTR,"Dollar Tree, Inc.",Weekly,2022-02-04,2022-04-29,133.49000549316406,162.4499969482422,1.6089144078022326,293.4142188066455,2.9341421880664553,21.69450165807443,12.0,1,20.98074,17.013971,6.23,7.68251,25119141888.0,"(15,25]",>0,>0,OK,1,1,1,1,1,ledger
DLTR,NASDAQ:DLTR,"Dollar Tree, Inc.",Weekly,2023-01-06,2023-02-10,145.8300018310547,147.0399932861328,2.4769129295630106,12.217870480585795,0.12217870480585794,0.8297273811186744,5.0,1,20.98074,17.013971,6.23,7.68251,25119141888.0,"(15,25]",>0,>0,OK,1,1,1,1,1,ledger
DLTR,NASDAQ:DLTR,"Dollar Tree, Inc.",Weekly,2025-10-17,2025-12-26,96.44000244140625,123.94999694824219,1.8431363111595311,234.52674027219956,2.3452674027219955,28.52550166985956,10.0,1,20.98074,17.013971,6.23,7.68251,25119141888.0,"(15,25]",>0,>0,OK,1,1,1,1,1,ledger
DLTR,NASDAQ:DLTR,"Dollar Tree, Inc.",Monthly,2018-07-31,2018-08-31,91.27999877929688,80.51000213623047,2.086230360224196,-88.56401869844062,-0.885640186984406,-11.798857128719789,1.0,0,20.98074,17.013971,6.23,7.68251,25119141888.0,"(15,25]",>0,>0,OK,1,1,1,1,1,ledger
DLX,NASDAQ:DLX,Deluxe Corporation Common Stock,Daily,2024-11-21,2024-12-13,22.950000762939453,23.31999969482422,1.874997317794822,46.24980032472564,0.46249800324725643,1.6121957280378578,15.0,1,11.938053,6.5591626,2.26,4.11333,1235253888.0,"(0,15]",>0,>0,OK,1,1,1,1,1,ledger
DLX,NASDAQ:DLX,Deluxe Corporation Common Stock,Daily,2025-07-17,2025-07-29,16.229999542236328,16.520000457763672,1.8627492412668554,56.86300542473161,0.5686300542473162,1.786820232327527,8.0,1,11.938053,6.5591626,2.26,4.11333,1235253888.0,"(0,15]",>0,>0,OK,1,1,1,1,1,ledger
DLX,NASDAQ:DLX,Deluxe Corporation Common Stock,Daily,2025-09-26,2025-10-06,19.540000915527344,19.3700008392334,1.7223618060415398,-34.85741072583314,-0.3485741072583314,-0.8700105851011285,6.0,0,11.938053,6.5591626,2.26,4.11333,1235253888.0,"(0,15]",>0,>0,OK,1,1,1,1,1,ledger
DLX,NASDAQ:DLX,Deluxe Corporation Common Stock,Daily,2025-11-21,2025-12-01,19.670000076293945,20.09000015258789,2.45945769468692,37.83782390542306,0.3783782390542305,2.135231696313639,5.0,1,11.938053,6.5591626,2.26,4.11333,1235253888.0,"(0,15]",>0,>0,OK,1,1,1,1,1,ledger
DLX,NASDAQ:DLX,Deluxe Corporation Common Stock,Weekly,2020-01-17,2020-02-07,49.38999938964844,42.75,1.8060487379484742,-251.93607427979032,-2.519360742797903,-13.444015937850171,3.0,0,11.938053,6.5591626,2.26,4.11333,1235253888.0,"(0,15]",>0,>0,OK,1,1,1,1,1,ledger
DLX,NASDAQ:DLX,Deluxe Corporation Common Stock,Weekly,2020-10-02,2020-10-09,26.360000610351562,24.920000076293945,1.7170717392063737,-42.26640797276279,-0.42266407972762793,-5.462824357796599,1.0,0,11.938053,6.5591626,2.26,4.11333,1235253888.0,"(0,15]",>0,>0,OK,1,1,1,1,1,ledger
DMC,NASDAQ:DMC,Del Monte Corporation Ordinary Shares,Daily,2024-09-12,2024-09-20,28.479999542236328,29.18000030517578,3.0263681432687495,100.40091926185788,1.0040091926185788,2.4578678869054755,6.0,1,42.21127,8.893175,0.71,3.37,1412972032.0,>40,>0,>0,OK,1,1,0,1,1,ledger
DMC,NASDAQ:DMC,Del Monte Corporation Ordinary Shares,Daily,2024-11-20,2024-11-25,33.86000061035156,33.56999969482422,1.7594335725140184,-36.18704979118202,-0.3618704979118202,-0.8564704970462572,3.0,0,42.21127,8.893175,0.71,3.37,1412972032.0,>40,>0,>0,OK,1,1,0,1,1,ledger
DMC,NASDAQ:DMC,Del Monte Corporation Ordinary Shares,Daily,2025-05-15,2025-05-21,32.66999816894531,33.709999084472656,1.76613404377065,83.87118606525605,0.8387118606525604,3.1833516186600943,4.0,1,42.21127,8.893175,0.71,3.37,1412972032.0,>40,>0,>0,OK,1,1,0,1,1,ledger
DMC,NASDAQ:DMC,Del Monte Corporation Ordinary Shares,Daily,2025-08-08,2025-08-14,36.5,35.4900016784668,3.695647270338944,-87.82582447108463,-0.8782582447108463,-2.7671186891320634,4.0,0,42.21127,8.893175,0.71,3.37,1412972032.0,>40,>0,>0,OK,1,1,0,1,1,ledger
DMC,NASDAQ:DMC,Del Monte Corporation Ordinary Shares,Daily,2025-11-21,2025-12-08,35.029998779296875,36.650001525878906,3.2083383003918016,168.75044703526214,1.6875044703526214,4.624615481115778,10.0,1,42.21127,8.893175,0.71,3.37,1412972032.0,>40,>0,>0,OK,1,1,0,1,1,ledger
DMC,NASDAQ:DMC,Del Monte Corporation Ordinary Shares,Weekly,2022-10-14,2022-12-16,25.100000381469727,25.170000076293945,3.118677808861553,3.44332002557228,0.0344332002557228,0.2788832420731618,9.0,1,42.21127,8.893175,0.71,3.37,1412972032.0,>40,>0,>0,OK,1,1,0,1,1,ledger
DMC,NASDAQ:DMC,Del Monte Corporation Ordinary Shares,Weekly,2025-10-31,2025-11-21,35.349998474121094,35.029998779296875,1.5652183527910601,-9.275356549920305,-0.09275356549920306,-0.9052325562573448,3.0,0,42.21127,8.893175,0.71,3.37,1412972032.0,>40,>0,>0,OK,1,1,0,1,1,ledger
DNLI,NASDAQ:DNLI,Denali Therapeutics Inc.,Daily,2024-10-11,2024-11-12,28.0,29.889999389648438,1.519118019330142,69.48528921934023,0.6948528921934024,6.749997820172991,22.0,1,,-9.543099,-2.88,-2.53272,3836014592.0,missing,<=0,<=0,OK,0,0,0,0,0,ledger
DNLI,NASDAQ:DNLI,Denali Therapeutics Inc.,Daily,2025-05-08,2025-05-13,14.430000305175781,14.260000228881836,2.2465091109100266,-15.813949362147584,-0.15813949362147584,-1.1781016819034256,3.0,0,,-9.543099,-2.88,-2.53272,3836014592.0,missing,<=0,<=0,OK,0,0,0,0,0,ledger
DNLI,NASDAQ:DNLI,Denali Therapeutics Inc.,Daily,2025-10-27,2025-11-03,16.209999084472656,15.359999656677246,1.8250208468349192,-102.73287684685309,-1.0273287684685308,-5.243673508961598,5.0,0,,-9.543099,-2.88,-2.53272,3836014592.0,missing,<=0,<=0,OK,0,0,0,0,0,ledger
DNLI,NASDAQ:DNLI,Denali Therapeutics Inc.,Daily,2026-02-19,2026-02-26,20.239999771118164,21.420000076293945,2.165645708053813,72.39269403186795,0.7239269403186795,5.830041099405565,5.0,1,,-9.543099,-2.88,-2.53272,3836014592.0,missing,<=0,<=0,OK,0,0,0,0,0,ledger
DNLI,NASDAQ:DNLI,Denali Therapeutics Inc.,Daily,2026-07-17,2026-07-24,23.290000915527344,23.110000610351562,2.9078758234712714,-13.05283677620041,-0.13052836776200408,-0.7728651700300098,5.0,0,,-9.543099,-2.88,-2.53272,3836014592.0,missing,<=0,<=0,OK,0,0,0,0,0,ledger
DNLI,NASDAQ:DNLI,Denali Therapeutics Inc.,Weekly,2021-02-26,2021-03-05,71.80000305175781,61.040000915527344,2.1105811103058265,-102.57388383757755,-1.0257388383757757,-14.98607476168769,1.0,0,,-9.543099,-2.88,-2.53272,3836014592.0,missing,<=0,<=0,OK,0,0,0,0,0,ledger
DNLI,NASDAQ:DNLI,Denali Therapeutics Inc.,Weekly,2022-09-09,2022-10-21,31.350000381469727,28.31999969482422,1.7797353071166777,-66.74008977140389,-0.6674008977140389,-9.66507384298621,6.0,0,,-9.543099,-2.88,-2.53272,3836014592.0,missing,<=0,<=0,OK,0,0,0,0,0,ledger
DNLI,NASDAQ:DNLI,Denali Therapeutics Inc.,Weekly,2023-09-08,2023-09-22,23.979999542236328,22.149999618530273,3.704793713115044,-72.6663545743463,-0.726663545743463,-7.631359293743308,2.0,0,,-9.543099,-2.88,-2.53272,3836014592.0,missing,<=0,<=0,OK,0,0,0,0,0,ledger
DNLI,NASDAQ:DNLI,Denali Therapeutics Inc.,Weekly,2024-02-09,2024-04-19,18.049999237060547,16.0,2.2500005587936616,-80.07811190327355,-0.8007811190327356,-11.357336973463443,10.0,0,,-9.543099,-2.88,-2.53272,3836014592.0,missing,<=0,<=0,OK,0,0,0,0,0,ledger
DNLI,NASDAQ:DNLI,Denali Therapeutics Inc.,Weekly,2026-01-09,2026-02-13,17.079999923706055,18.770000457763672,1.759386392544421,84.23125678877153,0.8423125678877154,9.894616754137065,5.0,1,,-9.543099,-2.88,-2.53272,3836014592.0,missing,<=0,<=0,OK,0,0,0,0,0,ledger
DNLI,NASDAQ:DNLI,Denali Therapeutics Inc.,Monthly,2019-11-30,2021-03-31,17.790000915527344,57.099998474121094,2.111776781548966,749.5616135894963,7.495616135894964,220.96681020563338,16.0,1,,-9.543099,-2.88,-2.53272,3836014592.0,missing,<=0,<=0,OK,0,0,0,0,0,ledger
DNTH,NASDAQ:DNTH,"Dianthus Therapeutics, Inc.",Daily,2025-05-16,2025-05-22,19.690000534057617,18.360000610351562,2.519546411982375,-83.77491339276055,-0.8377491339276056,-6.754697245465106,4.0,0,,-23.736269,-4.23,-4.65111,6035151872.0,missing,<=0,<=0,OK,0,0,0,0,0,ledger
DNTH,NASDAQ:DNTH,"Dianthus Therapeutics, Inc.",Weekly,2019-09-13,2019-09-27,182.72000122070312,154.0800018310547,4.494518486278104,-83.97899773545326,-0.8397899773545326,-15.674255253016808,2.0,0,,-23.736269,-4.23,-4.65111,6035151872.0,missing,<=0,<=0,OK,0,0,0,0,0,ledger
DNTH,NASDAQ:DNTH,"Dianthus Therapeutics, Inc.",Weekly,2024-12-06,2024-12-27,24.389999389648438,22.739999771118164,1.7356834338332632,-36.343611872113506,-0.36343611872113507,-6.7650662559285,3.0,0,,-23.736269,-4.23,-4.65111,6035151872.0,missing,<=0,<=0,OK,0,0,0,0,0,ledger
DNTH,NASDAQ:DNTH,"Dianthus Therapeutics, Inc.",Monthly,2019-11-30,2020-01-31,211.83999633789062,190.0800018310547,1.739910350338458,-30.493265583968352,-0.3049326558396835,-10.271900907762548,2.0,0,,-23.736269,-4.23,-4.65111,6035151872.0,missing,<=0,<=0,OK,0,0,0,0,0,ledger
DOCU,NASDAQ:DOCU,"DocuSign, Inc.",Daily,2024-11-19,2024-11-27,79.5199966430664,80.37999725341797,1.691059028585429,34.959387415216,0.34959387415216,1.0814897468013773,6.0,1,37.363636,11.289503,1.54,5.09677,10986952704.0,"(25,40]",>0,>0,OK,1,1,0,1,1,ledger
DOCU,NASDAQ:DOCU,"DocuSign, Inc.",Daily,2024-12-16,2024-12-18,97.83000183105469,92.70999908447266,2.143619779352537,-109.42512954804121,-1.094251295480412,-5.233571144590086,2.0,0,37.363636,11.289503,1.54,5.09677,10986952704.0,"(25,40]",>0,>0,OK,1,1,0,1,1,ledger
DOCU,NASDAQ:DOCU,"DocuSign, Inc.",Daily,2025-04-01,2025-04-03,82.69000244140625,77.37000274658203,2.2687508869432973,-148.4595092710052,-1.484595092710052,-6.433667357301079,2.0,0,37.363636,11.289503,1.54,5.09677,10986952704.0,"(25,40]",>0,>0,OK,1,1,0,1,1,ledger
DOCU,NASDAQ:DOCU,"DocuSign, Inc.",Daily,2025-05-27,2025-06-06,86.25,75.27999877929688,2.3091954793748823,-376.96239026775174,-3.769623902677518,-12.718841995018115,8.0,0,37.363636,11.289503,1.54,5.09677,10986952704.0,"(25,40]",>0,>0,OK,1,1,0,1,1,ledger
DOCU,NASDAQ:DOCU,"DocuSign, Inc.",Weekly,2020-09-25,2020-10-23,212.36000061035156,219.82000732421875,3.096223827985172,29.662061726822106,0.2966206172682211,3.5129057696487624,4.0,1,37.363636,11.289503,1.54,5.09677,10986952704.0,"(25,40]",>0,>0,OK,1,1,0,1,1,ledger
DOCU,NASDAQ:DOCU,"DocuSign, Inc.",Weekly,2025-04-25,2025-05-23,82.80999755859375,84.61000061035156,1.6150878093939474,11.605439647089957,0.11605439647089957,2.1736542746353624,4.0,1,37.363636,11.289503,1.54,5.09677,10986952704.0,"(25,40]",>0,>0,OK,1,1,0,1,1,ledger
DOCU,NASDAQ:DOCU,"DocuSign, Inc.",Weekly,2025-10-24,2025-11-14,71.48999786376953,67.76000213623047,2.2449676286467595,-55.23560448896876,-0.5523560448896876,-5.217507118473967,3.0,0,37.363636,11.289503,1.54,5.09677,10986952704.0,"(25,40]",>0,>0,OK,1,1,0,1,1,ledger
DOLE,NASDAQ:DOLE,Dole plc Ordinary Shares,Daily,2025-05-08,2025-05-12,14.789999961853027,13.90999984741211,1.6026305300019792,-247.42382541856892,-2.4742382541856895,-5.949966982492564,2.0,0,15.384615,9.418857,0.91,1.48638,1332225280.0,"(15,25]",>0,>0,OK,1,1,1,1,1,ledger
DOLE,NASDAQ:DOLE,Dole plc Ordinary Shares,Daily,2025-07-17,2025-07-18,13.949999809265137,13.720000267028809,1.5833335982426973,-76.66646533555009,-0.7666646533555009,-1.648742260796089,1.0,0,15.384615,9.418857,0.91,1.48638,1332225280.0,"(15,25]",>0,>0,OK,1,1,1,1,1,ledger
DOLE,NASDAQ:DOLE,Dole plc Ordinary Shares,Daily,2026-02-13,2026-02-23,15.90999984741211,15.800000190734863,1.9446409227164763,-32.410588380904336,-0.3241058838090433,-0.6913869122075349,5.0,0,15.384615,9.418857,0.91,1.48638,1332225280.0,"(15,25]",>0,>0,OK,1,1,1,1,1,ledger
DOLE,NASDAQ:DOLE,Dole plc Ordinary Shares,Daily,2026-04-17,2026-04-20,15.170000076293945,14.9399995803833,1.5077489080692785,-61.92559415768204,-0.6192559415768204,-1.516153558035011,1.0,0,15.384615,9.418857,0.91,1.48638,1332225280.0,"(15,25]",>0,>0,OK,1,1,1,1,1,ledger
DOLE,NASDAQ:DOLE,Dole plc Ordinary Shares,Weekly,2024-06-28,2024-10-11,12.239999771118164,16.09000015258789,1.8491243914047022,719.1041674941313,7.191041674941313,31.45425207077448,15.0,1,15.384615,9.418857,0.91,1.48638,1332225280.0,"(15,25]",>0,>0,OK,1,1,1,1,1,ledger
DOO,NASDAQ:DOO,BRP Inc. - Common Subordinate Voting Shares,Daily,2024-12-17,2024-12-18,51.779998779296875,50.029998779296875,2.0460301111360795,-96.25138493399128,-0.9625138493399128,-3.3796833550712635,1.0,0,20.726688,18.826662,3.11,3.4238677,4727910912.0,"(15,25]",>0,>0,OK,1,1,1,1,1,ledger
DOO,NASDAQ:DOO,BRP Inc. - Common Subordinate Voting Shares,Daily,2025-07-17,2025-07-21,49.119998931884766,47.83000183105469,2.404200725064345,-86.39030176393977,-0.8639030176393976,-2.626215653259543,2.0,0,20.726688,18.826662,3.11,3.4238677,4727910912.0,"(15,25]",>0,>0,OK,1,1,1,1,1,ledger
DOO,NASDAQ:DOO,BRP Inc. - Common Subordinate Voting Shares,Daily,2025-09-26,2025-10-09,60.709999084472656,65.9000015258789,4.197292894522458,282.54167258903936,2.8254167258903937,8.548842891901243,9.0,1,20.726688,18.826662,3.11,3.4238677,4727910912.0,"(15,25]",>0,>0,OK,1,1,1,1,1,ledger
DOO,NASDAQ:DOO,BRP Inc. - Common Subordinate Voting Shares,Daily,2026-01-02,2026-01-07,71.88999938964844,71.66999816894531,5.1304962272389485,-11.541059035658632,-0.11541059035658632,-0.30602479144658795,3.0,0,20.726688,18.826662,3.11,3.4238677,4727910912.0,"(15,25]",>0,>0,OK,1,1,1,1,1,ledger
DOO,NASDAQ:DOO,BRP Inc. - Common Subordinate Voting Shares,Weekly,2017-02-24,2017-03-17,20.270000457763672,20.100000381469727,2.5483835242217565,-27.419330029317752,-0.27419330029317757,-0.8386782064863402,3.0,0,20.726688,18.826662,3.11,3.4238677,4727910912.0,"(15,25]",>0,>0,OK,1,1,1,1,1,ledger
DOO,NASDAQ:DOO,BRP Inc. - Common Subordinate Voting Shares,Weekly,2017-10-27,2017-12-22,33.13999938964844,36.959999084472656,2.1875031458036966,265.2780095738396,2.6527800957383962,11.526855054853828,8.0,1,20.726688,18.826662,3.11,3.4238677,4727910912.0,"(15,25]",>0,>0,OK,1,1,1,1,1,ledger
DOO,NASDAQ:DOO,BRP Inc. - Common Subordinate Voting Shares,Weekly,2021-05-28,2021-06-04,84.33000183105469,79.94999694824219,2.013882473095039,-72.83909678771444,-0.7283909678771444,-5.19388685842475,1.0,0,20.726688,18.826662,3.11,3.4238677,4727910912.0,"(15,25]",>0,>0,OK,1,1,1,1,1,ledger
DOO,NASDAQ:DOO,BRP Inc. - Common Subordinate Voting Shares,Weekly,2024-06-21,2024-08-09,63.9900016784668,66.29000091552734,2.434240553435981,48.26512063241493,0.48265120632414926,3.594310324630788,7.0,1,20.726688,18.826662,3.11,3.4238677,4727910912.0,"(15,25]",>0,>0,OK,1,1,1,1,1,ledger
DORM,NASDAQ:DORM,"Dorman Products, Inc. - Common Stock",Daily,2024-11-21,2024-11-27,137.02000427246094,139.8000030517578,2.1008787193318255,60.96491815127625,0.6096491815127625,2.028899936223119,4.0,1,23.800322,15.748535,6.21,9.385,4386056192.0,"(15,25]",>0,>0,OK,1,1,1,1,1,ledger
DORM,NASDAQ:DORM,"Dorman Products, Inc. - Common Stock",Daily,2025-02-25,2025-03-06,125.56999969482422,128.72000122070312,3.099811524406679,101.92502026907222,1.0192502026907222,2.508562183271825,7.0,1,23.800322,15.748535,6.21,9.385,4386056192.0,"(15,25]",>0,>0,OK,1,1,1,1,1,ledger
DORM,NASDAQ:DORM,"Dorman Products, Inc. - Common Stock",Daily,2026-02-20,2026-02-23,129.69000244140625,127.5,1.7813411273263535,-63.848461998723245,-0.6384846199872325,-1.6886439973626262,1.0,0,23.800322,15.748535,6.21,9.385,4386056192.0,"(15,25]",>0,>0,OK,1,1,1,1,1,ledger
DORM,NASDAQ:DORM,"Dorman Products, Inc. - Common Stock",Daily,2026-05-20,2026-06-01,117.0199966430664,122.70999908447266,1.7606118541891727,96.60446572212422,0.9660446572212421,4.862418906712036,7.0,1,23.800322,15.748535,6.21,9.385,4386056192.0,"(15,25]",>0,>0,OK,1,1,1,1,1,ledger
DORM,NASDAQ:DORM,"Dorman Products, Inc. - Common Stock",Weekly,2017-02-10,2017-06-16,69.94999694824219,79.04000091552734,2.780441418938528,278.35042326218854,2.783504232621885,12.995002664562067,18.0,1,23.800322,15.748535,6.21,9.385,4386056192.0,"(15,25]",>0,>0,OK,1,1,1,1,1,ledger
DORM,NASDAQ:DORM,"Dorman Products, Inc. - Common Stock",Weekly,2022-08-12,2022-08-26,104.27999877929688,94.55999755859375,1.817735346292037,-119.70452051293616,-1.1970452051293616,-9.321059967861139,2.0,0,23.800322,15.748535,6.21,9.385,4386056192.0,"(15,25]",>0,>0,OK,1,1,1,1,1,ledger
DORM,NASDAQ:DORM,"Dorman Products, Inc. - Common Stock",Weekly,2023-03-31,2023-08-18,86.26000213623047,82.1500015258789,2.466308147164274,-63.39292898298475,-0.6339292898298474,-4.764665555955629,20.0,0,23.800322,15.748535,6.21,9.385,4386056192.0,"(15,25]",>0,>0,OK,1,1,1,1,1,ledger
DOUG,NASDAQ:DOUG,Douglas Elliman Inc. Common Stock,Daily,2024-08-23,2024-08-28,1.940000057220459,1.850000023841858,2.7746769601015484,-44.5930436679141,-0.445930436679141,-4.639176841445504,3.0,0,35.2,19.555555,0.05,0.09,159994704.0,"(25,40]",>0,>0,OK,1,1,0,1,1,ledger
DOUG,NASDAQ:DOUG,Douglas Elliman Inc. Common Stock,Daily,2025-01-29,2025-02-21,1.7000000476837158,1.9500000476837158,1.5753969459247534,212.89154502632843,2.128915450263284,14.705881940452297,16.0,1,35.2,19.555555,0.05,0.09,159994704.0,"(25,40]",>0,>0,OK,1,1,0,1,1,ledger
DOUG,NASDAQ:DOUG,Douglas Elliman Inc. Common Stock,Daily,2025-02-26,2025-02-28,1.940000057220459,1.8300000429153442,1.824816400403745,-80.29193205944799,-0.8029193205944798,-5.670103662920382,2.0,0,35.2,19.555555,0.05,0.09,159994704.0,"(25,40]",>0,>0,OK,1,1,0,1,1,ledger
DOUG,NASDAQ:DOUG,Douglas Elliman Inc. Common Stock,Weekly,2024-03-08,2024-04-12,1.8799999952316284,1.409999966621399,3.9387653422188436,-144.62653847668378,-1.4462653847668379,-25.00000158522992,5.0,0,35.2,19.555555,0.05,0.09,159994704.0,"(25,40]",>0,>0,OK,1,1,0,1,1,ledger
DOUG,NASDAQ:DOUG,Douglas Elliman Inc. Common Stock,Weekly,2025-01-17,2025-02-28,1.7899999618530273,1.8300000429153442,3.0935631904924845,10.398552305966362,0.10398552305966362,2.234641447752232,6.0,1,35.2,19.555555,0.05,0.09,159994704.0,"(25,40]",>0,>0,OK,1,1,0,1,1,ledger
DOUG,NASDAQ:DOUG,Douglas Elliman Inc. Common Stock,Weekly,2026-04-10,2026-05-15,1.6799999475479126,1.5800000429153442,4.916679901107941,-32.346545317709655,-0.3234654531770966,-5.9523754615900915,5.0,0,35.2,19.555555,0.05,0.09,159994704.0,"(25,40]",>0,>0,OK,1,1,0,1,1,ledger
DOX,NASDAQ:DOX,Amdocs Limited,Daily,2024-11-04,2024-11-13,88.4800033569336,87.75,2.499602334010919,-64.25071999150201,-0.6425071999150201,-0.8250489706569254,7.0,0,11.05653,7.035763,5.13,8.06167,6021622272.0,"(0,15]",>0,>0,OK,1,1,1,1,1,ledger
DOX,NASDAQ:DOX,Amdocs Limited,Daily,2025-03-14,2025-03-20,87.98999786376953,88.31999969482422,2.0859997290949193,17.787680662213557,0.17787680662213556,0.3750447085651856,4.0,1,11.05653,7.035763,5.13,8.06167,6021622272.0,"(0,15]",>0,>0,OK,1,1,1,1,1,ledger
DOX,NASDAQ:DOX,Amdocs Limited,Daily,2025-07-01,2025-07-09,92.19000244140625,91.56999969482422,1.759561748005103,-33.87989760779114,-0.3387989760779115,-0.672527096391054,5.0,0,11.05653,7.035763,5.13,8.06167,6021622272.0,"(0,15]",>0,>0,OK,1,1,1,1,1,ledger
DOX,NASDAQ:DOX,Amdocs Limited,Weekly,2022-10-07,2022-10-14,81.2699966430664,79.01000213623047,2.5893331731950844,-61.5987236609364,-0.615987236609364,-2.7808472993566316,1.0,0,11.05653,7.035763,5.13,8.06167,6021622272.0,"(0,15]",>0,>0,OK,1,1,1,1,1,ledger
DOX,NASDAQ:DOX,Amdocs Limited,Weekly,2025-01-24,2025-04-04,85.27999877929688,83.69999694824219,2.283286216942881,-44.75927414823076,-0.4475927414823076,-1.8527226239105656,10.0,0,11.05653,7.035763,5.13,8.06167,6021622272.0,"(0,15]",>0,>0,OK,1,1,1,1,1,ledger
DPZ,NASDAQ:DPZ,"Domino's Pizza, Inc.",Daily,2026-01-02,2026-01-05,425.2799987792969,411.44000244140625,1.8394406863825155,-149.13791118988973,-1.4913791118988973,-3.254325709559885,1.0,0,20.66498,17.599468,17.79,20.8887,12161839104.0,"(15,25]",>0,>0,OK,1,1,1,1,1,ledger
DPZ,NASDAQ:DPZ,"Domino's Pizza, Inc.",Weekly,2017-04-21,2017-06-09,179.3000030517578,206.19000244140625,1.9758495835882204,418.02226448780715,4.1802226448780715,14.997210781912932,7.0,1,20.66498,17.599468,17.79,20.8887,12161839104.0,"(15,25]",>0,>0,OK,1,1,1,1,1,ledger
DPZ,NASDAQ:DPZ,"Domino's Pizza, Inc.",Weekly,2019-03-29,2019-07-19,258.1000061035156,257.92999267578125,2.063390448308355,-0.8981159877059189,-0.00898115987705919,-0.06587114440678783,16.0,0,20.66498,17.599468,17.79,20.8887,12161839104.0,"(15,25]",>0,>0,OK,1,1,1,1,1,ledger
DPZ,NASDAQ:DPZ,"Domino's Pizza, Inc.",Monthly,2022-06-30,2022-08-31,389.7099914550781,371.8599853515625,2.59422436118285,-26.035599094443363,-0.2603559909444336,-4.5803306291604775,2.0,0,20.66498,17.599468,17.79,20.8887,12161839104.0,"(15,25]",>0,>0,OK,1,1,1,1,1,ledger
DRH,NASDAQ:DRH,DiamondRock Hospitality Company,Daily,2024-07-22,2024-07-24,8.390000343322754,8.25,2.4999850989134127,-87.4997764837012,-0.8749977648370119,-1.668657182286938,2.0,0,18.472221,22.542374,0.72,0.59,2731675136.0,"(15,25]",>0,>0,OK,1,1,1,0,1,ledger
DRH,NASDAQ:DRH,DiamondRock Hospitality Company,Daily,2024-11-19,2024-12-18,8.949999809265137,9.180000305175781,2.091735100520059,96.22002208666309,0.9622002208666308,2.5698379979019164,20.0,1,18.472221,22.542374,0.72,0.59,2731675136.0,"(15,25]",>0,>0,OK,1,1,1,0,1,ledger
DRH,NASDAQ:DRH,DiamondRock Hospitality Company,Daily,2026-04-28,2026-05-11,10.260000228881836,10.600000381469727,1.5098490630151897,138.7429920509735,1.387429920509735,3.3138415692310836,9.0,1,18.472221,22.542374,0.72,0.59,2731675136.0,"(15,25]",>0,>0,OK,1,1,1,0,1,ledger
DRH,NASDAQ:DRH,DiamondRock Hospitality Company,Weekly,2016-10-21,2016-10-28,9.319999694824219,9.0600004196167,2.7678601230922237,-46.42848627899769,-0.4642848627899769,-2.789691885418278,1.0,0,18.472221,22.542374,0.72,0.59,2731675136.0,"(15,25]",>0,>0,OK,1,1,1,0,1,ledger
DRH,NASDAQ:DRH,DiamondRock Hospitality Company,Weekly,2020-08-07,2020-08-21,5.340000152587891,4.960000038146973,2.7777965607847426,-34.4955292554834,-0.344955292554834,-7.116106808662935,2.0,0,18.472221,22.542374,0.72,0.59,2731675136.0,"(15,25]",>0,>0,OK,1,1,1,0,1,ledger
DRS,NASDAQ:DRS,"Leonardo DRS, Inc.",Daily,2024-11-19,2024-11-25,35.11000061035156,35.45000076293945,1.8461529056474586,21.794862389807918,0.2179486238980792,0.9683854932421949,4.0,1,38.042015,30.86121,1.19,1.46689,12082179072.0,"(25,40]",>0,>0,OK,1,1,0,1,1,ledger
DRS,NASDAQ:DRS,"Leonardo DRS, Inc.",Daily,2024-12-11,2024-12-12,35.09000015258789,34.220001220703125,1.963741982338782,-64.46990352450392,-0.6446990352450392,-2.479335788263321,1.0,0,38.042015,30.86121,1.19,1.46689,12082179072.0,"(25,40]",>0,>0,OK,1,1,0,1,1,ledger
DRS,NASDAQ:DRS,"Leonardo DRS, Inc.",Weekly,2020-10-02,2020-10-23,6.320000171661377,6.409999847412109,2.0797367823096735,12.90866625352201,0.12908666253522008,1.4240454637056388,3.0,1,38.042015,30.86121,1.19,1.46689,12082179072.0,"(25,40]",>0,>0,OK,1,1,0,1,1,ledger
DRS,NASDAQ:DRS,"Leonardo DRS, Inc.",Weekly,2026-01-02,2026-02-06,34.779998779296875,38.93000030517578,5.809713956495881,165.9347383347591,1.659347383347591,11.932149716891981,5.0,1,38.042015,30.86121,1.19,1.46689,12082179072.0,"(25,40]",>0,>0,OK,1,1,0,1,1,ledger
DRS,NASDAQ:DRS,"Leonardo DRS, Inc.",Monthly,2018-03-31,2018-12-31,2.359999895095825,2.5799999237060547,2.4095436439236106,35.33997804005273,0.35339978040052733,9.322035524976014,9.0,1,38.042015,30.86121,1.19,1.46689,12082179072.0,"(25,40]",>0,>0,OK,1,1,0,1,1,ledger
DRVN,NASDAQ:DRVN,Driven Brands Holdings Inc.,Daily,2024-08-09,2024-08-12,13.520000457763672,12.989999771118164,1.936706278308401,-67.08861676340213,-0.6708861676340213,-3.920123289205677,1.0,0,16.875,9.993271,0.88,1.486,2449596160.0,"(15,25]",>0,>0,OK,1,1,1,1,1,ledger
DRVN,NASDAQ:DRVN,Driven Brands Holdings Inc.,Daily,2025-03-11,2025-03-24,16.260000228881836,17.260000228881836,2.0588226054370633,117.64700602497504,1.1764700602497504,6.150061414044443,9.0,1,16.875,9.993271,0.88,1.486,2449596160.0,"(15,25]",>0,>0,OK,1,1,1,1,1,ledger
DRVN,NASDAQ:DRVN,Driven Brands Holdings Inc.,Daily,2025-09-11,2025-09-15,18.56999969482422,17.850000381469727,2.1305533289141962,-131.1108405003176,-1.311108405003176,-3.8772176908283336,2.0,0,16.875,9.993271,0.88,1.486,2449596160.0,"(15,25]",>0,>0,OK,1,1,1,1,1,ledger
DRVN,NASDAQ:DRVN,Driven Brands Holdings Inc.,Daily,2026-07-27,2026-07-30,14.369999885559082,14.350000381469727,1.8650321967635906,-2.4539281455764117,-0.024539281455764117,-0.13917539491043193,3.0,0,16.875,9.993271,0.88,1.486,2449596160.0,"(15,25]",>0,>0,OK,1,1,1,1,1,ledger
DRVN,NASDAQ:DRVN,Driven Brands Holdings Inc.,Weekly,2021-04-02,2021-07-09,25.270000457763672,29.139999389648438,1.6721468673936064,65.16824161017142,0.6516824161017143,15.31459779097784,14.0,1,16.875,9.993271,0.88,1.486,2449596160.0,"(15,25]",>0,>0,OK,1,1,1,1,1,ledger
DSGR,NASDAQ:DSGR,"Distribution Solutions Group, Inc. - Common Stock",Daily,2024-09-12,2024-09-20,35.0099983215332,37.560001373291016,1.516130733477249,117.51176052822174,1.1751176052822174,7.283642313657042,6.0,1,289.66666,21.456789,0.12,1.62,1607838464.0,>40,>0,>0,OK,1,1,0,1,1,ledger
DSGR,NASDAQ:DSGR,"Distribution Solutions Group, Inc. - Common Stock",Daily,2024-10-25,2024-10-31,39.33000183105469,38.5,2.2469932737307663,-87.14995623762722,-0.8714995623762721,-2.110352891972977,4.0,0,289.66666,21.456789,0.12,1.62,1607838464.0,>40,>0,>0,OK,1,1,0,1,1,ledger
DSGR,NASDAQ:DSGR,"Distribution Solutions Group, Inc. - Common Stock",Daily,2026-05-20,2026-05-29,27.18000030517578,27.0,1.7875090295504492,-29.2501872039033,-0.292501872039033,-0.6622527709887644,6.0,0,289.66666,21.456789,0.12,1.62,1607838464.0,>40,>0,>0,OK,1,1,0,1,1,ledger
DSGX,NASDAQ:DSGX,The Descartes Systems Group Inc.,Daily,2024-10-04,2024-10-07,101.87000274658203,100.20999908447266,1.555020971669082,-79.42586177315553,-0.7942586177315554,-1.6295313805369187,1.0,0,38.13793,23.807693,2.03,3.25189,6634183680.0,"(25,40]",>0,>0,OK,1,1,0,1,1,ledger
DSGX,NASDAQ:DSGX,The Descartes Systems Group Inc.,Daily,2024-11-18,2024-11-27,112.62999725341797,116.2699966430664,2.028839368770129,160.1946439537414,1.601946439537414,3.231820543738826,7.0,1,38.13793,23.807693,2.03,3.25189,6634183680.0,"(25,40]",>0,>0,OK,1,1,0,1,1,ledger
DSGX,NASDAQ:DSGX,The Descartes Systems Group Inc.,Daily,2026-01-09,2026-01-14,87.45999908447266,86.48999786376953,2.0437032969188222,-24.935767940847665,-0.24935767940847667,-1.1090798431935218,3.0,0,38.13793,23.807693,2.03,3.25189,6634183680.0,"(25,40]",>0,>0,OK,1,1,0,1,1,ledger
DSGX,NASDAQ:DSGX,The Descartes Systems Group Inc.,Daily,2026-05-01,2026-05-05,73.12999725341797,72.62000274658203,1.738563378877032,-16.66650044878827,-0.1666650044878827,-0.697380727458049,2.0,0,38.13793,23.807693,2.03,3.25189,6634183680.0,"(25,40]",>0,>0,OK,1,1,0,1,1,ledger
DSGX,NASDAQ:DSGX,The Descartes Systems Group Inc.,Weekly,2019-07-26,2019-08-02,38.13999938964844,35.56999969482422,1.594470969601935,-118.4332655945659,-1.184332655945659,-6.738331767047017,1.0,0,38.13793,23.807693,2.03,3.25189,6634183680.0,"(25,40]",>0,>0,OK,1,1,0,1,1,ledger
DSP,NASDAQ:DSP,Viant Technology Inc. - common stock,Daily,2024-08-09,2024-08-27,9.850000381469727,10.979999542236328,3.803024588872946,171.21178624427617,1.7121178624427615,11.472072253848923,12.0,1,31.949999,16.055277,0.4,0.796,838609792.0,"(25,40]",>0,>0,OK,1,1,0,1,1,ledger
DSP,NASDAQ:DSP,Viant Technology Inc. - common stock,Daily,2025-01-03,2025-01-07,19.3700008392334,18.270000457763672,2.194443610469932,-101.85189436819955,-1.0185189436819955,-5.678886596853968,2.0,0,31.949999,16.055277,0.4,0.796,838609792.0,"(25,40]",>0,>0,OK,1,1,0,1,1,ledger
DSP,NASDAQ:DSP,Viant Technology Inc. - common stock,Daily,2025-05-27,2025-06-02,13.979999542236328,13.300000190734863,2.7850875973841287,-83.42984044865547,-0.8342984044865548,-4.864087079881892,4.0,0,31.949999,16.055277,0.4,0.796,838609792.0,"(25,40]",>0,>0,OK,1,1,0,1,1,ledger
DSP,NASDAQ:DSP,Viant Technology Inc. - common stock,Daily,2026-03-30,2026-04-02,10.869999885559082,10.970000267028809,3.365145455740704,15.05663896948791,0.1505663896948791,0.9199667205385919,3.0,1,31.949999,16.055277,0.4,0.796,838609792.0,"(25,40]",>0,>0,OK,1,1,0,1,1,ledger
DSP,NASDAQ:DSP,Viant Technology Inc. - common stock,Daily,2026-06-26,2026-07-06,11.789999961853027,12.779999732971191,1.8372092679403518,76.74417057315829,0.7674417057315828,8.396944650732351,5.0,1,31.949999,16.055277,0.4,0.796,838609792.0,"(25,40]",>0,>0,OK,1,1,0,1,1,ledger
DSP,NASDAQ:DSP,Viant Technology Inc. - common stock,Weekly,2026-02-27,2026-04-10,10.130000114440918,9.5,2.1696111502390925,-44.522977485871806,-0.445229774858718,-6.219152095988778,6.0,0,31.949999,16.055277,0.4,0.796,838609792.0,"(25,40]",>0,>0,OK,1,1,0,1,1,ledger
DSP,NASDAQ:DSP,Viant Technology Inc. - common stock,Monthly,2025-11-30,2026-02-28,10.609999656677246,10.130000114440918,4.21720646196441,-12.876953796907287,-0.12876953796907287,-4.524029762189931,3.0,0,31.949999,16.055277,0.4,0.796,838609792.0,"(25,40]",>0,>0,OK,1,1,0,1,1,ledger
DSWL,NASDAQ:DSWL,"Deswell Industries, Inc. - Common Shares",Daily,2026-05-08,2026-05-14,3.4000000953674316,3.3499999046325684,1.769229358471188,-38.46165132230496,-0.38461651322304957,-1.4705938038939925,4.0,0,4.8161764,,0.68,,52024160.0,"(0,15]",>0,missing,OK,1,1,0,0,1,ledger
DSWL,NASDAQ:DSWL,"Deswell Industries, Inc. - Common Shares",Daily,2026-06-15,2026-07-02,3.2799999713897705,3.430000066757202,2.4148506178568936,144.8911291906541,1.4489112919065412,4.573173679141071,12.0,1,4.8161764,,0.68,,52024160.0,"(0,15]",>0,missing,OK,1,1,0,0,1,ledger
DSWL,NASDAQ:DSWL,"Deswell Industries, Inc. - Common Shares",Daily,2026-07-10,2026-07-14,3.559999942779541,3.4600000381469727,2.687502980235081,-62.5,-0.625,-2.8089861303337953,2.0,0,4.8161764,,0.68,,52024160.0,"(0,15]",>0,missing,OK,1,1,0,0,1,ledger
DSWL,NASDAQ:DSWL,"Deswell Industries, Inc. - Common Shares",Weekly,2021-08-27,2021-09-10,4.369999885559082,4.170000076293945,3.843753725293851,-62.5,-0.625,-4.576654794112185,2.0,0,4.8161764,,0.68,,52024160.0,"(0,15]",>0,missing,OK,1,1,0,0,1,ledger
DSWL,NASDAQ:DSWL,"Deswell Industries, Inc. - Common Shares",Weekly,2025-11-21,2025-12-12,3.7100000381469727,3.299999952316284,1.673912863199577,-89.13044605002644,-0.8913044605002644,-11.051215137870201,3.0,0,4.8161764,,0.68,,52024160.0,"(0,15]",>0,missing,OK,1,1,0,0,1,ledger
DSX,NASDAQ:DSX,Diana Shipping inc. common stock,Daily,2025-09-23,2025-09-25,1.8600000143051147,1.7999999523162842,1.5337564837844142,-76.68790037172634,-0.7668790037172634,-3.2258097595362787,2.0,0,5.2083335,4.1666665,0.48,0.6,308854176.0,"(0,15]",>0,>0,OK,1,1,1,1,1,ledger
DSX,NASDAQ:DSX,Diana Shipping inc. common stock,Daily,2026-05-26,2026-05-27,2.7200000286102295,2.5199999809265137,1.5384605509298317,-153.84605509298316,-1.5384605509298317,-7.3529428522066915,1.0,0,5.2083335,4.1666665,0.48,0.6,308854176.0,"(0,15]",>0,>0,OK,1,1,1,1,1,ledger
DSX,NASDAQ:DSX,Diana Shipping inc. common stock,Weekly,2017-01-06,2017-02-17,3.1551270484924316,3.2778260707855225,1.5930222259337143,16.279016066543683,0.1627901606654368,3.8888773861489443,6.0,1,5.2083335,4.1666665,0.48,0.6,308854176.0,"(0,15]",>0,>0,OK,1,1,1,1,1,ledger
DSX,NASDAQ:DSX,Diana Shipping inc. common stock,Weekly,2018-08-24,2018-09-07,3.7686240673065186,3.426819086074829,2.2447393155801003,-101.79618156770198,-1.0179618156770196,-9.06975530398238,2.0,0,5.2083335,4.1666665,0.48,0.6,308854176.0,"(0,15]",>0,>0,OK,1,1,1,1,1,ledger
DSX,NASDAQ:DSX,Diana Shipping inc. common stock,Monthly,2023-02-28,2023-03-31,4.619999885559082,3.9000000953674316,1.801587300085547,-57.142840923906064,-0.5714284092390606,-15.584411429147055,1.0,0,5.2083335,4.1666665,0.48,0.6,308854176.0,"(0,15]",>0,>0,OK,1,1,1,1,1,ledger
DUOL,NASDAQ:DUOL,"Duolingo, Inc.",Daily,2024-07-26,2024-07-30,173.27999877929688,168.19000244140625,2.058797021111645,-45.69117250240045,-0.4569117250240045,-2.93744019722302,2.0,0,15.529876,17.55524,8.87,7.84666,6418201600.0,"(15,25]",>0,>0,OK,1,1,1,0,1,ledger
DUOL,NASDAQ:DUOL,"Duolingo, Inc.",Daily,2026-07-01,2026-07-08,121.21499633789062,127.56999969482422,2.1434742266976143,81.29980266456013,0.8129980266456014,5.242753412472844,4.0,1,15.529876,17.55524,8.87,7.84666,6418201600.0,"(15,25]",>0,>0,OK,1,1,1,0,1,ledger
DUOL,NASDAQ:DUOL,"Duolingo, Inc.",Weekly,2022-12-16,2023-02-24,72.98999786376953,87.16000366210938,3.6189807140105192,127.027431787705,1.27027431787705,19.413626816083923,10.0,1,15.529876,17.55524,8.87,7.84666,6418201600.0,"(15,25]",>0,>0,OK,1,1,1,0,1,ledger
DUOL,NASDAQ:DUOL,"Duolingo, Inc.",Weekly,2025-08-08,2025-08-15,370.3399963378906,326.92999267578125,3.563165330672302,-88.59443455960302,-0.8859443455960301,-11.721662280976798,1.0,0,15.529876,17.55524,8.87,7.84666,6418201600.0,"(15,25]",>0,>0,OK,1,1,1,0,1,ledger
DV,NASDAQ:DV,"DoubleVerify Holdings, Inc. Common Stock",Daily,2024-11-19,2024-12-05,19.280000686645508,20.559999465942383,1.989279789275841,190.02055313467665,1.9002055313467665,6.6389975814859765,11.0,1,36.151516,9.712453,0.33,1.22832,1830827904.0,"(25,40]",>0,>0,OK,1,1,0,1,1,ledger
DV,NASDAQ:DV,"DoubleVerify Holdings, Inc. Common Stock",Weekly,2021-08-27,2021-10-01,33.58000183105469,34.06999969482422,3.1386283764511695,10.363352959196936,0.10363352959196938,1.4591954647137113,5.0,1,36.151516,9.712453,0.33,1.22832,1830827904.0,"(25,40]",>0,>0,OK,1,1,0,1,1,ledger
DV,NASDAQ:DV,"DoubleVerify Holdings, Inc. Common Stock",Weekly,2023-01-13,2023-03-10,23.610000610351562,24.65999984741211,2.730648834834902,32.50770172860035,0.3250770172860036,4.447264760341367,8.0,1,36.151516,9.712453,0.33,1.22832,1830827904.0,"(25,40]",>0,>0,OK,1,1,0,1,1,ledger
DV,NASDAQ:DV,"DoubleVerify Holdings, Inc. Common Stock",Weekly,2023-08-25,2023-09-08,33.2400016784668,30.959999084472656,3.3011906159126823,-81.19445407976198,-0.8119445407976198,-6.859213233647786,2.0,0,36.151516,9.712453,0.33,1.22832,1830827904.0,"(25,40]",>0,>0,OK,1,1,0,1,1,ledger
DV,NASDAQ:DV,"DoubleVerify Holdings, Inc. Common Stock",Monthly,2022-08-31,2022-12-31,25.850000381469727,21.959999084472656,2.0092695363972024,-45.075328105916846,-0.45075328105916845,-15.048360694747117,4.0,0,36.151516,9.712453,0.33,1.22832,1830827904.0,"(25,40]",>0,>0,OK,1,1,0,1,1,ledger
DWSN,NASDAQ:DWSN,Dawson Geophysical Company - Common Stock,Daily,2024-08-29,2024-08-30,1.5399999618530273,1.5299999713897705,4.715684209249027,-8.420857489049006,-0.08420857489049006,-0.6493500461665078,1.0,0,29.6875,-9.5,0.16,-0.5,147500992.0,"(25,40]",>0,<=0,OK,1,1,0,0,1,ledger
DWSN,NASDAQ:DWSN,Dawson Geophysical Company - Common Stock,Daily,2025-07-10,2025-07-21,1.4299999475479126,1.4500000476837158,15.9756533022408,7.774079432301714,0.07774079432301714,1.3986084524057727,7.0,1,29.6875,-9.5,0.16,-0.5,147500992.0,"(25,40]",>0,<=0,OK,1,1,0,0,1,ledger
DWSN,NASDAQ:DWSN,Dawson Geophysical Company - Common Stock,Daily,2026-06-01,2026-06-05,4.010000228881836,3.9800000190734863,1.9347811551995173,-6.5217808198588045,-0.06521780819858805,-0.7481348652370273,4.0,0,29.6875,-9.5,0.16,-0.5,147500992.0,"(25,40]",>0,<=0,OK,1,1,0,0,1,ledger
DWSN,NASDAQ:DWSN,Dawson Geophysical Company - Common Stock,Weekly,2018-08-31,2018-09-07,6.199999809265137,5.769999980926514,2.639992004082223,-59.434355982215884,-0.5943435598221588,-6.935481315596837,1.0,0,29.6875,-9.5,0.16,-0.5,147500992.0,"(25,40]",>0,<=0,OK,1,1,0,0,1,ledger
DWSN,NASDAQ:DWSN,Dawson Geophysical Company - Common Stock,Weekly,2021-06-11,2021-06-25,2.7300000190734863,2.559999942779541,3.222222025992925,-31.481497833922905,-0.31481497833922906,-6.227108978249763,2.0,0,29.6875,-9.5,0.16,-0.5,147500992.0,"(25,40]",>0,<=0,OK,1,1,0,0,1,ledger
DWSN,NASDAQ:DWSN,Dawson Geophysical Company - Common Stock,Weekly,2025-08-22,2025-11-21,1.5299999713897705,1.8200000524520874,11.05010431178515,79.91349510688019,0.799134951068802,18.95425401863872,13.0,1,29.6875,-9.5,0.16,-0.5,147500992.0,"(25,40]",>0,<=0,OK,1,1,0,0,1,ledger
DWSN,NASDAQ:DWSN,Dawson Geophysical Company - Common Stock,Monthly,2021-06-30,2021-08-31,2.609999895095825,1.9299999475479126,2.559875538269108,-93.58684569509064,-0.9358684569509064,-26.05363888426312,2.0,0,29.6875,-9.5,0.16,-0.5,147500992.0,"(25,40]",>0,<=0,OK,1,1,0,0,1,ledger
DWTX,NASDAQ:DWTX,"Dogwood Therapeutics, Inc.  - Common Stock",Daily,2024-08-06,2024-08-08,4.849999904632568,4.474999904632568,5.3984426731251105,-58.256577208049436,-0.5825657720804943,-7.731958914923105,2.0,0,1.467213,-0.2810047,1.22,-6.37,60196896.0,"(0,15]",>0,<=0,OK,1,1,0,0,1,ledger
DWTX,NASDAQ:DWTX,"Dogwood Therapeutics, Inc.  - Common Stock",Daily,2024-08-30,2024-09-04,4.849999904632568,4.449999809265137,1.9778346660638237,-68.79425995123678,-0.6879425995123678,-8.247424808923482,2.0,0,1.467213,-0.2810047,1.22,-6.37,60196896.0,"(0,15]",>0,<=0,OK,1,1,0,0,1,ledger
DWTX,NASDAQ:DWTX,"Dogwood Therapeutics, Inc.  - Common Stock",Daily,2026-01-22,2026-01-28,3.069999933242798,3.069999933242798,55.765955655161534,0.0,0.0,0.0,4.0,0,1.467213,-0.2810047,1.22,-6.37,60196896.0,"(0,15]",>0,<=0,OK,1,1,0,0,1,ledger
DXCM,NASDAQ:DXCM,"DexCom, Inc.",Daily,2024-07-29,2024-08-07,67.4800033569336,69.31999969482422,7.856810138421379,29.081678029466882,0.2908167802946688,2.7267282844637926,7.0,1,34.363636,27.813414,2.53,3.12583,32807745536.0,"(25,40]",>0,>0,OK,1,1,0,1,1,ledger
DXCM,NASDAQ:DXCM,"DexCom, Inc.",Daily,2024-11-08,2024-11-19,69.95999908447266,74.87999725341797,2.687227971351077,216.74032796362084,2.1674032796362086,7.032587526201508,7.0,1,34.363636,27.813414,2.53,3.12583,32807745536.0,"(25,40]",>0,>0,OK,1,1,0,1,1,ledger
DXCM,NASDAQ:DXCM,"DexCom, Inc.",Daily,2026-07-02,2026-07-14,71.25,74.12000274658203,1.939242931698517,72.65835351744332,0.7265835351744332,4.02807403029057,7.0,1,34.363636,27.813414,2.53,3.12583,32807745536.0,"(25,40]",>0,>0,OK,1,1,0,1,1,ledger
DXCM,NASDAQ:DXCM,"DexCom, Inc.",Weekly,2018-10-19,2018-11-23,32.25,31.06999969482422,1.505773731737758,-36.335658174877025,-0.3633565817487703,-3.6589156749636627,5.0,0,34.363636,27.813414,2.53,3.12583,32807745536.0,"(25,40]",>0,>0,OK,1,1,0,1,1,ledger
DXCM,NASDAQ:DXCM,"DexCom, Inc.",Weekly,2019-04-26,2019-07-05,31.042499542236328,36.747501373291016,1.9121347078711841,136.40175225302053,1.3640175225302051,18.378036289547108,10.0,1,34.363636,27.813414,2.53,3.12583,32807745536.0,"(25,40]",>0,>0,OK,1,1,0,1,1,ledger
DXCM,NASDAQ:DXCM,"DexCom, Inc.",Weekly,2026-04-10,2026-04-24,64.0199966430664,61.56999969482422,2.2803235187581947,-46.71222847630003,-0.46712228476300033,-3.8269245184465825,2.0,0,34.363636,27.813414,2.53,3.12583,32807745536.0,"(25,40]",>0,>0,OK,1,1,0,1,1,ledger
DXPE,NASDAQ:DXPE,"DXP Enterprises, Inc. - Common Stock",Daily,2024-08-06,2024-08-20,48.84000015258789,49.040000915527344,2.3901648324847193,6.557403703884364,0.06557403703884364,0.4095019703411194,10.0,1,30.58676,22.766975,5.59,7.51,2651098112.0,"(25,40]",>0,>0,OK,1,1,0,1,1,ledger
DXPE,NASDAQ:DXPE,"DXP Enterprises, Inc. - Common Stock",Daily,2025-02-26,2025-03-03,91.05000305175781,86.36000061035156,3.114785293375488,-91.24519451989728,-0.9124519451989729,-5.151018434057817,3.0,0,30.58676,22.766975,5.59,7.51,2651098112.0,"(25,40]",>0,>0,OK,1,1,0,1,1,ledger
DXPE,NASDAQ:DXPE,"DXP Enterprises, Inc. - Common Stock",Weekly,2019-06-21,2019-07-12,36.7400016784668,33.869998931884766,1.854468944328435,-59.66739973336781,-0.5966739973336781,-7.8116565472672015,3.0,0,30.58676,22.766975,5.59,7.51,2651098112.0,"(25,40]",>0,>0,OK,1,1,0,1,1,ledger
DXPE,NASDAQ:DXPE,"DXP Enterprises, Inc. - Common Stock",Weekly,2024-07-12,2024-08-02,46.58000183105469,49.970001220703125,2.885528825247611,90.57353377244073,0.9057353377244072,7.277800035182351,3.0,1,30.58676,22.766975,5.59,7.51,2651098112.0,"(25,40]",>0,>0,OK,1,1,0,1,1,ledger
DXPE,NASDAQ:DXPE,"DXP Enterprises, Inc. - Common Stock",Weekly,2026-03-27,2026-05-08,136.63999938964844,156.17999267578125,2.5108374679190257,139.93653931011949,1.399365393101195,14.300346438389344,6.0,1,30.58676,22.766975,5.59,7.51,2651098112.0,"(25,40]",>0,>0,OK,1,1,0,1,1,ledger
DYN,NASDAQ:DYN,"Dyne Therapeutics, Inc.",Daily,2025-06-24,2025-06-27,10.630000114440918,9.569999694824219,4.817721245895944,-111.0171125541522,-1.110171125541522,-9.971781826951087,3.0,0,,-8.040247,-3.36,-3.23,4849804800.0,missing,<=0,<=0,OK,0,0,0,0,0,ledger
DYN,NASDAQ:DYN,"Dyne Therapeutics, Inc.",Weekly,2026-01-23,2026-02-06,18.0,16.799999237060547,2.7306708359660936,-46.81152980708323,-0.46811529807083235,-6.666670905219184,2.0,0,,-8.040247,-3.36,-3.23,4849804800.0,missing,<=0,<=0,OK,0,0,0,0,0,ledger
E,NASDAQ:E,ENI S.p.A. Common Stock,Daily,2024-08-07,2024-08-20,30.889999389648438,32.04999923706055,1.925374281541707,173.13428586882566,1.7313428586882567,3.7552601823645144,9.0,1,19.168459,10.026059,2.79,5.3341,77599547392.0,"(15,25]",>0,>0,OK,1,1,1,1,1,ledger
E,NASDAQ:E,ENI S.p.A. Common Stock,Daily,2025-01-27,2025-01-29,28.280000686645508,28.010000228881836,2.2244032255379205,-70.65776085859946,-0.7065776085859946,-0.9547399264780518,2.0,0,19.168459,10.026059,2.79,5.3341,77599547392.0,"(15,25]",>0,>0,OK,1,1,1,1,1,ledger
E,NASDAQ:E,ENI S.p.A. Common Stock,Daily,2025-06-26,2025-07-03,32.15999984741211,32.790000915527344,1.7935862193195387,117.70440745251139,1.177044074525114,1.9589585544290047,5.0,1,19.168459,10.026059,2.79,5.3341,77599547392.0,"(15,25]",>0,>0,OK,1,1,1,1,1,ledger
E,NASDAQ:E,ENI S.p.A. Common Stock,Daily,2025-10-01,2025-10-02,35.060001373291016,34.72999954223633,2.0898883831733213,-74.96395280196609,-0.7496395280196609,-0.9412487681933905,1.0,0,19.168459,10.026059,2.79,5.3341,77599547392.0,"(15,25]",>0,>0,OK,1,1,1,1,1,ledger
E,NASDAQ:E,ENI S.p.A. Common Stock,Daily,2026-01-08,2026-01-15,37.13999938964844,38.189998626708984,3.596686567807175,166.36640487129895,1.66366404871299,2.827138541507892,5.0,1,19.168459,10.026059,2.79,5.3341,77599547392.0,"(15,25]",>0,>0,OK,1,1,1,1,1,ledger
E,NASDAQ:E,ENI S.p.A. Common Stock,Weekly,2016-09-30,2016-11-04,28.8700008392334,27.860000610351562,1.6907887637122012,-66.44736346775954,-0.6644736346775955,-3.498441979638872,5.0,0,19.168459,10.026059,2.79,5.3341,77599547392.0,"(15,25]",>0,>0,OK,1,1,1,1,1,ledger
E,NASDAQ:E,ENI S.p.A. Common Stock,Monthly,2019-01-31,2019-05-31,33.880001068115234,29.969999313354492,1.5181595245022652,-94.67314149013305,-0.9467314149013305,-11.540736810780325,4.0,0,19.168459,10.026059,2.79,5.3341,77599547392.0,"(15,25]",>0,>0,OK,1,1,1,1,1,ledger
EA,NASDAQ:EA,Electronic Arts Inc.,Daily,2025-05-15,2025-05-22,149.57000732421875,146.6300048828125,2.924519853808588,-77.25160400491127,-0.7725160400491127,-1.9656363558459207,5.0,0,59.914284,21.778368,3.5,9.62882,52925640704.0,>40,>0,>0,OK,1,1,0,1,1,ledger
EA,NASDAQ:EA,Electronic Arts Inc.,Daily,2025-07-16,2025-07-23,149.35000610351562,153.72999572753906,4.546072013734032,171.0631382672245,1.710631382672245,2.9327013358055263,5.0,1,59.914284,21.778368,3.5,9.62882,52925640704.0,>40,>0,>0,OK,1,1,0,1,1,ledger
EA,NASDAQ:EA,Electronic Arts Inc.,Daily,2025-08-20,2025-08-28,171.3300018310547,170.99000549316406,2.2976795177509137,-8.163043567231341,-0.08163043567231341,-0.19844530103133312,6.0,0,59.914284,21.778368,3.5,9.62882,52925640704.0,>40,>0,>0,OK,1,1,0,1,1,ledger
EA,NASDAQ:EA,Electronic Arts Inc.,Weekly,2020-09-25,2020-10-09,131.19000244140625,127.44999694824219,1.9943838631169026,-46.12867933318692,-0.46128679333186917,-2.850831178873155,2.0,0,59.914284,21.778368,3.5,9.62882,52925640704.0,>40,>0,>0,OK,1,1,0,1,1,ledger
EARN,NASDAQ:EARN,Ellington Credit Company Common Shares of Beneficial Interest,Daily,2025-12-18,2025-12-23,5.239999771118164,5.239999771118164,2.214290823260139,0.0,0.0,0.0,3.0,0,15.392857,4.353535,0.28,0.99,161921520.0,"(15,25]",>0,>0,OK,1,1,1,1,1,ledger
EARN,NASDAQ:EARN,Ellington Credit Company Common Shares of Beneficial Interest,Weekly,2017-05-26,2017-06-30,14.539999961853027,14.65999984741211,1.9491513917175831,20.33895839394821,0.20338958393948212,0.8253087061479527,5.0,1,15.392857,4.353535,0.28,0.99,161921520.0,"(15,25]",>0,>0,OK,1,1,1,1,1,ledger
EARN,NASDAQ:EARN,Ellington Credit Company Common Shares of Beneficial Interest,Weekly,2023-05-19,2023-07-07,7.170000076293945,6.929999828338623,2.258382923985126,-55.307419888956325,-0.5530741988895632,-3.3472837573437575,7.0,0,15.392857,4.353535,0.28,0.99,161921520.0,"(15,25]",>0,>0,OK,1,1,1,1,1,ledger
EBAY,NASDAQ:EBAY,eBay Inc.,Daily,2025-01-17,2025-01-21,66.19000244140625,64.62999725341797,2.678381652698651,-78.39200410989365,-0.7839200410989365,-2.356859239232169,1.0,0,25.314089,16.394423,4.33,6.68581,48666841088.0,"(25,40]",>0,>0,OK,1,1,0,1,1,ledger
EBAY,NASDAQ:EBAY,eBay Inc.,Daily,2026-06-11,2026-06-17,109.61000061035156,107.88999938964844,2.552628725851982,-45.26315366792886,-0.4526315366792886,-1.5692009954616206,4.0,0,25.314089,16.394423,4.33,6.68581,48666841088.0,"(25,40]",>0,>0,OK,1,1,0,1,1,ledger
EBAY,NASDAQ:EBAY,eBay Inc.,Weekly,2023-03-24,2023-04-21,42.65999984741211,43.11000061035156,3.036930597752206,14.280262586860658,0.14280262586860656,1.0548541128669309,4.0,1,25.314089,16.394423,4.33,6.68581,48666841088.0,"(25,40]",>0,>0,OK,1,1,0,1,1,ledger
EBC,NASDAQ:EBC,"Eastern Bankshares, Inc.",Daily,2024-09-30,2024-10-01,16.389999389648438,15.829999923706055,1.7640458106880175,-125.8426629176882,-1.258426629176882,-3.4167143794774404,1.0,0,13.0670395,10.973493,1.79,2.1315,5353970688.0,"(0,15]",>0,>0,OK,1,1,1,1,1,ledger
EBC,NASDAQ:EBC,"Eastern Bankshares, Inc.",Daily,2024-10-23,2024-10-25,16.68000030517578,15.920000076293945,2.0320968048913004,-190.66605618444845,-1.9066605618444845,-4.556356204897724,2.0,0,13.0670395,10.973493,1.79,2.1315,5353970688.0,"(0,15]",>0,>0,OK,1,1,1,1,1,ledger
EBC,NASDAQ:EBC,"Eastern Bankshares, Inc.",Daily,2025-05-27,2025-06-02,15.069999694824219,14.75,2.021739626201163,-69.56514527983083,-0.6956514527983083,-2.1234220391797516,4.0,0,13.0670395,10.973493,1.79,2.1315,5353970688.0,"(0,15]",>0,>0,OK,1,1,1,1,1,ledger
EBC,NASDAQ:EBC,"Eastern Bankshares, Inc.",Daily,2026-02-20,2026-02-23,21.420000076293945,20.459999084472656,1.862901811671112,-154.8386600586355,-1.5483866005863551,-4.481797331475019,1.0,0,13.0670395,10.973493,1.79,2.1315,5353970688.0,"(0,15]",>0,>0,OK,1,1,1,1,1,ledger
EBC,NASDAQ:EBC,"Eastern Bankshares, Inc.",Daily,2026-05-20,2026-05-28,19.84000015258789,19.81999969482422,2.2916683223528227,-2.7778440052240208,-0.02777844005224021,-0.10080875811416289,5.0,0,13.0670395,10.973493,1.79,2.1315,5353970688.0,"(0,15]",>0,>0,OK,1,1,1,1,1,ledger
EBC,NASDAQ:EBC,"Eastern Bankshares, Inc.",Weekly,2021-08-13,2021-09-03,19.350000381469727,18.940000534057617,2.609929576893213,-29.07800650933519,-0.29078006509335186,-2.1188622187560284,3.0,0,13.0670395,10.973493,1.79,2.1315,5353970688.0,"(0,15]",>0,>0,OK,1,1,1,1,1,ledger
EBC,NASDAQ:EBC,"Eastern Bankshares, Inc.",Weekly,2026-04-03,2026-04-24,19.850000381469727,19.899999618530273,1.7290609213848123,3.172539992593292,0.031725399925932915,0.25188532040141376,3.0,1,13.0670395,10.973493,1.79,2.1315,5353970688.0,"(0,15]",>0,>0,OK,1,1,1,1,1,ledger
EBF,NASDAQ:EBF,"Ennis, Inc. Common Stock",Daily,2024-11-22,2024-12-12,20.959999084472656,21.239999771118164,2.871993014580781,60.46307586554404,0.6046307586554404,1.335881196926839,13.0,1,13.2071,13.863354,1.69,1.61,564657408.0,"(0,15]",>0,>0,OK,1,1,1,0,1,ledger
EBF,NASDAQ:EBF,"Ennis, Inc. Common Stock",Weekly,2023-02-03,2023-03-17,21.389999389648438,21.229999542236328,2.200815244837799,-16.848329074056558,-0.16848329074056556,-0.7480123982123176,6.0,0,13.2071,13.863354,1.69,1.61,564657408.0,"(0,15]",>0,>0,OK,1,1,1,0,1,ledger
EBF,NASDAQ:EBF,"Ennis, Inc. Common Stock",Weekly,2024-08-16,2024-09-06,22.90999984741211,22.969999313354492,1.677233727706112,6.892675312321746,0.06892675312321747,0.26189203990396487,3.0,1,13.2071,13.863354,1.69,1.61,564657408.0,"(0,15]",>0,>0,OK,1,1,1,0,1,ledger
EBMT,NASDAQ:EBMT,"Eagle Bancorp Montana, Inc. - Common Stock",Daily,2024-11-21,2024-11-29,16.559999465942383,17.399999618530273,1.9332329911827424,279.98555537818527,2.7998555537818524,5.072464853126664,5.0,1,11.507247,10.960139,2.07,2.17333,189736560.0,"(0,15]",>0,>0,OK,1,1,1,1,1,ledger
EBMT,NASDAQ:EBMT,"Eagle Bancorp Montana, Inc. - Common Stock",Daily,2025-04-02,2025-04-03,16.860000610351562,16.31999969482422,1.9113904796855534,-68.3544670536085,-0.683544670536085,-3.2028522893160423,1.0,0,11.507247,10.960139,2.07,2.17333,189736560.0,"(0,15]",>0,>0,OK,1,1,1,1,1,ledger
EBMT,NASDAQ:EBMT,"Eagle Bancorp Montana, Inc. - Common Stock",Daily,2026-02-20,2026-02-27,22.510000228881836,21.700000762939453,2.1332010243425428,-139.3461297905793,-1.3934612979057934,-3.598398301671714,5.0,0,11.507247,10.960139,2.07,2.17333,189736560.0,"(0,15]",>0,>0,OK,1,1,1,1,1,ledger
EBMT,NASDAQ:EBMT,"Eagle Bancorp Montana, Inc. - Common Stock",Weekly,2024-04-26,2024-06-21,12.779999732971191,13.0,6.680421279963504,30.17853182738183,0.30178531827381827,1.7214418750043374,8.0,1,11.507247,10.960139,2.07,2.17333,189736560.0,"(0,15]",>0,>0,OK,1,1,1,1,1,ledger
EBMT,NASDAQ:EBMT,"Eagle Bancorp Montana, Inc. - Common Stock",Weekly,2025-11-28,2026-02-27,16.600000381469727,21.700000762939453,1.7374988228085464,637.4998956918965,6.374998956918965,30.722893158260177,13.0,1,11.507247,10.960139,2.07,2.17333,189736560.0,"(0,15]",>0,>0,OK,1,1,1,1,1,ledger
EBMT,NASDAQ:EBMT,"Eagle Bancorp Montana, Inc. - Common Stock",Monthly,2017-10-31,2018-05-31,19.700000762939453,19.399999618530273,1.8297866123627013,-12.766004072797397,-0.127660040727974,-1.5228483898008554,7.0,0,11.507247,10.960139,2.07,2.17333,189736560.0,"(0,15]",>0,>0,OK,1,1,1,1,1,ledger
