yahoo,tv,name,exchange,epsTtm,peTtm,growth5y,rule,pegLynch,pass
AAV.TO,TSX:AAV,Advantage Energy Ltd.,TSX,0.32,21.7494,27.0762,lynch_peg,0.803268,true
ABX.TO,TSX:ABX,Barrick Gold Corporation,TSX,2.98,10.6278,17.8661,lynch_peg,0.594857,true
AC.TO,TSX:AC,Air Canada,TSX,2.07,11.5627,-15.0553,pe15,-0.768019,true
ACO-X.TO,TSX:ACO-X,ATCO Ltd.,TSX,1.34,47.1358,-20.9462,pe15,-2.25033,false
ACQ.TO,TSX:ACQ,AutoCanada Inc.,TSX,0.69,22.785,-41.7177,pe15,-0.546173,false
ACX.TO,TSX:ACX,ACT Energy Technologies Ltd.,TSX,0.46,8.83421,-15.7786,pe15,-0.559885,true
ADEN.TO,TSX:ADEN,ADENTRA Inc,TSX,2.83,9.91414,9.71684,pe15,1.02031,true
ADN.TO,TSX:ADN,Acadian Timber Corp.,TSX,2.7,6.78607,15.3873,lynch_peg,0.441018,true
ADW-A.TO,TSX:ADW-A,Andrew Peller Limited,TSX,0.64,12.6825,-0.309603,pe15,-40.9638,true
ADW-B.TO,TSX:ADW-B,Andrew Peller Limited,TSX,0.64,12.6825,-0.309603,pe15,-40.9638,true
AFM.V,TSXV:AFM,Alphamin Resources Corp.,TSXV,0.12,7.67401,65.2171,lynch_peg,0.117669,true
AGF-B.TO,TSX:AGF-B,AGF Management Limited,TSX,1.99,10.8832,-2.426,pe15,-4.48606,true
AI.TO,TSX:AI,Atrium Mortgage Investment Corporation,TSX,1.03,11.9596,2.06359,pe15,5.79552,true
AIM.TO,TSX:AIM,Aimia Inc.,TSX,0.38,-16,-40.7689,pe15,0.392456,false
ALA.TO,TSX:ALA,AltaGas Ltd.,TSX,2.48,27.0226,7.34467,pe15,3.67922,false
ALC.TO,TSX:ALC,Algoma Central Corporation,TSX,3.53,5.91981,23.8791,lynch_peg,0.247908,true
ALK.TO,TSX:ALK,Alkane Resources Ltd.,TSX,0.0293,17.8488,-32.1251,pe15,-0.555604,false
ALS.TO,TSX:ALS,Altius Minerals Corporation,TSX,6.45,9.75499,58.2933,lynch_peg,0.167343,true
ALV.V,TSXV:ALV,Alvopetro Energy Ltd.,TSXV,0.63,9.67061,29.9506,lynch_peg,0.322885,true
ANRG.TO,TSX:ANRG,Anaergia Inc.,TSX,0.0409,26.5193,-19.4735,pe15,-1.36181,false
APM.TO,TSX:APM,Andean Precious Metals Corp.,TSX,0.79,4.26843,10.0237,pe15,0.425834,true
APTX.TO,TSX:APTX,Apotex Health Corp.,TSX,1.61,22.0807,,,,false
ARE.TO,TSX:ARE,Aecon Group Inc.,TSX,0.24,-51.0879,-30.4049,pe15,1.68025,false
ARG.TO,TSX:ARG,Amerigo Resources Ltd.,TSX,0.22,15.5253,45.7054,lynch_peg,0.339682,true
ARM.CN,CSE:ARM,Armada Mercantile Ltd.,CSE,0.0004,221.429,-73.5674,pe15,-3.00987,false
ARTG.V,TSXV:ARTG,Artemis Gold Inc.,TSXV,1.52,16.15,50.6549,lynch_peg,0.318824,true
ARX.TO,TSX:ARX,ARC Resources Ltd.,TSX,2.19,13.3158,20.3172,lynch_peg,0.655396,true
ATD.TO,TSX:ATD,Alimentation Couche-Tard Inc.,TSX,3.37,19.8079,6.58418,pe15,3.0084,false
ATH.TO,TSX:ATH,Athabasca Oil Corporation,TSX,0.49,22.3046,5.76809,pe15,3.86689,false
ATRL.TO,TSX:ATRL,AtkinsRéalis Group Inc.,TSX,15.48,33.4466,42.229,lynch_peg,0.792028,true
ATZ.TO,TSX:ATZ,Aritzia Inc.,TSX,3.32,34.9194,79.132,lynch_peg,0.44128,true
AUMN.TO,TSX:AUMN,Golden Minerals Company,TSX,0.17,0.860303,,,,false
AVG.V,TSXV:AVG,Avidian Gold Corp.,TSXV,0.19,0.462731,,,,false
AW.TO,TSX:AW,A & W Food Services of Canada Inc.,TSX,2.3,16.1447,-12.0473,pe15,-1.34011,false
AWR.CN,CSE:AWR,Aurwest Resources Corporation,CSE,0.004,11.5385,,,,false
AXL.V,TSXV:AXL,Arrow Exploration Corp.,TSXV,0.0052,24.7961,-45.7421,pe15,-0.542085,false
BBD-A.TO,TSX:BBD-A,Bombardier Inc.,TSX,9.09,25.8757,19.9114,lynch_peg,1.29954,false
BBD-B.TO,TSX:BBD-B,Bombardier Inc.,TSX,9.09,25.8757,19.9114,lynch_peg,1.29954,false
BCBN.NE,NEO:BCBN,Base Carbon Inc.,NEO,0.0024,-31.9616,-94.5567,pe15,0.338015,false
BDGI.TO,TSX:BDGI,Badger Infrastructure Solutions Ltd.,TSX,1.78,30.0373,20.18,lynch_peg,1.48847,false
BDI.TO,TSX:BDI,Black Diamond Group Limited,TSX,0.55,54.5944,11.9628,pe15,4.56369,false
BDT.TO,TSX:BDT,Bird Construction Inc.,TSX,0.86,79.8667,1.45692,pe15,54.8187,false
BEK-B.TO,TSX:BEK-B,The Becker Milk Company Limited,TSX,0.79,16.6795,-16.6176,pe15,-1.00372,false
BEW.V,TSXV:BEW,BeWhere Holdings Inc.,TSXV,0.0176,40.2116,39.1085,lynch_peg,1.02821,false
BIR.TO,TSX:BIR,Birchcliff Energy Ltd.,TSX,0.24,26.2475,-5.99646,pe15,-4.37716,false
BLAB.CN,CSE:BLAB,Britannia Life Sciences Inc.,CSE,0.0806,0.806452,36.9205,lynch_peg,0.0218429,true
BLX.TO,TSX:BLX,Boralex Inc.,TSX,0.06,-118.164,-36.0276,pe15,3.27983,false
BNK.TO,TSX:BNK,Big Banc Split Corp.,TSX,6.18,2.46117,23.1328,lynch_peg,0.106393,true
BRE.TO,TSX:BRE,Bridgemarq Real Estate Services Inc.,TSX,0.77,-22.1579,56.9309,lynch_peg,-0.389207,false
BRM.V,TSXV:BRM,BioRem Inc.,TSXV,0.3,10.117,40.9112,lynch_peg,0.247293,true
BRY.TO,TSX:BRY,Bri-Chem Corp.,TSX,0.037,5.36673,-9.43513,pe15,-0.568802,true
CAS.TO,TSX:CAS,Cascades Inc.,TSX,0.69,13.9841,-19.6481,pe15,-0.711731,true
CCA.TO,TSX:CCA,Cogeco Communications Inc.,TSX,7.66,-2.29928,-0.207578,pe15,11.0767,false
CCL-A.TO,TSX:CCL-A,CCL Industries Inc.,TSX,4.59,20.9107,9.17022,pe15,2.28028,false
CCL-B.TO,TSX:CCL-B,CCL Industries Inc.,TSX,4.59,20.9107,9.17022,pe15,2.28028,false
CEMX.TO,TSX:CEMX,CEMATRIX Corporation,TSX,0.027,12.4372,73.2051,lynch_peg,0.169895,true
CEU.TO,TSX:CEU,CES Energy Solutions Corp.,TSX,0.93,20.4839,42.7299,lynch_peg,0.47938,true
CFE.CN,CSE:CFE,Cartier Silver Corporation,CSE,0.0581,5.80986,-23.5404,pe15,-0.246803,true
CFW.TO,TSX:CFW,Calfrac Well Services Ltd.,TSX,0.34,11.3008,7.98706,pe15,1.41489,true
CGG.TO,TSX:CGG,China Gold International Resources Corp. Ltd.,TSX,1.18,17.7588,33.3352,lynch_peg,0.532736,true
CGO.TO,TSX:CGO,Cogeco Inc.,TSX,8.94,-1.615,-18.7515,pe15,0.0861264,false
CGY.TO,TSX:CGY,Calian Group Ltd.,TSX,1.78,31.4557,-4.57822,pe15,-6.87071,false
CHR.TO,TSX:CHR,Chorus Aviation Inc.,TSX,3.05,15.065,11.158,pe15,1.35015,false
CIA.TO,TSX:CIA,Champion Iron Limited,TSX,0.32,16.9618,-19.892,pe15,-0.852691,false
CJ.TO,TSX:CJ,Cardinal Energy Ltd.,TSX,0.13,32.3899,-18.1894,pe15,-1.78071,false
CJT.TO,TSX:CJT,Cargojet Inc.,TSX,5.24,29.644,35.1467,lynch_peg,0.843436,true
CKI.TO,TSX:CKI,Clarke Inc.,TSX,0.95,10.5719,-16.9727,pe15,-0.622876,true
CLC.CN,CSE:CLC,Christina Lake Cannabis Corp.,CSE,0.0024,-1.62338,,,,false
CMG.TO,TSX:CMG,Computer Modelling Group Ltd.,TSX,0.21,21.1029,-3.42697,pe15,-6.15788,false
COCO.V,TSXV:COCO,Coast Copper Corp.,TSXV,0.0076,25.7732,12.7663,pe15,2.01885,false
COR.V,TSXV:COR,Camino Minerals Corporation,TSXV,0.0167,-213.636,,,,false
COV.V,TSXV:COV,Covalon Technologies Ltd.,TSXV,0.0751,39.196,1.00971,pe15,38.819,false
CPH.TO,TSX:CPH,Cipher Pharmaceuticals Inc.,TSX,1.09,8.84242,45.0092,lynch_peg,0.196458,true
CPKR.TO,TSX:CPKR,Canada Packers Inc.,TSX,3.58,7.93056,,,,false
CPX.TO,TSX:CPX,Capital Power Corporation,TSX,0.88,124.289,2.47608,pe15,50.1961,false
CRE.V,TSXV:CRE,Critical Elements Lithium Corporation,TSXV,0.0187,-31.982,,,,false
CRRX.TO,TSX:CRRX,CareRx Corporation,TSX,0.42,7.62415,,,,false
CS.TO,TSX:CS,Capstone Copper Corp.,TSX,0.42,18.0106,69.5218,lynch_peg,0.259064,true
CSU.TO,TSX:CSU,Constellation Software Inc.,TSX,24.58,50.8829,3.62619,pe15,14.0321,false
CSW-A.TO,TSX:CSW-A,Corby Spirit and Wine Limited,TSX,0.96,13.6068,0.421956,pe15,32.2471,true
CSW-B.TO,TSX:CSW-B,Corby Spirit and Wine Limited,TSX,0.96,13.6068,0.421956,pe15,32.2471,true
CTC-A.TO,TSX:CTC-A,"Canadian Tire Corporation, Limited",TSX,10.66,17.8839,-2.90026,pe15,-6.16631,false
CTC.TO,TSX:CTC,"Canadian Tire Corporation, Limited",TSX,10.66,17.8839,-2.90026,pe15,-6.16631,false
CTZ.V,TSXV:CTZ,NamSys Inc.,TSXV,0.0925,12.4868,11.7092,pe15,1.0664,true
CU.TO,TSX:CU,Canadian Utilities Limited,TSX,0.15,332.625,-35.2703,pe15,-9.43073,false
CVG.TO,TSX:CVG,Clairvest Group Inc.,TSX,8.04,10.4343,2.92701,pe15,3.56482,true
CWL.TO,TSX:CWL,The Caldwell Partners International Inc.,TSX,0.087,8.2864,-9.07606,pe15,-0.912996,true
CXI.TO,TSX:CXI,"Currency Exchange International, Corp.",TSX,1.7,39.537,24.3412,lynch_peg,1.62428,false
CYB.TO,TSX:CYB,Cymbria Corporation,TSX,12.95,8.35316,10.4063,pe15,0.8027,true
DAN.V,TSXV:DAN,Arianne Phosphate Inc.,TSXV,0.0002,-471.429,,,,false
DBM.TO,TSX:DBM,Doman Building Materials Group Ltd.,TSX,0.92,11.732,3.62378,pe15,3.23749,true
DBO.TO,TSX:DBO,D-BOX Technologies Inc.,TSX,0.0782,14.5103,295.474,lynch_peg,0.0491084,true
DC-A.TO,TSX:DC-A,Dundee Corporation,TSX,3.57,1.45586,121.166,lynch_peg,0.0120154,true
DCM.TO,TSX:DCM,DATA Communications Management Corp.,TSX,0.17,32.7389,-11.3217,pe15,-2.8917,false
DE.V,TSXV:DE,Decisive Dividend Corporation,TSXV,0.26,64.0173,25.0176,lynch_peg,2.5589,false
DEX.V,TSXV:DEX,Almadex Minerals Ltd.,TSXV,0.0132,28.3626,-48.6601,pe15,-0.582871,false
DFY.TO,TSX:DFY,Definity Financial Corporation,TSX,3.57,20.1825,21.6502,lynch_peg,0.932211,true
DIV.TO,TSX:DIV,Diversified Royalty Corp.,TSX,0.22,23.1071,9.16411,pe15,2.52148,false
DLCG.TO,TSX:DLCG,Dominion Lending Centres Inc.,TSX,0.31,32.2446,-10.1709,pe15,-3.17029,false
DNG.TO,TSX:DNG,Dynacor Group Inc.,TSX,0.52,8.48119,36.4338,lynch_peg,0.232783,true
DOL.TO,TSX:DOL,Dollarama Inc.,TSX,4.75,39.3873,21.1503,lynch_peg,1.86226,false
DPM.TO,TSX:DPM,DPM Metals Inc.,TSX,1.99,14.8097,13.0019,pe15,1.13904,true
DR.TO,TSX:DR,Medical Facilities Corporation,TSX,1.09,8.43875,-1.90451,pe15,-4.43093,true
DRX.TO,TSX:DRX,ADF Group Inc.,TSX,0.93,13.2989,34.6644,lynch_peg,0.383648,true
DSV.TO,TSX:DSV,Discovery Silver Corp.,TSX,0.22,28.0445,,,,false
DTOL.TO,TSX:DTOL,D2L Inc.,TSX,0.17,48.6979,,,,false
DXT.TO,TSX:DXT,Dexterra Group Inc.,TSX,0.65,19.493,-12.2594,pe15,-1.59004,false
E.TO,TSX:E,"Enterprise Group, Inc.",TSX,0.045,49.0515,-0.944824,pe15,-51.916,false
ECOR.TO,TSX:ECOR,Ecora Royalties PLC,TSX,0.0891,23.922,-13.3152,pe15,-1.7966,false
EDG.V,TSXV:EDG,Endurance Gold Corporation,TSXV,0.0022,341.176,-30.9349,pe15,-11.0289,false
EDV.TO,TSX:EDV,Endeavour Mining plc,TSX,2.85,16.0133,23.8009,lynch_peg,0.672802,true
EFN.TO,TSX:EFN,Element Fleet Management Corp.,TSX,0.71,28.4986,10.0427,pe15,2.83775,false
EIF.TO,TSX:EIF,Exchange Income Corporation,TSX,3.2,35.5013,31.9508,lynch_peg,1.11113,false
ELC.V,TSXV:ELC,Elysee Development Corp.,TSXV,0.34,2.10379,17.7816,lynch_peg,0.118312,true
ELEF.TO,TSX:ELEF,Silver Elephant Mining Corp.,TSX,0.33,0.332874,-23.9814,pe15,-0.0138805,true
ELF.TO,TSX:ELF,E-L Financial Corporation Limited,TSX,3.62,3.27509,23.0715,lynch_peg,0.141954,true
EMP-A.TO,TSX:EMP-A,Empire Company Limited,TSX,0.87,58.3529,-19.7258,pe15,-2.9582,false
EMPR.V,TSXV:EMPR,Empress Royalty Corp.,TSXV,0.0615,8.93508,,,,false
EMR.V,TSXV:EMR,Emergent Metals Corp.,TSXV,0.0054,7.2051,-38.9069,pe15,-0.185188,true
ENGH.TO,TSX:ENGH,Enghouse Systems Limited,TSX,1.34,13.1374,-5.62644,pe15,-2.33494,true
EOM.CN,CSE:EOM,Eco Oro Minerals Corp.,CSE,0.18,0.157729,,,,false
EPIC.CN,CSE:EPIC,1CM Inc.,CSE,0.0041,3.47395,,,,false
EPL.V,TSXV:EPL,Eagle Plains Resources Ltd.,TSXV,0.0175,12.2581,-3.8539,pe15,-3.18069,true
EQB.TO,TSX:EQB,EQB Inc.,TSX,6.7,27.4283,0.546149,pe15,50.2213,false
ET.TO,TSX:ET,Evertz Technologies Limited,TSX,0.85,19.4118,9.09661,pe15,2.13396,false
EXE.TO,TSX:EXE,Extendicare Inc.,TSX,1.13,24.3712,13.4973,pe15,1.80564,false
FAR.TO,TSX:FAR,Foraco International S.A.,TSX,0.16,16.2013,13.4055,pe15,1.20855,false
FBF.V,TSXV:FBF,Fab-Form Industries Ltd.,TSXV,0.0461,29.3255,18.9765,lynch_peg,1.54536,false
FC.TO,TSX:FC,Firm Capital Mortgage Investment Corporation,TSX,1.02,12.2245,2.30851,pe15,5.2954,true
FFH.TO,TSX:FFH,Fairfax Financial Holdings Limited,TSX,230.07,7.85207,192.205,lynch_peg,0.0408526,true
FISH.V,TSXV:FISH,Sailfish Royalty Corp.,TSXV,0.02,172.996,-23.4633,pe15,-7.37305,false
FNC.V,TSXV:FNC,Fancamp Exploration Ltd.,TSXV,0.029,13.8889,22.9381,lynch_peg,0.605495,true
FNR.V,TSXV:FNR,49 North Resources Inc.,TSXV,0.0063,1.66667,-49.4039,pe15,-0.0337356,true
FRU.TO,TSX:FRU,Freehold Royalties Ltd.,TSX,0.56,20.1776,52.9158,lynch_peg,0.381315,true
FSZ.TO,TSX:FSZ,Fiera Capital Corporation,TSX,0.36,25.655,-15.6158,pe15,-1.64289,false
FTG.TO,TSX:FTG,Firan Technology Group Corporation,TSX,0.52,41.1,53.7114,lynch_peg,0.7652,true
FTT.TO,TSX:FTT,Finning International Inc.,TSX,3.8,22.75,21.5877,lynch_peg,1.05384,false
GBT.TO,TSX:GBT,BMTC Group Inc.,TSX,1.05,9.15881,-8.19366,pe15,-1.11779,true
GDC.TO,TSX:GDC,Genesis Land Development Corp.,TSX,0.69,6.16402,47.0655,lynch_peg,0.130967,true
GDL.TO,TSX:GDL,Goodfellow Inc.,TSX,0.85,16.4286,-11.9927,pe15,-1.36988,false
GEC.TO,TSX:GEC,Global Education Communities Corp.,TSX,0.33,0.851351,10.6302,pe15,0.0800882,true
GEI.TO,TSX:GEI,Gibson Energy Inc.,TSX,1.21,31.6898,7.83046,pe15,4.04699,false
GFG.V,TSXV:GFG,GFG Resources Inc,TSXV,0.0059,-57.8947,,,,false
GG.V,TSXV:GG,Golconda Gold Ltd.,TSXV,0.14,9.58778,6.96104,pe15,1.37735,true
GGD.TO,TSX:GGD,GoGold Resources Inc.,TSX,0.0485,25.1456,-25.4059,pe15,-0.989753,false
GIB-A.TO,TSX:GIB-A,CGI Inc.,TSX,7.45,12.762,11.7753,pe15,1.0838,true
GMIN.TO,TSX:GMIN,G Mining Ventures Corp.,TSX,1.3,23.6136,,,,false
GMX.TO,TSX:GMX,Globex Mining Enterprises Inc.,TSX,0.11,14.6657,0,pe15,,true
GPO.CN,CSE:GPO,Gold Port Corporation,CSE,0.0151,10.7735,-19.3302,pe15,-0.557339,true
GRGD.TO,TSX:GRGD,Groupe Dynamite Inc.,TSX,2.33,25.9724,23.242,lynch_peg,1.11748,false
GRIN.CN,CSE:GRIN,Grown Rogue International Inc.,CSE,0.0312,-30.3469,128.943,lynch_peg,-0.235352,false
GSS.V,TSXV:GSS,Gossan Resources Limited,TSXV,0.0002,150,-85.5662,pe15,-1.75303,false
GTII.CN,CSE:GTII,Green Thumb Industries Inc.,CSE,0.5,13.5774,48.1748,lynch_peg,0.281837,true
GVC.TO,TSX:GVC,Glacier Media Inc.,TSX,0.0489,2.47823,-25.6721,pe15,-0.096534,true
GWO.TO,TSX:GWO,Great-West Lifeco Inc.,TSX,4.29,18.709,6.23793,pe15,2.99923,false
H.TO,TSX:H,Hydro One Limited,TSX,2.23,24.7031,-5.50635,pe15,-4.48629,false
HAI.TO,TSX:HAI,Haivision Systems Inc.,TSX,0.0041,82.9044,-56.049,pe15,-1.47914,false
HLF.TO,TSX:HLF,High Liner Foods Incorporated,TSX,1.25,10.8569,8.01852,pe15,1.35398,true
HME.V,TSXV:HME,Hemisphere Energy Corporation,TSXV,0.29,9.37167,57.5231,lynch_peg,0.16292,true
HMM-A.TO,TSX:HMM-A,Hammond Manufacturing Company Limited,TSX,1.27,14.1296,13.3076,pe15,1.06177,true
HMT.V,TSXV:HMT,Halmont Properties Corporation,TSXV,0.0962,9.57854,17.5835,lynch_peg,0.544747,true
HPQ.V,TSXV:HPQ,HPQ Silicon Inc.,TSXV,0.0836,1.73031,,,,false
HPS-A.TO,TSX:HPS-A,Hammond Power Solutions Inc.,TSX,6.07,51.4507,38.2934,lynch_peg,1.34359,false
HSTR.V,TSXV:HSTR,Heliostar Metals Ltd.,TSXV,0.05,12.4916,,,,false
HWO.TO,TSX:HWO,High Arctic Energy Services Inc,TSX,0.0281,7.89062,-25.4708,pe15,-0.309791,true
HWX.TO,TSX:HWX,Headwater Exploration Inc.,TSX,0.64,16.9872,67.8058,lynch_peg,0.250527,true
IAG.TO,TSX:IAG,iA Financial Corporation Inc.,TSX,11.32,17.6011,14.668,pe15,1.19997,false
ICE.TO,TSX:ICE,Canlan Ice Sports Corp.,TSX,0.29,14.3463,8.27319,pe15,1.73407,true
IFA.TO,TSX:IFA,iFabric Corp.,TSX,0.0518,40.7733,5.63153,pe15,7.24018,false
IFC.TO,TSX:IFC,Intact Financial Corporation,TSX,18.39,15.0674,20.6285,lynch_peg,0.730419,true
IFOS.V,TSXV:IFOS,Itafos Inc.,TSXV,0.61,5.80673,21.4907,lynch_peg,0.270198,true
IGM.TO,TSX:IGM,IGM Financial Inc.,TSX,4.66,17.992,7.7398,pe15,2.3246,false
III.TO,TSX:III,Imperial Metals Corporation,TSX,0.91,13.9336,,,,false
IMI.V,TSXV:IMI,Ironman International Ltd.,TSXV,0.0207,-19.2308,-12.0525,pe15,1.59559,false
IPCO.TO,TSX:IPCO,International Petroleum Corporation,TSX,0.26,122.322,-13.7143,pe15,-8.91931,false
IQ.V,TSXV:IQ,AirIQ Inc.,TSXV,0.0036,141.667,-24.9302,pe15,-5.68253,false
IVN.TO,TSX:IVN,Ivanhoe Mines Ltd.,TSX,0.2,85.7364,46.7799,lynch_peg,1.83276,false
IVX.V,TSXV:IVX,Inventronics Limited,TSXV,0.0579,28.7402,-13.563,pe15,-2.119,false
JOY.TO,TSX:JOY,Journey Energy Inc.,TSX,0.39,14.3517,-34.9643,pe15,-0.410469,true
JWEL.TO,TSX:JWEL,Jamieson Wellness Inc.,TSX,1.49,24.2926,7.25052,pe15,3.35046,false
KBL.TO,TSX:KBL,K-Bro Linen Inc.,TSX,1.52,27.4643,33.3854,lynch_peg,0.822644,true
KDOZ.V,TSXV:KDOZ,Kidoz Inc.,TSXV,0.0036,-37.931,35.096,lynch_peg,-1.08078,false
KEL.TO,TSX:KEL,Kelt Exploration Ltd.,TSX,0.32,33.7713,44.1275,lynch_peg,0.765311,true
KEY.TO,TSX:KEY,Keyera Corp.,TSX,1.89,41.4085,46.5078,lynch_peg,0.890355,true
KITS.TO,TSX:KITS,Kits Eyecare Ltd.,TSX,0.097,84.0306,50.9476,lynch_peg,1.64935,false
KLS.TO,TSX:KLS,Kelso Technologies Inc.,TSX,0.0082,-3.62016,-30.1662,pe15,0.120007,false
KNT.TO,TSX:KNT,K92 Mining Inc.,TSX,1.14,14.102,43.0969,lynch_peg,0.327216,true
KPT.TO,TSX:KPT,KP Tissue Inc.,TSX,0.85,14.5281,59.9075,lynch_peg,0.242509,true
KXS.TO,TSX:KXS,Kinaxis Inc.,TSX,2.56,39.9774,38.081,lynch_peg,1.0498,false
L.TO,TSX:L,Loblaw Companies Limited,TSX,2.24,26.2636,-6.17049,pe15,-4.25632,false
LAS-A.TO,TSX:LAS-A,Lassonde Industries Inc.,TSX,21.94,10.4194,9.23,pe15,1.12887,true
LB.TO,TSX:LB,Laurentian Bank of Canada,TSX,2.84,129.903,3.68454,pe15,35.2563,false
LCFS.TO,TSX:LCFS,Tidewater Renewables Ltd.,TSX,0.0962,91.3082,6.6496,pe15,13.7314,false
LGN.V,TSXV:LGN,Logan Energy Corp.,TSXV,0.0634,18.1518,-21.2866,pe15,-0.852734,false
LIF.TO,TSX:LIF,Labrador Iron Ore Royalty Corporation,TSX,1.57,22.3884,-15.0557,pe15,-1.48704,false
LIFT.V,TSXV:LIFT,Li-FT Power Ltd.,TSXV,0.0454,-32.634,-31.9364,pe15,1.02184,false
LITH.V,TSXV:LITH,Lithium Chile Inc.,TSXV,0.0303,-28.2857,,,,false
LMN.V,TSXV:LMN,Lumine Group Inc.,TSXV,0.47,41.8047,1.87079,pe15,22.346,false
LNF.TO,TSX:LNF,Leon's Furniture Limited,TSX,2.3,10.8696,2.32807,pe15,4.66891,true
LNR.TO,TSX:LNR,Linamar Corporation,TSX,9.75,8.97911,17.9547,lynch_peg,0.500097,true
LOVE.TO,TSX:LOVE,Cannara Biotech Inc.,TSX,0.14,18.4259,74.6053,lynch_peg,0.246979,true
LUC.TO,TSX:LUC,Lucara Diamond Corp.,TSX,0.0585,3.86196,10.5777,pe15,0.365104,true
LUG.TO,TSX:LUG,Lundin Gold Inc.,TSX,3.34,17.0296,36.9322,lynch_peg,0.461105,true
LUN.TO,TSX:LUN,Lundin Mining Corporation,TSX,1.53,14.3365,46.0807,lynch_peg,0.311118,true
MAL.TO,TSX:MAL,Magellan Aerospace Corporation,TSX,0.69,53.9992,64.6048,lynch_peg,0.835839,true
MATR.TO,TSX:MATR,Mattr Corp.,TSX,0.75,790.476,10.6209,pe15,74.4267,false
MCB.TO,TSX:MCB,McCoy Global Inc.,TSX,0.34,17.1386,22.7007,lynch_peg,0.754982,true
MCS.V,TSXV:MCS,McChip Resources Inc.,TSXV,0.65,1.62853,15.2266,lynch_peg,0.106953,true
MDA.TO,TSX:MDA,MDA Ltd.,TSX,0.87,60.0617,144.361,lynch_peg,0.416052,true
MDI.TO,TSX:MDI,Major Drilling Group International Inc.,TSX,0.26,64.2032,16.7235,lynch_peg,3.8391,false
MENE.V,TSXV:MENE,Mene Inc.,TSXV,0.004,18.2796,,,,false
MEQ.TO,TSX:MEQ,Mainstreet Equity Corp.,TSX,30.8,8.93466,33.2932,lynch_peg,0.268363,true
MFI.TO,TSX:MFI,Maple Leaf Foods Inc.,TSX,4.36,6.24249,36.5022,lynch_peg,0.171017,true
MJS.V,TSXV:MJS,Majestic Gold Corp.,TSXV,0.0066,10.3792,-14.4468,pe15,-0.718442,true
MKO.V,TSXV:MKO,Mako Mining Corp.,TSXV,0.41,17.6733,28.5799,lynch_peg,0.618381,true
MKP.TO,TSX:MKP,MCAN Mortgage Corporation,TSX,1.89,11.1469,2.02184,pe15,5.51326,true
MMY.V,TSXV:MMY,Monument Mining Limited,TSXV,0.12,2.78102,,,,false
MPC.TO,TSX:MPC,Madison Pacific Properties Inc.,TSX,0.44,9.45086,-2.90955,pe15,-3.24822,true
MQM.V,TSXV:MQM,MetalQuest Mining Inc.,TSXV,0.0504,3.82353,6.23651,pe15,0.613088,true
MRC.TO,TSX:MRC,Morguard Corporation,TSX,16.34,5.98288,-0.232691,pe15,-25.7117,true
MRD.TO,TSX:MRD,Melcor Developments Ltd.,TSX,1.92,7.2619,41.3723,lynch_peg,0.175526,true
MRE.TO,TSX:MRE,Martinrea International Inc.,TSX,1.47,6.35088,-6.4991,pe15,-0.977193,true
MRU.TO,TSX:MRU,Metro Inc.,TSX,4.65,19.1365,8.10069,pe15,2.36232,false
MSA.TO,TSX:MSA,Mineros S.A.,TSX,0.52,8.08828,9.52112,pe15,0.849509,true
MSV.TO,TSX:MSV,Minco Silver Corporation,TSX,0.16,7.46528,45.9164,lynch_peg,0.162584,true
MTL.TO,TSX:MTL,Mullen Group Ltd.,TSX,1.03,23.6858,9.98449,pe15,2.37226,false
MTX.V,TSXV:MTX,Metalex Ventures Ltd.,TSXV,0.0017,5,-26.2655,pe15,-0.190364,true
MTY.TO,TSX:MTY,MTY Food Group Inc.,TSX,5.18,7.14634,8.99215,pe15,0.794731,true
MXG.TO,TSX:MXG,Maxim Power Corp.,TSX,0.26,26.5806,6.47409,pe15,4.10569,false
NA.TO,TSX:NA,National Bank of Canada,TSX,10.18,20.21,12.1808,pe15,1.65916,false
NCI.V,TSXV:NCI,NTG Clarity Networks Inc.,TSXV,0.11,8.46154,24.2189,lynch_peg,0.349377,true
NDA.V,TSXV:NDA,Neptune Digital Assets Corp.,TSXV,0.0029,-415.385,7.71436,pe15,-53.8456,false
NVI.V,TSXV:NVI,Novra Technologies Inc.,TSXV,0.0228,19.375,,,,false
NWC.TO,TSX:NWC,The North West Company Inc.,TSX,2.92,16.9051,0.346029,pe15,48.8545,false
NWX.V,TSXV:NWX,Newport Exploration Ltd.,TSXV,0.0048,45.6522,-39.6582,pe15,-1.15114,false
OGD.TO,TSX:OGD,Orbit Garant Drilling Inc.,TSX,0.2,95.0704,7.57037,pe15,12.5582,false
OGN.V,TSXV:OGN,Orogen Royalties Inc.,TSXV,0.16,24.2718,33.5645,lynch_peg,0.72314,true
OLY.TO,TSX:OLY,Olympia Financial Group Inc.,TSX,8.25,14.321,19.9674,lynch_peg,0.717219,true
ONEX.TO,TSX:ONEX,Onex Corporation,TSX,9.1,10.1582,3.55942,pe15,2.85389,true
ORC-B.V,TSXV:ORC-B,Orca Energy Group Inc.,TSXV,0.45,2.90726,-14.7602,pe15,-0.196966,true
ORE.TO,TSX:ORE,Orezone Gold Corporation,TSX,0.12,13.2375,249.951,lynch_peg,0.0529602,true
ORGN.CN,CSE:ORGN,Origen Resources Inc.,CSE,0.0052,14.8649,-47.7184,pe15,-0.311512,true
PBF.CN,CSE:PBF,Planet Based Foods Global Inc.,CSE,0.0296,0.718105,,,,false
PBH.TO,TSX:PBH,Premium Brands Holdings Corporation,TSX,0.91,50.2582,-15.8765,pe15,-3.16558,false
PBL.TO,TSX:PBL,Pollard Banknote Limited,TSX,1.28,18.1735,-0.309603,pe15,-58.6992,false
PDV.TO,TSX:PDV,Prime Dividend Corp.,TSX,3.16,2.88069,5.82398,pe15,0.494626,true
PER.V,TSXV:PER,Peruvian Metals Corp.,TSXV,0.0163,18.2796,26.6612,lynch_peg,0.685625,true
PET.TO,TSX:PET,Pet Valu Holdings Ltd.,TSX,1.41,13.8828,27.4072,lynch_peg,0.506537,true
PEY.TO,TSX:PEY,Peyto Exploration & Development Corp.,TSX,2.09,10.4468,17.1144,lynch_peg,0.610411,true
PHX.TO,TSX:PHX,PHX Energy Services Corp.,TSX,1.21,11.9314,27.3523,lynch_peg,0.436211,true
PKT.V,TSXV:PKT,Parkit Enterprise Inc.,TSXV,1.8,9.03621,1.25078,pe15,7.22447,true
PLAN.V,TSXV:PLAN,Progressive Planet Solutions Inc.,TSXV,0.0151,18.984,,,,false
PNG.V,TSXV:PNG,Kraken Robotics Inc.,TSXV,0.01,-2566.67,-39.0289,pe15,65.7632,false
PNP.TO,TSX:PNP,Pinetree Capital Ltd.,TSX,1.05,-22.5909,34.337,lynch_peg,-0.657918,false
POU.TO,TSX:POU,Paramount Resources Ltd.,TSX,8.96,39.2082,49.9974,lynch_peg,0.784205,true
POW.TO,TSX:POW,Power Corporation of Canada,TSX,4.01,23.2044,-5.98647,pe15,-3.87614,false
PRL.TO,TSX:PRL,Propel Holdings Inc.,TSX,1.55,12.8462,47.7685,lynch_peg,0.268927,true
PRQ.TO,TSX:PRQ,Petrus Resources Ltd.,TSX,0.0818,-116.774,-53.5026,pe15,2.18259,false
PRU.TO,TSX:PRU,Perseus Mining Limited,TSX,0.18,20.2967,17.3741,lynch_peg,1.16822,false
PSD.TO,TSX:PSD,Pulse Seismic Inc.,TSX,0.46,857.143,3.55581,pe15,241.054,false
PSI.TO,TSX:PSI,Pason Systems Inc.,TSX,0.68,24.1967,61.8645,lynch_peg,0.391125,true
PSK.TO,TSX:PSK,PrairieSky Royalty Ltd.,TSX,0.87,33.5962,44.1047,lynch_peg,0.761736,true
PUMA.V,TSXV:PUMA,Puma Exploration Inc.,TSXV,0.002,79.4118,,,,false
PVT.V,TSXV:PVT,Pivotree Inc.,TSXV,0.16,8.17972,,,,false
PXI.CN,CSE:PXI,Planet Ventures Inc.,CSE,0.0119,7.56303,-9.71886,pe15,-0.778181,true
PXT.TO,TSX:PXT,Parex Resources Inc.,TSX,2.67,3.22465,29.9678,lynch_peg,0.107604,true
PZA.TO,TSX:PZA,Pizza Pizza Royalty Corp.,TSX,0.94,14.0769,4.34289,pe15,3.24137,true
QBR-A.TO,TSX:QBR-A,Quebecor Inc.,TSX,3.73,15.8417,9.12854,pe15,1.73541,false
QBR-B.TO,TSX:QBR-B,Quebecor Inc.,TSX,3.73,15.8417,9.12854,pe15,1.73541,false
QCA.CN,CSE:QCA,Quinsam Capital Corporation,CSE,0.0049,3.00546,-26.1453,pe15,-0.114952,true
QRC.TO,TSX:QRC,Queen's Road Capital Investment Ltd.,TSX,2.36,2.24357,65.5128,lynch_peg,0.0342463,true
RBY.TO,TSX:RBY,Rubellite Energy Inc.,TSX,0.35,16.1111,18.0861,lynch_peg,0.890799,true
RCH.TO,TSX:RCH,Richelieu Hardware Ltd.,TSX,1.55,23.2803,0.524275,pe15,44.4047,false
RDG.V,TSXV:RDG,Ridgeline Minerals Corp.,TSXV,0.0007,26.9011,,,,false
RGSI.TO,TSX:RGSI,Rockpoint Gas Storage Inc.,TSX,1.56,6.9471,23.9092,lynch_peg,0.290561,true
RHM.NE,NEO:RHM,Rheinmetall AG,NEO,15.29,76.6859,22.8173,lynch_peg,3.36086,false
ROCK.V,TSXV:ROCK,Trident Resources Corp.,TSXV,0.06,15.0702,,,,false
ROMJ.V,TSXV:ROMJ,Rubicon Organics Inc.,TSXV,0.016,-18.4959,,,,false
RRI.V,TSXV:RRI,Riverside Resources Inc.,TSXV,0.0338,20.8556,-3.88218,pe15,-5.37214,false
RSI.TO,TSX:RSI,Rogers Sugar Inc.,TSX,0.5,13.6111,8.01852,pe15,1.69746,true
RUS.TO,TSX:RUS,Russel Metals Inc.,TSX,3.01,20.844,50.4875,lynch_peg,0.412855,true
RW.V,TSXV:RW,RenoWorks Software Inc.,TSXV,0.0004,-120.833,-34.8197,pe15,3.47026,false
RX.V,TSXV:RX,BioSyent Inc.,TSXV,0.8,18.5309,22.5007,lynch_peg,0.82357,true
SAE.V,TSXV:SAE,Sable Resources Ltd.,TSXV,0.609,0.692996,20.2709,lynch_peg,0.0341868,true
SAM.TO,TSX:SAM,Starcore International Mines Ltd.,TSX,0.0924,6.61765,9.68565,pe15,0.683243,true
SAP.TO,TSX:SAP,Saputo Inc.,TSX,1.64,35.0461,1.39826,pe15,25.0642,false
SBI.TO,TSX:SBI,Serabi Gold plc,TSX,0.73,4.59474,43.4922,lynch_peg,0.105645,true
SCR.TO,TSX:SCR,Strathcona Resources Ltd,TSX,5.13,10.8278,9.64081,pe15,1.12313,true
SDE.TO,TSX:SDE,Spartan Delta Corp,TSX,0.35,34.6474,-19.8779,pe15,-1.74301,false
SDI.V,TSXV:SDI,Stampede Drilling Inc.,TSXV,0.019,7.70492,4.88503,pe15,1.57725,true
SEC.TO,TSX:SEC,Senvest Capital Inc.,TSX,61.4,1.67877,-5.31045,pe15,-0.316125,true
SES.TO,TSX:SES,SECURE Waste Infrastructure Corp.,TSX,0.55,40.043,177.671,lynch_peg,0.225377,true
SFC.TO,TSX:SFC,Sagicor Financial Company Ltd.,TSX,0.5,31.7543,-2.44332,pe15,-12.9964,false
SGN.V,TSXV:SGN,Scorpio Gold Corporation,TSXV,0.0149,16.0801,,,,false
SGY.TO,TSX:SGY,Surge Energy Inc.,TSX,0.41,23.9002,-51.5164,pe15,-0.463934,false
SHLE.TO,TSX:SHLE,Source Energy Services Ltd.,TSX,2.48,-12.5,-55.1882,pe15,0.226498,false
SIA.TO,TSX:SIA,Sienna Senior Living Inc.,TSX,0.49,42.3654,28.2726,lynch_peg,1.49846,false
SIS.TO,TSX:SIS,Savaria Corporation,TSX,0.96,23.9431,13.0456,pe15,1.83534,false
SJ.TO,TSX:SJ,Stella-Jones Inc.,TSX,6.09,16.1292,14.3122,pe15,1.12696,false
SM.V,TSXV:SM,Sierra Madre Gold and Silver Ltd.,TSXV,0.0494,25.0575,,,,false
SME.V,TSXV:SME,Sama Resources Inc.,TSXV,0.0065,16.9811,-13.3761,pe15,-1.26951,false
SOIL.TO,TSX:SOIL,Saturn Oil & Gas Inc.,TSX,0.87,3.33824,52.0157,lynch_peg,0.0641775,true
SPB.TO,TSX:SPB,Superior Plus Corp.,TSX,0.27,-138.254,-3.93394,pe15,35.1438,false
SPOT.V,TSXV:SPOT,EarthLabs Inc.,TSXV,0.25,1.17647,17.8445,lynch_peg,0.0659289,true
SRR.V,TSXV:SRR,Source Rock Royalties Ltd.,TSXV,0.029,34.6021,21.0882,lynch_peg,1.64083,false
STCK.TO,TSX:STCK,Stack Capital Group Inc.,TSX,3.27,2.93137,,,,false
STGO.TO,TSX:STGO,Steppe Gold Ltd.,TSX,0.13,6.42335,-17.3191,pe15,-0.370882,true
SWP.TO,TSX:SWP,Swiss Water Decaffeinated Coffee Inc.,TSX,0.16,14.3321,-12.9449,pe15,-1.10716,true
SXP.TO,TSX:SXP,Supremex Inc.,TSX,0.49,7.47777,12.6591,pe15,0.590701,true
SYH.V,TSXV:SYH,Skyharbour Resources Ltd.,TSXV,0.0001,2100,,,,false
TAL.TO,TSX:TAL,PetroTal Corp.,TSX,0.0492,20.2381,6.56248,pe15,3.08391,false
TBL.TO,TSX:TBL,Taiga Building Products Ltd.,TSX,0.26,13.1942,-16.4861,pe15,-0.800321,true
TCL-A.TO,TSX:TCL-A,Transcontinental Inc.,TSX,2.04,1.33002,6.2015,pe15,0.214468,true
TCL-B.TO,TSX:TCL-B,Transcontinental Inc.,TSX,2.04,1.33002,6.2015,pe15,0.214468,true
TCS.TO,TSX:TCS,Tecsys Inc.,TSX,0.27,115.984,-11.5946,pe15,-10.0033,false
TCW.TO,TSX:TCW,Trican Well Service Ltd.,TSX,0.58,14.5116,86.8337,lynch_peg,0.16712,true
TD-PFA.TO,TSX:TD-PFA,The Toronto-Dominion Bank 5 YR RST PFD 1,TSX,11.57,3.02235,12.4668,pe15,0.242431,true
TD-PFJ.TO,TSX:TD-PFJ,The Toronto-Dominion Bank NCUM 5Y PFD SR18,TSX,11.57,3.05059,12.4668,pe15,0.244696,true
TF.TO,TSX:TF,Timbercreek Financial Corp.,TSX,0.42,20.1568,9.23885,pe15,2.18175,false
THNC.TO,TSX:THNC,Thinkific Labs Inc.,TSX,0.0193,-70.4815,30.5416,lynch_peg,-2.30772,false
THX.V,TSXV:THX,Thor Explorations Ltd.,TSXV,0.3,2.48369,70.058,lynch_peg,0.035452,true
TIH.TO,TSX:TIH,Toromont Industries Ltd.,TSX,6.11,34.97,14.5344,pe15,2.40602,false
TMG.V,TSXV:TMG,Thermal Energy International Inc.,TSXV,0.0004,16.8478,-28.0314,pe15,-0.601033,false
TNZ.TO,TSX:TNZ,Tenaz Energy Corp.,TSX,11.18,14.6127,97.2187,lynch_peg,0.150308,true
TOI.V,TSXV:TOI,Topicus.com Inc.,TSXV,0.49,141.464,-14.5696,pe15,-9.7095,false
TOT.TO,TSX:TOT,Total Energy Services Inc.,TSX,1.99,12.657,43.2806,lynch_peg,0.292441,true
TOU.TO,TSX:TOU,Tourmaline Oil Corp.,TSX,0.69,61.5979,-21.193,pe15,-2.90652,false
TPL.V,TSXV:TPL,Tethys Petroleum Limited,TSXV,0.0688,10.4411,6.59423,pe15,1.58337,true
TPZ.TO,TSX:TPZ,Topaz Energy Corp.,TSX,0.84,26.9448,98.1478,lynch_peg,0.274533,true
TRG.CN,CSE:TRG,Tarachi Gold Corp.,CSE,0.0035,12.9032,,,,false
TRU.V,TSXV:TRU,TRU Precious Metals Corp.,TSXV,0.0001,-3.68935e+17,,,,false
TRZ.TO,TSX:TRZ,Transat A.T. Inc.,TSX,6.06,0.351931,79.7376,lynch_peg,0.00441362,true
TSU.TO,TSX:TSU,Trisura Group Ltd.,TSX,2.98,12.921,29.1301,lynch_peg,0.44356,true
TTZ.V,TSXV:TTZ,Total Telcom Inc.,TSXV,0.0129,26.0465,0,pe15,,false
TVA-B.TO,TSX:TVA-B,TVA Group Inc.,TSX,0.34,2.28747,-14.6343,pe15,-0.156309,true
TVI.V,TSXV:TVI,TVI Pacific Inc.,TSXV,0.0336,1.46277,75.8174,lynch_peg,0.0192933,true
TVK.TO,TSX:TVK,TerraVest Industries Inc.,TSX,4.27,39.472,24.1115,lynch_peg,1.63706,false
TWC.TO,TSX:TWC,TWC Enterprises Limited,TSX,2.29,11.5021,127.716,lynch_peg,0.0900599,true
TXG.TO,TSX:TXG,Torex Gold Resources Inc.,TSX,4.66,6.85285,29.693,lynch_peg,0.23079,true
TXP.TO,TSX:TXP,Touchstone Exploration Inc.,TSX,0.0417,3.65282,47.8511,lynch_peg,0.0763372,true
UFC.V,TSXV:UFC,Urbanfund Corp.,TSXV,0.089,9.24548,-12.1406,pe15,-0.761534,true
UNC.TO,TSX:UNC,United Corporations Limited,TSX,4.06,2.5303,3.08368,pe15,0.820547,true
UNI.TO,TSX:UNI,Unisync Corp.,TSX,0.0108,11.6054,-42.6611,pe15,-0.272038,true
URB-A.CN,CSE:URB-A,Urbana Corporation,CSE,1.67,3.44944,43.9695,lynch_peg,0.0784507,true
URB-A.TO,TSX:URB-A,Urbana Corporation,TSX,1.67,3.44944,43.9695,lynch_peg,0.0784507,true
URB.CN,CSE:URB,Urbana Corporation,CSE,1.67,3.44944,43.9695,lynch_peg,0.0784507,true
URB.TO,TSX:URB,Urbana Corporation,TSX,1.67,3.44944,43.9695,lynch_peg,0.0784507,true
URL.CN,CSE:URL,NameSilo Technologies Corp.,CSE,0.0108,371.429,-35.1553,pe15,-10.5654,false
USHA.V,TSXV:USHA,Usha Resources Ltd.,TSXV,0.0151,2.64901,,,,false
VCI.V,TSXV:VCI,Vitreous Glass Inc.,TSXV,0.5,12.4107,6.20713,pe15,1.99943,true
VHI.TO,TSX:VHI,Vitalhub Corp.,TSX,0.1,66.1046,50.5604,lynch_peg,1.30744,false
VIO.V,TSXV:VIO,Vior Inc.,TSXV,0.0017,64.7059,0.292403,pe15,221.29,false
VLE.TO,TSX:VLE,Valeura Energy Inc.,TSX,0.22,13.8486,-70.1556,pe15,-0.197398,true
VLN.TO,TSX:VLN,Velan Inc.,TSX,7.99,-24.9843,140.165,lynch_peg,-0.178249,false
VNP.TO,TSX:VNP,5N Plus Inc.,TSX,0.58,32.3019,80.8262,lynch_peg,0.399647,true
VST.CN,CSE:VST,Victory Square Technologies Inc.,CSE,0.0204,13.0522,-36.6539,pe15,-0.356094,true
VXL.V,TSXV:VXL,Vaxil Bio Ltd.,TSXV,0.18,1.22044,,,,false
VZZ.V,TSXV:VZZ,Val-d'Or Mining Corporation,TSXV,0.0182,13.1148,179.086,lynch_peg,0.0732317,true
WBE.V,TSXV:WBE,WestBond Enterprises Corporation,TSXV,0.0133,15.5303,-29.1311,pe15,-0.533118,false
WCP.TO,TSX:WCP,Whitecap Resources Inc.,TSX,0.99,14.5926,29.7399,lynch_peg,0.490674,true
WDO.TO,TSX:WDO,Wesdome Gold Mines Ltd.,TSX,2.32,12.0556,45.1567,lynch_peg,0.266972,true
WEC.V,TSXV:WEC,Winchester Equity Corporation,TSXV,0.0023,3.00425,,,,false
WFC.TO,TSX:WFC,Wall Financial Corporation,TSX,1.04,21.3742,130.453,lynch_peg,0.163846,true
WGX.TO,TSX:WGX,Westgold Resources Limited,TSX,0.0389,20.7416,-14.7711,pe15,-1.4042,false
WJX.TO,TSX:WJX,Wajax Corporation,TSX,2.64,10.2086,10.8127,pe15,0.944135,true
WN.TO,TSX:WN,George Weston Limited,TSX,2.85,38.5517,-22.6755,pe15,-1.70015,false
WOGC.CN,CSE:WOGC,Waskahigan Oil & Gas Corp.,CSE,0.18,-1.43885,,,,false
WPK.TO,TSX:WPK,Winpak Ltd.,TSX,2.29,14.0124,6.90508,pe15,2.02928,true
WRLG.V,TSXV:WRLG,West Red Lake Gold Mines Ltd.,TSXV,0.0014,38.3085,,,,false
WSP.TO,TSX:WSP,WSP Global Inc.,TSX,7.38,27.9048,24.0728,lynch_peg,1.15919,false
WTE.TO,TSX:WTE,Westshore Terminals Investment Corporation,TSX,1.47,26.7089,-5.59125,pe15,-4.7769,false
X.TO,TSX:X,TMX Group Limited,TSX,1.49,24.7327,8.52011,pe15,2.90286,false
XAU.TO,TSX:XAU,Goldmoney Inc.,TSX,5.09,2.95309,21.5281,lynch_peg,0.137174,true
XLY.TO,TSX:XLY,Auxly Cannabis Group Inc.,TSX,0.441,8.53094,,,,false
XTC.TO,TSX:XTC,Exco Technologies Limited,TSX,0.63,13.2615,-1.80298,pe15,-7.35533,true
XTG.TO,TSX:XTG,Xtra-Gold Resources Corp.,TSX,0.0801,27.1836,14.6701,pe15,1.85299,false
XTM.V,TSXV:XTM,Transition Metals Corp.,TSXV,0.0348,1.9337,28.3264,lynch_peg,0.0682651,true
Y.TO,TSX:Y,Yellow Pages Limited,TSX,1.33,9.46429,-10.1403,pe15,-0.933338,true
YGR.TO,TSX:YGR,Yangarra Resources Ltd.,TSX,0.15,7.85057,21.4363,lynch_peg,0.366227,true
YOO.V,TSXV:YOO,YANGAROO Inc.,TSXV,0.0054,3.43352,-17.5822,pe15,-0.195284,true
YRB.TO,TSX:YRB,Yorbeau Resources Inc.,TSX,0.0005,225,,,,false
ZC.V,TSXV:ZC,Zimtu Capital Corp.,TSXV,1.52,0.287671,45.8892,lynch_peg,0.00626882,true
ZDC.V,TSXV:ZDC,Zedcor Inc,TSXV,0.0261,317.442,-33.4871,pe15,-9.47952,false
ZOMD.V,TSXV:ZOMD,Zoomd Technologies Ltd.,TSXV,0.15,4.096,56.9815,lynch_peg,0.0718829,true
ZTE.CN,CSE:ZTE,ZTEST Electronics Inc.,CSE,0.0295,12.6722,98.503,lynch_peg,0.128648,true
A,NYSE:A,"Agilent Technologies, Inc.",NYSE,4.59,29.5772,14.5226,pe15,2.03662,false
AA,NYSE:AA,Alcoa Corporation,NYSE,4.47,10.1524,20.3827,lynch_peg,0.498092,true
AACB,NASDAQ:AACB,Artius II Acquisition Inc. Class A Ordinary Shares,NASDAQ,0.01,39.1272,,,,false
AAL,NASDAQ:AAL,American Airlines Group Inc.,NASDAQ,0.17,-30.8469,-40.4186,pe15,0.763187,false
AAMI,NYSE:AAMI,Acadian Asset Management,NYSE,2.21,32.6445,-8.94087,pe15,-3.65115,false
AAON,NASDAQ:AAON,"AAON, Inc.",NASDAQ,1.32,44.8256,5.49953,pe15,8.15082,false
AAP,NYSE:AAP,"Advance Auto Parts, Inc.",NYSE,0.73,76.6126,-36.6771,pe15,-2.08884,false
AAPL,NASDAQ:AAPL,Apple Inc.,NASDAQ,7.49,35.0208,17.7418,lynch_peg,1.97391,false
AAT,NYSE:AAT,"American Assets Trust, Inc.",NYSE,0.92,79.1438,14.8698,pe15,5.32244,false
AB,NYSE:AB,AllianceBernstein Holding L.P.,NYSE,2.97,10.7811,0.617331,pe15,17.464,true
ABBV,NYSE:ABBV,AbbVie Inc.,NYSE,2.37,70.0972,-2.78861,pe15,-25.1369,false
ABCB,NYSE:ABCB,Ameris Bancorp,NYSE,6.02,16.2112,9.75415,pe15,1.66198,false
ABEO,NASDAQ:ABEO,Abeona Therapeutics Inc.,NASDAQ,1.34,-5.29422,,,,false
ABEV,NYSE:ABEV,Ambev S.A.,NYSE,0.99,14.2212,6.57628,pe15,2.16249,true
ABG,NYSE:ABG,"Asbury Automotive Group, Inc.",NYSE,25.23,7.80676,13.7471,pe15,0.567885,true
ABLV,NASDAQ:ABLV,Able View Inc.,NASDAQ,0.02,-71.2165,-32.2389,pe15,2.20902,false
ABM,NYSE:ABM,ABM Industries Inc.,NYSE,2.61,18.3793,287.172,lynch_peg,0.0640011,true
ABNB,NASDAQ:ABNB,"Airbnb, Inc.",NASDAQ,4.1,41.5022,11.3463,pe15,3.65778,false
ABR,NYSE:ABR,Arbor Realty Trust,NYSE,0.56,34.1391,-17.2124,pe15,-1.9834,false
ABT,NYSE:ABT,Abbott Laboratories,NYSE,3.74,35.7042,8.21668,pe15,4.34533,false
ABX,NYSE:ABX,"Abacus Global Management, Inc.",NYSE,0.38,32.0219,96.1112,lynch_peg,0.333175,true
ACA,NYSE:ACA,"Arcosa, Inc.",NYSE,4.25,14.5325,14.0757,pe15,1.03245,true
ACAD,NASDAQ:ACAD,ACADIA Pharmaceuticals Inc.,NASDAQ,2.32,12.4533,,,,false
ACCL,NASDAQ:ACCL,Acco Group Holdings Limited,NASDAQ,0.0094,548.077,26.2228,lynch_peg,20.9008,false
ACCO,NYSE:ACCO,ACCO Brands Corporation,NYSE,0.45,6.86553,-7.09056,pe15,-0.968263,true
ACCS,AMEX:ACCS,ACCESS Newswire Inc.,AMEX,1.11,-10.9715,14.664,pe15,-0.748192,false
ACEL,NYSE:ACEL,"Accel Entertainment, Inc.",NYSE,0.61,18.2941,18.1321,lynch_peg,1.00893,false
ACFN,NASDAQ:ACFN,"Acorn Energy, Inc.",NASDAQ,1.01,29.8724,136.331,lynch_peg,0.219117,true
ACGL,NASDAQ:ACGL,Arch Capital Group Ltd.,NASDAQ,11.84,7.57042,28.4952,lynch_peg,0.265673,true
ACI,NYSE:ACI,"Albertsons Companies, Inc.",NYSE,0.4,153.637,-25.1275,pe15,-6.11431,false
ACIC,NASDAQ:ACIC,American Coastal Insurance Corporation,NASDAQ,2.2,4.72596,128.328,lynch_peg,0.0368272,true
ACIW,NASDAQ:ACIW,"ACI Worldwide, Inc.",NASDAQ,2.18,24.0941,28.5917,lynch_peg,0.842695,true
ACLS,NASDAQ:ACLS,"Axcelis Technologies, Inc.",NASDAQ,3.81,47.375,20.4944,lynch_peg,2.31161,false
ACM,NYSE:ACM,Aecom,NYSE,4.24,28.2195,25.5975,lynch_peg,1.10243,false
ACMR,NASDAQ:ACMR,"ACM Research, Inc.",NASDAQ,1.47,36.4,34.0194,lynch_peg,1.06998,false
ACN,NYSE:ACN,Accenture plc,NYSE,12.29,13.7924,8.8848,pe15,1.55236,true
ACNB,NASDAQ:ACNB,ACNB Corporation,NASDAQ,3.61,12.2457,11.1285,pe15,1.10039,true
ACR,NYSE:ACR,ACRES Commercial Realty Corp.,NYSE,0.0335,-13.1389,-51.1327,pe15,0.256957,false
ACT,NASDAQ:ACT,Enact Holdings Inc.,NASDAQ,4.54,10.4801,14.8698,pe15,0.704788,true
ACTG,NASDAQ:ACTG,Acacia Research Corporation,NASDAQ,0.23,-17.307,-33.5857,pe15,0.515307,false
ACU,AMEX:ACU,Acme United Corporation,AMEX,2.69,23.7471,2.13801,pe15,11.1071,false
AD,NYSE:AD,Array Digital Infrastructure Inc,NYSE,3.39,3.98835,4.96962,pe15,0.802546,true
ADAC,NASDAQ:ADAC,American Drive Acquisition Company Class A Ordinary Shares,NASDAQ,0.0033,270.35,,,,false
ADAM,NASDAQ:ADAM,"Adamas Trust, Inc.",NASDAQ,1.12,5.92398,-13.2067,pe15,-0.448558,true
ADBE,NASDAQ:ADBE,Adobe Inc.,NASDAQ,16.73,15.018,8.86687,pe15,1.69372,false
ADC,NYSE:ADC,Agree Realty Corporation,NYSE,1.77,40.4435,0.113379,pe15,356.711,false
ADEA,NASDAQ:ADEA,Adeia Inc.,NASDAQ,1.02,26.3272,-10.4377,pe15,-2.52233,false
ADI,NASDAQ:ADI,"Analog Devices, Inc.",NASDAQ,4.59,56.6331,6.75714,pe15,8.38123,false
ADM,NYSE:ADM,Archer-Daniels-Midland Company,NYSE,2.23,22.1041,-6.73396,pe15,-3.28249,false
ADMA,NASDAQ:ADMA,"ADMA Biologics, Inc.",NASDAQ,0.62,12.9931,,,,false
ADP,NASDAQ:ADP,"Automatic Data Processing, Inc.",NASDAQ,10.97,24.8469,12.4541,pe15,1.99507,false
ADSK,NASDAQ:ADSK,"Autodesk, Inc.",NASDAQ,5.28,36.7225,-0.849145,pe15,-43.2464,false
ADT,NYSE:ADT,ADT Inc.,NYSE,0.72,9.69481,55.9049,lynch_peg,0.173416,true
ADUS,NASDAQ:ADUS,Addus HomeCare Corporation,NASDAQ,5.19,20.4472,19.6097,lynch_peg,1.04271,false
AEBI,NASDAQ:AEBI,Aebi Schmidt Holding AG,NASDAQ,0.17,41.8663,10.1946,pe15,4.1067,false
AEE,NYSE:AEE,Ameren Corporation,NYSE,5.38,19.0951,8.79314,pe15,2.17159,false
AEFC,NYSE:AEFC,Aegon Funding Company LLC,NYSE,0.6,13.218,0,pe15,,true
AEG,NYSE:AEG,Aegon Ltd.,NYSE,0.6,13.2935,0,pe15,,true
AEIS,NASDAQ:AEIS,"Advanced Energy Industries, Inc.",NASDAQ,3.95,57.4403,2.33186,pe15,24.6328,false
AEM,NYSE:AEM,Agnico Eagle Mines Limited,NYSE,8.89,15.9356,33.2027,lynch_peg,0.479947,true
AENT,NASDAQ:AENT,Alliance Entertainment Holding Corp.,NASDAQ,0.3,13.1896,-17.3952,pe15,-0.758233,true
AEO,NYSE:AEO,"American Eagle Outfitters, Inc.",NYSE,1.12,9.82727,-0.148039,pe15,-66.3828,true
AEP,NASDAQ:AEP,"American Electric Power Company, Inc.",NASDAQ,6.66,21.5773,8.44718,pe15,2.55438,false
AER,NYSE:AER,AerCap Holdings N.V.,NYSE,21.78,7.28703,16.9557,lynch_peg,0.429769,true
AERO,NYSE:AERO,"Grupo Aeroméxico, S.A.B. de C.V.",NYSE,2.4,-6.06611,-64.4591,pe15,0.0941079,false
AERT,NASDAQ:AERT,"Aeries Technology, Inc",NASDAQ,0.42,13.302,-21.7458,pe15,-0.611703,true
AES,NYSE:AES,The AES Corporation,NYSE,1.26,5.6046,78.2602,lynch_peg,0.0716149,true
AFBI,NASDAQ:AFBI,"Affinity Bancshares, Inc.",NASDAQ,1.33,16.3121,24.2018,lynch_peg,0.674002,true
AFG,NYSE:AFG,"American Financial Group, Inc.",NYSE,10.05,12.7741,4.02613,pe15,3.1728,true
AFGB,NYSE:AFGB,"American Financial Group, Inc.",NYSE,10.05,12.7741,4.02613,pe15,3.1728,true
AFGC,NYSE:AFGC,"American Financial Group, Inc.",NYSE,10.05,12.7741,4.02613,pe15,3.1728,true
AFGD,NYSE:AFGD,"American Financial Group, Inc.",NYSE,10.05,12.7741,4.02613,pe15,3.1728,true
AFGE,NYSE:AFGE,"American Financial Group, Inc.",NYSE,10.05,12.7741,4.02613,pe15,3.1728,true
AFJK,NASDAQ:AFJK,"Aimei Health Technology Co., Ltd",NASDAQ,0.17,177.419,199.122,lynch_peg,0.89101,true
AFL,NYSE:AFL,Aflac Incorporated,NYSE,6.86,13.0054,0.503133,pe15,25.8488,true
AFRM,NASDAQ:AFRM,"Affirm Holdings, Inc.",NASDAQ,0.16,68.5435,,,,false
AFYA,NASDAQ:AFYA,Afya Limited,NASDAQ,8.16,8.3422,20.9695,lynch_peg,0.397825,true
AG,NYSE:AG,First Majestic Silver Corp.,NYSE,0.35,27.5901,26.0477,lynch_peg,1.05921,false
AGBK,NYSE:AGBK,AGI Inc,NYSE,6.49,7.90806,91.7869,lynch_peg,0.0861568,true
AGCO,NYSE:AGCO,AGCO Corporation,NYSE,9.76,13.8218,11.3955,pe15,1.21292,true
AGI,NYSE:AGI,Alamos Gold Inc.,NYSE,2.1,12.1087,41.5153,lynch_peg,0.291668,true
AGM,NYSE:AGM,Federal Agricultural Mortgage,NYSE,16.73,12.6026,15.0215,lynch_peg,0.838972,true
AGMH,NASDAQ:AGMH,AGM Group Holdings Inc.,NASDAQ,0.33,0.60625,-55.2922,pe15,-0.0109645,true
AGNC,NASDAQ:AGNC,AGNC Investment Corp.,NASDAQ,1.48,5.60914,4.14393,pe15,1.35358,true
AGO,NYSE:AGO,Assured Guaranty Ltd.,NYSE,10.29,10.3565,19.5145,lynch_peg,0.530706,true
AGRZ,NASDAQ:AGRZ,Agroz Inc. Ordinary Shares,NASDAQ,0.15,6.41267,,,,false
AGX,NYSE:AGX,"Argan, Inc.",NYSE,10,48.7046,45.7576,lynch_peg,1.0644,false
AGYS,NASDAQ:AGYS,"Agilysys, Inc.",NASDAQ,1.39,74.9935,64.4619,lynch_peg,1.16338,false
AHMA,NASDAQ:AHMA,Ambitions Enterprise Management Co. L.L.C,NASDAQ,0.0112,147.768,-36.5281,pe15,-4.04532,false
AHR,NYSE:AHR,"American Healthcare REIT, Inc.",NYSE,0.42,78.8967,66.6251,lynch_peg,1.18419,false
AHRT,NYSE:AHRT,"AH Realty Trust, Inc.",NYSE,0.07,-11.6923,-28.7044,pe15,0.407335,false
AIG,NYSE:AIG,"American International Group, Inc.",NYSE,5.48,13.8802,6.33843,pe15,2.18985,true
AII,NYSE:AII,"American Integrity Insurance Group, Inc.",NYSE,5.78,5.29333,77.2373,lynch_peg,0.0685334,true
AIIR,NASDAQ:AIIR,Air Global PLC Ordinary Shares,NASDAQ,0.1,67.0675,-46.5478,pe15,-1.44083,false
AIR,NYSE:AIR,AAR Corp.,NYSE,4.88,29.6957,37.0313,lynch_peg,0.801909,true
AIRT,NASDAQ:AIRT,"Air T, Inc.",NASDAQ,28.85,1.14038,71.3458,lynch_peg,0.0159839,true
AISP,NASDAQ:AISP,"Airship AI Holdings, Inc.",NASDAQ,0.9,2.38566,27.9204,lynch_peg,0.085445,true
AIT,NYSE:AIT,"Applied Industrial Technologies, Inc.",NYSE,11.09,32.6069,24.3496,lynch_peg,1.33911,false
AIV,NYSE:AIV,Apartment Investment and Management Company,NYSE,3.95,0.660759,241.279,lynch_peg,0.00273857,true
AIZ,NYSE:AIZ,"Assurant, Inc.",NYSE,17.29,13.2376,19.6863,lynch_peg,0.672429,true
AIZN,NYSE:AIZN,"Assurant, Inc. 5.25% Subordinat",NYSE,17.29,13.2376,19.6863,lynch_peg,0.672429,true
AJG,NYSE:AJG,Arthur J. Gallagher & Co.,NYSE,5.83,41.3934,6.32668,pe15,6.54268,false
AKAM,NASDAQ:AKAM,"Akamai Technologies, Inc.",NASDAQ,3.11,43.8838,-1.93969,pe15,-22.6241,false
AKR,NYSE:AKR,Acadia Realty Trust,NYSE,0.095,60.4913,-14.8933,pe15,-4.06166,false
ALAB,NASDAQ:ALAB,"Astera Labs, Inc. Common Stock",NASDAQ,1.32,147.995,,,,false
ALAR,NASDAQ:ALAR,Alarum Technologies Ltd.,NASDAQ,0.14,10.1868,,,,false
ALC,NYSE:ALC,Alcon Inc.,NYSE,1.99,57.1451,26.7916,lynch_peg,2.13294,false
ALDF,NASDAQ:ALDF,Aldel Financial II Inc.,NASDAQ,0.31,29.8284,,,,false
ALF,NASDAQ:ALF,Centurion Acquisition Corp.,NASDAQ,0.33,34.1506,96.6859,lynch_peg,0.353212,true
ALG,NYSE:ALG,Alamo Group Inc.,NYSE,8.64,19.7318,11.9661,pe15,1.64898,false
ALGN,NASDAQ:ALGN,"Align Technology, Inc.",NASDAQ,5.66,31.1927,-24.1538,pe15,-1.29142,false
ALH,NYSE:ALH,Alliance Laundry Holdings Inc.,NYSE,0.52,36.2714,-14.0862,pe15,-2.57497,false
ALIS,NASDAQ:ALIS,Calisa Acquisition Corp,NASDAQ,0.073,21.3333,,,,false
ALISR,NASDAQ:ALISR,Calisa Acquisition Corp Right,NASDAQ,0.07,21.3333,,,,false
ALK,NYSE:ALK,"Alaska Air Group, Inc.",NYSE,0.85,-30.0949,-28.2692,pe15,1.06458,false
ALKS,NASDAQ:ALKS,Alkermes plc,NASDAQ,1.47,122.134,-17.1196,pe15,-7.13416,false
ALL,NYSE:ALL,The Allstate Corporation,NYSE,38.68,5.13353,17.1496,lynch_peg,0.299338,true
ALLE,NYSE:ALLE,Allegion plc,NYSE,7.49,21.5862,17.043,lynch_peg,1.26657,false
ALLT,NASDAQ:ALLT,Allot Ltd.,NASDAQ,0.0841,35.8192,,,,false
ALLY,NYSE:ALLY,Ally Financial Inc.,NYSE,2.39,10.4242,-3.728,pe15,-2.79621,true
ALNT,NASDAQ:ALNT,Allient Inc.,NASDAQ,1.32,64.0351,6.57628,pe15,9.73729,false
ALNY,NASDAQ:ALNY,"Alnylam Pharmaceuticals, Inc.",NASDAQ,2.39,36.2967,,,,false
ALRM,NASDAQ:ALRM,"Alarm.com Holdings, Inc.",NASDAQ,2.66,23.3466,10.8401,pe15,2.15373,false
ALRS,NASDAQ:ALRS,Alerus Financial Corporation,NASDAQ,0.69,30.8818,-23.1253,pe15,-1.33541,false
ALSN,NYSE:ALSN,"Allison Transmission Holdings, Inc.",NYSE,7.42,19.6498,23.1461,lynch_peg,0.84895,true
ALTO,NASDAQ:ALTO,"Alto Ingredients, Inc.",NASDAQ,0.16,6.14292,-28.7258,pe15,-0.213846,true
ALV,NYSE:ALV,"Autoliv, Inc.",NYSE,9.6,14.3324,35.0117,lynch_peg,0.409359,true
ALVO,NASDAQ:ALVO,Alvotech,NASDAQ,0.1,-14.2983,,,,false
ALX,NYSE:ALX,"Alexander's, Inc.",NYSE,5.5,8.33454,-7.6545,pe15,-1.08884,true
AM,NYSE:AM,Antero Midstream Corporation,NYSE,0.86,26.5179,-13.4819,pe15,-1.96693,false
AMAL,NASDAQ:AMAL,Amalgamated Financial Corp.,NASDAQ,3.45,13.5145,18.4436,lynch_peg,0.732749,true
AMAT,NASDAQ:AMAT,"Applied Materials, Inc.",NASDAQ,8.71,44.2759,17.1343,lynch_peg,2.58405,false
AMBO,AMEX:AMBO,Ambow Education Holding Ltd.,AMEX,0.48,-0.722453,-42.0231,pe15,0.0171918,false
AMBR,NASDAQ:AMBR,Amber International Holding Ltd,NASDAQ,0.75,-5.64906,,,,false
AMCR,NYSE:AMCR,Amcor plc,NYSE,2.39,19.3347,-4.57148,pe15,-4.22942,false
AMCX,NASDAQ:AMCX,AMC Global Media Inc.,NASDAQ,2.01,-25.8511,-15.6239,pe15,1.65459,false
AMD,NASDAQ:AMD,"Advanced Micro Devices, Inc.",NASDAQ,2.67,126.461,4.92003,pe15,25.7032,false
AME,NYSE:AME,"AMETEK, Inc.",NYSE,6.42,37.476,11.0581,pe15,3.389,false
AMG,NYSE:AMG,"Affiliated Managers Group, Inc.",NYSE,25.18,11.727,42.139,lynch_peg,0.278293,true
AMGN,NASDAQ:AMGN,Amgen Inc.,NASDAQ,14.33,25.3607,2.93543,pe15,8.63949,false
AMH,NYSE:AMH,American Homes 4 Rent,NYSE,1.18,27.2421,33.3352,lynch_peg,0.817216,true
AMKR,NASDAQ:AMKR,"Amkor Technology, Inc.",NASDAQ,1.51,26.4286,1.52425,pe15,17.3388,false
AMP,NYSE:AMP,"Ameriprise Financial, Inc.",NYSE,36.9,13.5648,24.3916,lynch_peg,0.556128,true
AMPH,NASDAQ:AMPH,"Amphastar Pharmaceuticals, Inc.",NASDAQ,2.1,11.5805,134.207,lynch_peg,0.0862878,true
AMPY,NYSE:AMPY,Amplify Energy Corp.,NYSE,1.03,9.22,-8.97921,pe15,-1.02682,true
AMRC,NYSE:AMRC,"Ameresco, Inc.",NYSE,0.84,53.3302,-5.75894,pe15,-9.26042,false
AMRX,NASDAQ:AMRX,"Amneal Pharmaceuticals, Inc.",NASDAQ,0.23,34.8643,-17.9899,pe15,-1.93799,false
AMRZ,NYSE:AMRZ,Amrize Ltd,NYSE,2.14,,8.92876,pe15,,false
AMSC,NASDAQ:AMSC,American Superconductor Corporation,NASDAQ,3.12,10.4937,13.0755,pe15,0.802545,true
AMSF,NASDAQ:AMSF,"AMERISAFE, Inc.",NASDAQ,2.48,10.952,-11.1943,pe15,-0.978359,true
AMT,NYSE:AMT,American Tower Corporation,NYSE,5.4,24.081,7.22443,pe15,3.33328,false
AMTB,NYSE:AMTB,Amerant Bancorp Inc.,NYSE,1.26,20.8632,0.677138,pe15,30.8108,false
AMTD,NYSE:AMTD,AMTD IDEA Group,NYSE,2.88,0.201025,-55.013,pe15,-0.00365413,true
AMTM,NYSE:AMTM,"Amentum Holdings, Inc.",NYSE,0.27,25.7651,-40.8789,pe15,-0.630278,false
AMX,NYSE:AMX,"América Móvil, S.A.B. de C.V.",NYSE,25.8,13.2867,19.4711,lynch_peg,0.68238,true
AMZN,NASDAQ:AMZN,"Amazon.com, Inc.",NASDAQ,7.29,20.9976,27.8997,lynch_peg,0.75261,true
AN,NYSE:AN,"AutoNation, Inc.",NYSE,17.04,9.36314,31.5822,lynch_peg,0.296469,true
ANDE,NASDAQ:ANDE,"The Andersons, Inc.",NASDAQ,2.81,12.6104,64.9665,lynch_peg,0.194106,true
ANET,NYSE:ANET,"Arista Networks, Inc.",NYSE,2.79,62.9751,39.933,lynch_peg,1.57702,false
ANF,NYSE:ANF,Abercrombie & Fitch Co.,NYSE,10.71,10.0376,61.2167,lynch_peg,0.163968,true
ANGI,NASDAQ:ANGI,Angi Inc.,NASDAQ,0.94,-0.887774,54.1718,lynch_peg,-0.0163881,false
ANIP,NASDAQ:ANIP,"ANI Pharmaceuticals, Inc.",NASDAQ,3.5,15.4369,37.853,lynch_peg,0.40781,true
ANNA,NASDAQ:ANNA,"AleAnna, Inc.",NASDAQ,0.0442,13.0036,,,,false
ANPA,NASDAQ:ANPA,Rich Sparkle Holdings Limited,NASDAQ,0.011,378.182,-44.6587,pe15,-8.46827,false
ANSC,NASDAQ:ANSC,Agriculture & Natural Solutions Acquisition Corporation,NASDAQ,0.24,51.7148,18.8177,lynch_peg,2.7482,false
ANTA,NASDAQ:ANTA,Antalpha Platform Holding Company,NASDAQ,0.8,5.85637,,,,false
AOMN,NYSE:AOMN,"Angel Oak Mortgage REIT, Inc. 9",NYSE,1.86,32.1519,132.293,lynch_peg,0.243036,true
AOMR,NYSE:AOMR,"Angel Oak Mortgage, Inc.",NYSE,1.86,11.4494,132.293,lynch_peg,0.0865456,true
AON,NYSE:AON,Aon plc,NYSE,17.13,19.4967,15.0721,lynch_peg,1.29357,false
AORT,NYSE:AORT,"Artivion, Inc.",NYSE,0.22,-479.279,29.8008,lynch_peg,-16.0827,false
AOS,NYSE:AOS,A. O. Smith Corporation,NYSE,3.86,17.4234,12.5213,pe15,1.3915,false
APA,NASDAQ:APA,APA Corporation,NASDAQ,3.99,8.59197,69.3208,lynch_peg,0.123945,true
APAC,NASDAQ:APAC,StoneBridge Acquisition II Corporation,NASDAQ,0.04,157.176,,,,false
APACR,NASDAQ:APACR,StoneBridge Acquisition II Corporation,NASDAQ,0.0376,1.40468,,,,false
APACU,NASDAQ:APACU,StoneBridge Acquisition II Corporation,NASDAQ,0.04,158.488,-47.7242,pe15,-3.32091,false
APAM,NYSE:APAM,Artisan Partners Asset Management Inc.,NYSE,4.05,9.96934,3.56076,pe15,2.79978,true
APC,NASDAQ:APC,ARKO Petroleum Corp. Class A Common Stock,NASDAQ,0.37,-51.4174,-15.6709,pe15,3.28107,false
APEI,NASDAQ:APEI,"American Public Education, Inc.",NASDAQ,1.4,18.0656,1.96823,pe15,9.17863,false
APH,NYSE:APH,Amphenol Corporation,NYSE,3.51,39.8381,28.2913,lynch_peg,1.40814,false
API,NASDAQ:API,"Agora, Inc.",NASDAQ,0.1,39.7368,60.7839,lynch_peg,0.65374,true
APLE,NYSE:APLE,"Apple Hospitality REIT, Inc.",NYSE,0.74,21.6622,-0.66015,pe15,-32.814,false
APO,NYSE:APO,"Apollo Global Management, Inc.",NYSE,7.31,30.6775,75.4256,lynch_peg,0.406726,true
APOG,NASDAQ:APOG,"Apogee Enterprises, Inc.",NASDAQ,2.54,13.0435,33.9049,lynch_peg,0.384709,true
APOS,NYSE:APOS,"Apollo Global Management, Inc.",NYSE,7.31,30.6775,75.4256,lynch_peg,0.406726,true
APP,NASDAQ:APP,AppLovin Corporation,NASDAQ,9.84,24.6825,73.5597,lynch_peg,0.335544,true
APPF,NASDAQ:APPF,AppFolio Inc.,NASDAQ,3.91,45.6451,-3.28208,pe15,-13.9074,false
APPN,NASDAQ:APPN,Appian Corporation,NASDAQ,0.0167,-255.214,,,,false
APT,AMEX:APT,"Alpha Pro Tech, Ltd.",AMEX,0.34,13.304,-29.84,pe15,-0.445845,true
APTV,NYSE:APTV,Aptiv PLC,NYSE,0.75,47.219,-35.5032,pe15,-1.33,false
APWC,NASDAQ:APWC,Asia Pacific Wire & Cable Corporation Limited,NASDAQ,0.18,4.98466,-2.17808,pe15,-2.28855,true
APXT,NASDAQ:APXT,Apex Treasury Corporation Class A,NASDAQ,0.17,29.75,,,,false
AQN,NYSE:AQN,Algonquin Power & Utilities Corp.,NYSE,0.23,32.1923,-30.1173,pe15,-1.0689,false
AQNB,NYSE:AQNB,Algonquin Power & Utilities Corp.,NYSE,0.27,32.1923,-28.6487,pe15,-1.12369,false
AR,NYSE:AR,Antero Resources Corporation,NYSE,2.05,10.5869,-30.4369,pe15,-0.347831,true
ARBK,NASDAQ:ARBK,Argo Blockchain plc,NASDAQ,15.3,-0.959398,8.23578,pe15,-0.116492,false
ARCB,NASDAQ:ARCB,ArcBest Corp,NASDAQ,2.63,208.729,-1.2449,pe15,-167.667,false
ARCC,NASDAQ:ARCC,Ares Capital Corporation,NASDAQ,1.86,14.8889,10.2863,pe15,1.44745,true
ARCO,NYSE:ARCO,Arcos Dorados Holdings Inc.,NYSE,1.01,7.17568,17.6945,lynch_peg,0.405531,true
ARDT,NYSE:ARDT,Ardent Health Inc.,NYSE,0.96,20.0727,28.5705,lynch_peg,0.702569,true
AREC,NASDAQ:AREC,American Resources Corporation,NASDAQ,0.63,4.58327,,,,false
AREN,AMEX:AREN,"The Arena Group Holdings, Inc.",AMEX,2.63,6.28019,,,,false
ARES,NYSE:ARES,Ares Management Corporation,NYSE,1.96,63.9694,17.1044,lynch_peg,3.73994,false
ARGX,NASDAQ:ARGX,argenx SE,NASDAQ,21.14,30.6002,,,,false
ARHS,NASDAQ:ARHS,"Arhaus, Inc.",NASDAQ,0.48,19.171,29.8553,lynch_peg,0.642132,true
ARI,NYSE:ARI,"Apollo Commercial Real Estate Finance, Inc.",NYSE,0.81,8.75949,143.306,lynch_peg,0.0611245,true
ARIS,NYSE:ARIS,Aris Mining Corporation,NYSE,0.42,13.0159,-34.2695,pe15,-0.37981,true
ARKO,NASDAQ:ARKO,Arko Corp.,NASDAQ,0.15,57.1956,16.1359,lynch_peg,3.54461,false
ARL,NYSE:ARL,"American Realty Investors, Inc.",NYSE,0.97,29.6023,11.6135,pe15,2.54896,false
ARLO,NYSE:ARLO,"Arlo Technologies, Inc.",NYSE,0.14,49.8265,,,,false
ARLP,NASDAQ:ARLP,"Alliance Resource Partners, L.P.",NASDAQ,2.42,12.2257,-3.88758,pe15,-3.14481,true
ARMK,NYSE:ARMK,Aramark,NYSE,1.24,42.5411,-6.1952,pe15,-6.86678,false
AROC,NYSE:AROC,"Archrock, Inc.",NYSE,1.85,18.371,17.5833,lynch_peg,1.0448,false
AROW,NASDAQ:AROW,Arrow Financial Corporation,NASDAQ,2.66,12.6888,1.90917,pe15,6.64624,true
ARR,NYSE:ARR,"ARMOUR Residential REIT, Inc.",NYSE,3.31,4.52145,92.71,lynch_peg,0.0487698,true
ARTNA,NASDAQ:ARTNA,Artesian Resources Corporation,NASDAQ,2.21,15.5326,4.1895,pe15,3.70751,false
ARTW,NASDAQ:ARTW,"Art's-Way Manufacturing Co., Inc.",NASDAQ,0.2,-339.773,43.5497,lynch_peg,-7.80195,false
ARW,NYSE:ARW,"Arrow Electronics, Inc.",NYSE,11.03,13.3661,8.0485,pe15,1.66069,true
AS,NYSE:AS,"Amer Sports, Inc.",NYSE,0.77,40.3986,,,,false
ASB,NYSE:ASB,Associated Banc-Corp,NYSE,2.81,11.2197,8.48581,pe15,1.32217,true
ASBA,NYSE:ASBA,Associated Banc-Corp,NYSE,2.79,11.2197,8.44718,pe15,1.32822,true
ASC,NYSE:ASC,Ardmore Shipping Corporation,NYSE,0.89,6.74131,-37.4115,pe15,-0.180194,true
ASIC,NYSE:ASIC,Ategrity Specialty Holdings LLC,NYSE,1.66,11.3812,181.154,lynch_peg,0.0628259,true
ASIX,NYSE:ASIX,AdvanSix Inc.,NYSE,1.83,-25.5152,2.2166,pe15,-11.5109,false
ASLE,NASDAQ:ASLE,AerSale Corporation,NASDAQ,0.18,-111.924,-3.03597,pe15,36.866,false
ASM,AMEX:ASM,Avino Silver & Gold Mines Ltd.,AMEX,0.18,26.173,29.1708,lynch_peg,0.897233,true
ASML,NASDAQ:ASML,ASML Holding N.V.,NASDAQ,24.73,57.7794,25.6058,lynch_peg,2.2565,false
ASO,NASDAQ:ASO,"Academy Sports and Outdoors, Inc.",NASDAQ,5.66,8.33879,10.7958,pe15,0.77241,true
ASPC,NASDAQ:ASPC,A SPAC III Acquisition Corp.,NASDAQ,0.27,1063,,,,false
ASPS,NASDAQ:ASPS,Altisource Portfolio Solutions S.A.,NASDAQ,0.16,-5.78462,-32.0382,pe15,0.180554,false
ASR,NYSE:ASR,"Grupo Aeroportuario del Sureste, S. A. B. de C. V.",NYSE,349.6,13.7059,39.7015,lynch_peg,0.345224,true
ASRV,NASDAQ:ASRV,"AmeriServ Financial, Inc.",NASDAQ,0.34,9.88567,4.71841,pe15,2.09513,true
ASTE,NASDAQ:ASTE,"Astec Industries, Inc.",NASDAQ,1.7,50.5116,-3.95448,pe15,-12.7733,false
ASTH,NASDAQ:ASTH,"Astrana Health, Inc.",NASDAQ,0.46,46.4838,-15.0536,pe15,-3.08788,false
ASX,NYSE:ASX,"ASE Technology Holding Co., Ltd.",NYSE,18.74,44.2847,7.68794,pe15,5.76028,false
ATAT,NASDAQ:ATAT,Atour Lifestyle Holdings Limited,NASDAQ,11.4,17.0509,104.339,lynch_peg,0.163418,true
ATCH,AMEX:ATCH,"AtlasClear Holdings, Inc.",AMEX,0.01,-13.7931,-44.9679,pe15,0.306732,false
ATEN,NYSE:ATEN,"A10 Networks, Inc.",NYSE,0.58,44.85,20.3206,lynch_peg,2.20712,false
ATEX,NASDAQ:ATEX,Anterix Inc.,NASDAQ,4.85,25.9067,,,,false
ATHM,NYSE:ATHM,Autohome Inc.,NYSE,45.88,5.86105,10.8276,pe15,0.541307,true
ATHS,NYSE:ATHS,Athene Holding Ltd. 7.250% Fixe,NYSE,14.14,30.5238,11.5952,pe15,2.63245,false
ATI,NYSE:ATI,ATI Inc.,NYSE,2.92,65.0573,6.42193,pe15,10.1305,false
ATII,NASDAQ:ATII,Archimedes Tech SPAC Partners II Co. Ordinary Shares,NASDAQ,0.3,-2.42318,,,,false
ATLC,NASDAQ:ATLC,Atlanticus Holdings Corporation,NASDAQ,7.39,10.2069,6.79393,pe15,1.50236,true
ATLO,NASDAQ:ATLO,Ames National Corporation,NASDAQ,2.14,12.4012,0.764908,pe15,16.2126,true
ATMU,NYSE:ATMU,Atmus Filtration Technologies Inc.,NYSE,2.52,19.1293,8.06396,pe15,2.37219,false
ATO,NYSE:ATO,Atmos Energy Corporation,NYSE,7.54,19.9729,9.04669,pe15,2.20776,false
ATR,NYSE:ATR,"AptarGroup, Inc.",NYSE,5.97,23.4205,12.452,pe15,1.88086,false
ATRA,NASDAQ:ATRA,"Atara Biotherapeutics, Inc.",NASDAQ,2.61,-7.14831,,,,false
ATRO,NASDAQ:ATRO,Astronics Corporation,NASDAQ,0.82,45.5392,-10.7278,pe15,-4.24499,false
ATS,NYSE:ATS,ATS Corporation,NYSE,0.73,57.765,0.842816,pe15,68.5381,false
AU,NYSE:AU,AngloGold Ashanti plc,NYSE,5.19,12.8349,17.1709,lynch_peg,0.747477,true
AUB,NYSE:AUB,Atlantic Union Bankshares Corporation,NYSE,2.03,12.8134,1.01544,pe15,12.6186,true
AUBN,NASDAQ:AUBN,"Auburn National Bancorporation, Inc.",NASDAQ,2.08,10.8963,-0.0958775,pe15,-113.648,true
AUDC,NASDAQ:AUDC,AudioCodes Ltd.,NASDAQ,0.31,39.8069,-18.648,pe15,-2.13466,false
AUNA,NYSE:AUNA,Auna S.A.,NYSE,3.06,-65.5435,10.4009,pe15,-6.30174,false
AUPH,NASDAQ:AUPH,Aurinia Pharmaceuticals Inc.,NASDAQ,2.14,6.33333,,,,false
AVA,NYSE:AVA,Avista Corporation,NYSE,2.38,13.9964,4.49818,pe15,3.11157,true
AVAH,NASDAQ:AVAH,Aveanna Healthcare Holdings Inc.,NASDAQ,1.1,8.98817,,,,false
AVAL,NYSE:AVAL,Grupo Aval Acciones y Valores S.A.,NYSE,1350.8,11.727,-0.707276,pe15,-16.5804,true
AVB,NYSE:AVB,"AvalonBay Communities, Inc.",NYSE,7.4,25.2106,4.67026,pe15,5.39811,false
AVBH,NASDAQ:AVBH,"Avidbank Holdings, Inc.",NASDAQ,3.19,11.0703,14.2324,pe15,0.777825,true
AVGO,NASDAQ:AVGO,Broadcom Inc.,NASDAQ,4.91,64.6817,49.3852,lynch_peg,1.30974,false
AVNT,NYSE:AVNT,Avient Corporation,NYSE,0.9,24.6475,-9.22256,pe15,-2.67252,false
AVNW,NASDAQ:AVNW,"Aviat Networks, Inc.",NASDAQ,0.11,38.994,35.8198,lynch_peg,1.08862,false
AVO,NASDAQ:AVO,"Mission Produce, Inc.",NASDAQ,0.53,40.6435,5.26849,pe15,7.71446,false
AVPT,NASDAQ:AVPT,"AvePoint, Inc.",NASDAQ,0.17,40.4071,16.7004,lynch_peg,2.41953,false
AVT,NASDAQ:AVT,"Avnet, Inc.",NASDAQ,4.07,23.6344,15.8542,lynch_peg,1.49073,false
AVY,NYSE:AVY,Avery Dennison Corporation,NYSE,8.8,19.4699,16.0101,lynch_peg,1.2161,false
AWI,NYSE:AWI,"Armstrong World Industries, Inc.",NYSE,7.08,24.8892,6.2179,pe15,4.00283,false
AWK,NYSE:AWK,"American Water Works Company, Inc.",NYSE,5.7,23.6747,7.77493,pe15,3.04501,false
AWR,NYSE:AWR,American States Water Company,NYSE,3.37,24.3333,7.56793,pe15,3.21532,false
AWX,AMEX:AWX,Avalon Holdings Corporation,AMEX,0.0823,8.61678,86.9905,lynch_peg,0.0990543,true
AX,NYSE:AX,"Axos Financial, Inc.",NYSE,8.66,11.7067,18.9278,lynch_peg,0.618493,true
AXIA,NYSE:AXIA,AXIA Energia S.A.,NYSE,2.29,10.1628,-11.1685,pe15,-0.90995,true
AXIL,AMEX:AXIL,"Axil Brands, Inc.",AMEX,0.13,40.9756,-36.2623,pe15,-1.12998,false
AXIN,NASDAQ:AXIN,Axiom Intelligence Acquisition Corp 1,NASDAQ,0.2,34.9255,130.109,lynch_peg,0.268432,true
AXON,NASDAQ:AXON,"Axon Enterprise, Inc.",NASDAQ,1.6,243.273,118.016,lynch_peg,2.06135,false
AXP,NYSE:AXP,American Express Company,NYSE,15.41,20.8332,32.5233,lynch_peg,0.640563,true
AXR,NYSE:AXR,AMREP Corporation,NYSE,1.93,11.4974,15.2303,lynch_peg,0.754903,true
AXS,NYSE:AXS,AXIS Capital Holdings Limited,NYSE,12.52,6.2871,24.4502,lynch_peg,0.257139,true
AXTA,NYSE:AXTA,Axalta Coating Systems Ltd.,NYSE,1.75,22.8221,27.4697,lynch_peg,0.83081,true
AYA,NASDAQ:AYA,Aya Gold & Silver Inc.,NASDAQ,0.33,43.0947,,,,false
AYI,NYSE:AYI,"Acuity Brands, Inc.",NYSE,12.85,23.2191,15.3587,lynch_peg,1.51178,false
AZN,NYSE:AZN,AstraZeneca PLC,NYSE,6.6,23.1553,22.0199,lynch_peg,1.05156,false
AZO,NYSE:AZO,"AutoZone, Inc.",NYSE,148.8,20.2869,15.1122,lynch_peg,1.34242,false
AZUL,NYSE:AZUL,Azul S.A.,NYSE,0.48,18.262,,,,false
AZZ,NYSE:AZZ,AZZ Inc.,NYSE,10.59,22.8033,47.2451,lynch_peg,0.48266,true
B,NYSE:B,Barrick Mining Corporation,NYSE,2.98,10.7657,17.8661,lynch_peg,0.602579,true
BA,NYSE:BA,The Boeing Company,NYSE,2.49,87.0824,-24.6465,pe15,-3.53325,false
BABA,NYSE:BABA,Alibaba Group Holding Limited,NYSE,45.6,18.1507,-3.88791,pe15,-4.6685,false
BAC,NYSE:BAC,Bank of America Corporation,NYSE,3.88,14.6088,15.5939,lynch_peg,0.936833,true
BACC,NASDAQ:BACC,Blue Acquisition Corp.,NASDAQ,0.66,156.567,,,,false
BAH,NYSE:BAH,Booz Allen Hamilton Holding Corporation,NYSE,6.91,12.1221,9.44731,pe15,1.28312,true
BALL,NYSE:BALL,Ball Corporation,NYSE,3.33,17.3654,13.2187,pe15,1.3137,false
BAM,NYSE:BAM,Brookfield Asset Management Ltd.,NYSE,1.54,31.5661,9.23885,pe15,3.41667,false
BANC,NYSE:BANC,"Banc of California, Inc.",NYSE,1.18,-48.2805,69.3631,lynch_peg,-0.696055,false
BANF,NASDAQ:BANF,BancFirst Corporation,NASDAQ,7.22,15.4295,18.8085,lynch_peg,0.820349,true
BANR,NASDAQ:BANR,Banner Corporation,NASDAQ,5.67,12.1428,11.5007,pe15,1.05584,true
BAP,NYSE:BAP,Credicorp Ltd.,NYSE,87.25,14.2073,81.9939,lynch_peg,0.173273,true
BB,NYSE:BB,BlackBerry Limited,NYSE,0.09,89.45,-8.68504,pe15,-10.2993,false
BBAR,NYSE:BBAR,Banco BBVA Argentina S.A.,NYSE,1543.02,23.292,60.5412,lynch_peg,0.38473,true
BBCP,NASDAQ:BBCP,"Concrete Pumping Holdings, Inc.",NASDAQ,0.0887,65.773,-29.0493,pe15,-2.26419,false
BBD,NYSE:BBD,Banco Bradesco S.A.,NYSE,2.24,7.32743,9.69979,pe15,0.755422,true
BBDC,NYSE:BBDC,"Barings BDC, Inc.",NYSE,0.97,11.3012,41.6657,lynch_peg,0.271236,true
BBDO,NYSE:BBDO,Banco Bradesco S.A.,NYSE,2.24,7.32743,9.69979,pe15,0.755422,true
BBSI,NASDAQ:BBSI,"Barrett Business Services, Inc.",NASDAQ,2.13,23.3777,13.7188,pe15,1.70406,false
BBT,NYSE:BBT,Beacon Financial Corp.,NYSE,1.03,24.3788,-3.84707,pe15,-6.33698,false
BBVA,NYSE:BBVA,"Banco Bilbao Vizcaya Argentaria, S.A.",NYSE,1.69,12.9223,64.5704,lynch_peg,0.200127,true
BBW,NYSE:BBW,"Build-A-Bear Workshop, Inc.",NYSE,4,9.2096,146.801,lynch_peg,0.0627351,true
BBWI,NYSE:BBWI,"Bath & Body Works, Inc.",NYSE,3.07,5.6513,0.196594,pe15,28.746,true
BBY,NYSE:BBY,"Best Buy Co., Inc.",NYSE,5.06,16.1756,-6.09614,pe15,-2.65342,false
BCAL,NASDAQ:BCAL,California BanCorp,NASDAQ,1.95,11.726,31.2843,lynch_peg,0.374821,true
BCAR,NASDAQ:BCAR,D. Boral ARC Acquisition I Corp. Cl A,NASDAQ,0.11,36.5329,,,,false
BCC,NYSE:BCC,Boise Cascade Company,NYSE,3.54,28.234,-4.47245,pe15,-6.31288,false
BCE,NYSE:BCE,BCE Inc.,NYSE,6.78,4.82963,21.7929,lynch_peg,0.221615,true
BCG,NASDAQ:BCG,"Binah Capital Group, Inc.",NASDAQ,0.05,8.67839,-26.3572,pe15,-0.329261,true
BCH,NYSE:BCH,Banco de Chile,NYSE,2360,15.4088,24.2796,lynch_peg,0.63464,true
BCIC,NASDAQ:BCIC,BCP Investment Corporation,NASDAQ,1.04,-22.1471,-30.2951,pe15,0.731044,false
BCML,NASDAQ:BCML,BayCom Corp,NASDAQ,2.18,26.2333,13.6454,pe15,1.92251,false
BCO,NYSE:BCO,The Brink's Company,NYSE,4.74,26.211,60.1449,lynch_peg,0.435798,true
BCPC,NASDAQ:BCPC,Balchem Corp,NASDAQ,4.8,34.4863,12.7865,pe15,2.69709,false
BCRX,NASDAQ:BCRX,"BioCryst Pharmaceuticals, Inc.",NASDAQ,1.26,-6.68706,,,,false
BCS,NYSE:BCS,Barclays PLC,NYSE,1.8,10.7344,38.7525,lynch_peg,0.276999,true
BCSF,NYSE:BCSF,"Bain Capital Specialty Finance, Inc.",NYSE,1.52,10.3316,61.1176,lynch_peg,0.169044,true
BCSS,NYSE:BCSS,Bain Capital GSS Investment Cor,NYSE,0.0729,72.6435,,,,false
BDC,NYSE:BDC,Belden Inc.,NYSE,6,21.9262,6.11565,pe15,3.58526,false
BDCI,NASDAQ:BDCI,BTC Development Corp. Class A Ordinary Shares,NASDAQ,0.13,108.941,,,,false
BDL,AMEX:BDL,"Flanigan's Enterprises, Inc.",AMEX,2.71,13.4048,35.1959,lynch_peg,0.380861,true
BDTX,NASDAQ:BDTX,"Black Diamond Therapeutics, Inc.",NASDAQ,0.39,-2.66878,,,,false
BDX,NYSE:BDX,"Becton, Dickinson and Company",NYSE,5.84,54.8614,16.2562,lynch_peg,3.37481,false
BEAG,NASDAQ:BEAG,Bold Eagle Acquisition Corp.,NASDAQ,0.31,35.6667,368.89,lynch_peg,0.0966864,true
BEKE,NYSE:BEKE,KE Holdings Inc.,NYSE,2.67,36.7106,22.701,lynch_peg,1.61714,false
BELFB,NASDAQ:BELFB,Bel Fuse Inc.,NASDAQ,4.64,72.5438,38.5145,lynch_peg,1.88354,false
BEN,NYSE:BEN,"Franklin Resources, Inc.",NYSE,0.91,22.4467,-10.5606,pe15,-2.12551,false
BFAM,NYSE:BFAM,Bright Horizons Family Solutions Inc.,NYSE,3.39,22.4326,49.7606,lynch_peg,0.450811,true
BFC,NASDAQ:BFC,Bank First Corporation,NASDAQ,7.23,20.6333,7.35594,pe15,2.80498,false
BFH,NYSE:BFH,"Bread Financial Holdings, Inc.",NYSE,11.13,8.65527,20.0156,lynch_peg,0.432427,true
BFS,NYSE:BFS,"Saul Centers, Inc.",NYSE,1.55,22.7548,4.39611,pe15,5.17612,false
BFST,NASDAQ:BFST,"Business First Bancshares, Inc.",NASDAQ,2.79,11.4574,11.077,pe15,1.03435,true
BG,NYSE:BG,Bunge Global S.A.,NYSE,4.96,22.0777,-9.16328,pe15,-2.40936,false
BGC,NASDAQ:BGC,"BGC Group, Inc",NASDAQ,0.33,26.456,18.7072,lynch_peg,1.41421,false
BGSI,NYSE:BGSI,Boyd Group Services Inc.,NYSE,0.83,137.783,-16.9439,pe15,-8.13176,false
BHB,AMEX:BHB,Bar Harbor Bankshares,AMEX,2.32,13.7071,1.25263,pe15,10.9427,true
BHC,NYSE:BHC,Bausch Health Companies Inc.,NYSE,0.43,-2.15254,,,,false
BHE,NYSE:BHE,"Benchmark Electronics, Inc.",NYSE,0.69,54.2804,12.6712,pe15,4.28375,false
BHF,NASDAQ:BHF,"Brighthouse Financial, Inc.",NASDAQ,5.79,4.65082,-3.36946,pe15,-1.38029,true
BHM,AMEX:BHM,"Bluerock Homes Trust, Inc.",AMEX,0.58,-5.53125,,,,false
BHP,NYSE:BHP,BHP Group Limited,NYSE,3.56,21.3251,2.80581,pe15,7.60035,false
BHRB,NASDAQ:BHRB,Burke & Herbert Financial Services Corp.,NASDAQ,7.75,11.6874,18.5481,lynch_peg,0.630112,true
BID,NASDAQ:BID,Tribeca Strategic Acquisition Corp.,NASDAQ,2.12,4.66038,2.21543,pe15,2.1036,true
BIDU,NASDAQ:BIDU,"Baidu, Inc.",NASDAQ,13.28,721.392,-27.3992,pe15,-26.329,false
BIIB,NASDAQ:BIIB,Biogen Inc.,NASDAQ,8.85,36.8365,-18.6629,pe15,-1.97378,false
BILI,NASDAQ:BILI,Bilibili Inc.,NASDAQ,2.8,34.2238,,,,false
BILL,NYSE:BILL,"Bill.com Holdings, Inc.",NYSE,0.23,-15206.1,,,,false
BIO,NYSE:BIO,"Bio-Rad Laboratories, Inc.",NYSE,27.87,43.0876,-26.2639,pe15,-1.64057,false
BIP,NYSE:BIP,Brookfield Infrastructure Partners L.P.,NYSE,0.98,55.7553,33.6287,lynch_peg,1.65797,false
BIPH,NYSE:BIPH,Brookfield Infrastructure Finance ULC 5 % Notes 2021-24.05.81 Global,NYSE,0.9,24.7375,27.226,lynch_peg,0.908599,true
BIRK,NYSE:BIRK,Birkenstock Holding plc,NYSE,1.87,18.0037,41.9943,lynch_peg,0.428718,true
BJ,NYSE:BJ,"BJ's Wholesale Club Holdings, Inc.",NYSE,4.41,21.3082,7.37323,pe15,2.88994,false
BJRI,NASDAQ:BJRI,"BJ's Restaurants, Inc.",NASDAQ,2.22,34.1687,-0.0748784,pe15,-456.322,false
BKE,NYSE:BKE,"The Buckle, Inc.",NYSE,4.17,9.97727,9.32638,pe15,1.06979,true
BKH,NYSE:BKH,Black Hills Corporation,NYSE,3.99,18.6482,1.79724,pe15,10.376,false
BKHA,NASDAQ:BKHA,Black Hawk Acquisition Corporation,NASDAQ,0.19,138.778,,,,false
BKNG,NASDAQ:BKNG,Booking Holdings Inc.,NASDAQ,6.66,23.5123,158.589,lynch_peg,0.148259,true
BKR,NASDAQ:BKR,Baker Hughes Company,NASDAQ,2.62,20.5127,50.0015,lynch_peg,0.410243,true
BKTI,AMEX:BKTI,BK Technologies Corporation,AMEX,3.69,20.5357,116.711,lynch_peg,0.175953,true
BKU,NYSE:BKU,"BankUnited, Inc.",NYSE,3.56,13.2853,11.5621,pe15,1.14904,true
BKV,NYSE:BKV,BKV Corporation,NYSE,1.96,9.44565,-26.2189,pe15,-0.360262,true
BL,NASDAQ:BL,"BlackLine, Inc.",NASDAQ,0.4,51.8783,-32.1936,pe15,-1.61144,false
BLBD,NASDAQ:BLBD,Blue Bird Corporation,NASDAQ,4.01,7.78639,64.7882,lynch_peg,0.120182,true
BLDR,NYSE:BLDR,"Builders FirstSource, Inc.",NYSE,3.91,80.0924,7.76678,pe15,10.3122,false
BLK,NYSE:BLK,"BlackRock, Inc.",NYSE,35.84,27.7479,2.20955,pe15,12.5582,false
BLKB,NASDAQ:BLKB,"Blackbaud, Inc.",NASDAQ,2.41,14.2477,72.0202,lynch_peg,0.197829,true
BLLN,NASDAQ:BLLN,"BillionToOne, Inc.",NASDAQ,0.0637,135.401,,,,false
BLMN,NASDAQ:BLMN,"Bloomin' Brands, Inc.",NASDAQ,0.0632,33.0313,-40.8121,pe15,-0.80935,false
BLUW,NASDAQ:BLUW,Blue Water Acquisition Corp III,NASDAQ,0.23,51.3386,,,,false
BLX,NYSE:BLX,"Bladex, Inc.",NYSE,6.11,9.05198,30.7327,lynch_peg,0.294539,true
BLZR,NASDAQ:BLZR,Trailblazer Acquisition Corp.,NASDAQ,0.0868,44.7449,,,,false
BMA,NYSE:BMA,Banco Macro S.A.,NYSE,5281.6,22.1418,34.4468,lynch_peg,0.642783,true
BMHL,NASDAQ:BMHL,Bluemount Holdings Limited,NASDAQ,0.4,110.645,126.552,lynch_peg,0.874306,true
BMI,NYSE:BMI,"Badger Meter, Inc.",NYSE,4.82,30.1958,23.1742,lynch_peg,1.30299,false
BMNP,NYSE:BMNP,"Bitmine Immersion Technologies, Inc.",NYSE,1.36,-0.771715,107.953,lynch_peg,-0.00714864,false
BMNR,NYSE:BMNR,"Bitmine Immersion Technologies, Inc.",NYSE,1.36,-0.771715,107.953,lynch_peg,-0.00714864,false
BMO,NYSE:BMO,Bank of Montreal,NYSE,11.46,19.6692,8.67573,pe15,2.26715,false
BMRC,NASDAQ:BMRC,Bank of Marin Bancorp,NASDAQ,2.74,7.08091,4.11193,pe15,1.72204,true
BMRN,NASDAQ:BMRN,BioMarin Pharmaceutical Inc.,NASDAQ,1.82,176.816,-17.4579,pe15,-10.1281,false
BMY,NYSE:BMY,Bristol-Myers Squibb Company,NYSE,3.46,14.033,9.38408,pe15,1.49541,true
BN,NYSE:BN,Brookfield Corporation,NYSE,0.52,83.2546,-12.7658,pe15,-6.5217,false
BNC,NASDAQ:BNC,CEA Industries Inc. Common Stock,NASDAQ,1.93,-1.89706,,,,false
BNED,NYSE:BNED,"Barnes & Noble Education, Inc.",NYSE,0.49,25.375,,,,false
BNH,NYSE:BNH,Brookfield Finance Inc.,NYSE,0.52,83.3018,-12.7658,pe15,-6.5254,false
BNJ,NYSE:BNJ,Brookfield Finance Inc. 4.50% P,NYSE,0.52,83.3018,-12.7658,pe15,-6.5254,false
BNL,NYSE:BNL,"Broadstone Net Lease, Inc.",NYSE,0.51,28.1118,2.99674,pe15,9.38079,false
BNS,NYSE:BNS,The Bank of Nova Scotia,NYSE,5.69,17.369,0.939811,pe15,18.4814,false
BNT,NYSE:BNT,Brookfield Wealth Solutions Ltd.,NYSE,2.5,20.7613,133.652,lynch_peg,0.155339,true
BNY,NYSE:BNY,Bank of New York Mellon Corp,NYSE,7.46,18.8766,14.2041,pe15,1.32896,false
BOBS,NYSE:BOBS,"Bob's Discount Furniture, Inc.",NYSE,1.1,24.7051,73.6699,lynch_peg,0.335349,true
BOH,NYSE:BOH,Bank of Hawaii Corporation,NYSE,4.66,14.8299,3.7851,pe15,3.91798,true
BOKF,NASDAQ:BOKF,BOK Financial Corporation,NASDAQ,9.18,13.7117,8.20078,pe15,1.672,true
BOOT,NYSE:BOOT,"Boot Barn Holdings, Inc.",NYSE,7.4,20.4642,29.2694,lynch_peg,0.69917,true
BORR,NYSE:BORR,Borr Drilling Limited,NYSE,0.17,-5.59294,37.0567,lynch_peg,-0.150929,false
BOSC,NASDAQ:BOSC,B.O.S. Better Online Solutions Ltd.,NASDAQ,0.59,9.42708,11.2351,pe15,0.839071,true
BOTJ,NASDAQ:BOTJ,"Bank of the James Financial Group, Inc.",NASDAQ,1.99,11.0711,13.8581,pe15,0.798893,true
BOW,NYSE:BOW,Bowhead Specialty Holdings Inc.,NYSE,1.64,17.7566,65.773,lynch_peg,0.269968,true
BOX,NYSE:BOX,"Box, Inc.",NYSE,0.6,48.8867,46.7121,lynch_peg,1.04655,false
BP,NYSE:BP,BP p.l.c.,NYSE,0.021,20.6611,-48.9755,pe15,-0.421867,false
BPOP,NASDAQ:BPOP,"Popular, Inc.",NASDAQ,12.31,12.0267,15.9247,lynch_peg,0.755218,true
BPRN,NASDAQ:BPRN,Princeton Bancorp Inc.,NASDAQ,2.73,11.3543,6.00015,pe15,1.89234,true
BR,NYSE:BR,"Broadridge Financial Solutions, Inc.",NYSE,9.67,17.6563,15.3754,lynch_peg,1.14835,false
BRBR,NYSE:BRBR,"BellRing Brands, Inc.",NYSE,1.7,7.55944,-7.71672,pe15,-0.979619,true
BRBS,AMEX:BRBS,"Blue Ridge Bankshares, Inc.",AMEX,0.11,34.7948,-44.3988,pe15,-0.783688,false
BRC,NYSE:BRC,Brady Corporation,NYSE,3.96,21.4297,13.2044,pe15,1.62293,false
BRO,NYSE:BRO,"Brown & Brown, Inc.",NYSE,3.4,19.6326,14.8698,pe15,1.3203,false
BROS,NYSE:BROS,Dutch Bros Inc.,NYSE,0.64,71.625,0.803363,pe15,89.1564,false
BRX,NYSE:BRX,Brixmor Property Group Inc.,NYSE,1.26,21.1831,25.1749,lynch_peg,0.841436,true
BSAA,NASDAQ:BSAA,BEST SPAC I Acquisition Corp.,NASDAQ,0.0122,48.2441,,,,false
BSAC,NYSE:BSAC,Banco Santander-Chile,NYSE,2236,13.5085,13.9472,pe15,0.968546,true
BSBK,NASDAQ:BSBK,Bogota Financial Corp.,NASDAQ,0.17,43.3333,0,pe15,,false
BSBR,NYSE:BSBR,Banco Santander (Brasil) S.A.,NYSE,1.63,30.8571,-1.96458,pe15,-15.7067,false
BSET,NASDAQ:BSET,"Bassett Furniture Industries, Incorporated",NASDAQ,0.7,31.0544,-1.35235,pe15,-22.9633,false
BSM,NYSE:BSM,"Black Stone Minerals, L.P.",NYSE,1.28,12.0219,21.1721,lynch_peg,0.567815,true
BSRR,NASDAQ:BSRR,Sierra Bancorp,NASDAQ,3.14,12.0087,6.14872,pe15,1.95305,true
BSVN,NASDAQ:BSVN,Bank7 Corp.,NASDAQ,4.56,11.8138,17.3389,lynch_peg,0.681343,true
BSX,NYSE:BSX,Boston Scientific Corporation,NYSE,1.96,21.0766,-8.67115,pe15,-2.43066,false
BSY,NASDAQ:BSY,"Bentley Systems, Incorporated",NASDAQ,0.88,39.3043,14.8698,pe15,2.64323,false
BTDR,NASDAQ:BTDR,Bitdeer Technologies Group,NASDAQ,0.32,-4.4604,-18.9077,pe15,0.235904,false
BTG,AMEX:BTG,B2Gold Corp.,AMEX,0.31,8.92084,-12.3722,pe15,-0.721041,true
BTI,NYSE:BTI,British American Tobacco p.l.c.,NYSE,3.51,14.3562,4.62364,pe15,3.10495,true
BTMD,NASDAQ:BTMD,biote Corp.,NASDAQ,0.86,8.84455,-25.9018,pe15,-0.341464,true
BTSG,NASDAQ:BTSG,"BrightSpring Health Services, Inc. Common Stock",NASDAQ,0.94,42.6154,50.9348,lynch_peg,0.836666,true
BTTC,NASDAQ:BTTC,Black Titan Corporation,NASDAQ,248.12,1.04484e+16,39279.6,lynch_peg,2.66e+11,false
BUD,NYSE:BUD,Anheuser-Busch InBev SA/NV,NYSE,3.46,13.3538,37.6561,lynch_peg,0.354625,true
BUDA,AMEX:BUDA,Buda Juice Inc.,AMEX,0.28,53.6965,,,,false
BULL,NASDAQ:BULL,Webull Corporation Class A Ordinary Shares,NASDAQ,0.06,-6.88717,,,,false
BUR,NYSE:BUR,Burford Capital Limited,NYSE,0.29,29.9,-14.9064,pe15,-2.00585,false
BURL,NYSE:BURL,"Burlington Stores, Inc.",NYSE,9.51,36.1067,5.11513,pe15,7.0588,false
BUSE,NASDAQ:BUSE,First Busey Corporation,NASDAQ,1.49,11.6604,-4.132,pe15,-2.82199,true
BUUU,NASDAQ:BUUU,BUUU Group Ltd,NASDAQ,0.0506,583.004,,,,false
BV,NYSE:BV,"BrightView Holdings, Inc.",NYSE,0.59,-47.6492,5.41375,pe15,-8.80152,false
BVFL,NASDAQ:BVFL,"BV Financial, Inc.",NASDAQ,1.44,14.1118,5.92238,pe15,2.3828,true
BVN,NYSE:BVN,Compañía de Minas Buenaventura S.A.A.,NYSE,3.1,7.81038,84.9504,lynch_peg,0.0919406,true
BVS,NASDAQ:BVS,Bioventus Inc.,NASDAQ,0.34,17.1459,-5.02589,pe15,-3.41151,false
BWA,NYSE:BWA,BorgWarner Inc.,NYSE,1.28,34.24,-11.4419,pe15,-2.99252,false
BWAY,NASDAQ:BWAY,BrainsWay Ltd.,NASDAQ,0.4,73.3306,,,,false
BWB,NASDAQ:BWB,"Bridgewater Bancshares, Inc.",NASDAQ,1.53,11.7197,10.0002,pe15,1.17195,true
BWEN,NASDAQ:BWEN,"Broadwind, Inc.",NASDAQ,0.23,23.2197,11.278,pe15,2.05886,false
BWFG,NASDAQ:BWFG,"Bankwell Financial Group, Inc.",NASDAQ,4.49,12.6004,43.0333,lynch_peg,0.292805,true
BWLP,NYSE:BWLP,BW LPG Limited,NYSE,1.65,9.44979,-3.18638,pe15,-2.96568,true
BWMN,NASDAQ:BWMN,Bowman Consulting Group Ltd.,NASDAQ,0.74,100.571,51.3108,lynch_peg,1.96004,false
BWMX,NYSE:BWMX,"Betterware de Mexico, S.A.P.I. de C.V.",NYSE,28.48,8.41597,26.5923,lynch_peg,0.316482,true
BWXT,NYSE:BWXT,"BWX Technologies, Inc.",NYSE,3.6,44.2861,4.2759,pe15,10.3571,false
BX,NYSE:BX,Blackstone Inc.,NYSE,3.88,32.3889,20.9339,lynch_peg,1.5472,false
BXC,NYSE:BXC,BlueLinx Holdings Inc.,NYSE,0.0278,-385.478,-75.3907,pe15,5.11307,false
BXMT,NYSE:BXMT,"Blackstone Mortgage Trust, Inc.",NYSE,0.64,182.575,-7.98012,pe15,-22.8787,false
BXP,NYSE:BXP,"BXP, Inc.",NYSE,1.75,36.9412,-20.5844,pe15,-1.79462,false
BY,NYSE:BY,"Byline Bancorp, Inc.",NYSE,2.9,11.7673,24.7456,lynch_peg,0.475529,true
BYD,NYSE:BYD,Boyd Gaming Corporation,NYSE,22.56,3.68772,59.1185,lynch_peg,0.0623784,true
BYND,NASDAQ:BYND,"Beyond Meat, Inc.",NASDAQ,34.5,-0.0214459,,,,false
BYRN,NASDAQ:BYRN,Byrna Technologies Inc.,NASDAQ,0.43,-28.1848,,,,false
BZ,NASDAQ:BZ,Kanzhun Limited,NASDAQ,5.88,13.7713,190.439,lynch_peg,0.0723134,true
BZH,NYSE:BZH,"Beazer Homes USA, Inc.",NYSE,1.53,-113.496,-2.76206,pe15,41.0912,false
C,NYSE:C,Citigroup Inc.,NYSE,7.23,14.807,8.76494,pe15,1.68934,true
CAAP,NYSE:CAAP,Corporacion America Airports S.A.,NYSE,1.53,14.0966,73.0865,lynch_peg,0.192876,true
CAAS,NASDAQ:CAAS,"China Automotive Systems, Inc.",NASDAQ,1.42,3.25535,36.4513,lynch_peg,0.0893069,true
CAC,NASDAQ:CAC,Camden National Corp.,NASDAQ,3.85,11.2786,-0.561833,pe15,-20.0747,true
CACC,NASDAQ:CACC,Credit Acceptance Corporation,NASDAQ,38.26,12.6279,10.1735,pe15,1.24125,true
CACI,NYSE:CACI,CACI International Inc,NYSE,24.28,27.5255,5.56539,pe15,4.94584,false
CAE,NASDAQ:CAE,CAE Inc.,NASDAQ,0.98,41.0977,-2.91025,pe15,-14.1217,false
CAH,NYSE:CAH,"Cardinal Health, Inc.",NYSE,7.27,31.8391,28.3151,lynch_peg,1.12446,false
CAKE,NASDAQ:CAKE,The Cheesecake Factory Incorporated,NASDAQ,3.17,29.2193,1.49474,pe15,19.5481,false
CALM,NASDAQ:CALM,"Cal-Maine Foods, Inc.",NASDAQ,6.65,12.4339,174.718,lynch_peg,0.0711656,true
CALX,NYSE:CALX,"Calix, Inc.",NYSE,0.27,50.019,-13.8812,pe15,-3.60335,false
CALY,NYSE:CALY,Callaway Golf Company,NYSE,0.21,34.1531,-20.6299,pe15,-1.65551,false
CAMT,NASDAQ:CAMT,Camtek Ltd.,NASDAQ,1.11,209.375,15.0779,lynch_peg,13.8862,false
CAPL,NYSE:CAPL,CrossAmerica Partners LP,NYSE,1.1,16.6408,-17.4528,pe15,-0.953475,false
CAPN,NASDAQ:CAPN,Cayson Acquisition Corp Ordinary shares,NASDAQ,0.21,64.5701,,,,false
CARE,NASDAQ:CARE,"Carter Bankshares, Inc.",NASDAQ,1.4,5.59864,5.59283,pe15,1.00104,true
CARG,NASDAQ:CARG,"CarGurus, Inc.",NASDAQ,1.59,20.2406,18.1706,lynch_peg,1.11392,false
CARR,NYSE:CARR,Carrier Global Corporation,NYSE,1.74,43.4028,-5.34518,pe15,-8.12,false
CARS,NYSE:CARS,Cars.com Inc.,NYSE,0.32,21.1121,-7.44536,pe15,-2.8356,false
CART,NASDAQ:CART,Maplebear Inc.,NASDAQ,1.71,25.5469,82.7873,lynch_peg,0.308585,true
CASH,NASDAQ:CASH,"Pathward Financial, Inc.",NASDAQ,7.91,10.7594,21.8894,lynch_peg,0.491533,true
CASS,NASDAQ:CASS,"Cass Information Systems, Inc.",NASDAQ,2.66,20.581,8.73484,pe15,2.3562,false
CASY,NASDAQ:CASY,"Casey's General Stores, Inc.",NASDAQ,19.28,44.2554,17.9649,lynch_peg,2.46344,false
CAT,NYSE:CAT,Caterpillar Inc.,NYSE,18.9,37.1375,27.9564,lynch_peg,1.32841,false
CATY,NASDAQ:CATY,Cathay General Bancorp,NASDAQ,4.57,12.6078,9.67427,pe15,1.30323,true
CAVA,NYSE:CAVA,"CAVA Group, Inc.",NYSE,0.55,130.608,58.1139,lynch_peg,2.24745,false
CB,NYSE:CB,Chubb Limited,NYSE,25.91,12.0724,27.0727,lynch_peg,0.445925,true
CBAN,NYSE:CBAN,"Colony Bankcorp, Inc.",NYSE,1.59,13.4788,5.09815,pe15,2.64386,true
CBC,NASDAQ:CBC,Central Bancompany,NASDAQ,0.035,18.3407,,,,false
CBFV,NASDAQ:CBFV,"CB Financial Services, Inc.",NASDAQ,0.97,26.035,-15.3693,pe15,-1.69396,false
CBK,NASDAQ:CBK,"Commercial Bancgroup, Inc. Common Stock",NASDAQ,2.93,12.0493,7.82849,pe15,1.53916,true
CBL,NYSE:CBL,"CBL & Associates Properties, Inc.",NYSE,4.41,8.10227,409.325,lynch_peg,0.0197942,true
CBNA,NYSE:CBNA,"Chain Bridge Bancorp, Inc.",NYSE,3.08,11.8448,16.5309,lynch_peg,0.716528,true
CBNK,NASDAQ:CBNK,"Capital Bancorp, Inc.",NASDAQ,3.45,11.0816,13.0305,pe15,0.850441,true
CBRE,NYSE:CBRE,"CBRE Group, Inc.",NYSE,3.88,34.4374,11.6135,pe15,2.96529,false
CBRL,NASDAQ:CBRL,Cracker Barrel Old Country Store,NASDAQ,2.08,48.4952,-22.0754,pe15,-2.1968,false
CBRS,NASDAQ:CBRS,Cerebras Systems Inc.,NASDAQ,0.41,-69.2375,,,,false
CBSH,NASDAQ:CBSH,"Commerce Bancshares, Inc.",NASDAQ,4.08,14.6375,11.2891,pe15,1.29661,true
CBT,NYSE:CBT,Cabot Corp.,NYSE,6.07,23.9612,14.6691,pe15,1.63345,false
CBU,NYSE:CBU,"Community Bank System, Inc.",NYSE,3.98,15.2831,5.12458,pe15,2.98231,false
CBZ,NYSE:CBZ,"CBIZ, Inc.",NYSE,1.83,24.8813,4.9102,pe15,5.06726,false
CCAP,NASDAQ:CCAP,"Crescent Capital BDC, Inc.",NASDAQ,0.93,-127.412,-14.0267,pe15,9.08353,false
CCAQ,NASDAQ:CCAQ,Collective Acquisition Corp.,NASDAQ,0.17,56.4655,,,,false
CCAQU,NASDAQ:CCAQU,Collective Acquisition Corp.,NASDAQ,0.17,45.6087,,,,false
CCB,NASDAQ:CCB,Coastal Financial Corporation,NASDAQ,3.12,-203.26,19.6934,lynch_peg,-10.3212,false
CCBG,NASDAQ:CCBG,"Capital City Bank Group, Inc.",NASDAQ,3.6,14.5028,13.8751,pe15,1.04523,true
CCC,NASDAQ:CCC,CCC Intelligent Solutions Holdings Inc.,NASDAQ,0.0007,106.212,-77.3197,pe15,-1.37367,false
CCEC,NASDAQ:CCEC,Capital Clean Energy Carriers Corp.,NASDAQ,0.91,26.0227,-11.1127,pe15,-2.3417,false
CCEP,NASDAQ:CCEP,Coca-Cola Europacific Partners PLC,NASDAQ,4.09,20.8864,30.2745,lynch_peg,0.689902,true
CCI,NYSE:CCI,Crown Castle Inc.,NYSE,1.02,30.7692,-15.4453,pe15,-1.99214,false
CCII,NASDAQ:CCII,Cohen Circle Acquisition Corp. II,NASDAQ,0.13,43.4526,,,,false
CCJ,NYSE:CCJ,Cameco Corporation,NYSE,1.35,168.579,38.6532,lynch_peg,4.36131,false
CCK,NYSE:CCK,"Crown Holdings, Inc.",NYSE,6.41,16.8983,15.0499,lynch_peg,1.12282,false
CCL,NYSE:CCL,Carnival Corporation & plc,NYSE,2.1,12.3485,-11.3957,pe15,-1.08361,true
CCLD,NASDAQ:CCLD,"CareCloud, Inc.",NASDAQ,0.0917,35.0287,,,,false
CCNE,NASDAQ:CCNE,CNB Financial Corporation,NASDAQ,2.51,11.1741,4.96427,pe15,2.25091,true
CCS,NYSE:CCS,"Century Communities, Inc.",NYSE,4.92,15.6452,-4.48867,pe15,-3.48549,false
CCSI,NASDAQ:CCSI,"Consensus Cloud Solutions, Inc.",NASDAQ,4.39,7.68515,-8.29877,pe15,-0.926059,true
CCU,NYSE:CCU,Compañía Cervecerías Unidas S.A.,NYSE,605.78,19.2184,3.08343,pe15,6.2328,false
CCXI,NASDAQ:CCXI,Churchill Capital Corp XI,NASDAQ,0.0069,1729.03,,,,false
CCZ,NYSE:CCZ,Comcast Holdings Corp.,NYSE,5.41,8.55195,18.6571,lynch_peg,0.458374,true
CDE,NYSE:CDE,"Coeur Mining, Inc.",NYSE,0.92,15.2817,52.9252,lynch_peg,0.288742,true
CDLR,NYSE:CDLR,Cadeler A/S,NYSE,3.08,6.41223,68.4591,lynch_peg,0.0936651,true
CDNL,NASDAQ:CDNL,Cardinal Infrastructure Group Inc.,NASDAQ,1.53,29.4065,,,,false
CDNS,NASDAQ:CDNS,"Cadence Design Systems, Inc.",NASDAQ,4.09,63.3241,13.6198,pe15,4.64943,false
CDP,NYSE:CDP,COPT Defense Properties,NYSE,1.35,25.7793,9.18498,pe15,2.80668,false
CDRE,NYSE:CDRE,"Cadre Holdings, Inc.",NYSE,1.08,39.1034,-1.24816,pe15,-31.3288,false
CDRO,NASDAQ:CDRO,"Codere Online Luxembourg, S.A.",NASDAQ,0.03,119.404,,,,false
CDW,NASDAQ:CDW,CDW Corporation,NASDAQ,8.13,16.8407,8.01227,pe15,2.10187,false
CECO,NASDAQ:CECO,CECO Environmental Corp.,NASDAQ,1.42,-135.064,43.917,lynch_peg,-3.07543,false
CEG,NASDAQ:CEG,Constellation Energy Corporation,NASDAQ,7.4,27.637,32.6302,lynch_peg,0.846977,true
CELH,NASDAQ:CELH,"Celsius Holdings, Inc.",NASDAQ,0.25,138.619,44.27,lynch_peg,3.13122,false
CENT,NASDAQ:CENT,Central Garden & Pet Company,NASDAQ,2.58,16.4722,2.95868,pe15,5.56742,false
CENX,NASDAQ:CENX,Century Aluminum Company,NASDAQ,0.42,7.77474,,,,false
CEPF,NASDAQ:CEPF,"Cantor Equity Partners IV, Inc. Class A Ordinary Shares",NASDAQ,0.11,250,,,,false
CEPU,NYSE:CEPU,Central Puerto S.A.,NYSE,2684.4,7.2339,107.909,lynch_peg,0.0670368,true
CEPV,NASDAQ:CEPV,"Cantor Equity Partners V, Inc. Class A Ordinary Shares",NASDAQ,0.0387,97.3832,,,,false
CF,NYSE:CF,"CF Industries Holdings, Inc.",NYSE,8.98,8.74038,43.5129,lynch_peg,0.200869,true
CFBK,NASDAQ:CFBK,CF Bankshares Inc.,NASDAQ,2.7,12.4521,-9.83186,pe15,-1.2665,true
CFFI,NASDAQ:CFFI,C&F Financial Corporation,NASDAQ,8.29,9.93311,6.46733,pe15,1.53589,true
CFFN,NASDAQ:CFFN,"Capitol Federal Financial, Inc.",NASDAQ,0.52,13.6385,2.0425,pe15,6.67733,true
CFG,NYSE:CFG,"Citizens Financial Group, Inc.",NYSE,3.9,16.0582,11.9289,pe15,1.34616,false
CFR,NYSE:CFR,"Cullen/Frost Bankers, Inc.",NYSE,10.02,15.9816,14.4167,pe15,1.10855,false
CG,NASDAQ:CG,The Carlyle Group Inc.,NASDAQ,2.25,50.3407,17.8445,lynch_peg,2.82107,false
CGABL,NASDAQ:CGABL,The Carlyle Group Inc. 4.625% Subordinated Notes due 2061,NASDAQ,2.25,50.3358,16.0272,lynch_peg,3.14065,false
CGAU,NYSE:CGAU,Centerra Gold Inc.,NYSE,2.9,6.8533,14.712,pe15,0.465829,true
CGBD,NASDAQ:CGBD,"Carlyle Secured Lending, Inc.",NASDAQ,1.02,22.4642,66.0907,lynch_peg,0.339899,true
CGEN,NASDAQ:CGEN,Compugen Ltd.,NASDAQ,0.38,6.35322,,,,false
CGNX,NASDAQ:CGNX,Cognex Corporation,NASDAQ,0.68,61.2762,-7.78921,pe15,-7.86681,false
CHAR,NASDAQ:CHAR,Charlton Aria Acquisition Corporation,NASDAQ,0.27,43.6775,,,,false
CHCI,NASDAQ:CHCI,"Comstock Holding Companies, Inc.",NASDAQ,1.69,6.72996,45.4061,lynch_peg,0.148217,true
CHCO,NASDAQ:CHCO,City Holding Company,NASDAQ,8.94,16.1652,10.0041,pe15,1.61586,false
CHCT,NYSE:CHCT,Community Healthcare Trust Incorporated,NYSE,0.0774,22.772,-37.3198,pe15,-0.610184,false
CHD,NYSE:CHD,"Church & Dwight Co., Inc.",NYSE,3.04,32.234,-0.896432,pe15,-35.9581,false
CHDN,NASDAQ:CHDN,Churchill Downs Incorporated,NASDAQ,5.36,15.1308,20.9748,lynch_peg,0.72138,true
CHE,NYSE:CHE,Chemed Corporation,NYSE,18.42,26.7555,-1.6521,pe15,-16.1949,false
CHEC,NASDAQ:CHEC,Chenghe Acquisition III Co. Class A Ordinary Share,NASDAQ,0.14,93,,,,false
CHEF,NASDAQ:CHEF,"The Chefs' Warehouse, Inc.",NASDAQ,1.87,47.0504,14.7285,pe15,3.19452,false
CHH,NYSE:CHH,"Choice Hotels International, Inc.",NYSE,7.97,14.6704,42.4242,lynch_peg,0.345803,true
CHKP,NASDAQ:CHKP,Check Point Software Technologies Ltd.,NASDAQ,9.85,13.3586,10.3123,pe15,1.29541,true
CHMG,NASDAQ:CHMG,Chemung Financial Corporation,NASDAQ,3.13,12.1349,-4.8344,pe15,-2.51012,true
CHMI,NYSE:CHMI,Cherry Hill Mortgage Investment Corporation,NYSE,0.19,16.1675,-30.9939,pe15,-0.521635,false
CHPG,NASDAQ:CHPG,ChampionsGate Acquisition Corporation Class A Ordinary Share,NASDAQ,0.18,32.6562,,,,false
CHR,NASDAQ:CHR,"Cheer Holding, Inc.",NASDAQ,24.07,0.0582027,-44.4489,pe15,-0.00130943,true
CHRD,NASDAQ:CHRD,Chord Energy Corporation,NASDAQ,0.74,9.12433,-53.7337,pe15,-0.169807,true
CHRW,NASDAQ:CHRW,"C.H. Robinson Worldwide, Inc.",NASDAQ,4.88,28.1064,5.46531,pe15,5.14269,false
CHSN,NASDAQ:CHSN,Chanson International Holding,NASDAQ,0.48,3.36667,-34.2295,pe15,-0.0983557,true
CHT,NYSE:CHT,"Chunghwa Telecom Co., Ltd.",NYSE,49.9,26.4706,2.97331,pe15,8.90275,false
CHTR,NASDAQ:CHTR,"Charter Communications, Inc.",NASDAQ,36.9,4.01923,18.413,lynch_peg,0.218282,true
CHWY,NYSE:CHWY,"Chewy, Inc.",NYSE,0.53,47.3085,64.0709,lynch_peg,0.738378,true
CI,NYSE:CI,Cigna Corporation,NYSE,22.3,11.5016,-0.762511,pe15,-15.0839,true
CIA,NYSE:CIA,"Citizens, Inc.",NYSE,0.29,17.121,-33.2408,pe15,-0.515059,false
CIB,NYSE:CIB,Grupo Cibest S.A.,NYSE,28452.9,9.42547,44.026,lynch_peg,0.214089,true
CIEN,NYSE:CIEN,Ciena Corporation,NYSE,0.87,142.534,-17.9534,pe15,-7.93912,false
CIG,NYSE:CIG,Companhia Energética de Minas Gerais,NYSE,1.7,8.84706,11.1962,pe15,0.790187,true
CIGI,NASDAQ:CIGI,Colliers International Group Inc.,NASDAQ,2.07,48.287,-2.58818,pe15,-18.6568,false
CIM,NYSE:CIM,Chimera Investment Corporation,NYSE,2.8,-15.958,67.8757,lynch_peg,-0.235107,false
CIMN,NYSE:CIMN,Chimera Investment Corporation,NYSE,2.8,-15.958,67.8757,lynch_peg,-0.235107,false
CIMP,NYSE:CIMP,Chimera Investment Corporation,NYSE,2.8,-15.958,67.8757,lynch_peg,-0.235107,false
CINF,NASDAQ:CINF,Cincinnati Financial Corporation,NASDAQ,15.17,8.13252,15.0066,lynch_peg,0.541929,true
CINT,NYSE:CINT,CI&T Inc,NYSE,0.31,13.021,-20.3991,pe15,-0.638312,true
CISS,NASDAQ:CISS,C3is Inc.,NASDAQ,325.48,0.00021991,-80.9297,pe15,-2.71729e-06,true
CIVB,NASDAQ:CIVB,"Civista Bancshares, Inc.",NASDAQ,2.64,10.6259,5.70969,pe15,1.86103,true
CIX,AMEX:CIX,CompX International Inc.,AMEX,1.58,17.7472,13.7407,pe15,1.29158,false
CKX,AMEX:CKX,"CKX Lands, Inc.",AMEX,1.47,7.47183,53.9479,lynch_peg,0.138501,true
CL,NYSE:CL,Colgate-Palmolive Company,NYSE,2.64,36.1812,-3.47081,pe15,-10.4244,false
CLB,NYSE:CLB,Core Laboratories N.V.,NYSE,0.68,22.7143,-17.1986,pe15,-1.32071,false
CLBK,NASDAQ:CLBK,"Columbia Financial, Inc.",NASDAQ,0.231818,45.0351,-0.387609,pe15,-116.187,false
CLBT,NASDAQ:CLBT,Cellebrite DI Ltd.,NASDAQ,0.32,37.4358,-10.5573,pe15,-3.54597,false
CLDT,NYSE:CLDT,Chatham Lodging Trust,NYSE,0.14,110.042,-15.6968,pe15,-7.01047,false
CLH,NYSE:CLH,"Clean Harbors, Inc.",NYSE,7.31,38.7576,24.6414,lynch_peg,1.57287,false
CLIK,NASDAQ:CLIK,Click Holdings Limited,NASDAQ,44.41,0.0323125,995.568,lynch_peg,3.24564e-05,true
CLMB,NASDAQ:CLMB,"Climb Global Solutions, Inc.",NASDAQ,1.16,25.5489,35.6561,lynch_peg,0.716536,true
CLS,NYSE:CLS,Celestica Inc.,NYSE,7.35,35.9516,73.3157,lynch_peg,0.490368,true
CLSK,NASDAQ:CLSK,"CleanSpark, Inc.",NASDAQ,1.25,-3.06041,,,,false
CLST,NASDAQ:CLST,"Catalyst Bancorp, Inc.",NASDAQ,0.56,30.7018,14.3865,pe15,2.13407,false
CLWT,NASDAQ:CLWT,Euro Tech Holdings Company Limited,NASDAQ,0.0207,83.4951,-26.9484,pe15,-3.09833,false
CLX,NYSE:CLX,The Clorox Company,NYSE,4.82,21.7541,-3.12768,pe15,-6.95537,false
CM,NYSE:CM,Canadian Imperial Bank of Commerce,NYSE,8.62,16.8533,15.9103,lynch_peg,1.05927,false
CMBT,NYSE:CMBT,Cmb.Tech N.V.,NYSE,0.73,10.0734,-21.3133,pe15,-0.472633,true
CMC,NYSE:CMC,Commercial Metals Company,NYSE,0.75,13.557,-20.421,pe15,-0.663877,true
CMCL,AMEX:CMCL,Caledonia Mining Corporation Plc,AMEX,2.83,6.91892,10.3438,pe15,0.668893,true
CMCSA,NASDAQ:CMCSA,Comcast Corporation,NASDAQ,5.41,8.55844,18.6571,lynch_peg,0.458722,true
CME,NASDAQ:CME,CME Group Inc.,NASDAQ,11.18,22.5063,13.7137,pe15,1.64115,false
CMG,NYSE:CMG,"Chipotle Mexican Grill, Inc.",NYSE,1.15,30.6743,35.6912,lynch_peg,0.859437,true
CMI,NYSE:CMI,Cummins Inc.,NYSE,20.62,32.5117,11.3054,pe15,2.87576,false
CMPR,NASDAQ:CMPR,Cimpress plc,NASDAQ,3.93,24.6301,4.20191,pe15,5.86164,false
CMRE,NYSE:CMRE,Costamare Inc.,NYSE,2.86,5.52471,30.0925,lynch_peg,0.183591,true
CMS,NYSE:CMS,CMS Energy Corporation,NYSE,3.53,20.926,5.90239,pe15,3.54535,false
CMSA,NYSE:CMSA,CMS Energy Corporation 5.6% JRSUB NT 78,NYSE,3.53,20.926,5.90239,pe15,3.54535,false
CMSC,NYSE:CMSC,CMS Energy Corporation 5.875% J,NYSE,3.53,20.926,5.90239,pe15,3.54535,false
CMSD,NYSE:CMSD,CMS Energy Corporation 5.875% Junior Subordinated Notes due 2079,NYSE,3.53,20.926,5.90239,pe15,3.54535,false
CMT,AMEX:CMT,"Core Molding Technologies, Inc.",AMEX,1.31,29.9756,5.97637,pe15,5.01569,false
CMTV,NASDAQ:CMTV,Community Bancorp,NASDAQ,3.01,12.31,8.19672,pe15,1.50182,true
CNA,NYSE:CNA,CNA Financial Corporation,NYSE,4.71,11.1776,13.1455,pe15,0.850298,true
CNH,NYSE:CNH,CNH Industrial N.V.,NYSE,0.41,42.0788,-14.5066,pe15,-2.90066,false
CNI,NYSE:CNI,Canadian National Railway Company,NYSE,7.57,22.8139,8.60545,pe15,2.65109,false
CNK,NYSE:CNK,"Cinemark Holdings, Inc.",NYSE,1.18,19.9194,-5.33858,pe15,-3.73121,false
CNM,NYSE:CNM,"Core & Main, Inc.",NYSE,2.32,19.2605,72.9336,lynch_peg,0.264083,true
CNMD,NYSE:CNMD,CONMED Corporation,NYSE,1.52,26.8409,35.7269,lynch_peg,0.751279,true
CNO,NYSE:CNO,"CNO Financial Group, Inc.",NYSE,2.35,18.5219,2.08135,pe15,8.89898,false
CNOB,NASDAQ:CNOB,"ConnectOne Bancorp, Inc.",NASDAQ,1.48,9.81953,-3.83925,pe15,-2.55767,true
CNP,NYSE:CNP,"CenterPoint Energy, Inc.",NYSE,1.61,23.8588,3.10669,pe15,7.67982,false
CNQ,NYSE:CNQ,Canadian Natural Resources Limited,NYSE,5.17,11.864,14.7037,pe15,0.806869,true
CNS,NYSE:CNS,"Cohen & Steers, Inc.",NYSE,2.99,25.9847,13.321,pe15,1.95066,false
CNX,NYSE:CNX,CNX Resources Corporation,NYSE,4.48,5.21491,2.57352,pe15,2.02638,true
CNXN,NASDAQ:CNXN,"PC Connection, Inc.",NASDAQ,3.28,21.4485,9.01816,pe15,2.37837,false
COCO,NASDAQ:COCO,"The Vita Coco Company, Inc.",NASDAQ,1.25,34.008,16.2015,lynch_peg,2.09907,false
CODA,NASDAQ:CODA,"Coda Octopus Group, Inc.",NASDAQ,0.37,23.8875,3.60197,pe15,6.63179,false
COF,NYSE:COF,Capital One Financial Corporation,NYSE,4.03,14.008,-4.93349,pe15,-2.83938,true
COFS,NASDAQ:COFS,"ChoiceOne Financial Services, Inc.",NASDAQ,2.02,9.54808,-0.583697,pe15,-16.3579,true
COHN,AMEX:COHN,Cohen & Company Inc.,AMEX,8.33,1.24149,-7.88485,pe15,-0.157452,true
COHR,NYSE:COHR,"Coherent, Inc.",NYSE,1.23,78.6989,-13.2253,pe15,-5.95062,false
COIN,NASDAQ:COIN,"Coinbase Global, Inc.",NASDAQ,4.85,-40.4756,52.9195,lynch_peg,-0.764853,false
COKE,NASDAQ:COKE,"Coca-Cola Consolidated, Inc.",NASDAQ,7.75,23.6185,33.3205,lynch_peg,0.708829,true
COLA,NASDAQ:COLA,Columbus Acquisition Corp,NASDAQ,0.17,88.3567,1.50152,pe15,58.845,false
COLB,NASDAQ:COLB,"Columbia Banking System, Inc.",NASDAQ,2.31,12.9722,6.20159,pe15,2.09176,true
COLL,NASDAQ:COLL,"Collegium Pharmaceutical, Inc.",NASDAQ,1.98,17.9739,20.4798,lynch_peg,0.87764,true
COLM,NASDAQ:COLM,Columbia Sportswear Company,NASDAQ,3.24,14.6969,14.7285,pe15,0.997851,true
CON,NYSE:CON,"Concentra Group Holdings Parent, Inc.",NYSE,1.39,22.7097,-4.1962,pe15,-5.41196,false
COO,NASDAQ:COO,"The Cooper Companies, Inc.",NASDAQ,1.88,64.7881,-17.3002,pe15,-3.74493,false
COP,NYSE:COP,ConocoPhillips,NYSE,6.36,16.8135,-0.18227,pe15,-92.2451,false
COPL,NYSE:COPL,Copley Acquisition Corp,NYSE,0.23,89.219,,,,false
COR,NYSE:COR,"Cencora, Inc.",NYSE,8.02,22.7249,11.9687,pe15,1.89869,false
CORT,NASDAQ:CORT,Corcept Therapeutics Incorporated,NASDAQ,0.95,218.26,0.64383,pe15,339.002,false
COSO,NYSE:COSO,"CoastalSouth Bancshares, Inc.",NYSE,2.24,12.0649,22.866,lynch_peg,0.527637,true
COST,NASDAQ:COST,Costco Wholesale Corporation,NASDAQ,18.24,48.1866,15.047,lynch_peg,3.20241,false
CP,NYSE:CP,Canadian Pacific Kansas City Ltd.,NYSE,4.52,27.7665,4.59869,pe15,6.0379,false
CPA,NYSE:CPA,"Copa Holdings, S.A.",NYSE,16.28,9.00296,18.6334,lynch_peg,0.483163,true
CPAC,NYSE:CPAC,Cementos Pacasmayo S.A.A.,NYSE,1.7,16.1178,19.4181,lynch_peg,0.830042,true
CPAY,NYSE:CPAY,"Corpay, Inc.",NYSE,15.25,25.212,12.7211,pe15,1.98191,false
CPB,NASDAQ:CPB,Campbell Soup Company,NASDAQ,2.02,11.2634,-17.8226,pe15,-0.631975,true
CPBI,NASDAQ:CPBI,"Central Plains Bancshares, Inc. Common Stock",NASDAQ,1.06,17.906,5.36633,pe15,3.33673,false
CPF,NYSE:CPF,Central Pacific Financial Corp.,NYSE,2.89,12.4682,16.791,lynch_peg,0.742551,true
CPK,NYSE:CPK,Chesapeake Utilities Corporation,NYSE,6,21.4317,7.03965,pe15,3.04443,false
CPNG,NYSE:CPNG,"Coupang, Inc.",NYSE,0.11,-37.3561,-61.9557,pe15,0.602948,false
CPRI,NYSE:CPRI,Capri Holdings Limited,NYSE,0.77,12.3577,-32.4876,pe15,-0.380383,true
CPRT,NASDAQ:CPRT,"Copart, Inc.",NASDAQ,1.61,18.858,16.5072,lynch_peg,1.14241,false
CPSH,NASDAQ:CPSH,CPS Technologies Corporation,NASDAQ,0.03,945.652,-15.2214,pe15,-62.1264,false
CPSS,NASDAQ:CPSS,"Consumer Portfolio Services, Inc.",NASDAQ,0.88,9.70707,-1.72517,pe15,-5.62672,true
CPT,NYSE:CPT,Camden Property Trust,NYSE,3.54,36.5132,23.3435,lynch_peg,1.56417,false
CQP,NYSE:CQP,"Cheniere Energy Partners, L.P.",NYSE,6.17,11.6221,21.6072,lynch_peg,0.537879,true
CR,NYSE:CR,Crane Company,NYSE,6.38,37.9413,15.5292,lynch_peg,2.44322,false
CRAC,NASDAQ:CRAC,Crown Reserve Acquisition Corp. I,NASDAQ,0.0616,218.415,,,,false
CRAI,NASDAQ:CRAI,"CRA International, Inc.",NASDAQ,8.23,22.225,8.04324,pe15,2.76319,false
CRAN,NASDAQ:CRAN,Crane Harbor Acquisition Corp. II Class A Ordinary Shares,NASDAQ,0.0071,79.0047,,,,false
CRAQ,NASDAQ:CRAQ,Cal Redwood Acquisition Corp.,NASDAQ,0.23,60.4556,,,,false
CRC,NYSE:CRC,California Resources Corp,NYSE,4.17,-40.4023,-28.6746,pe15,1.40899,false
CRCT,NASDAQ:CRCT,"Cricut, Inc.",NASDAQ,0.36,13.8856,-12.4531,pe15,-1.11503,true
CRDO,NASDAQ:CRDO,Credo Technology Group Holding Ltd,NASDAQ,2.65,100.011,129.157,lynch_peg,0.774342,true
CRESY,NASDAQ:CRESY,"Cresud Sociedad Anónima, Comercial, Inmobiliaria, Financiera y Agropecuaria",NASDAQ,1.5,5.33588,-55.0893,pe15,-0.0968587,true
CRGY,NYSE:CRGY,Crescent Energy Company,NYSE,0.54,83.2878,-29.8662,pe15,-2.78869,false
CRH,NYSE:CRH,CRH plc,NYSE,5.54,15.2434,31.1097,lynch_peg,0.489988,true
CRI,NYSE:CRI,Carter's Inc.,NYSE,2.59,7.05282,-19.8492,pe15,-0.355319,true
CRK,NYSE:CRK,"Comstock Resources, Inc.",NYSE,1.36,7.85751,17.3787,lynch_peg,0.452135,true
CRM,NYSE:CRM,"Salesforce, Inc.",NYSE,7.85,22.6321,11.8712,pe15,1.90647,false
CRMD,NASDAQ:CRMD,CorMedix Inc.,NASDAQ,2.25,3.24792,,,,false
CRS,NYSE:CRS,Carpenter Technology Corporation,NYSE,10.59,50.932,178.084,lynch_peg,0.285999,true
CRT,NYSE:CRT,Cross Timbers Royalty Trust,NYSE,0.75,26.8775,-0.781346,pe15,-34.3989,false
CRTO,NASDAQ:CRTO,Criteo S.A.,NASDAQ,2.73,9.0198,18.0655,lynch_peg,0.499282,true
CRUS,NASDAQ:CRUS,"Cirrus Logic, Inc.",NASDAQ,8.1,14.387,16.7139,lynch_peg,0.860778,true
CRVL,NASDAQ:CRVL,CorVel Corporation,NASDAQ,2.15,28.68,20.1124,lynch_peg,1.42598,false
CRWS,NASDAQ:CRWS,"Crown Crafts, Inc.",NASDAQ,0.17,5.94166,-22.2931,pe15,-0.266524,true
CSCO,NASDAQ:CSCO,"Cisco Systems, Inc.",NASDAQ,3.36,33.2054,6.00665,pe15,5.5281,false
CSGP,NASDAQ:CSGP,"CoStar Group, Inc.",NASDAQ,0.0168,174.034,-51.0862,pe15,-3.40667,false
CSHR,NASDAQ:CSHR,CoinShares PLC Ordinary Shares,NASDAQ,0.19,5.47455,-72.5937,pe15,-0.0754136,true
CSL,NYSE:CSL,Carlisle Companies Incorporated,NYSE,17.27,21.3025,24.173,lynch_peg,0.881251,true
CSR,NYSE:CSR,Centerspace,NYSE,1.02,43.4034,-20.8228,pe15,-2.08441,false
CSTM,NYSE:CSTM,Constellium SE,NYSE,1.95,7.41353,28.6553,lynch_peg,0.258714,true
CSV,NYSE:CSV,"Carriage Services, Inc.",NYSE,3.29,12.4105,29.5957,lynch_peg,0.419335,true
CSW,NYSE:CSW,"CSW Industrials, Inc.",NYSE,6.73,47.1544,20.3097,lynch_peg,2.32176,false
CSWC,NASDAQ:CSWC,Capital Southwest Corporation,NASDAQ,1.98,13.089,-5.80436,pe15,-2.25503,true
CSX,NASDAQ:CSX,CSX Corporation,NASDAQ,1.54,29.2832,5.11577,pe15,5.72411,false
CTAS,NASDAQ:CTAS,Cintas Corporation,NASDAQ,4.97,40.1368,13.5743,pe15,2.95682,false
CTBI,NASDAQ:CTBI,"Community Trust Bancorp, Inc.",NASDAQ,5.44,13.2003,10.182,pe15,1.29643,true
CTO,NYSE:CTO,"CTO Realty Growth, Inc.",NYSE,0.08,15.4836,-57.1843,pe15,-0.270766,false
CTRE,NYSE:CTRE,"CareTrust REIT, Inc.",NYSE,1.57,24.3742,21.2131,lynch_peg,1.14902,false
CTRI,NYSE:CTRI,"Centuri Holdings, Inc.",NYSE,0.25,74.3704,-19.0678,pe15,-3.90032,false
CTRM,NASDAQ:CTRM,Castor Maritime Inc.,NASDAQ,1.13,0.277525,-42.4582,pe15,-0.00653643,true
CTRN,NASDAQ:CTRN,"Citi Trends, Inc.",NASDAQ,0.65,50.0203,-22.5339,pe15,-2.21978,false
CTS,NYSE:CTS,CTS Corporation,NYSE,2.21,26.1921,15.6117,lynch_peg,1.67773,false
CTSH,NASDAQ:CTSH,Cognizant Technology Solutions Corporation,NASDAQ,4.56,12.5086,12.0648,pe15,1.03679,true
CTVA,NYSE:CTVA,"Corteva, Inc.",NYSE,1.6,50.6921,11.9478,pe15,4.24278,false
CTW,NASDAQ:CTW,CTW Cayman Class A Ordinary Shares,NASDAQ,0.0638,39.3417,-52.2656,pe15,-0.752726,false
CUB,NASDAQ:CUB,Lionheart Holdings,NASDAQ,0.39,33.1404,-21.1276,pe15,-1.56858,false
CUBB,NYSE:CUBB,"Customers Bancorp, Inc 5.375% S",NYSE,6.46,2.63133,8.94068,pe15,0.29431,true
CUBE,NYSE:CUBE,CubeSmart,NYSE,1.46,28.6096,11.4261,pe15,2.50389,false
CUBI,NYSE:CUBI,"Customers Bancorp, Inc.",NYSE,6.4,9.81625,9.36827,pe15,1.04782,true
CUBWU,NASDAQ:CUBWU,Lionheart Holdings Unit,NASDAQ,0.39,33.1404,,,,false
CURB,NYSE:CURB,Curbline Properties Corp.,NYSE,0.38,109.793,17.4055,lynch_peg,6.30797,false
CUZ,NYSE:CUZ,Cousins Properties Incorporated,NYSE,0.24,726.764,-27.0289,pe15,-26.8884,false
CVBF,NASDAQ:CVBF,CVB Financial Corp.,NASDAQ,1.53,15.5033,3.31173,pe15,4.68135,false
CVCO,NASDAQ:CVCO,"Cavco Industries, Inc.",NASDAQ,24.26,26.0662,23.8069,lynch_peg,1.0949,false
CVE,NYSE:CVE,Cenovus Energy Inc.,NYSE,2.17,12.0526,3.26055,pe15,3.6965,true
CVI,NYSE:CVI,"CVR Energy, Inc.",NYSE,0.27,51.8261,-35.5862,pe15,-1.45635,false
CVLG,NYSE:CVLG,"Covenant Logistics Group, Inc.",NYSE,0.28,234.633,-7.94091,pe15,-29.5474,false
CVLT,NASDAQ:CVLT,"Commvault Systems, Inc.",NASDAQ,1.61,92.4873,54.1906,lynch_peg,1.70671,false
CVNA,NYSE:CVNA,Carvana Co.,NYSE,2.04,25.8017,57.3445,lynch_peg,0.449942,true
CVS,NYSE:CVS,CVS Health Corp.,NYSE,1.4,24.8799,-23.8851,pe15,-1.04165,false
CVSA,NYSE:CVSA,Covista Inc.,NYSE,7.18,17.2323,36.775,lynch_peg,0.468587,true
CVX,NYSE:CVX,Chevron Corporation,NYSE,6.65,19.148,27.4721,lynch_peg,0.697001,true
CW,NYSE:CW,Curtiss-Wright Corporation,NYSE,12.94,47.4969,21.786,lynch_peg,2.18016,false
CWBC,NASDAQ:CWBC,Community West Bancshares,NASDAQ,2.01,13.96,4.40858,pe15,3.16655,true
CWCO,NASDAQ:CWCO,Consolidated Water Co. Ltd.,NASDAQ,1.15,30.8676,13.1517,pe15,2.34704,false
CWEN,NYSE:CWEN,"Clearway Energy, Inc.",NYSE,1.42,45.5461,45.2022,lynch_peg,1.00761,false
CWK,NYSE:CWK,Cushman & Wakefield plc,NYSE,0.38,48.8348,173.899,lynch_peg,0.280823,true
CWST,NASDAQ:CWST,"Casella Waste Systems, Inc.",NASDAQ,0.12,971.03,-42.2612,pe15,-22.9769,false
CWT,NYSE:CWT,California Water Service Group,NYSE,2.15,22.4838,1.76407,pe15,12.7455,false
CX,NYSE:CX,"CEMEX, S.A.B. de C.V.",NYSE,6.6,33.5449,102.754,lynch_peg,0.326458,true
CXDO,NASDAQ:CXDO,"Crexendo, Inc.",NASDAQ,0.17,47.0631,-19.4073,pe15,-2.42502,false
CXM,NYSE:CXM,"Sprinklr, Inc.",NYSE,0.0913,59.7307,-30.68,pe15,-1.94689,false
CXT,NYSE:CXT,"Crane NXT, Co.",NYSE,2.53,21.0697,-4.53021,pe15,-4.65093,false
CXW,NYSE:CXW,"CoreCivic, Inc.",NYSE,1.09,26.252,18.8321,lynch_peg,1.39401,false
CYD,NYSE:CYD,China Yuchai International Limited,NYSE,13.92,16.2574,0.719287,pe15,22.6021,false
CYH,NYSE:CYH,"Community Health Systems, Inc.",NYSE,3.8,-1.3208,-2.97754,pe15,0.443586,false
CYPH,NASDAQ:CYPH,Cypherpunk Technologies Inc.,NASDAQ,0.0729,1.00794,,,,false
CYRX,NASDAQ:CYRX,"Cryoport, Inc.",NASDAQ,1.4,-18.4512,,,,false
CZFS,NASDAQ:CZFS,"Citizens Financial Services, Inc.",NASDAQ,7.62,9.54492,3.97705,pe15,2.4,true
CZNC,NASDAQ:CZNC,Citizens & Northern Corporation,NASDAQ,1.46,17.7025,2.3486,pe15,7.53746,false
CZWI,NASDAQ:CZWI,"Citizens Community Bancorp, Inc.",NASDAQ,1.46,16.2557,5.07263,pe15,3.2046,false
D,NYSE:D,"Dominion Energy, Inc.",NYSE,3.46,23.737,13.0216,pe15,1.8229,false
DAAQ,NASDAQ:DAAQ,Digital Asset Acquisition Corp.,NASDAQ,0.37,25.0601,,,,false
DAC,NYSE:DAC,Danaos Corporation,NYSE,26.83,4.78123,46.6914,lynch_peg,0.102401,true
DAKT,NASDAQ:DAKT,"Daktronics, Inc.",NASDAQ,0.93,21.9987,31.1156,lynch_peg,0.707,true
DAL,NYSE:DAL,"Delta Air Lines, Inc.",NYSE,7.72,14.9572,0.890677,pe15,16.7931,true
DAN,NYSE:DAN,Dana Incorporated,NYSE,0.64,-19.5,-13.8914,pe15,1.40375,false
DAO,NYSE:DAO,"Youdao, Inc.",NYSE,0.91,204.193,,,,false
DAR,NYSE:DAR,Darling Ingredients Inc.,NYSE,0.4,17.8408,-36.9358,pe15,-0.483024,false
DASH,NASDAQ:DASH,"DoorDash, Inc.",NASDAQ,2.19,112.322,,,,false
DAVA,NYSE:DAVA,Endava plc,NYSE,0.36,-0.288387,-0.546481,pe15,0.527716,false
DAVE,NASDAQ:DAVE,Dave Inc.,NASDAQ,14.65,20.1099,,,,false
DB,NYSE:DB,Deutsche Bank AG,NYSE,3.16,8.76913,114.68,lynch_peg,0.0764663,true
DBD,NYSE:DBD,"Diebold Nixdorf, Incorporated",NYSE,2.57,23.6334,-65.3293,pe15,-0.361759,false
DBRG,NYSE:DBRG,"DigitalBridge Group, Inc.",NYSE,0.46,10.0752,-25.1017,pe15,-0.401377,true
DBX,NASDAQ:DBX,"Dropbox, Inc.",NASDAQ,1.89,19.0632,21.4047,lynch_peg,0.890606,true
DCBG,NYSE:DCBG,"Dime Commercial Bancshares, Inc.",NYSE,2.36,11.2246,,,,false
DCBO,NASDAQ:DCBO,Docebo Inc.,NASDAQ,1.33,19.2188,88.0502,lynch_peg,0.218271,true
DCI,NYSE:DCI,"Donaldson Company, Inc.",NYSE,3.09,25.3717,8.76583,pe15,2.89438,false
DCOM,NYSE:DCOM,"Dime Community Bancshares, Inc.",NYSE,2.36,14.8381,6.28514,pe15,2.36083,true
DCTH,NASDAQ:DCTH,"Delcath Systems, Inc.",NASDAQ,0.08,1552.27,,,,false
DDD,NYSE:DDD,3D Systems Corporation,NYSE,0.23,-9.1681,-45.5677,pe15,0.201197,false
DDI,NASDAQ:DDI,"DoubleDown Interactive Co., Ltd.",NASDAQ,2.07,5.03175,11.3364,pe15,0.443859,true
DDL,NYSE:DDL,Dingdong (Cayman) Limited,NYSE,0.98,9.1726,,,,false
DDOG,NASDAQ:DDOG,"Datadog, Inc.",NASDAQ,0.31,502.896,43.7591,lynch_peg,11.4924,false
DDS,NYSE:DDS,"Dillard's, Inc.",NYSE,36.44,13.8992,42.3478,lynch_peg,0.328216,true
DDT,NYSE:DDT,Dillards Capital Trust I CAP SECS 7.5%,NYSE,36.42,13.8992,42.3348,lynch_peg,0.328317,true
DE,NYSE:DE,Deere & Company,NYSE,18.56,34.4596,16.1758,lynch_peg,2.13032,false
DEA,NYSE:DEA,"Easterly Government Properties, Inc.",NYSE,0.29,119.577,-4.75564,pe15,-25.1442,false
DEC,NYSE:DEC,Diversified Energy Company PLC,NYSE,4.67,1.6787,11.5026,pe15,0.14594,true
DECK,NYSE:DECK,Deckers Outdoor Corporation,NYSE,7.04,13.3003,25.4034,lynch_peg,0.523563,true
DEFT,NASDAQ:DEFT,DeFi Technologies Inc.,NASDAQ,0.18,6.43876,41.7975,lynch_peg,0.154047,true
DEI,NYSE:DEI,"Douglas Emmett, Inc.",NYSE,0.0971,-86.6764,-19.0881,pe15,4.54085,false
DELL,NYSE:DELL,Dell Technologies Inc.,NYSE,8.96,38.475,15.4424,lynch_peg,2.49152,false
DEO,NYSE:DEO,Diageo plc,NYSE,3.12,30.5749,-7.30892,pe15,-4.18323,false
DFH,NYSE:DFH,"Dream Finders Homes, Inc.",NYSE,2.33,9.97468,22.3453,lynch_peg,0.446388,true
DFIN,NYSE:DFIN,"Donnelley Financial Solutions, Inc.",NYSE,1.18,32.8933,1.17694,pe15,27.9481,false
DFNS,NASDAQ:DFNS,T3 Defense Inc.,NASDAQ,1056.25,-0.114008,,,,false
DG,NYSE:DG,Dollar General Corporation,NYSE,6.87,17.2532,-8.4803,pe15,-2.0345,false
DGICA,NASDAQ:DGICA,Donegal Group Inc.,NASDAQ,2.22,9.47426,4.28362,pe15,2.21174,true
DGII,NASDAQ:DGII,Digi International Inc.,NASDAQ,1.1,65.3154,30.5566,lynch_peg,2.13752,false
DGX,NYSE:DGX,Quest Diagnostics Incorporated,NYSE,8.87,24.652,-3.64584,pe15,-6.76168,false
DHI,NYSE:DHI,"D.R. Horton, Inc.",NYSE,11.62,14.2369,12.355,pe15,1.15233,true
DHR,NYSE:DHR,Danaher Corporation,NYSE,5.07,36.0363,0.399214,pe15,90.268,false
DHT,NYSE:DHT,"DHT Holdings, Inc.",NYSE,1.31,6.62075,-5.18981,pe15,-1.27572,true
DIN,NYSE:DIN,"Dine Brands Global, Inc.",NYSE,1.12,67.2549,-24.2963,pe15,-2.76811,false
DINO,NYSE:DINO,HF Sinclair Corporation,NYSE,3.11,8.80152,-6.45073,pe15,-1.36442,true
DIOD,NASDAQ:DIOD,Diodes Incorporated,NASDAQ,1.43,54.5479,-5.72274,pe15,-9.53178,false
DIS,NYSE:DIS,The Walt Disney Company,NYSE,6.88,21.9691,0.492888,pe15,44.5722,false
DIT,AMEX:DIT,AMCON Distributing Company,AMEX,0.93,47.8414,-37.6631,pe15,-1.27025,false
DJCO,NASDAQ:DJCO,Daily Journal Corporation,NASDAQ,81.41,-75.4259,94.4294,lynch_peg,-0.798754,false
DKL,NYSE:DKL,"Delek Logistics Partners, LP",NYSE,3.3,18.2265,-4.61776,pe15,-3.94704,false
DKS,NYSE:DKS,"DICK'S Sporting Goods, Inc.",NYSE,10.22,18.8037,10.1945,pe15,1.84449,false
DLB,NYSE:DLB,"Dolby Laboratories, Inc.",NYSE,2.66,26.1218,2.95105,pe15,8.85173,false
DLHC,NASDAQ:DLHC,DLH Holdings Corp.,NASDAQ,0.0947,-3.13002,-30.404,pe15,0.102948,false
DLNG,NYSE:DLNG,Dynagas LNG Partners LP,NYSE,1.69,2.13333,21.8174,lynch_peg,0.0977814,true
DLO,NASDAQ:DLO,Dlocal Limited,NASDAQ,0.67,21.6136,47.428,lynch_peg,0.455715,true
DLR,NYSE:DLR,"Digital Realty Trust, Inc.",NYSE,3.73,92.3318,29.8606,lynch_peg,3.09209,false
DLTR,NASDAQ:DLTR,"Dollar Tree, Inc.",NASDAQ,6.22,20.3463,1.83297,pe15,11.1002,false
DLX,NYSE:DLX,Deluxe Corporation,NYSE,1.87,10.7389,54.8547,lynch_peg,0.195771,true
DMAA,NASDAQ:DMAA,Drugs Made In America Acquisition Corp. Ordinary Shares,NASDAQ,0.19,52.3216,,,,false
DMC,NYSE:DMC,Del Monte Corporation,NYSE,1.9,42.4306,13.0273,pe15,3.25705,false
DMII,NASDAQ:DMII,Drugs Made In America Acquisition II Corp. Ordinary Shares,NASDAQ,0.16,0.597015,,,,false
DMIIR,NASDAQ:DMIIR,Drugs Made In America Acquisition II Corp.,NASDAQ,0.065,0.597015,,,,false
DMLP,NASDAQ:DMLP,"Dorchester Minerals, L.P.",NASDAQ,1.2,15.4088,14.4907,pe15,1.06336,false
DOC,NYSE:DOC,"Healthpeak Properties, Inc.",NYSE,0.1,59.3143,-33.5183,pe15,-1.76961,false
DOCN,NYSE:DOCN,"DigitalOcean Holdings, Inc.",NYSE,2.83,50.7421,258.659,lynch_peg,0.196173,true
DOCS,NYSE:DOCS,"Doximity, Inc.",NYSE,1.05,28.427,54.3127,lynch_peg,0.523395,true
DOCU,NASDAQ:DOCU,"DocuSign, Inc.",NASDAQ,1.52,38.9936,105.48,lynch_peg,0.369676,true
DOLE,NYSE:DOLE,Dole plc,NYSE,0.54,16.9885,-0.724714,pe15,-23.4416,false
DOO,NASDAQ:DOO,BRP Inc.,NASDAQ,3.99,21.5313,-0.831005,pe15,-25.91,false
DORM,NASDAQ:DORM,"Dorman Products, Inc.",NASDAQ,6.64,18.3788,14.9392,pe15,1.23024,false
DOUG,NYSE:DOUG,Douglas Elliman Inc.,NYSE,0.17,7.71154,9.24666,pe15,0.833981,true
DOV,NYSE:DOV,Dover Corporation,NYSE,7.97,24.8036,10.9522,pe15,2.26471,false
DOX,NASDAQ:DOX,Amdocs Limited,NASDAQ,5.08,13.7116,6.37289,pe15,2.15155,true
DPZ,NASDAQ:DPZ,"Domino's Pizza, Inc.",NASDAQ,17.69,19.6958,10.2882,pe15,1.9144,false
DRD,NYSE:DRD,DRDGOLD Limited,NYSE,26,2.3455,-20.6213,pe15,-0.113741,true
DRDB,NASDAQ:DRDB,Roman DBDR Acquisition Corp. II,NASDAQ,0.34,60.4889,,,,false
DRH,NASDAQ:DRH,DiamondRock Hospitality Company,NASDAQ,0.44,17.0795,-11.4065,pe15,-1.49735,false
DRI,NYSE:DRI,"Darden Restaurants, Inc.",NYSE,10.46,21.434,16.7124,lynch_peg,1.28252,false
DRS,NASDAQ:DRS,"Leonardo DRS, Inc.",NASDAQ,1.05,37.2934,12.996,pe15,2.86962,false
DRVN,NASDAQ:DRVN,Driven Brands Holdings Inc.,NASDAQ,0.85,12.1557,62.0719,lynch_peg,0.195832,true
DSAC,NASDAQ:DSAC,Daedalus Special Acquisition Corp.,NASDAQ,0.0144,65.6875,,,,false
DSGR,NASDAQ:DSGR,"Distribution Solutions Group, Inc.",NASDAQ,0.18,184.997,-26.515,pe15,-6.97708,false
DSGX,NASDAQ:DSGX,The Descartes Systems Group Inc.,NASDAQ,1.95,36.8301,25.756,lynch_peg,1.42996,false
DSP,NASDAQ:DSP,Viant Technology Inc.,NASDAQ,0.13,96.3186,3.39752,pe15,28.3496,false
DSWL,NASDAQ:DSWL,"Deswell Industries, Inc.",NASDAQ,0.67,4.70149,5.19965,pe15,0.904194,true
DSX,NYSE:DSX,Diana Shipping Inc.,NYSE,0.11,5.06472,-22.4141,pe15,-0.225961,true
DT,NYSE:DT,"Dynatrace, Inc.",NYSE,0.54,98.5251,14.8698,pe15,6.62583,false
DTB,NYSE:DTB,DTE Energy Company 2020 Series,NYSE,7.06,22,-0.0565611,pe15,-388.96,false
DTE,NYSE:DTE,DTE Energy Company,NYSE,7.06,22,-0.0847698,pe15,-259.526,false
DTG,NYSE:DTG,DTE Energy Company 2021 Series,NYSE,7.06,22,-0.0565611,pe15,-388.96,false
DTM,NYSE:DTM,"DT Midstream, Inc.",NYSE,4.47,29.4261,6.7801,pe15,4.34007,false
DTSQ,NASDAQ:DTSQ,DT Cloud Star Acquisition Corporation,NASDAQ,0.36,74.7043,,,,false
DTSQR,NASDAQ:DTSQR,DT Cloud Star Acquisition Corporation,NASDAQ,0.36,74.7043,,,,false
DTST,NASDAQ:DTST,Data Storage Corporation,NASDAQ,2.64,1.34167,165.531,lynch_peg,0.00810524,true
DTW,NYSE:DTW,DTE Energy Company JR SUB DB 2017 E,NYSE,7.06,22.0126,-0.0847698,pe15,-259.674,false
DUK,NYSE:DUK,Duke Energy Corporation,NYSE,6.31,18.524,29.6881,lynch_peg,0.623954,true
DUKB,NYSE:DUKB,Duke Energy Corporation 5.625%,NYSE,6.31,18.527,29.6881,lynch_peg,0.624055,true
DUOL,NASDAQ:DUOL,"Duolingo, Inc.",NASDAQ,9.05,15.1736,408.499,lynch_peg,0.0371447,true
DV,NYSE:DV,"DoubleVerify Holdings, Inc.",NYSE,0.31,35.9459,18.9827,lynch_peg,1.89362,false
DVA,NYSE:DVA,DaVita Inc.,NYSE,9.72,15.6595,8.24746,pe15,1.89871,false
DVN,NYSE:DVN,Devon Energy Corporation,NYSE,4.21,10.7258,-5.24816,pe15,-2.04372,true
DX,NYSE:DX,"Dynex Capital, Inc.",NYSE,2.49,4.94906,-18.5121,pe15,-0.267342,true
DXC,NYSE:DXC,DXC Technology Company,NYSE,0.1,14.3355,-48.756,pe15,-0.294026,true
DXCM,NASDAQ:DXCM,"DexCom, Inc.",NASDAQ,2.14,35.2278,10.3135,pe15,3.41571,false
DXPE,NASDAQ:DXPE,"DXP Enterprises, Inc.",NASDAQ,5.65,32.3769,17.9338,lynch_peg,1.80536,false
DXR,NASDAQ:DXR,Daxor Corporation,NASDAQ,1.84,5.67518,11.7465,pe15,0.483138,true
DY,NYSE:DY,"Dycom Industries, Inc.",NYSE,9.68,39.0584,55.0566,lynch_peg,0.709422,true
E,NYSE:E,Eni S.p.A.,NYSE,1.72,13.4689,65.9333,lynch_peg,0.204281,true
EA,NASDAQ:EA,Electronic Arts Inc.,NASDAQ,3.55,48.4296,4.12765,pe15,11.733,false
EAI,NYSE:EAI,"Entergy Arkansas, Inc. 1M BD 4.875%66",NYSE,3.98,5.00758,-3.99527,pe15,-1.25338,true
EAT,NYSE:EAT,"Brinker International, Inc.",NYSE,11.16,21.3351,31.0247,lynch_peg,0.687681,true
EBAY,NASDAQ:EBAY,eBay Inc.,NASDAQ,4.44,21.0951,-11.0643,pe15,-1.90659,false
EBC,NASDAQ:EBC,"Eastern Bankshares, Inc.",NASDAQ,0.4,13.4744,25.2055,lynch_peg,0.534583,true
EBF,NYSE:EBF,"Ennis, Inc.",NYSE,1.66,13.1458,12.2858,pe15,1.07,true
EBMT,NASDAQ:EBMT,"Eagle Bancorp Montana, Inc.",NASDAQ,1.9,11.5243,-9.44346,pe15,-1.22034,true
EBS,NYSE:EBS,Emergent BioSolutions Inc.,NYSE,0.98,-1.30959,-29.9014,pe15,0.0437971,false
EC,NYSE:EC,Ecopetrol S.A.,NYSE,4075.4,8.95578,37.7707,lynch_peg,0.237109,true
ECBK,NASDAQ:ECBK,"ECB Bancorp, Inc.",NASDAQ,0.96,14.4542,19.1358,lynch_peg,0.75535,true
ECG,NYSE:ECG,"Everus Construction Group, Inc.",NYSE,3.94,28.0392,16.3495,lynch_peg,1.71499,false
ECL,NYSE:ECL,Ecolab Inc.,NYSE,7.33,36.7387,5.19242,pe15,7.07544,false
ECO,NYSE:ECO,Okeanis Eco Tankers Corp.,NYSE,3.77,5.60389,3.85738,pe15,1.45277,true
ECPG,NASDAQ:ECPG,"Encore Capital Group, Inc.",NASDAQ,11.05,7.5894,10.3927,pe15,0.730261,true
ED,NYSE:ED,"Consolidated Edison, Inc.",NYSE,5.66,17.7799,11.4613,pe15,1.5513,false
EDN,NYSE:EDN,Empresa Distribuidora y Comercializadora Norte Sociedad Anónima,NYSE,6369.8,5.23691,49.5845,lynch_peg,0.105616,true
EDU,NYSE:EDU,New Oriental Education & Technology Group Inc.,NYSE,3,17.5058,8.44718,pe15,2.07239,false
EDUC,NASDAQ:EDUC,Educational Development Corporation,NASDAQ,0.38,4.08571,-24.1141,pe15,-0.169433,true
EE,NYSE:EE,"Excelerate Energy, Inc.",NYSE,1.31,23.9329,-3.80005,pe15,-6.29804,false
EEFT,NASDAQ:EEFT,"Euronet Worldwide, Inc.",NASDAQ,7.87,10.1669,3.26544,pe15,3.11348,true
EFC,NYSE:EFC,Ellington Financial Inc.,NYSE,1.19,8.3811,24.9961,lynch_peg,0.335296,true
EFOR,NYSE:EFOR,"Everforth, Inc.",NYSE,2.62,16.6598,-7.16675,pe15,-2.32459,false
EFSC,NASDAQ:EFSC,Enterprise Financial Services Corp,NASDAQ,5.35,13.1183,14.1534,pe15,0.926862,true
EFSI,NASDAQ:EFSI,"Eagle Financial Services, Inc.",NASDAQ,1.59,12.6445,-13.4295,pe15,-0.941547,true
EFX,NYSE:EFX,Equifax Inc.,NYSE,5.36,31.7696,4.60302,pe15,6.90192,false
EFXT,NYSE:EFXT,Enerflex Ltd.,NYSE,0.53,40.947,-11.5679,pe15,-3.53971,false
EG,NYSE:EG,"Everest Group, Ltd.",NYSE,37.86,7.85229,24.2013,lynch_peg,0.324457,true
EGAN,NASDAQ:EGAN,eGain Corporation,NASDAQ,1.15,5.33832,36.8035,lynch_peg,0.145049,true
EGG,AMEX:EGG,Enigmatig Limited,AMEX,0.0152,-42.4077,46.8478,lynch_peg,-0.905222,false
EGHA,NASDAQ:EGHA,EGH Acquisition Corp. Class A Ordinary Shares,NASDAQ,0.22,36.9643,,,,false
EGHT,NASDAQ:EGHT,"8x8, Inc.",NASDAQ,0.01,61.0606,,,,false
EGO,NYSE:EGO,Eldorado Gold Corporation,NYSE,2.54,13.9719,26.9605,lynch_peg,0.518237,true
EGP,NYSE:EGP,"EastGroup Properties, Inc.",NYSE,4.88,35.9037,11.9923,pe15,2.9939,false
EHC,NYSE:EHC,Encompass Health Corporation,NYSE,5.62,19.873,14.3855,pe15,1.38146,false
EHLD,NASDAQ:EHLD,Euroholdings Ltd.,NASDAQ,5.25,2.90488,1.84373,pe15,1.57554,true
EHTH,NASDAQ:EHTH,"eHealth, Inc.",NASDAQ,1.31,-1.45783,-5.62724,pe15,0.259067,false
EIG,NYSE:EIG,"Employers Holdings, Inc.",NYSE,0.45,70.2754,-35.4326,pe15,-1.98336,false
EIX,NYSE:EIX,Edison International,NYSE,11.58,7.29394,42.3668,lynch_peg,0.172162,true
ELA,AMEX:ELA,Envela Corporation,AMEX,0.56,18.9916,18.4664,lynch_peg,1.02844,false
ELC,NYSE:ELC,"Entergy Louisiana, LLC COLLATERAL TR MT",NYSE,3.98,27.096,2.7805,pe15,9.745,false
ELE,NASDAQ:ELE,Elemental Royalty Corporation Common Stock,NASDAQ,0.0601,143.583,,,,false
ELF,NYSE:ELF,"e.l.f. Beauty, Inc.",NYSE,0.45,93.1339,28.1899,lynch_peg,3.3038,false
ELMD,AMEX:ELMD,"Electromed, Inc.",AMEX,0.9,34.8443,12.4746,pe15,2.79321,false
ELMT,NASDAQ:ELMT,Elmet Group Co.,NASDAQ,0.15,-138.044,,,,false
ELPC,NYSE:ELPC,Companhia Paranaense de Energia,NYSE,14.24,3.12493,26.3052,lynch_peg,0.118795,true
ELS,NYSE:ELS,"Equity LifeStyle Properties, Inc.",NYSE,1.93,32.6025,9.07606,pe15,3.59214,false
ELSE,NASDAQ:ELSE,"Electro-Sensors, Inc.",NASDAQ,0.0884,104.596,8.19739,pe15,12.7597,false
ELTK,NASDAQ:ELTK,Eltek Ltd.,NASDAQ,0.12,-19.498,-27.0289,pe15,0.721374,false
ELUT,NASDAQ:ELUT,Elutia Inc,NASDAQ,1.29,0.68627,,,,false
ELV,NYSE:ELV,Elevance Health Inc.,NYSE,25.18,17.6802,6.67283,pe15,2.64958,false
ELVA,NASDAQ:ELVA,Electrovaya Inc.,NASDAQ,0.0864,79.1498,12.9973,pe15,6.0897,false
EMA,NYSE:EMA,Emera Incorporated,NYSE,3.39,22.5237,-2.20603,pe15,-10.2101,false
EMBC,NASDAQ:EMBC,Embecta Corp.,NASDAQ,1.64,3.40604,-26.217,pe15,-0.129917,true
EMBJ,NYSE:EMBJ,Embraer S.A.,NYSE,10.52,30.6563,56.0508,lynch_peg,0.546939,true
EME,NYSE:EME,"EMCOR Group, Inc.",NYSE,28.19,26.4373,63.5368,lynch_peg,0.416094,true
EMIS,NASDAQ:EMIS,Emmis Acquisition Corp.,NASDAQ,0.11,55.4283,,,,false
EML,NASDAQ:EML,The Eastern Company,NASDAQ,0.84,19.666,-0.699369,pe15,-28.1196,false
EMN,NYSE:EMN,Eastman Chemical Company,NYSE,4.13,19.23,3.1894,pe15,6.02935,false
EMP,NYSE:EMP,"Entergy Mississippi, Inc. 1M BD 66",NYSE,3.98,5.00379,41.5654,lynch_peg,0.120384,true
EMR,NYSE:EMR,Emerson Electric Co.,NYSE,4.07,35.6841,4.54277,pe15,7.85514,false
ENB,NYSE:ENB,Enbridge Inc.,NYSE,3.24,23.4967,16.9652,lynch_peg,1.38499,false
ENIC,NYSE:ENIC,Enel Chile S.A.,NYSE,0.39,11.0135,-65.0504,pe15,-0.169307,true
ENJ,NYSE:ENJ,"Entergy New Orleans, LLC",NYSE,3.98,5.30303,73.9357,lynch_peg,0.0717249,true
ENLT,NASDAQ:ENLT,Enlight Renewable Energy Ltd,NASDAQ,1.07,126.094,55.1701,lynch_peg,2.28554,false
ENLV,NASDAQ:ENLV,Enlivex Therapeutics Ltd.,NASDAQ,405.6,0.00392302,,,,false
ENO,NYSE:ENO,"Entergy New Orleans, LLC",NYSE,3.98,5.30303,73.9357,lynch_peg,0.0717249,true
ENPH,NASDAQ:ENPH,"Enphase Energy, Inc.",NASDAQ,1.31,40.1471,4.13039,pe15,9.71991,false
ENR,NYSE:ENR,"Energizer Holdings, Inc.",NYSE,3.37,18.9994,33.6995,lynch_peg,0.56379,true
ENS,NYSE:ENS,EnerSys,NYSE,7.84,21.7058,18.3961,lynch_peg,1.17991,false
ENSG,NASDAQ:ENSG,"The Ensign Group, Inc.",NASDAQ,6,27.6767,13.4677,pe15,2.05505,false
ENTG,NASDAQ:ENTG,"Entegris, Inc.",NASDAQ,1.55,80.3213,-6.6794,pe15,-12.0252,false
ENVA,NYSE:ENVA,"Enova International, Inc.",NYSE,12.26,18.5318,0.6826,pe15,27.1489,false
EOG,NYSE:EOG,"EOG Resources, Inc.",NYSE,9.16,11.0844,11.6449,pe15,0.951861,true
EPAC,NYSE:EPAC,Enerpac Tool Group Corp.,NYSE,1.72,20.7191,169.494,lynch_peg,0.122241,true
EPAM,NYSE:EPAM,"EPAM Systems, Inc.",NYSE,6.76,13.6714,2.8636,pe15,4.7742,true
EPC,NYSE:EPC,Edgewell Personal Care Company,NYSE,0.53,-14.205,-15.7688,pe15,0.900832,false
EPD,NYSE:EPD,Enterprise Products Partners L.P.,NYSE,2.66,13.3837,9.23885,pe15,1.44863,true
EPM,AMEX:EPM,Evolution Petroleum Corporation,AMEX,0.0334,-35.5077,-28.6006,pe15,1.2415,false
EPR,NYSE:EPR,EPR Properties,NYSE,3.3,19.6911,8.61413,pe15,2.28591,false
EPRT,NYSE:EPRT,"Essential Properties Realty Trust, Inc.",NYSE,1.29,24.1318,24.0016,lynch_peg,1.00542,false
EQBK,NYSE:EQBK,"Equity Bancshares, Inc.",NYSE,1.24,29.1376,-4.55285,pe15,-6.39987,false
EQIX,NASDAQ:EQIX,"Equinix, Inc.",NASDAQ,13.79,69.7622,26.7215,lynch_peg,2.61071,false
EQNR,NYSE:EQNR,Equinor ASA,NYSE,1.95,11.1178,23.4844,lynch_peg,0.473412,true
EQPT,NASDAQ:EQPT,EquipmentShare.com Inc.,NASDAQ,0.0038,219.341,-56.881,pe15,-3.85614,false
EQR,NYSE:EQR,Equity Residential,NYSE,2.97,28.5411,4.70535,pe15,6.06567,false
EQT,NYSE:EQT,EQT Corporation,NYSE,3.33,12.0681,-11.4131,pe15,-1.05739,true
EQX,AMEX:EQX,Equinox Gold Corp.,AMEX,0.36,11.0762,26.7599,lynch_peg,0.41391,true
ERIC,NASDAQ:ERIC,Telefonaktiebolaget LM Ericsson (publ),NASDAQ,8.01,13.193,11.2992,pe15,1.16761,true
ERIE,NASDAQ:ERIE,Erie Indemnity Company,NASDAQ,12.01,20.615,13.7733,pe15,1.49673,false
ERII,NASDAQ:ERII,"Energy Recovery, Inc.",NASDAQ,0.43,27.296,-1.76322,pe15,-15.4808,false
ERO,NYSE:ERO,Ero Copper Corp.,NYSE,2.59,11.5576,33.9768,lynch_peg,0.340162,true
ES,NYSE:ES,Eversource Energy,NYSE,4.56,18.7552,5.07586,pe15,3.69497,false
ESAB,NYSE:ESAB,ESAB Corporation,NYSE,3.72,31.3626,7.2626,pe15,4.31837,false
ESBA,AMEX:ESBA,"Empire State Realty OP, L.P.",AMEX,0.26,176.287,-1.22754,pe15,-143.61,false
ESCA,NASDAQ:ESCA,"Escalade, Incorporated",NASDAQ,1,12.4222,-11.481,pe15,-1.08197,true
ESE,NYSE:ESE,ESCO Technologies Inc.,NYSE,11.55,24.9988,67.3477,lynch_peg,0.371189,true
ESEA,NASDAQ:ESEA,Euroseas Ltd.,NASDAQ,19.73,3.89733,102.46,lynch_peg,0.0380375,true
ESI,NYSE:ESI,Element Solutions Inc,NYSE,0.79,53.38,21.3672,lynch_peg,2.49823,false
ESLT,NASDAQ:ESLT,Elbit Systems Ltd.,NASDAQ,11.69,60.8931,15.2069,lynch_peg,4.00431,false
ESNT,NYSE:ESNT,Essent Group Ltd.,NYSE,6.97,9.639,12.3716,pe15,0.779122,true
ESOA,NASDAQ:ESOA,Energy Services of America Corporation,NASDAQ,0.0228,20.9862,-31.393,pe15,-0.668501,false
ESP,AMEX:ESP,Espey Mfg. & Electronics Corp.,AMEX,3.14,16.5278,44.9929,lynch_peg,0.367342,true
ESQ,NASDAQ:ESQ,"Esquire Financial Holdings, Inc.",NASDAQ,6.3,20.8202,29.9506,lynch_peg,0.695151,true
ESRT,NYSE:ESRT,"Empire State Realty Trust, Inc.",NYSE,0.26,176.287,-1.22754,pe15,-143.61,false
ESS,NYSE:ESS,"Essex Property Trust, Inc.",NYSE,10.41,44.7154,3.6779,pe15,12.1579,false
ESTC,NYSE:ESTC,Elastic N.V.,NYSE,3.49,23.9222,137.256,lynch_peg,0.174289,true
ET,NYSE:ET,Energy Transfer LP,NYSE,1.36,13.0404,0.247223,pe15,52.7474,true
ETD,NYSE:ETD,Ethan Allen Interiors Inc.,NYSE,1.56,14.5641,-8.10127,pe15,-1.79776,true
ETN,NYSE:ETN,Eaton Corporation plc,NYSE,10.49,45.9295,24.4783,lynch_peg,1.87634,false
ETOR,NASDAQ:ETOR,eToro Group Ltd.,NASDAQ,2.58,9.37987,-11.4167,pe15,-0.82159,true
ETR,NYSE:ETR,Entergy Corporation,NYSE,3.98,27.1086,2.7805,pe15,9.74954,false
ETSY,NYSE:ETSY,"Etsy, Inc.",NYSE,1.68,38.0708,-10.2192,pe15,-3.72541,false
EURK,NASDAQ:EURK,Eureka Acquisition Corp Class A Ordinary Share,NASDAQ,0.27,-10.7029,,,,false
EURKR,NASDAQ:EURKR,Eureka Acquisition Corp,NASDAQ,0.28,-10.7029,,,,false
EURKU,NASDAQ:EURKU,Eureka Acquisition Corp Unit,NASDAQ,0.28,-10.7029,,,,false
EVCM,NASDAQ:EVCM,EverCommerce Inc.,NASDAQ,0.097,54.014,,,,false
EVER,NASDAQ:EVER,"EverQuote, Inc.",NASDAQ,2.75,7.63994,,,,false
EVI,AMEX:EVI,"EVI Industries, Inc.",AMEX,0.5,35.629,52.7125,lynch_peg,0.675911,true
EVR,NYSE:EVR,Evercore Inc.,NYSE,15.29,16.2771,12.0931,pe15,1.34598,false
EVRG,NASDAQ:EVRG,"Evergy, Inc.",NASDAQ,3.71,20.8731,6.40475,pe15,3.25901,false
EVTC,NYSE:EVTC,"EVERTEC, Inc.",NYSE,2.22,20.7078,8.89226,pe15,2.32874,false
EVTL,NYSE:EVTL,Vertical Aerospace Ltd.,NYSE,2.63,-0.198381,,,,false
EW,NYSE:EW,Edwards Lifesciences Corporation,NYSE,1.84,53.0862,6.86827,pe15,7.7292,false
EWBC,NASDAQ:EWBC,"East West Bancorp, Inc.",NASDAQ,9.61,13.0567,19.2203,lynch_peg,0.679318,true
EXC,NASDAQ:EXC,Exelon Corporation,NASDAQ,2.74,16.708,6.39247,pe15,2.6137,false
EXE,NASDAQ:EXE,Expand Energy Corporation,NASDAQ,7.67,8.14384,-17.4092,pe15,-0.467789,true
EXEL,NASDAQ:EXEL,"Exelixis, Inc.",NASDAQ,2.88,15.4696,31.5873,lynch_peg,0.489742,true
EXLS,NASDAQ:EXLS,"ExlService Holdings, Inc.",NASDAQ,1.56,21.8616,24.5731,lynch_peg,0.889657,true
EXP,NYSE:EXP,Eagle Materials Inc.,NYSE,13.2,16.3548,10.6729,pe15,1.53236,false
EXPD,NYSE:EXPD,"Expeditors International of Washington, Inc.",NYSE,5.97,27.4942,7.59567,pe15,3.61972,false
EXPE,NASDAQ:EXPE,"Expedia Group, Inc.",NASDAQ,10.32,19.8114,17.912,lynch_peg,1.10604,false
EXPO,NASDAQ:EXPO,"Exponent, Inc.",NASDAQ,2.08,30.2422,5.65286,pe15,5.34989,false
EXR,NYSE:EXR,Extra Space Storage Inc.,NYSE,4.59,32.9426,4.34887,pe15,7.57498,false
EXTR,NASDAQ:EXTR,"Extreme Networks, Inc.",NASDAQ,0.32,76.8943,82.9806,lynch_peg,0.926654,true
EYE,NASDAQ:EYE,"National Vision Holdings, Inc.",NASDAQ,0.37,29.8707,-3.83925,pe15,-7.78036,false
EZPW,NASDAQ:EZPW,"EZCORP, Inc.",NASDAQ,1.91,11.1938,97.7913,lynch_peg,0.114466,true
FAC,NASDAQ:FAC,Factorial Energy Inc.,NASDAQ,0.18,-13.0642,,,,false
FACT,NASDAQ:FACT,FACT II Acquisition Corp,NASDAQ,0.27,53.7531,7.79123,pe15,6.89918,false
FACWW,NASDAQ:FACWW,Factorial Energy Inc.,NASDAQ,0.18,-1.57631,,,,false
FAF,NYSE:FAF,First American Financial Corporation,NYSE,6.02,10.2162,-0.523247,pe15,-19.5246,true
FANG,NASDAQ:FANG,"Diamondback Energy, Inc.",NASDAQ,5.73,39.8535,25.4506,lynch_peg,1.56591,false
FAST,NASDAQ:FAST,Fastenal Company,NASDAQ,1.1,43.0508,7.96085,pe15,5.40782,false
FATN,NASDAQ:FATN,"FatPipe, Inc.",NASDAQ,0.36,16.1357,78.9571,lynch_peg,0.20436,true
FBIN,NYSE:FBIN,"Fortune Brands Innovations, Inc.",NYSE,2.47,39.0976,-9.14584,pe15,-4.2749,false
FBIZ,NASDAQ:FBIZ,"First Business Financial Services, Inc.",NASDAQ,6.06,10.8077,25.1991,lynch_peg,0.428892,true
FBK,NYSE:FBK,FB Financial Corporation,NYSE,2.41,16.4734,7.35594,pe15,2.23947,false
FBLA,NASDAQ:FBLA,"FB Bancorp, Inc. Common Stock",NASDAQ,0.0688,-889.831,-16.9252,pe15,52.5742,false
FBNC,NASDAQ:FBNC,First Bancorp,NASDAQ,2.68,20.6619,-1.22251,pe15,-16.9012,false
FBP,NYSE:FBP,First BanCorp.,NYSE,2.16,12.4456,36.2508,lynch_peg,0.343319,true
FBRT,NYSE:FBRT,"Franklin BSP Realty Trust, Inc.",NYSE,0.67,18.1828,-5.73153,pe15,-3.17242,false
FBYD,NASDAQ:FBYD,"Falcon's Beyond Global, Inc. Class A Common Stock",NASDAQ,0.06,-103.85,,,,false
FC,NYSE:FC,Franklin Covey Co.,NYSE,0.24,110.833,-29.4723,pe15,-3.7606,false
FCAP,NASDAQ:FCAP,"First Capital, Inc.",NASDAQ,4.89,11.8707,10.0457,pe15,1.18167,true
FCBC,NASDAQ:FCBC,"First Community Bankshares, Inc.",NASDAQ,2.66,15.5755,5.65889,pe15,2.75239,false
FCBM,NYSE:FCBM,First Carolina Financial Services,NYSE,0.4,35.3472,-21.5535,pe15,-1.63997,false
FCCO,NASDAQ:FCCO,First Community Corporation,NASDAQ,2.51,12.6618,13.0387,pe15,0.971095,true
FCF,NYSE:FCF,First Commonwealth Financial Corporation,NYSE,1.48,13.2317,14.2588,pe15,0.927968,true
FCFS,NASDAQ:FCFS,"FirstCash Holdings, Inc",NASDAQ,7.35,24.2489,23.3874,lynch_peg,1.03683,false
FCN,NYSE:FCN,"FTI Consulting, Inc.",NYSE,8.33,18.4554,7.06922,pe15,2.61067,false
FCNCA,NASDAQ:FCNCA,"First Citizens BancShares, Inc.",NASDAQ,165.76,12.2289,28.3977,lynch_peg,0.430631,true
FCPT,NYSE:FCPT,"Four Corners Property Trust, Inc.",NYSE,1.09,22.7568,0.184503,pe15,123.341,false
FCRS,NYSE:FCRS,FutureCrest Acquisition Corp.,NYSE,0.0669,256.25,,,,false
FCX,NYSE:FCX,Freeport-McMoRan Inc.,NYSE,1.53,33.1059,30.1312,lynch_peg,1.09872,false
FDBC,NASDAQ:FDBC,"Fidelity D & D Bancorp, Inc.",NASDAQ,4.88,10.553,11.4347,pe15,0.922898,true
FDS,NYSE:FDS,FactSet Research Systems Inc.,NYSE,15.74,18.4342,9.87281,pe15,1.86717,false
FDSB,NASDAQ:FDSB,Fifth District Savings Bank,NASDAQ,0.79,59.3932,14.9585,pe15,3.97052,false
FDUS,NASDAQ:FDUS,Fidus Investment Corporation,NASDAQ,2.32,9.41388,12.6304,pe15,0.745335,true
FDX,NYSE:FDX,FedEx Corporation,NYSE,18.55,18.4654,-1.26584,pe15,-14.5875,false
FDXF,NYSE:FDXF,"FedEx Freight Holding Company, Inc.",NYSE,4.38,33.497,-29.4059,pe15,-1.13912,false
FE,NYSE:FE,FirstEnergy Corp.,NYSE,1.77,25.12,-2.31586,pe15,-10.8469,false
FEDU,NYSE:FEDU,Four Seasons Education (Cayman) Inc.,NYSE,137.3,0.688612,155.697,lynch_peg,0.00442277,true
FELE,NASDAQ:FELE,"Franklin Electric Co., Inc.",NASDAQ,3.26,30.1371,8.58073,pe15,3.51219,false
FENG,NYSE:FENG,Phoenix New Media Limited,NYSE,1.31,0.0503517,-48.0316,pe15,-0.0010483,true
FER,NASDAQ:FER,Ferrovial SE,NASDAQ,1.21,65,11.4913,pe15,5.65648,false
FERA,NASDAQ:FERA,Fifth Era Acquisition Corp I Class A Ordinary Shares,NASDAQ,0.16,53.5933,,,,false
FERG,NYSE:FERG,Ferguson plc,NYSE,3.44,23.5358,-12.1919,pe15,-1.93045,false
FFBC,NASDAQ:FFBC,First Financial Bancorp.,NASDAQ,2.69,12.0157,10.9498,pe15,1.09734,true
FFIN,NASDAQ:FFIN,"First Financial Bankshares, Inc.",NASDAQ,1.78,18.7633,4.6228,pe15,4.05886,false
FFIV,NASDAQ:FFIV,"F5, Inc.",NASDAQ,11.96,32.4331,18.8196,lynch_peg,1.72337,false
FG,NYSE:FG,"F&G Annuities & Life, Inc.",NYSE,1.89,9.23167,-0.262128,pe15,-35.2181,true
FGN,NYSE:FGN,"F&G Annuities & Life, Inc.",NYSE,1.89,9.22667,-0.262128,pe15,-35.199,true
FHB,NASDAQ:FHB,"First Hawaiian, Inc.",NASDAQ,2.21,12.0237,9.09661,pe15,1.32178,true
FHI,NYSE:FHI,"Federated Hermes, Inc.",NYSE,5.37,11.5689,10.5651,pe15,1.09501,true
FHN,NYSE:FHN,First Horizon Corporation,NYSE,1.89,12.4289,-0.105485,pe15,-117.826,true
FIBK,NASDAQ:FIBK,"First Interstate BancSystem, Inc.",NASDAQ,2.95,12.0431,3.11938,pe15,3.86073,true
FICO,NYSE:FICO,Fair Isaac Corporation,NYSE,26.9,31.0264,27.0376,lynch_peg,1.14753,false
FIEE,NASDAQ:FIEE,"FiEE, Inc.",NASDAQ,0.12,25.5525,,,,false
FIGR,NASDAQ:FIGR,"Figure Technology Solutions, Inc. Class A Common Stock",NASDAQ,0.54,28.6519,,,,false
FIGS,NYSE:FIGS,"FIGS, Inc.",NYSE,0.21,39.4666,-7.49366,pe15,-5.26667,false
FIGX,NASDAQ:FIGX,FIGX Capital Acquisition Corp.,NASDAQ,0.13,37.1749,,,,false
FINV,NYSE:FINV,FinVolution Group,NYSE,9.8,3.40099,7.90219,pe15,0.430386,true
FINW,NASDAQ:FINW,FinWise Bancorp,NASDAQ,1.25,13.8953,-0.316964,pe15,-43.8389,true
FIS,NYSE:FIS,"Fidelity National Information Services, Inc.",NYSE,0.74,6.62404,23.7286,lynch_peg,0.279158,true
FISI,NASDAQ:FISI,"Financial Institutions, Inc.",NASDAQ,3.65,10.2812,9.67635,pe15,1.0625,true
FISK,AMEX:FISK,"Empire State Realty OP, L.P.",AMEX,0.26,176.287,-1.22754,pe15,-143.61,false
FISV,NASDAQ:FISV,"Fiserv, Inc.",NASDAQ,6.34,10.4464,34.6947,lynch_peg,0.301093,true
FITB,NYSE:FITB,Fifth Third Bancorp,NYSE,3.55,19.7162,14.0465,pe15,1.40364,false
FIVE,NASDAQ:FIVE,"Five Below, Inc.",NASDAQ,6.51,30.5544,24.1188,lynch_peg,1.26683,false
FIVN,NASDAQ:FIVN,"Five9, Inc.",NASDAQ,0.51,42.8355,,,,false
FIX,NYSE:FIX,"Comfort Systems USA, Inc.",NYSE,28.93,43.3332,47.7411,lynch_peg,0.90767,true
FIZZ,NASDAQ:FIZZ,National Beverage Corp.,NASDAQ,1.96,15.8622,0.944554,pe15,16.7934,false
FLEX,NASDAQ:FLEX,Flex Ltd.,NASDAQ,2.33,48.2819,13.6293,pe15,3.54252,false
FLNG,NYSE:FLNG,FLEX LNG Ltd,NYSE,1.38,21.9393,55.8682,lynch_peg,0.392697,true
FLO,NYSE:FLO,"Flowers Foods, Inc.",NYSE,0.4,21.5286,-16.4076,pe15,-1.31211,false
FLOC,NYSE:FLOC,Flowco Holdings Inc.,NYSE,1.53,14.3665,-36.7967,pe15,-0.390428,true
FLS,NYSE:FLS,Flowserve Corporation,NYSE,2.66,28.2925,21.612,lynch_peg,1.30911,false
FLX,NASDAQ:FLX,BingEx Limited,NASDAQ,4.62,4.02951,,,,false
FLXS,NASDAQ:FLXS,"Flexsteel Industries, Inc.",NASDAQ,3.84,12.6212,7.93545,pe15,1.59048,true
FLYW,NASDAQ:FLYW,Flywire Corp,NASDAQ,0.11,68.1095,,,,false
FMAO,NASDAQ:FMAO,"Farmers & Merchants Bancorp, Inc.",NASDAQ,3.4,12.2955,13.5642,pe15,0.906472,true
FMBH,NASDAQ:FMBH,"First Mid Bancshares, Inc.",NASDAQ,3.84,12.9196,7.21916,pe15,1.78962,true
FMFC,NASDAQ:FMFC,Kandal M Venture Limited,NASDAQ,0.0129,18.6406,-32.2052,pe15,-0.578808,false
FMNB,NASDAQ:FMNB,Farmers National Banc Corp.,NASDAQ,1.46,11.3854,-0.271743,pe15,-41.8977,true
FMS,NYSE:FMS,Fresenius Medical Care AG & Co. KGaA,NYSE,1.68,12.3675,5.10118,pe15,2.42443,true
FMX,NYSE:FMX,"Fomento Económico Mexicano, S.A.B. de C.V.",NYSE,2.9,19.474,-39.2688,pe15,-0.495915,false
FN,NYSE:FN,Fabrinet,NYSE,9.23,48.7296,24.6272,lynch_peg,1.97869,false
FNB,NYSE:FNB,F.N.B. Corporation,NYSE,1.57,11.5325,12.7925,pe15,0.901508,true
FND,NYSE:FND,"Floor & Decor Holdings, Inc.",NYSE,1.94,27.3558,0.417551,pe15,65.5149,false
FNF,NYSE:FNF,"Fidelity National Financial, Inc.",NYSE,2.22,17.2691,-15.0566,pe15,-1.14695,false
FNLC,NASDAQ:FNLC,"The First Bancorp, Inc.",NASDAQ,3.1,10.5425,4.39611,pe15,2.39815,true
FNRN,NASDAQ:FNRN,First Northern Community Bancorp,NASDAQ,1.34,12.4049,12.6094,pe15,0.983785,true
FNV,NYSE:FNV,Franco-Nevada Corporation,NYSE,5.87,31,26.6698,lynch_peg,1.16236,false
FNWD,NASDAQ:FNWD,Finward Bancorp,NASDAQ,1.89,19.9694,-16.9719,pe15,-1.17662,false
FOA,NYSE:FOA,Finance of America Companies Inc.,NYSE,4.72,-61.5,-44.1125,pe15,1.39416,false
FOR,NYSE:FOR,Forestar Group Inc.,NYSE,3.3,8.82186,21.0437,lynch_peg,0.419217,true
FORM,NASDAQ:FORM,"FormFactor, Inc.",NASDAQ,0.7,88.9933,-7.25306,pe15,-12.2697,false
FORTY,NASDAQ:FORTY,Formula Systems (1985) Ltd.,NASDAQ,1.85,2.67053,-9.51546,pe15,-0.280652,true
FOUR,NYSE:FOUR,"Shift4 Payments, Inc.",NYSE,1.15,73.1404,-4.96921,pe15,-14.7187,false
FOX,NASDAQ:FOX,Fox Corporation,NASDAQ,3.97,15.6452,1.91935,pe15,8.15131,false
FOXA,NASDAQ:FOXA,Fox Corporation,NASDAQ,3.91,15.6452,1.44136,pe15,10.8545,false
FPH,NYSE:FPH,"Five Point Holdings, LLC",NYSE,1.01,6.88343,19.8967,lynch_peg,0.345959,true
FPI,NYSE:FPI,Farmland Partners Inc.,NYSE,0.71,16.5383,61.5101,lynch_peg,0.268871,true
FPS,NYSE:FPS,"Forgent Power Solutions, Inc.",NYSE,0.0658,9041.86,,,,false
FR,NYSE:FR,"First Industrial Realty Trust, Inc.",NYSE,1.87,23.0345,4.09504,pe15,5.62499,false
FRAF,NASDAQ:FRAF,Franklin Financial Services Corporation,NASDAQ,4.74,11.6636,10.0237,pe15,1.16361,true
FRBA,NASDAQ:FRBA,First Bank,NASDAQ,1.75,11.0698,12.2955,pe15,0.90031,true
FRBT,NASDAQ:FRBT,"Forbright, Inc. Class A Common Stock",NASDAQ,2.18,50.4772,,,,false
FRD,NASDAQ:FRD,"Friedman Industries, Incorporated",NASDAQ,2.76,12.0299,11.1077,pe15,1.08302,true
FRHC,NASDAQ:FRHC,Freedom Holding Corp.,NASDAQ,2.56,50.9756,0,pe15,,false
FRME,NASDAQ:FRME,First Merchants Corporation,NASDAQ,3.9,13.9201,7.23743,pe15,1.92335,true
FRO,NYSE:FRO,Frontline Plc,NYSE,1.7,10.0751,-4.22916,pe15,-2.3823,true
FRPH,NASDAQ:FRPH,"FRP Holdings, Inc.",NASDAQ,0.17,4206.6,-23.7603,pe15,-177.043,false
FRPT,NASDAQ:FRPT,"Freshpet, Inc.",NASDAQ,2.85,17.4784,,,,false
FRSH,NASDAQ:FRSH,Freshworks Inc.,NASDAQ,0.63,18.9765,14.1151,pe15,1.34442,false
FRST,NASDAQ:FRST,Primis Financial Corp,NASDAQ,2.49,7.71759,21.0001,lynch_peg,0.367503,true
FRT,NYSE:FRT,Federal Realty Investment Trust,NYSE,4.79,23.8184,24.2122,lynch_peg,0.983736,true
FSBC,NASDAQ:FSBC,Five Star Bancorp,NASDAQ,2.9,13.9351,5.58474,pe15,2.49521,true
FSBW,NASDAQ:FSBW,"FS Bancorp, Inc.",NASDAQ,4.34,9.86937,-1.02746,pe15,-9.60558,true
FSHP,NASDAQ:FSHP,Flag Ship Acquisition Corporation,NASDAQ,0.33,42.0219,,,,false
FSHPR,NASDAQ:FSHPR,Flag Ship Acquisition Corporation,NASDAQ,0.33,42.0219,,,,false
FSHPU,NASDAQ:FSHPU,Flag Ship Acquisition Corporation,NASDAQ,0.33,42.0219,,,,false
FSI,AMEX:FSI,"Flexible Solutions International, Inc.",AMEX,0.0622,76.9231,-23.6664,pe15,-3.25031,false
FSK,NYSE:FSK,FS KKR Capital Corp.,NYSE,0.0393,-9.29259,-47.607,pe15,0.195194,false
FSLR,NASDAQ:FSLR,"First Solar, Inc.",NASDAQ,14.25,14.0529,30.5345,lynch_peg,0.460229,true
FSM,NYSE:FSM,Fortuna Mining Corp.,NYSE,0.98,8.72984,49.7809,lynch_peg,0.175365,true
FSS,NYSE:FSS,Federal Signal Corporation,NYSE,4.06,26.5149,20.6218,lynch_peg,1.28577,false
FSTR,NASDAQ:FSTR,L.B. Foster Company,NASDAQ,0.73,34.9099,0.276247,pe15,126.372,false
FSUN,NASDAQ:FSUN,FirstSun Capital Bancorp,NASDAQ,3.58,24.7455,13.3887,pe15,1.84823,false
FSV,NASDAQ:FSV,FirstService Corporation,NASDAQ,3.17,40.1714,9.21589,pe15,4.35893,false
FTAI,NASDAQ:FTAI,FTAI Aviation Ltd.,NASDAQ,4.66,46.4056,20.008,lynch_peg,2.31935,false
FTDR,NASDAQ:FTDR,"Frontdoor, Inc.",NASDAQ,3.48,22.3594,21.5798,lynch_peg,1.03613,false
FTI,NYSE:FTI,TechnipFMC plc,NYSE,2.3,26.7662,86.5278,lynch_peg,0.309337,true
FTK,NYSE:FTK,"Flotek Industries, Inc.",NYSE,0.9,34.3319,-5.13167,pe15,-6.69019,false
FTLF,NASDAQ:FTLF,"FitLife Brands, Inc.",NASDAQ,0.68,16.8939,-8.254,pe15,-2.04676,false
FTNT,NASDAQ:FTNT,"Fortinet, Inc.",NASDAQ,2.44,56.5087,32.3877,lynch_peg,1.74476,false
FTS,NYSE:FTS,Fortis Inc.,NYSE,3.4,22.9648,5.6749,pe15,4.04673,false
FTV,NYSE:FTV,Fortive Corporation,NYSE,1.75,35.843,-17.5037,pe15,-2.04774,false
FTW,NYSE:FTW,Presidio Production Company,NYSE,0.23,-24.5151,,,,false
FUBO,NYSE:FUBO,fuboTV Inc.,NYSE,5.35,-7.84966,,,,false
FUL,NYSE:FUL,H.B. Fuller Company,NYSE,2.78,17.9853,3.15578,pe15,5.69917,false
FULT,NASDAQ:FULT,Fulton Financial Corporation,NASDAQ,2.1,11.823,14.2245,pe15,0.831172,true
FUNC,NASDAQ:FUNC,First United Corporation,NASDAQ,3.78,11.7817,13.1286,pe15,0.897405,true
FUSB,NASDAQ:FUSB,"First US Bancshares, Inc.",NASDAQ,1.03,12.3185,19.0896,lynch_peg,0.645301,true
FUTU,NASDAQ:FUTU,Futu Holdings Limited,NASDAQ,81.28,11.4486,51.3341,lynch_peg,0.223021,true
FVCB,NASDAQ:FVCB,"FVCBankcorp, Inc.",NASDAQ,1.22,13.0691,5.807,pe15,2.25058,true
FVN,NASDAQ:FVN,Future Vision II Acquisition Corp.,NASDAQ,0.0382,140.816,,,,false
FVRR,NYSE:FVRR,Fiverr International Ltd.,NYSE,0.58,10.7349,144.907,lynch_peg,0.0740817,true
FWONA,NASDAQ:FWONA,Formula One Group,NASDAQ,2.22,52.1495,-2.42954,pe15,-21.4648,false
FWONK,NASDAQ:FWONK,Liberty Media Corporation,NASDAQ,2.22,52.1495,-2.42954,pe15,-21.4648,false
FWRG,NASDAQ:FWRG,"First Watch Restaurant Group, Inc.",NASDAQ,0.32,44.0379,38.6723,lynch_peg,1.13875,false
FXNC,NASDAQ:FXNC,First National Corporation,NASDAQ,1.97,13.25,1.59655,pe15,8.29914,true
G,NYSE:G,Genpact Limited,NYSE,3.18,9.87941,14.4412,pe15,0.684113,true
GABC,NASDAQ:GABC,"German American Bancorp, Inc.",NASDAQ,3.06,13.558,5.51182,pe15,2.45981,true
GAIN,NASDAQ:GAIN,Gladstone Investment Corp.,NASDAQ,4.77,3.94737,30.0953,lynch_peg,0.131162,true
GAP,NYSE:GAP,"The Gap, Inc.",NYSE,2.18,7.91892,15.2557,lynch_peg,0.519081,true
GASS,NASDAQ:GASS,StealthGas Inc.,NASDAQ,1.69,5.43942,40.3799,lynch_peg,0.134706,true
GATX,NYSE:GATX,GATX Corporation,NYSE,9.14,17.679,16.6598,lynch_peg,1.06118,false
GBCI,NYSE:GBCI,"Glacier Bancorp, Inc.",NYSE,2,20.251,-6.57465,pe15,-3.08017,false
GBDC,NASDAQ:GBDC,"Golub Capital BDC, Inc.",NASDAQ,1.42,24.2273,30.8631,lynch_peg,0.784991,true
GBFH,NASDAQ:GBFH,GBank Financial Holdings Inc.,NASDAQ,1.46,17.0748,20.6968,lynch_peg,0.825,true
GBLI,NASDAQ:GBLI,"Global Indemnity Group, LLC",NASDAQ,1.75,11.9746,-15.8543,pe15,-0.755288,true
GBTG,NYSE:GBTG,"Global Business Travel Group, Inc.",NYSE,0.21,59.0937,-23.4055,pe15,-2.52478,false
GBX,NYSE:GBX,"The Greenbrier Companies, Inc.",NYSE,6.55,13.3136,34.2858,lynch_peg,0.388312,true
GCBC,NASDAQ:GCBC,"Greene County Bancorp, Inc.",NASDAQ,2.41,14.5788,11.3165,pe15,1.28828,true
GCMG,NASDAQ:GCMG,GCM Grosvenor Inc.,NASDAQ,0.87,17.7055,54.1359,lynch_peg,0.327057,true
GCO,NYSE:GCO,Genesco Inc.,NYSE,1.28,18.151,-17.1227,pe15,-1.06006,false
GCT,NASDAQ:GCT,GigaCloud Technology Inc.,NASDAQ,3.6,12.5534,-1.78875,pe15,-7.01801,true
GD,NYSE:GD,General Dynamics Corporation,NYSE,15.64,23.7511,7.2145,pe15,3.29213,false
GDDY,NYSE:GDDY,GoDaddy Inc.,NYSE,6.34,14.1824,41.4958,lynch_peg,0.341778,true
GDEV,NASDAQ:GDEV,GDEV Inc.,NASDAQ,3.81,3.09091,117.558,lynch_peg,0.0262927,true
GDRX,NASDAQ:GDRX,"GoodRx Holdings, Inc.",NASDAQ,0.0854,69.6768,-5.51139,pe15,-12.6423,false
GDS,NASDAQ:GDS,GDS Holdings Limited,NASDAQ,4.64,16.6093,,,,false
GDYN,NASDAQ:GDYN,"Grid Dynamics Holdings, Inc.",NASDAQ,0.11,281.455,-10.9101,pe15,-25.7975,false
GE,NYSE:GE,GE Aerospace,NYSE,8.16,42.7101,11.8085,pe15,3.61691,false
GECCI,NASDAQ:GECCI,Great Elm Capital Corp. 8.50% Notes DUE 2029,NASDAQ,1.45,-1.80435,-34.0125,pe15,0.0530496,false
GEF,NYSE:GEF,"Greif, Inc.",NYSE,15.05,5.03578,46.2416,lynch_peg,0.108902,true
GEG,NASDAQ:GEG,"Great Elm Group, Inc.",NASDAQ,0.47,-3.22059,-3.0464,pe15,1.05718,false
GEGGL,NASDAQ:GEGGL,"Great Elm Group, Inc. 7.25% Notes due 2027",NASDAQ,0.47,-3.22059,-3.0464,pe15,1.05718,false
GEHC,NASDAQ:GEHC,GE HealthCare Technologies Inc.,NASDAQ,4.56,21.181,0.671201,pe15,31.5569,false
GEN,NASDAQ:GEN,Gen Digital Inc.,NASDAQ,1.59,16.5489,11.0846,pe15,1.49296,false
GENC,AMEX:GENC,"Gencor Industries, Inc.",AMEX,1.07,15.4904,23.0042,lynch_peg,0.673373,true
GEO,NYSE:GEO,"The GEO Group, Inc.",NYSE,1.85,14.2266,14.5009,pe15,0.981089,true
GEV,NYSE:GEV,GE Vernova Inc.,NYSE,17.92,30.0203,,,,false
GFF,NYSE:GFF,Griffon Corporation,NYSE,1.13,23.3595,17.247,lynch_peg,1.35441,false
GFI,NYSE:GFI,Gold Fields Limited,NYSE,4,9.78772,37.2933,lynch_peg,0.262453,true
GFL,NYSE:GFL,GFL Environmental Inc.,NYSE,0.66,-92.4564,125.32,lynch_peg,-0.737761,false
GFR,NYSE:GFR,Greenfire Resources Ltd.,NYSE,0.64,-11.1195,-56.3564,pe15,0.197307,false
GFS,NASDAQ:GFS,GLOBALFOUNDRIES Inc.,NASDAQ,1.59,41.7615,-16.0769,pe15,-2.59761,false
GGAL,NASDAQ:GGAL,Grupo Financiero Galicia S.A.,NASDAQ,1422,129.437,39.5593,lynch_peg,3.27199,false
GGB,NYSE:GGB,Gerdau S.A.,NYSE,0.69,21.7788,-12.4313,pe15,-1.75193,false
GGG,NYSE:GGG,Graco Inc.,NYSE,3.14,25.2786,9.77228,pe15,2.58677,false
GHC,NYSE:GHC,Graham Holdings Company,NYSE,67.11,9.36112,2.8546,pe15,3.27931,true
GHG,NYSE:GHG,GreenTree Hospitality Group Ltd.,NYSE,1.65,6.23533,-8.26606,pe15,-0.754329,true
GHM,NYSE:GHM,Graham Corporation,NYSE,1.14,105.481,36.5648,lynch_peg,2.88477,false
GIB,NYSE:GIB,CGI Inc.,NYSE,7.45,12.6375,11.7753,pe15,1.07322,true
GIC,NYSE:GIC,Global Industrial Co,NYSE,1.86,17.3839,1.57735,pe15,11.0209,false
GIII,NASDAQ:GIII,"G-III Apparel Group, Ltd.",NASDAQ,1.58,11.2241,26.384,lynch_peg,0.425412,true
GIL,NYSE:GIL,Gildan Activewear Inc.,NYSE,2.65,105.37,12.6031,pe15,8.36066,false
GILD,NASDAQ:GILD,"Gilead Sciences, Inc.",NASDAQ,6.84,-52.8154,133.805,lynch_peg,-0.394718,false
GILT,NASDAQ:GILT,Gilat Satellite Networks Ltd.,NASDAQ,0.35,25.2282,-11.091,pe15,-2.27464,false
GIW,NASDAQ:GIW,GigCapital8 Corp.,NASDAQ,0.0502,65.5167,,,,false
GL,NYSE:GL,Globe Life Inc.,NYSE,14.3,11.8133,15.6904,lynch_peg,0.7529,true
GLAD,NASDAQ:GLAD,Gladstone Capital Corporation,NASDAQ,2.56,9.30841,11.1178,pe15,0.837255,true
GLBE,NASDAQ:GLBE,Global-e Online Ltd.,NASDAQ,0.4,46.242,129.374,lynch_peg,0.357429,true
GLE,NASDAQ:GLE,Global Engine Group Holding Limited Ordinary Shares,NASDAQ,0.16,17.6758,-4.20527,pe15,-4.20325,false
GLND,NASDAQ:GLND,Greenland Energy Company Common Stock,NASDAQ,0.1,33.0667,,,,false
GLNG,NASDAQ:GLNG,Golar LNG Limited,NASDAQ,0.65,37.6014,-52.9843,pe15,-0.709671,false
GLOB,NYSE:GLOB,Globant S.A.,NYSE,2.33,15.5257,10.5675,pe15,1.4692,false
GLP,NYSE:GLP,Global Partners LP,NYSE,2.13,10.2901,-5.11884,pe15,-2.01023,true
GLPI,NASDAQ:GLPI,"Gaming and Leisure Properties, Inc.",NASDAQ,2.95,12.6507,5.01274,pe15,2.52371,true
GLRE,NASDAQ:GLRE,"Greenlight Capital Re, Ltd.",NASDAQ,2.21,10.4601,82.2216,lynch_peg,0.127218,true
GLW,NYSE:GLW,Corning Inc,NYSE,1.86,74.991,28.063,lynch_peg,2.67223,false
GM,NYSE:GM,General Motors Company,NYSE,3.33,43.3425,-5.24731,pe15,-8.25995,false
GMAB,NASDAQ:GMAB,Genmab A/S,NASDAQ,1.55,24.4757,-26.6497,pe15,-0.918422,false
GME,NYSE:GME,GameStop Corp.,NYSE,0.93,10.9441,550.175,lynch_peg,0.0198921,true
GMED,NYSE:GMED,"Globus Medical, Inc.",NYSE,3.98,21.7078,30.7886,lynch_peg,0.70506,true
GMHS,NASDAQ:GMHS,Gamehaus Holdings Inc.,NASDAQ,0.0769,7.47868,26.1564,lynch_peg,0.285922,true
GMRS,NYSE:GMRS,GMR Solutions Inc.,NYSE,0.16,107.442,,,,false
GNE,NYSE:GNE,Genie Energy Ltd.,NYSE,0.92,13.045,15.3759,lynch_peg,0.848409,true
GNRC,NYSE:GNRC,Generac Holdings Inc.,NYSE,2.73,49.8299,-13.4155,pe15,-3.71434,false
GNTX,NASDAQ:GNTX,Gentex Corporation,NASDAQ,1.74,12.5582,4.29561,pe15,2.9235,true
GNW,NYSE:GNW,"Genworth Financial, Inc.",NYSE,0.55,18.5229,-18.2896,pe15,-1.01276,false
GOAI,NASDAQ:GOAI,"Eva Live, Inc.",NASDAQ,0.26,-9.76471,,,,false
GOGO,NASDAQ:GOGO,Gogo Inc.,NASDAQ,0.0966,-429.545,-49.2827,pe15,8.71595,false
GOLD,NYSE:GOLD,"Gold.com, Inc.",NYSE,0.73,14.294,-19.5784,pe15,-0.73009,true
GOLF,NYSE:GOLF,Acushnet Holdings Corp.,NYSE,3.12,24.5734,19.3199,lynch_peg,1.27192,false
GOOD,NASDAQ:GOOD,Gladstone Commercial Corporation,NASDAQ,0.41,24.8399,35.4279,lynch_peg,0.701138,true
GOOG,NASDAQ:GOOG,Alphabet Inc.,NASDAQ,10.91,17.1703,29.8095,lynch_peg,0.576,true
GOOGL,NASDAQ:GOOGL,Alphabet Inc.,NASDAQ,10.91,17.1738,29.8095,lynch_peg,0.576117,true
GOOS,NYSE:GOOS,Canada Goose Holdings Inc.,NYSE,0.24,20.4237,-17.8124,pe15,-1.1466,false
GPAT,NASDAQ:GPAT,GP-Act III Acquisition Corp.,NASDAQ,0.41,35.5548,,,,false
GPC,NYSE:GPC,Genuine Parts Company,NYSE,0.47,518,-30.7455,pe15,-16.848,false
GPI,NYSE:GPI,"Group 1 Automotive, Inc.",NYSE,25.17,10.8919,10.0968,pe15,1.07875,true
GPJA,NYSE:GPJA,Georgia Power Company 5% JR SUB NT 77,NYSE,3.94,0.158052,-52.9046,pe15,-0.00298749,true
GPK,NYSE:GPK,Graphic Packaging Holding Company,NYSE,1.49,17.5076,19.9519,lynch_peg,0.877491,true
GPN,NYSE:GPN,Global Payments Inc.,NYSE,5.84,-23.7538,24.5305,lynch_peg,-0.96834,false
GPOR,NYSE:GPOR,Gulfport Energy Corp,NYSE,21.74,6.80159,20.1912,lynch_peg,0.336859,true
GPRK,NYSE:GPRK,GeoPark Limited,NYSE,0.96,6.43624,0,pe15,,true
GRAB,NASDAQ:GRAB,Grab Holdings Limited,NASDAQ,0.0655,25.1029,,,,false
GRBK,NYSE:GRBK,"Green Brick Partners, Inc.",NYSE,7.09,10.5787,25.8035,lynch_peg,0.409972,true
GRC,NYSE:GRC,The Gorman-Rupp Company,NYSE,2.02,34.0466,15.802,lynch_peg,2.15458,false
GRDN,NYSE:GRDN,"Guardian Pharmacy Services, Inc.",NYSE,0.79,36.8381,19.0756,lynch_peg,1.93117,false
GRFS,NASDAQ:GRFS,"Grifols, S.A.",NASDAQ,0.57,14.794,-4.82774,pe15,-3.06438,true
GRMN,NYSE:GRMN,Garmin Ltd.,NYSE,8.65,32.0492,10.7566,pe15,2.97949,false
GRND,NYSE:GRND,Grindr Inc.,NYSE,0.5,31.1154,46.5851,lynch_peg,0.667925,true
GRNT,NYSE:GRNT,"Granite Ridge Resources, Inc",NYSE,0.18,-24.6429,36.9362,lynch_peg,-0.667173,false
GRVY,NASDAQ:GRVY,"Gravity Co., Ltd.",NASDAQ,9840.04,11.6409,1.74877,pe15,6.6566,true
GS,NYSE:GS,"The Goldman Sachs Group, Inc.",NYSE,51.95,15.7733,15.7429,lynch_peg,1.00193,false
GSBC,NASDAQ:GSBC,"Great Southern Bancorp, Inc.",NASDAQ,6.23,13.543,8.10235,pe15,1.6715,true
GSBD,NYSE:GSBD,"Goldman Sachs BDC, Inc.",NYSE,1.03,19.4216,-20.5811,pe15,-0.943661,false
GSHD,NASDAQ:GSHD,"Goosehead Insurance, Inc",NASDAQ,1.11,45.9406,15.0779,lynch_peg,3.04687,false
GSHR,NASDAQ:GSHR,Gesher Acquisition Corp. II,NASDAQ,0.2,45.9585,,,,false
GSK,NYSE:GSK,GSK plc,NYSE,2.82,15.1083,-0.420183,pe15,-35.9566,false
GSL,NYSE:GSL,"Global Ship Lease, Inc.",NYSE,11.4,4.02404,37.4939,lynch_peg,0.107325,true
GSRF,NASDAQ:GSRF,GSR IV Acquisition Corp. Class A ordinary share,NASDAQ,0.17,44.3043,,,,false
GTEC,NASDAQ:GTEC,Greenland Technologies Holding Corporation,NASDAQ,0.31,1.13485,-14.2849,pe15,-0.0794438,true
GTEN,NASDAQ:GTEN,"Gores Holdings X, Inc.",NASDAQ,0.0204,75.4993,,,,false
GTES,NYSE:GTES,Gates Industrial Corporation plc,NYSE,0.98,19.465,-13.7469,pe15,-1.41596,false
GTIM,NASDAQ:GTIM,Good Times Restaurants Inc.,NASDAQ,0.0965,7.70142,-48.0018,pe15,-0.16044,true
GTM,NASDAQ:GTM,ZoomInfo Technologies Inc.,NASDAQ,0.39,-2.22835,-4.04299,pe15,0.551162,false
GTX,NASDAQ:GTX,Garrett Motion Inc.,NASDAQ,1.55,15.5722,7.89596,pe15,1.97217,false
GTY,NYSE:GTY,Getty Realty Corp.,NYSE,1.35,19.9431,-3.58075,pe15,-5.56954,false
GVA,NYSE:GVA,Granite Construction Incorporated,NYSE,4.42,-33.6366,24.1918,lynch_peg,-1.39041,false
GVH,NASDAQ:GVH,Globavend Holdings Limited,NASDAQ,0.0829,63.9241,21.7736,lynch_peg,2.93585,false
GWRE,NYSE:GWRE,"Guidewire Software, Inc.",NYSE,0.83,91.6455,22.1396,lynch_peg,4.13945,false
GWRS,NASDAQ:GWRS,"Global Water Resources, Inc.",NASDAQ,0.11,76.5186,17.5066,lynch_peg,4.37084,false
GWW,NYSE:GWW,"W.W. Grainger, Inc.",NYSE,35.47,33.6713,22.2504,lynch_peg,1.51329,false
GXO,NYSE:GXO,"GXO Logistics, Inc.",NYSE,0.28,42.1768,-9.80293,pe15,-4.30247,false
GYRE,NASDAQ:GYRE,"Gyre Therapeutics, Inc.",NASDAQ,0.0563,-32.8753,23.2104,lynch_peg,-1.41641,false
HAE,NYSE:HAE,Haemonetics Corporation,NYSE,2.05,44.1189,5.48018,pe15,8.05064,false
HAFC,NASDAQ:HAFC,Hanmi Financial Corporation,NASDAQ,2.55,10.913,13.066,pe15,0.835221,true
HAFN,NYSE:HAFN,Hafnia Limited,NYSE,0.7,8.38587,9.23885,pe15,0.907675,true
HAL,NYSE:HAL,Halliburton Company,NYSE,1.51,17.9024,-3.15581,pe15,-5.67284,false
HALO,NASDAQ:HALO,"Halozyme Therapeutics, Inc.",NASDAQ,2.64,27.9858,22.6806,lynch_peg,1.23391,false
HAO,NASDAQ:HAO,Haoxi Health Technology Limited,NASDAQ,33.2,-0.0739545,172.739,lynch_peg,-0.00042813,false
HAPN,NASDAQ:HAPN,"Happen, Inc. Common Stock",NASDAQ,1.18,11.6353,57.8636,lynch_peg,0.201081,true
HASI,NYSE:HASI,"HA Sustainable Infrastructure Capital, Inc.",NYSE,1.49,65.053,5.687,pe15,11.4389,false
HAVA,NASDAQ:HAVA,Harvard Ave Acquisition Corporation Class A Ordinary Share,NASDAQ,0.0936,96.9436,,,,false
HAVAU,NASDAQ:HAVAU,Harvard Ave Acquisition Corporation Unit,NASDAQ,0.0936,108.93,,,,false
HAWK,NYSE:HAWK,"HawkEye 360, Inc.",NYSE,0.0005,-19.5951,,,,false
HAYW,NYSE:HAYW,"Hayward Holdings, Inc.",NYSE,0.7,20.2867,141.057,lynch_peg,0.143819,true
HBAN,NASDAQ:HBAN,Huntington Bancshares Incorporated,NASDAQ,1.41,13.1912,15.0335,lynch_peg,0.877454,true
HBB,NYSE:HBB,Hamilton Beach Brands Holding Company,NYSE,1.95,7.84507,-10.4703,pe15,-0.749267,true
HBCP,NASDAQ:HBCP,"Home Bancorp, Inc.",NASDAQ,5.93,12.0431,15.7012,lynch_peg,0.767021,true
HBM,NYSE:HBM,Hudbay Minerals Inc.,NYSE,1.46,16.0503,23.6695,lynch_peg,0.6781,true
HBT,NASDAQ:HBT,"HBT Financial, Inc.",NASDAQ,2.44,15.9542,12.7345,pe15,1.25283,false
HCA,NYSE:HCA,"HCA Healthcare, Inc.",NYSE,28.62,13.6242,20.8999,lynch_peg,0.651877,true
HCC,NYSE:HCC,"Warrior Met Coal, Inc.",NYSE,1.08,23.5072,-24.5839,pe15,-0.956205,false
HCI,NYSE:HCI,"HCI Group, Inc.",NYSE,28.1,7.16628,51.2501,lynch_peg,0.13983,true
HCKT,NASDAQ:HCKT,"The Hackett Group, Inc.",NASDAQ,0.47,16.7777,21.1616,lynch_peg,0.792838,true
HCM,NASDAQ:HCM,HUTCHMED (China) Limited,NASDAQ,2.65,4.51011,110.159,lynch_peg,0.0409419,true
HCMA,NASDAQ:HCMA,HCM Acquisition Corp,NASDAQ,0.065,88.956,-95.0986,pe15,-0.935408,false
HCSG,NASDAQ:HCSG,"Healthcare Services Group, Inc.",NASDAQ,0.82,12.5047,-9.0824,pe15,-1.37681,true
HCXY,NYSE:HCXY,Hercules Capital Inc,NYSE,1.9,8.04545,-1.2174,pe15,-6.60871,true
HD,NYSE:HD,"The Home Depot, Inc.",NYSE,14.27,23.9993,3.56033,pe15,6.74075,false
HDB,NYSE:HDB,HDFC Bank Limited,NYSE,468.57,14.1495,40.0977,lynch_peg,0.352875,true
HDRN,NASDAQ:HDRN,"Hadron Energy, Inc.",NASDAQ,0.11,-2.57493,,,,false
HDSN,NASDAQ:HDSN,"Hudson Technologies, Inc.",NASDAQ,0.38,27.4139,-15.3479,pe15,-1.78617,false
HE,NYSE:HE,"Hawaiian Electric Industries, Inc.",NYSE,0.71,9.13077,-17.0692,pe15,-0.534927,true
HEI,NYSE:HEI,HEICO Corporation,NYSE,4.97,65.4037,16.359,lynch_peg,3.99802,false
HERE,NASDAQ:HERE,Here Group Limited,NASDAQ,6.67,27.5335,,,,false
HESM,NYSE:HESM,Hess Midstream LP,NYSE,2.87,13.9,16.6289,lynch_peg,0.835896,true
HFBL,NASDAQ:HFBL,"Home Federal Bancorp, Inc. of Louisiana",NASDAQ,2.05,12.2549,4.31077,pe15,2.84286,true
HFWA,NASDAQ:HFWA,Heritage Financial Corporation,NASDAQ,1.99,14.1792,9.05678,pe15,1.56559,true
HG,NYSE:HG,"Hamilton Insurance Group, Ltd.",NYSE,5.68,6.07313,32.5509,lynch_peg,0.186573,true
HGBL,NASDAQ:HGBL,Heritage Global Inc.,NASDAQ,0.1,-2.54954,-20.7553,pe15,0.122838,false
HGTY,NYSE:HGTY,"Hagerty, Inc.",NYSE,0.44,31.1654,-8.33812,pe15,-3.7377,false
HGV,NYSE:HGV,Hilton Grand Vacations Inc.,NYSE,0.9,21.1372,-15.2566,pe15,-1.38545,false
HHH,NYSE:HHH,Howard Hughes Holdings Inc.,NYSE,2.11,13.5172,3.56533,pe15,3.79128,true
HIFS,NASDAQ:HIFS,Hingham Institution for Savings,NASDAQ,25.01,10.3037,1.03072,pe15,9.99664,true
HIG,NYSE:HIG,"The Hartford Insurance Group, Inc.",NYSE,13.51,8.8155,23.045,lynch_peg,0.382534,true
HII,NYSE:HII,"Huntington Ingalls Industries, Inc.",NYSE,15.39,19.5065,-2.13091,pe15,-9.1541,false
HIMS,NYSE:HIMS,"Hims & Hers Health, Inc.",NYSE,0.57,-47.3443,,,,false
HIMX,NASDAQ:HIMX,"Himax Technologies, Inc.",NASDAQ,0.26,75.1511,-1.47123,pe15,-51.0804,false
HIPO,NYSE:HIPO,Hippo Holdings Inc.,NYSE,2.28,6.88958,,,,false
HIT,NASDAQ:HIT,"Health In Tech, Inc.",NASDAQ,0.02,-14.3262,137.126,lynch_peg,-0.104475,false
HIW,NYSE:HIW,"Highwoods Properties, Inc.",NYSE,1.45,20.8882,-15.2683,pe15,-1.36807,false
HKD,NYSE:HKD,AMTD Digital Inc.,NYSE,0.18,9.63068,10.3509,pe15,0.930418,true
HKIT,NASDAQ:HKIT,Hitek Global Inc.,NASDAQ,25,0.39871,-33.1675,pe15,-0.0120211,true
HL,NYSE:HL,Hecla Mining Company,NYSE,0.49,37.43,66.0839,lynch_peg,0.566401,true
HLF,NYSE:HLF,Herbalife Nutrition Ltd.,NYSE,2.22,7.66875,-4.7394,pe15,-1.61808,true
HLI,NYSE:HLI,"Houlihan Lokey, Inc.",NYSE,6.4,21.2824,6.14445,pe15,3.46369,false
HLIO,NYSE:HLIO,"Helios Technologies, Inc.",NYSE,1.46,38.2593,-14.7368,pe15,-2.59617,false
HLLY,NYSE:HLLY,Holley Inc.,NYSE,0.16,35.3926,-20.0562,pe15,-1.76467,false
HLMN,NASDAQ:HLMN,Hillman Solutions Corp.,NASDAQ,0.2,40.1192,,,,false
HLN,NYSE:HLN,Haleon plc,NYSE,0.36,19.4621,8.44718,pe15,2.30398,false
HLNE,NASDAQ:HLNE,Hamilton Lane Incorporated,NASDAQ,5.99,15.9291,16.2614,lynch_peg,0.979566,true
HLP,NASDAQ:HLP,Hongli Group Inc.,NASDAQ,0.0265,49.434,-33.2512,pe15,-1.48668,false
HLT,NYSE:HLT,Hilton Worldwide Holdings Inc.,NYSE,6.18,47.4709,12.3677,pe15,3.83828,false
HLX,NYSE:HLX,"Helix Energy Solutions Group, Inc.",NYSE,0.21,38.8889,10.0665,pe15,3.8632,false
HMH,NASDAQ:HMH,HMH Holding Inc. Class A Common Stock,NASDAQ,1.03,23.133,60.4681,lynch_peg,0.382565,true
HMN,NYSE:HMN,Horace Mann Educators Corporation,NYSE,3.93,12.1114,4.06563,pe15,2.97896,true
HMY,NYSE:HMY,Harmony Gold Mining Company Limited,NYSE,23.13,12.178,28.7407,lynch_peg,0.423719,true
HNI,NYSE:HNI,HNI Corporation,NYSE,1.13,1642.67,2.88936,pe15,568.522,false
HNNA,NASDAQ:HNNA,"Hennessy Advisors, Inc.",NASDAQ,1.28,9.56667,3.64903,pe15,2.6217,true
HNRG,NASDAQ:HNRG,Hallador Energy Company,NASDAQ,0.98,466.142,21.5501,lynch_peg,21.6307,false
HNVR,NASDAQ:HNVR,"Hanover Bancorp, Inc.",NASDAQ,1,21.6729,-3.41924,pe15,-6.33852,false
HOG,NYSE:HOG,"Harley-Davidson, Inc.",NYSE,2.82,16.7982,219.276,lynch_peg,0.0766076,true
HOMB,NYSE:HOMB,"Home Bancshares, Inc.",NYSE,2.41,12.9037,13.1396,pe15,0.982044,true
HON,NASDAQ:HON,Honeywell International Inc.,NASDAQ,14.8,9.06729,1.73547,pe15,5.22469,true
HONA,NASDAQ:HONA,Honeywell Aerospace Inc,NASDAQ,5.62,104.23,,,,false
HOOD,NASDAQ:HOOD,"Robinhood Markets, Inc.",NASDAQ,2.12,42.1797,262.219,lynch_peg,0.160857,true
HOPE,NASDAQ:HOPE,"Hope Bancorp, Inc.",NASDAQ,0.46,14.525,-12.5614,pe15,-1.15632,true
HOUR,NASDAQ:HOUR,"Hour Loop, Inc.",NASDAQ,0.0485,41.7026,-15.1074,pe15,-2.76041,false
HOV,NYSE:HOV,"Hovnanian Enterprises, Inc.",NYSE,7.95,34.3505,1.22624,pe15,28.0129,false
HPAI,NASDAQ:HPAI,Helport AI Limited,NASDAQ,0.05,9.402,19.0948,lynch_peg,0.492386,true
HPK,NASDAQ:HPK,"HighPeak Energy, Inc.",NASDAQ,0.13,-9.76923,-30.2739,pe15,0.322694,false
HPQ,NYSE:HPQ,HP Inc.,NYSE,2.67,11.1843,5.84322,pe15,1.91407,true
HQI,NASDAQ:HQI,"HireQuest, Inc.",NASDAQ,0.45,29.4407,2.38363,pe15,12.3512,false
HQY,NASDAQ:HQY,"HealthEquity, Inc.",NASDAQ,2.5,39.0704,83.5489,lynch_peg,0.467635,true
HRB,NYSE:HRB,"H&R Block, Inc.",NYSE,5.71,9.12586,13.7373,pe15,0.664312,true
HRI,NYSE:HRI,Herc Holdings Inc.,NYSE,0.032,117.204,-58.2741,pe15,-2.01126,false
HRL,NYSE:HRL,Hormel Foods Corporation,NYSE,0.87,28.8529,-12.4358,pe15,-2.32015,false
HRMY,NASDAQ:HRMY,"Harmony Biosciences Holdings, Inc.",NASDAQ,2.76,12.1661,46.45,lynch_peg,0.261919,true
HRTG,NYSE:HRTG,"Heritage Insurance Holdings, Inc.",NYSE,6.33,4.75213,80.5419,lynch_peg,0.059002,true
HSAI,NASDAQ:HSAI,Hesai Group,NASDAQ,3.08,37.3866,,,,false
HSBC,NYSE:HSBC,HSBC Holdings plc,NYSE,6.05,14.7198,44.8126,lynch_peg,0.328474,true
HSHP,NYSE:HSHP,Himalaya Shipping Ltd.,NYSE,0.38,14.0575,211.35,lynch_peg,0.066513,true
HSIC,NASDAQ:HSIC,"Henry Schein, Inc.",NASDAQ,3.29,26.091,3.13103,pe15,8.33305,false
HST,NASDAQ:HST,"Host Hotels & Resorts, Inc.",NASDAQ,1.1,15.6361,-2.23794,pe15,-6.98682,false
HSTM,NASDAQ:HSTM,"HealthStream, Inc.",NASDAQ,0.61,40.232,6.75186,pe15,5.95865,false
HSY,NYSE:HSY,The Hershey Company,NYSE,4.4,24.7645,-6.41668,pe15,-3.85939,false
HTB,NYSE:HTB,"HomeTrust Bancshares, Inc.",NYSE,3.75,13.0362,22.8529,lynch_peg,0.570439,true
HTCR,NASDAQ:HTCR,"HeartCore Enterprises, Inc.",NASDAQ,4.94,0.824281,98.5735,lynch_peg,0.00836209,true
HTGC,NYSE:HTGC,"Hercules Capital, Inc.",NYSE,1.9,8.04569,-1.2174,pe15,-6.60891,true
HTH,NYSE:HTH,Hilltop Holdings Inc.,NYSE,2.64,14.7648,-10.4721,pe15,-1.40992,true
HTHT,NASDAQ:HTHT,H World Group Limited,NASDAQ,16.1,4.62538,17.2391,lynch_peg,0.268308,true
HTLM,NASDAQ:HTLM,HomesToLife Ltd,NASDAQ,0.18,1.95519,28.2182,lynch_peg,0.0692883,true
HTO,NASDAQ:HTO,H2O America,NASDAQ,2.93,22.1388,6.28764,pe15,3.521,false
HTT,NYSE:HTT,High Templar Tech Limited,NYSE,4.37,3.92475,2.94326,pe15,1.33347,true
HUBB,NYSE:HUBB,Hubbell Incorporated,NYSE,16.63,30.2643,20.8181,lynch_peg,1.45375,false
HUBG,NASDAQ:HUBG,"Hub Group, Inc.",NASDAQ,1.72,30.8,1.33058,pe15,23.1479,false
HUBS,NYSE:HUBS,"HubSpot, Inc.",NYSE,0.88,81.2332,,,,false
HUIZ,NASDAQ:HUIZ,Huize Holding Limited,NASDAQ,7.8,1.09227,5.0617,pe15,0.215792,true
HUM,NYSE:HUM,Humana Inc.,NYSE,9.87,35.938,-17.271,pe15,-2.08083,false
HURN,NASDAQ:HURN,Huron Consulting Group Inc.,NASDAQ,6.02,22.5352,21.192,lynch_peg,1.06338,false
HVII,NASDAQ:HVII,Hennessy Capital Investment Corp. VII,NASDAQ,0.15,95.2036,,,,false
HVMC,NASDAQ:HVMC,Highview Merger Corp. Class A Ordinary Share,NASDAQ,0.11,38.1422,,,,false
HVMCW,NASDAQ:HVMCW,Highview Merger Corp.,NASDAQ,0.11,1.34841,,,,false
HVT,NYSE:HVT,"Haverty Furniture Companies, Inc.",NYSE,1.22,38.6216,-17.3848,pe15,-2.22158,false
HWBK,NASDAQ:HWBK,"Hawthorn Bancshares, Inc.",NASDAQ,3.44,10.5236,11.9078,pe15,0.883751,true
HWC,NASDAQ:HWC,Hancock Whitney Corporation,NASDAQ,5.71,15.5379,7.40278,pe15,2.09892,false
HWKN,NASDAQ:HWKN,"Hawkins, Inc.",NASDAQ,3.93,33.599,15.046,lynch_peg,2.23308,false
HWM,NYSE:HWM,Howmet Aerospace Inc.,NYSE,3.73,60.9529,50.6932,lynch_peg,1.20239,false
HXHX,NASDAQ:HXHX,Haoxin Holdings Limited Class A Ordinary Shares,NASDAQ,0.0401,13.7861,-16.7031,pe15,-0.82536,true
HXL,NYSE:HXL,Hexcel Corporation,NYSE,1.38,51.63,29.4253,lynch_peg,1.75461,false
HYNE,NASDAQ:HYNE,"Hoyne Bancorp, Inc. Common Stock",NASDAQ,0.0287,538.235,-63.8815,pe15,-8.42553,false
IAG,NYSE:IAG,Iamgold Corporation,NYSE,1.18,9.33663,67.3123,lynch_peg,0.138706,true
IBAC,NASDAQ:IBAC,IB Acquisition Corp. Common Stock,NASDAQ,0.22,135.634,,,,false
IBCP,NASDAQ:IBCP,Independent Bank Corporation,NASDAQ,3.3,11.0618,5.20946,pe15,2.1234,true
IBEX,NASDAQ:IBEX,IBEX Limited,NASDAQ,2.51,10.1668,41.659,lynch_peg,0.244049,true
IBKR,NASDAQ:IBKR,"Interactive Brokers Group, Inc.",NASDAQ,2.23,36.2134,29.597,lynch_peg,1.22355,false
IBM,NYSE:IBM,International Business Machines Corporation,NYSE,11.36,20.4253,12.5858,pe15,1.62288,false
IBN,NYSE:IBN,ICICI Bank Limited,NYSE,151.78,18.0717,22.7246,lynch_peg,0.795246,true
IBOC,NASDAQ:IBOC,International Bancshares Corporation,NASDAQ,6.63,11.0066,20.3127,lynch_peg,0.541857,true
IBP,NYSE:IBP,"Installed Building Products, Inc.",NYSE,9.76,26.1408,24.2188,lynch_peg,1.07936,false
IBTA,NYSE:IBTA,"Ibotta, Inc.",NYSE,0.13,-83.2974,-67.8792,pe15,1.22714,false
ICE,NYSE:ICE,"Intercontinental Exchange, Inc.",NYSE,5.8,21.6118,8.88242,pe15,2.4331,false
ICFI,NASDAQ:ICFI,"ICF International, Inc.",NASDAQ,4.98,18.3795,11.2677,pe15,1.63116,false
ICL,NYSE:ICL,ICL Group Ltd,NYSE,0.18,22.9749,57.2846,lynch_peg,0.401066,true
ICLR,NASDAQ:ICLR,ICON Public Limited Company,NASDAQ,2.92,38.3414,-14.2278,pe15,-2.69482,false
ICUI,NASDAQ:ICUI,"ICU Medical, Inc.",NASDAQ,0.0297,151.367,-62.7837,pe15,-2.41092,false
IDA,NYSE:IDA,"IDACORP, Inc.",NYSE,5.96,23.0291,4.86479,pe15,4.73384,false
IDCC,NASDAQ:IDCC,"InterDigital, Inc.",NASDAQ,15.77,29.3772,60.9518,lynch_peg,0.481975,true
IDN,NASDAQ:IDN,"Intellicheck, Inc.",NASDAQ,0.0651,18.1006,,,,false
IDR,AMEX:IDR,"Idaho Strategic Resources, Inc.",AMEX,1.15,22.363,42.4118,lynch_peg,0.527282,true
IDT,NYSE:IDT,IDT Corporation,NYSE,3.02,20.4601,29.7892,lynch_peg,0.68683,true
IDXX,NASDAQ:IDXX,"IDEXX Laboratories, Inc.",NASDAQ,13.17,39.0765,14.0671,pe15,2.77787,false
IESC,NASDAQ:IESC,"IES Holdings, Inc.",NASDAQ,15.22,33.5762,50.0641,lynch_peg,0.670665,true
IEX,NYSE:IEX,IDEX Corporation,NYSE,6.41,34.2123,5.13601,pe15,6.66127,false
IFS,NYSE:IFS,Intercorp Financial Services Inc.,NYSE,16.31,9.76363,37.4875,lynch_peg,0.26045,true
IGIC,NASDAQ:IGIC,International General Insurance Holdings Ltd.,NASDAQ,2.89,10.9032,37.4071,lynch_peg,0.291475,true
IH,NYSE:IH,iHuman Inc.,NYSE,9.1,1.26775,-4.0449,pe15,-0.31342,true
IHG,NYSE:IHG,InterContinental Hotels Group PLC,NYSE,4.91,33.692,15.2065,lynch_peg,2.21563,false
IHS,NYSE:IHS,IHS Holding Limited,NYSE,0.43,21.1621,,,,false
III,NASDAQ:III,"Information Services Group, Inc.",NASDAQ,0.19,21.3665,25.9275,lynch_peg,0.824086,true
IIIN,NYSE:IIIN,"Insteel Industries, Inc.",NYSE,2.11,17.4278,16.3401,lynch_peg,1.06657,false
IIIV,NASDAQ:IIIV,"i3 Verticals, Inc.",NASDAQ,0.75,40.0883,,,,false
IIPR,NYSE:IIPR,"Innovative Industrial Properties, Inc.",NYSE,3.98,12.6142,3.94458,pe15,3.19785,true
ILMN,NASDAQ:ILMN,"Illumina, Inc.",NASDAQ,5.48,35.5831,-3.58024,pe15,-9.93875,false
IMAX,NYSE:IMAX,IMAX Corporation,NYSE,0.65,70.7428,-2.57211,pe15,-27.5038,false
IMKTA,NASDAQ:IMKTA,"Ingles Markets, Incorporated",NASDAQ,4.5,15.6835,-13.0606,pe15,-1.20083,false
IMMR,NASDAQ:IMMR,Immersion Corporation,NASDAQ,0.14,53.5357,-18.9387,pe15,-2.82679,false
IMO,AMEX:IMO,Imperial Oil Limited,AMEX,6.49,20.9732,14.5008,pe15,1.44634,false
IMOS,NASDAQ:IMOS,ChipMOS TECHNOLOGIES Inc.,NASDAQ,14,28.7188,-26.485,pe15,-1.08434,false
IMPP,NASDAQ:IMPP,Imperial Petroleum Inc.,NASDAQ,1.35,2.77976,-6.46289,pe15,-0.430111,true
IMXI,NASDAQ:IMXI,"International Money Express, Inc.",NASDAQ,1.09,22.1655,4.13754,pe15,5.35718,false
INAC,NASDAQ:INAC,Indigo Acquisition Corp.,NASDAQ,0.21,29.3515,,,,false
INCY,NASDAQ:INCY,Incyte Corporation,NASDAQ,6.59,14.6353,21.191,lynch_peg,0.690638,true
INDB,NASDAQ:INDB,Independent Bank Corp.,NASDAQ,4.45,15.5478,4.10024,pe15,3.79192,false
INDV,NASDAQ:INDV,Indivior Pharmaceuticals Inc,NASDAQ,1.68,13.4648,9.96748,pe15,1.35087,true
INFU,AMEX:INFU,"InfuSystem Holdings, Inc.",AMEX,0.32,29.5265,-17.9402,pe15,-1.64583,false
INFY,NYSE:INFY,Infosys Limited,NYSE,0.83,14.9044,6.35298,pe15,2.34606,true
ING,NYSE:ING,ING Groep N.V.,NYSE,2.12,13.4239,27.0665,lynch_peg,0.49596,true
INGM,NYSE:INGM,Ingram Micro Holding Corporation,NYSE,1.4,15.394,-12.503,pe15,-1.23122,false
INGR,NYSE:INGR,Ingredion Incorporated,NYSE,11.36,11.2731,17.0064,lynch_peg,0.662874,true
INIO,NASDAQ:INIO,INNIO N.V. Ordinary Shares,NASDAQ,0.19,-910.197,37.8405,lynch_peg,-24.0535,false
INMD,NASDAQ:INMD,InMode Ltd.,NASDAQ,1.45,12.14,6.87274,pe15,1.7664,true
INOD,NASDAQ:INOD,Innodata Inc.,NASDAQ,1.01,46.1361,109.377,lynch_peg,0.421807,true
INR,NYSE:INR,"Infinity Natural Resources, Inc.",NYSE,0.9,4.61275,-44.0552,pe15,-0.104704,true
INSP,NYSE:INSP,"Inspire Medical Systems, Inc.",NYSE,4.95,12.282,,,,false
INSW,NYSE:INSW,"International Seaways, Inc.",NYSE,6.27,6.08027,-7.25689,pe15,-0.837861,true
INTR,NASDAQ:INTR,"Inter & Co, Inc.",NASDAQ,2.9,7.8282,162.209,lynch_peg,0.0482599,true
INTU,NASDAQ:INTU,Intuit Inc.,NASDAQ,13.82,20.9335,14.5729,pe15,1.43647,false
INVA,NASDAQ:INVA,"Innoviva, Inc.",NASDAQ,4.02,4.28131,12.7111,pe15,0.336817,true
INVH,NYSE:INVH,Invitation Homes Inc.,NYSE,0.96,27.7844,22.3603,lynch_peg,1.24258,false
INVX,NYSE:INVX,"Innovex International, Inc.",NYSE,1.21,35.5787,71.2343,lynch_peg,0.49946,true
IOR,AMEX:IOR,"Income Opportunity Realty Investors, Inc.",AMEX,0.98,21.7143,-0.601246,pe15,-36.1155,false
IOSP,NASDAQ:IOSP,Innospec Inc.,NASDAQ,4.69,19.0906,32.0071,lynch_peg,0.596449,true
IPAR,NASDAQ:IPAR,"Inter Parfums, Inc.",NASDAQ,5.25,21.7189,34.1142,lynch_peg,0.636653,true
IPCX,NASDAQ:IPCX,Inflection Point Acquisition Corp. III,NASDAQ,0.0191,34.8743,,,,false
IPCXR,NASDAQ:IPCXR,Inflection Point Acquisition Corp. III,NASDAQ,0.03,34.8743,,,,false
IPEX,NASDAQ:IPEX,Inflection Point Acquisition Corp V,NASDAQ,0.0333,586.592,,,,false
IPEXR,NASDAQ:IPEXR,Inflection Point Acquisition Corp. V,NASDAQ,0.0333,586.592,,,,false
IPGP,NASDAQ:IPGP,IPG Photonics Corporation,NASDAQ,0.73,129.804,-24.6227,pe15,-5.27171,false
IPI,NYSE:IPI,"Intrepid Potash, Inc.",NYSE,0.86,18.3798,-3.42484,pe15,-5.36662,false
IPOD,NASDAQ:IPOD,Social Capital Hedosophia Holdings Corp. IV,NASDAQ,0.22,45.6087,-29.8794,pe15,-1.52642,false
IQV,NYSE:IQV,IQVIA Holdings Inc.,NYSE,7.91,29.3899,40.2054,lynch_peg,0.730994,true
IR,NYSE:IR,Ingersoll Rand Inc.,NYSE,1.46,34.249,11.0136,pe15,3.10969,false
IRDM,NASDAQ:IRDM,Iridium Communications Inc.,NASDAQ,1.07,56.6534,150.587,lynch_peg,0.376217,true
IREN,NASDAQ:IREN,IREN Limited,NASDAQ,0.41,1118.49,,,,false
IRM,NYSE:IRM,Iron Mountain Incorporated,NYSE,0.49,90.5893,-16.2606,pe15,-5.57109,false
IRMD,NASDAQ:IRMD,IRadimed Corporation,NASDAQ,1.77,46.7997,74.3075,lynch_peg,0.629811,true
IRS,NYSE:IRS,IRSA Inversiones y Representaciones Sociedad Anónima,NYSE,21140,4.66166,78.8391,lynch_peg,0.0591289,true
IRT,NYSE:IRT,"Independence Realty Trust, Inc.",NYSE,0.24,92.6743,8.44718,pe15,10.971,false
IRWD,NASDAQ:IRWD,"Ironwood Pharmaceuticals, Inc.",NASDAQ,0.15,5.15075,-25.8684,pe15,-0.199114,true
ISBA,NASDAQ:ISBA,Isabella Bank Corporation,NASDAQ,2.56,15.2702,13.3193,pe15,1.14647,false
ISRG,NASDAQ:ISRG,"Intuitive Surgical, Inc.",NASDAQ,8,45.1746,21.5113,lynch_peg,2.10004,false
ISSC,NASDAQ:ISSC,"Innovative Aerosystems, Inc.",NASDAQ,0.89,21.9159,36.1844,lynch_peg,0.605673,true
ISTR,NASDAQ:ISTR,Investar Holding Corporation,NASDAQ,2.22,11.925,11.8175,pe15,1.0091,true
IT,NYSE:IT,"Gartner, Inc.",NYSE,9.68,15.901,26.4855,lynch_peg,0.600365,true
ITGR,NYSE:ITGR,Integer Holdings Corporation,NYSE,2.96,33.9309,4.72365,pe15,7.18319,false
ITIC,NASDAQ:ITIC,Investors Title Company,NASDAQ,18.64,13.1941,-2.20658,pe15,-5.97942,true
ITRI,NASDAQ:ITRI,"Itron, Inc.",NASDAQ,6.62,16.8248,32.2024,lynch_peg,0.522471,true
ITRN,NASDAQ:ITRN,Ituran Location and Control Ltd.,NASDAQ,2.92,16.7809,30.5505,lynch_peg,0.549283,true
ITT,NYSE:ITT,ITT Inc.,NYSE,6.15,42.7949,48.9084,lynch_peg,0.875002,true
ITUB,NYSE:ITUB,Itaú Unibanco Holding S.A.,NYSE,3.97,8.96,20.852,lynch_peg,0.429694,true
ITW,NYSE:ITW,Illinois Tool Works Inc.,NYSE,10.52,26.2039,9.5742,pe15,2.73693,false
IVR,NYSE:IVR,Invesco Mortgage Capital Inc.,NYSE,1.32,4.7,-38.4002,pe15,-0.122395,true
IVT,NYSE:IVT,InvenTrust Properties Corp.,NYSE,1.44,166.419,8.5542,pe15,19.4547,false
IX,NYSE:IX,ORIX Corporation,NYSE,425.01,11.3468,22.2676,lynch_peg,0.509566,true
IZEA,NASDAQ:IZEA,"IZEA Worldwide, Inc.",NASDAQ,0.0025,-21.9599,,,,false
IZM,NASDAQ:IZM,ICZOOM Group Inc.,NASDAQ,0.1,2.44,11.7813,pe15,0.207108,true
J,NYSE:J,Jacobs Solutions Inc.,NYSE,2.39,50.1063,-3.79448,pe15,-13.205,false
JACS,NYSE:JACS,Jackson Acquisition Company II,NYSE,0.31,36.2808,,,,false
JAKK,NASDAQ:JAKK,"JAKKS Pacific, Inc.",NASDAQ,0.88,17.5673,-54.4802,pe15,-0.322453,false
JBHT,NASDAQ:JBHT,"J.B. Hunt Transport Services, Inc.",NASDAQ,6.12,40.6051,5.0227,pe15,8.08432,false
JBI,NYSE:JBI,"Janus International Group, Inc.",NYSE,0.38,20.8866,-1.50823,pe15,-13.8484,false
JBL,NYSE:JBL,Jabil Inc.,NYSE,6,45.3531,75.5374,lynch_peg,0.600405,true
JBS,NYSE:JBS,Jbs N.V.,NYSE,10.41,18.5911,43.1795,lynch_peg,0.430553,true
JBSS,NASDAQ:JBSS,"John B. Sanfilippo & Son, Inc.",NASDAQ,5.06,14.9843,1.40088,pe15,10.6964,true
JCAP,NASDAQ:JCAP,"Jefferson Capital, Inc. Common Stock",NASDAQ,6.26,9.12753,20.3514,lynch_peg,0.448496,true
JCI,NYSE:JCI,Johnson Controls International plc,NYSE,2.64,26.3354,25.7375,lynch_peg,1.02323,false
JCSE,NASDAQ:JCSE,JE Cleantech Holdings Limited,NASDAQ,0.6,3.09276,40.395,lynch_peg,0.0765628,true
JD,NASDAQ:JD,"JD.com, Inc.",NASDAQ,13.78,19.2402,-15.8721,pe15,-1.21221,false
JEF,NYSE:JEF,Jefferies Financial Group Inc.,NYSE,2.93,14.973,1.79972,pe15,8.31967,true
JFIN,NASDAQ:JFIN,Jiayin Group Inc.,NASDAQ,4.16,0.843618,-2.32813,pe15,-0.362358,true
JFU,NASDAQ:JFU,9F Inc.,NASDAQ,14,1.12253,-32.1493,pe15,-0.0349163,true
JG,NASDAQ:JG,Aurora Mobile Limited,NASDAQ,0.068,59.3014,,,,false
JHX,NYSE:JHX,James Hardie Industries plc,NYSE,0.19,122.535,-20.5451,pe15,-5.96417,false
JILL,NYSE:JILL,"J.Jill, Inc.",NYSE,1.84,13.8669,-9.03412,pe15,-1.53495,true
JJSF,NASDAQ:JJSF,J&J Snack Foods Corp.,NASDAQ,3.37,34.5165,28.2837,lynch_peg,1.22037,false
JKHY,NASDAQ:JKHY,"Jack Henry & Associates, Inc.",NASDAQ,6.24,21.3635,10.0828,pe15,2.1188,false
JL,NASDAQ:JL,J-Long Group Limited,NASDAQ,0.0966,51.3172,0.871175,pe15,58.9057,false
JLHL,NASDAQ:JLHL,Julong Holding Limited,NASDAQ,1.28,42.8098,48.6101,lynch_peg,0.880675,true
JLL,NYSE:JLL,Jones Lang LaSalle Incorporated,NYSE,16.73,17.2694,16.5176,lynch_peg,1.04551,false
JMSB,NASDAQ:JMSB,"John Marshall Bancorp, Inc.",NASDAQ,1.5,13.5347,1.82962,pe15,7.39752,true
JNJ,NYSE:JNJ,Johnson & Johnson,NYSE,11.03,29.963,11.5006,pe15,2.60534,false
JOE,NYSE:JOE,The St. Joe Company,NYSE,2,32.0187,21.0341,lynch_peg,1.52223,false
JPM,NYSE:JPM,JPMorgan Chase & Co.,NYSE,20.09,15.6963,17.7106,lynch_peg,0.886263,true
JRSH,NASDAQ:JRSH,"Jerash Holdings (US), Inc.",NASDAQ,0.28,13.9011,-5.42175,pe15,-2.56395,true
JRVR,NASDAQ:JRVR,"James River Group Holdings, Ltd.",NASDAQ,1.03,7.91694,45.1254,lynch_peg,0.175443,true
JTAI,NASDAQ:JTAI,Jet.AI Inc.,NASDAQ,303.29,0.0226445,,,,false
JVA,NASDAQ:JVA,"Coffee Holding Co., Inc.",NASDAQ,0.25,13.2707,3.99839,pe15,3.319,true
JYNT,NASDAQ:JYNT,The Joint Corp.,NASDAQ,0.19,31.8507,-27.3685,pe15,-1.16377,false
KAI,NYSE:KAI,Kadant Inc.,NYSE,8.66,35.8914,3.58962,pe15,9.99865,false
KALU,NASDAQ:KALU,Kaiser Aluminum Corporation,NASDAQ,6.96,13.1993,30.7698,lynch_peg,0.428968,true
KARO,NASDAQ:KARO,Karooooo Ltd.,NASDAQ,32.17,30.5677,19.3577,lynch_peg,1.57909,false
KAZR,NASDAQ:KAZR,Skyline Builders Group Holding Ltd. Class A,NASDAQ,0.0031,374.545,-67.4728,pe15,-5.55106,false
KB,NYSE:KB,KB Financial Group Inc.,NYSE,15437,13742.7,11.787,pe15,1165.92,false
KBDC,NYSE:KBDC,"Kayne Anderson BDC, Inc.",NYSE,1.33,12.5459,40.6349,lynch_peg,0.308746,true
KBH,NYSE:KBH,KB Home,NYSE,6.31,13.2708,14.1202,pe15,0.93985,true
KBONU,NASDAQ:KBONU,Karbon Capital Partners Corp.,NASDAQ,0.0081,78.1129,,,,false
KBR,NYSE:KBR,"KBR, Inc.",NYSE,3.21,11.5663,76.0152,lynch_peg,0.152157,true
KCHV,NASDAQ:KCHV,Kochav Defense Acquisition Corp.,NASDAQ,0.23,40.161,,,,false
KD,NYSE:KD,"Kyndryl Holdings, Inc.",NYSE,0.87,8.95598,,,,false
KDP,NASDAQ:KDP,Keurig Dr Pepper Inc.,NASDAQ,1.53,31.7775,10.2333,pe15,3.10531,false
KE,NASDAQ:KE,"Kimball Electronics, Inc.",NASDAQ,1.13,23.3596,-12.9449,pe15,-1.80454,false
KEN,NYSE:KEN,Kenon Holdings Ltd.,NYSE,1.27,44.6225,-33.0049,pe15,-1.352,false
KEP,NYSE:KEP,Korea Electric Power Corporation,NYSE,6711,2.45057,34.0406,lynch_peg,0.0719897,true
KEQU,NASDAQ:KEQU,Kewaunee Scientific Corporation,NASDAQ,3.36,10.9459,29.1708,lynch_peg,0.375234,true
KEX,NYSE:KEX,Kirby Corporation,NYSE,6.37,21.1667,17.8312,lynch_peg,1.18706,false
KEY,NYSE:KEY,KeyCorp,NYSE,1.53,13.4277,3.63258,pe15,3.69648,true
KEYS,NYSE:KEYS,"Keysight Technologies, Inc.",NYSE,4.9,58.9095,7.90219,pe15,7.45484,false
KFFB,NASDAQ:KFFB,Kentucky First Federal Bancorp,NASDAQ,0.24,23.9432,1.75546,pe15,13.6393,false
KFII,NASDAQ:KFII,K&F Growth Acquisition Corp. II Class A Ordinary shares,NASDAQ,0.28,39.1449,,,,false
KFIIR,NASDAQ:KFIIR,K&F Growth Acquisition Corp. II,NASDAQ,0.28,39.1449,,,,false
KFRC,NYSE:KFRC,Kforce Inc.,NYSE,1.96,27.5943,-5.99543,pe15,-4.60256,false
KFY,NYSE:KFY,Korn Ferry,NYSE,5.33,15.671,20.3619,lynch_peg,0.769626,true
KG,NASDAQ:KG,Kestrel Group Ltd,NASDAQ,8.15,-1.58803,,,,false
KGC,NYSE:KGC,Kinross Gold Corporation,NYSE,1.99,10.4771,12.183,pe15,0.859978,true
KGEI,NASDAQ:KGEI,Kolibri Global Energy Inc.,NASDAQ,0.44,14.9912,11.9225,pe15,1.25738,true
KGS,NYSE:KGS,"Kodiak Gas Services, Inc.",NYSE,0.92,73.7159,-21.3964,pe15,-3.44526,false
KIM,NYSE:KIM,Kimco Realty Corporation,NYSE,0.83,27.4438,-18.1547,pe15,-1.51167,false
KINS,NASDAQ:KINS,"Kingstone Companies, Inc.",NASDAQ,2.93,7.97177,100.379,lynch_peg,0.0794168,true
KKR,NYSE:KKR,KKR & Co. Inc.,NYSE,2.51,34.3065,-6.16369,pe15,-5.56591,false
KLAC,NASDAQ:KLAC,KLA Corporation,NASDAQ,3.68,55.5755,22.227,lynch_peg,2.50036,false
KLIC,NASDAQ:KLIC,"Kulicke and Soffa Industries, Inc.",NASDAQ,0.004,43.6878,-65.597,pe15,-0.666003,false
KMB,NASDAQ:KMB,Kimberly-Clark Corporation,NASDAQ,6.08,18.7636,-2.49859,pe15,-7.50968,false
KMDA,NASDAQ:KMDA,Kamada Ltd.,NASDAQ,0.38,19.507,-1.98177,pe15,-9.84325,false
KMI,NYSE:KMI,"Kinder Morgan, Inc.",NYSE,1.37,20.7788,96.4694,lynch_peg,0.215393,true
KMPB,NYSE:KMPB,Kemper Corporation 5.875% Fixed,NYSE,2.31,-3.2418,-18.0242,pe15,0.179858,false
KMPR,NYSE:KMPR,Kemper Corporation,NYSE,2.31,-3.2418,-18.0242,pe15,0.179858,false
KMT,NYSE:KMT,Kennametal Inc.,NYSE,4.49,6.90757,47.186,lynch_peg,0.14639,true
KMX,NYSE:KMX,"CarMax, Inc.",NYSE,1.68,37.3882,-18.1745,pe15,-2.05718,false
KN,NYSE:KN,Knowles Corporation,NYSE,0.51,49.2278,74.4121,lynch_peg,0.661557,true
KNF,NYSE:KNF,Knife River Corporation,NYSE,2.77,27.0732,1.27477,pe15,21.2376,false
KNOP,NYSE:KNOP,KNOT Offshore Partners LP,NYSE,0.47,20.1232,-23.0321,pe15,-0.873704,false
KNSA,NASDAQ:KNSA,"Kiniksa Pharmaceuticals International, plc",NASDAQ,0.8,71.7991,-32.8321,pe15,-2.18686,false
KNSL,NYSE:KNSL,"Kinsale Capital Group, Inc.",NYSE,21.76,15.2401,40.6024,lynch_peg,0.37535,true
KNTK,NYSE:KNTK,Kinetik Holdings Inc.,NYSE,2.66,18.9337,187.011,lynch_peg,0.101244,true
KNX,NYSE:KNX,Knight-Swift Transportation Holdings Inc.,NYSE,0.41,274.59,-29.8878,pe15,-9.18737,false
KO,NYSE:KO,The Coca-Cola Company,NYSE,3.05,26.2928,11.1234,pe15,2.36374,false
KOF,NYSE:KOF,"Coca-Cola FEMSA, S.A.B. de C.V.",NYSE,5.91,16.2805,-34.5211,pe15,-0.471608,false
KOP,NYSE:KOP,Koppers Holdings Inc.,NYSE,2.82,-10.1331,-13.4605,pe15,0.752806,false
KOPN,NASDAQ:KOPN,Kopin Corp.,NASDAQ,0.0149,120.023,,,,false
KOYN,NASDAQ:KOYN,CSLM Digital Asset Acquisition Corp III Class A Ordinary Shares,NASDAQ,0.23,36.1258,,,,false
KR,NYSE:KR,The Kroger Co.,NYSE,1.56,32.7746,-13.9681,pe15,-2.34638,false
KRC,NYSE:KRC,Kilroy Realty Corporation,NYSE,2.32,25.5104,7.31491,pe15,3.48745,false
KRG,NYSE:KRG,Kite Realty Group Trust,NYSE,1.38,16.3827,150.454,lynch_peg,0.108888,true
KRKR,NASDAQ:KRKR,36Kr Holdings Inc.,NASDAQ,5,4.04497,-21.0922,pe15,-0.191776,true
KRMN,NYSE:KRMN,Karman Holdings Inc.,NYSE,0.13,218.673,98.4791,lynch_peg,2.2205,false
KRNY,NASDAQ:KRNY,Kearny Financial Corp.,NASDAQ,0.58,16.6466,-5.50965,pe15,-3.02134,false
KROS,NASDAQ:KROS,"Keros Therapeutics, Inc.",NASDAQ,2.34,-2.73378,,,,false
KRP,NYSE:KRP,"Kimbell Royalty Partners, LP",NYSE,0.62,18.1225,-7.31102,pe15,-2.47879,false
KRT,NASDAQ:KRT,Karat Packaging Inc.,NASDAQ,1.57,18.4396,6.42419,pe15,2.87034,false
KRYS,NASDAQ:KRYS,"Krystal Biotech, Inc.",NASDAQ,7.08,39.6427,320.714,lynch_peg,0.123608,true
KSPI,NASDAQ:KSPI,Joint Stock Company Kaspi.kz,NASDAQ,5464.06,8.35597,32.0479,lynch_peg,0.260734,true
KSS,NYSE:KSS,Kohl's Corporation,NYSE,2.43,8.05685,-9.4214,pe15,-0.855165,true
KT,NYSE:KT,KT Corporation,NYSE,3537,9.37936,21.3882,lynch_peg,0.43853,true
KTB,NYSE:KTB,"Kontoor Brands, Inc.",NYSE,4.1,17.3636,3.81521,pe15,4.55116,false
KTOS,NASDAQ:KTOS,"Kratos Defense & Security Solutions, Inc.",NASDAQ,0.13,370.905,-28.3826,pe15,-13.0681,false
KVAC,NASDAQ:KVAC,Keen Vision Acquisition Corporation Ordinary Shares,NASDAQ,0.19,64.6993,59.0585,lynch_peg,1.09551,false
KVUE,NYSE:KVUE,Kenvue Inc.,NYSE,0.77,22.0402,0.218106,pe15,101.053,false
KYIV,NASDAQ:KYIV,Kyivstar Group Ltd. Common Shares,NASDAQ,0.57,19.411,-31.647,pe15,-0.613361,false
KYNB,NASDAQ:KYNB,"Kyntra Bio, Inc.",NASDAQ,45.37,0.120725,,,,false
L,NYSE:L,Loews Corporation,NYSE,7.97,13.81,17.1704,lynch_peg,0.804294,true
LAD,NYSE:LAD,"Lithia Motors, Inc.",NYSE,32.38,12.4495,10.3819,pe15,1.19915,true
LADR,NYSE:LADR,Ladder Capital Corp,NYSE,0.51,24.0375,-12.7996,pe15,-1.878,false
LAFA,NASDAQ:LAFA,LaFayette Acquisition Corp. Ordinary Share,NASDAQ,0.1,-150,,,,false
LAFAU,NASDAQ:LAFAU,LaFayette Acquisition Corp.,NASDAQ,0.1,60.9844,,,,false
LAMR,NASDAQ:LAMR,Lamar Advertising Company,NASDAQ,5.78,28.4884,19.1193,lynch_peg,1.49003,false
LARK,NASDAQ:LARK,"Landmark Bancorp, Inc.",NASDAQ,3.09,9.62687,-1.71987,pe15,-5.59743,true
LATA,NASDAQ:LATA,Galata Acquisition Corp. II Class A Ordinary Shares,NASDAQ,0.11,51.7894,,,,false
LATAW,NASDAQ:LATAW,Galata Acquisition Corp. II,NASDAQ,0.11,4.63742,,,,false
LAUR,NASDAQ:LAUR,"Laureate Education, Inc.",NASDAQ,1.91,16.8236,77.1977,lynch_peg,0.217929,true
LAZ,NYSE:LAZ,Lazard Inc,NYSE,2.43,19.9659,-8.01522,pe15,-2.491,false
LB,NYSE:LB,LandBridge Company LLC,NYSE,1.18,33.7118,-35.3158,pe15,-0.954582,false
LBRT,NYSE:LBRT,Liberty Energy Inc.,NYSE,0.91,28.9993,-2.04333,pe15,-14.1922,false
LCCC,NASDAQ:LCCC,Lakeshore Acquisition III Corp.,NASDAQ,0.31,45.9527,,,,false
LCII,NYSE:LCII,LCI Industries,NYSE,7.59,12.1853,3.79591,pe15,3.2101,true
LCLN,NYSE:LCLN,Lincoln International Inc.,NYSE,2.1,2553.25,-34.4677,pe15,-74.0765,false
LCNB,NASDAQ:LCNB,LCNB Corp.,NASDAQ,1.64,11.2775,1.13522,pe15,9.93415,true
LDOS,NYSE:LDOS,"Leidos Holdings, Inc.",NYSE,11.22,13.2715,20.4798,lynch_peg,0.64803,true
LE,NASDAQ:LE,"Lands' End, Inc.",NASDAQ,0.18,1.10892,-11.4167,pe15,-0.097131,true
LEA,NYSE:LEA,Lear Corporation,NYSE,8.22,11.506,25.5981,lynch_peg,0.449487,true
LECO,NASDAQ:LECO,"Lincoln Electric Holdings, Inc.",NASDAQ,9.39,28.2806,22.1006,lynch_peg,1.27963,false
LEG,NYSE:LEG,"Leggett & Platt, Incorporated",NYSE,1.7,6.14557,-1.78288,pe15,-3.44699,true
LEGH,NASDAQ:LEGH,Legacy Housing Corporation,NASDAQ,1.74,13.6628,2.07748,pe15,6.57663,true
LEN,NYSE:LEN,Lennar Corporation,NYSE,7.98,13.511,0.252528,pe15,53.5027,true
LEU,NYSE:LEU,Centrus Energy Corp.,NYSE,4.33,77.5737,48.9797,lynch_peg,1.58379,false
LEVI,NYSE:LEVI,Levi Strauss & Co.,NYSE,1.46,13.6442,6.33394,pe15,2.15414,true
LFST,NASDAQ:LFST,"LifeStance Health Group, Inc.",NASDAQ,0.03,97.1966,,,,false
LFVN,NASDAQ:LFVN,LifeVantage Corporation,NASDAQ,0.8,13.9563,-0.492635,pe15,-28.3298,true
LGCL,NASDAQ:LGCL,Lucas GC Limited Ordinary Shares,NASDAQ,3.92,0.0254877,-26.5747,pe15,-0.000959097,true
LGCY,AMEX:LGCY,Legacy Education Inc.,AMEX,0.65,15.7953,14.3622,pe15,1.09978,false
LGIH,NASDAQ:LGIH,"LGI Homes, Inc.",NASDAQ,3.13,20.7134,-24.6543,pe15,-0.840151,false
LGL,AMEX:LGL,"The LGL Group, Inc.",AMEX,0.13,292.969,-7.30892,pe15,-40.0837,false
LGND,NASDAQ:LGND,Ligand Pharmaceuticals Incorporated,NASDAQ,6.44,28.9149,-23.8896,pe15,-1.21036,false
LGPS,AMEX:LGPS,LogProstyle Inc.,AMEX,32.16,3.03928,23.1958,lynch_peg,0.131027,true
LH,NYSE:LH,Labcorp Holdings Inc.,NYSE,10.54,26.256,-7.99775,pe15,-3.28292,false
LHAI,NASDAQ:LHAI,Linkhome Holdings Inc.,NASDAQ,0.0049,-41.0207,-32.595,pe15,1.2585,false
LHX,NYSE:LHX,"L3Harris Technologies, Inc.",NYSE,8.57,29.2391,10.3814,pe15,2.81649,false
LI,NASDAQ:LI,Li Auto Inc.,NASDAQ,1.12,-45.951,-69.3214,pe15,0.662868,false
LIEN,NASDAQ:LIEN,"Chicago Atlantic BDC, Inc.",NASDAQ,1.46,6.47603,67.6218,lynch_peg,0.0957684,true
LIF,NASDAQ:LIF,"Life360, Inc.",NASDAQ,1.95,25.4379,,,,false
LIFE,NASDAQ:LIFE,Ethos Technologies Inc.,NASDAQ,1.14,-13.1565,,,,false
LII,NYSE:LII,Lennox International Inc.,NYSE,22.31,18.8115,19.1251,lynch_peg,0.983604,true
LIN,NASDAQ:LIN,Linde plc,NASDAQ,14.67,30.7841,25.2989,lynch_peg,1.21681,false
LINC,NASDAQ:LINC,Lincoln Educational Services Corporation,NASDAQ,0.65,40.1216,-15.2879,pe15,-2.6244,false
LITB,NYSE:LITB,"LightInTheBox Holding Co., Ltd.",NYSE,0.9,3.0552,30.2586,lynch_peg,0.10097,true
LIVE,NASDAQ:LIVE,Live Ventures Incorporated,NASDAQ,7.35,-12.273,18.923,lynch_peg,-0.648574,false
LKFN,NASDAQ:LKFN,Lakeland Financial Corporation,NASDAQ,4.02,14.3128,3.96319,pe15,3.61143,true
LKFT,NASDAQ:LKFT,Lakefront Biotherapeutics N.V.,NASDAQ,4.87,2.63361,,,,false
LKQ,NASDAQ:LKQ,LKQ Corporation,NASDAQ,2.35,14.1377,2.27505,pe15,6.21421,true
LKSP,NASDAQ:LKSP,Lake Superior Acquisition Corp.,NASDAQ,0.1,51.2588,,,,false
LLY,NYSE:LLY,Eli Lilly and Company,NYSE,23,39.6569,28.8738,lynch_peg,1.37346,false
LMAT,NASDAQ:LMAT,"LeMaitre Vascular, Inc.",NASDAQ,2.55,28.2762,19.4181,lynch_peg,1.45618,false
LMB,NASDAQ:LMB,"Limbach Holdings, Inc.",NASDAQ,4.18,17.4865,41.3803,lynch_peg,0.42258,true
LMT,NYSE:LMT,Lockheed Martin Corporation,NYSE,21.56,22.2125,-2.44449,pe15,-9.08674,false
LNC,NYSE:LNC,Lincoln National Corporation,NYSE,5.95,3.8075,18.1897,lynch_peg,0.209322,true
LND,NYSE:LND,BrasilAgro - Companhia Brasileira de Propriedades Agrícolas,NYSE,1.39,-125.069,-7.29487,pe15,17.1448,false
LNG,NYSE:LNG,"Cheniere Energy, Inc.",NYSE,24.19,19.9933,45.6865,lynch_peg,0.43762,true
LNN,NYSE:LNN,Lindsay Corporation,NYSE,6.82,21.9771,13.8212,pe15,1.5901,false
LNT,NASDAQ:LNT,Alliant Energy Corporation,NASDAQ,3.15,22.1646,4.9839,pe15,4.44724,false
LNTH,NASDAQ:LNTH,"Lantheus Holdings, Inc.",NASDAQ,3.46,23.962,27.3792,lynch_peg,0.87519,true
LOAN,NASDAQ:LOAN,"Manhattan Bridge Capital, Inc.",NASDAQ,0.45,9.92061,0.450469,pe15,22.0229,true
LOAR,NYSE:LOAR,Loar Holdings Inc.,NYSE,0.77,106.458,,,,false
LOB,NYSE:LOB,"Live Oak Bancshares, Inc.",NYSE,2.24,15.1372,8.93791,pe15,1.69359,false
LOCO,NASDAQ:LOCO,"El Pollo Loco Holdings, Inc.",NASDAQ,0.91,13.1581,5.3874,pe15,2.44238,true
LOGI,NASDAQ:LOGI,Logitech International S.A.,NASDAQ,4.85,18.8454,-2.90406,pe15,-6.48934,false
LOMA,NYSE:LOMA,Loma Negra Compañía Industrial Argentina Sociedad Anónima,NYSE,232.15,37.3092,-3.67875,pe15,-10.1418,false
LOPE,NASDAQ:LOPE,"Grand Canyon Education, Inc.",NASDAQ,7.76,17.2398,7.16621,pe15,2.4057,false
LOVE,NASDAQ:LOVE,The Lovesac Company,NASDAQ,0.28,67.6892,-22.6309,pe15,-2.991,false
LOW,NYSE:LOW,"Lowe's Companies, Inc.",NYSE,11.87,18.2948,8.84436,pe15,2.06852,false
LPA,AMEX:LPA,Logistic Properties of The Americas,AMEX,0.33,5.99074,16.7961,lynch_peg,0.356674,true
LPAA,NASDAQ:LPAA,Launch One Acquisition Corp.,NASDAQ,0.29,41.4423,,,,false
LPAAU,NASDAQ:LPAAU,Launch One Acquisition Corp. Unit,NASDAQ,0.29,41.4423,,,,false
LPBB,NASDAQ:LPBB,Launch Two Acquisition Corp. Class A,NASDAQ,0.31,35.5051,,,,false
LPCV,NASDAQ:LPCV,Launchpad Cadenza Acquisition Corp I Class A Ordinary Share,NASDAQ,0.0037,2947.06,,,,false
LPG,NYSE:LPG,Dorian LPG Ltd.,NYSE,4.55,6.14352,19.5913,lynch_peg,0.313584,true
LPL,NYSE:LPL,"LG Display Co., Ltd.",NYSE,226.5,-3.79778,-37.892,pe15,0.100227,false
LPLA,NASDAQ:LPLA,LPL Financial Holdings Inc.,NASDAQ,10.97,29.6243,12.9775,pe15,2.28274,false
LPX,NYSE:LPX,Louisiana-Pacific Corporation,NYSE,2.09,93.4304,-14.2199,pe15,-6.57042,false
LQDT,NASDAQ:LQDT,"Liquidity Services, Inc.",NASDAQ,0.91,40.636,-12.1812,pe15,-3.33596,false
LRCX,NASDAQ:LRCX,Lam Research Corporation,NASDAQ,5.79,57.4214,16.3113,lynch_peg,3.52034,false
LRN,NYSE:LRN,"Stride, Inc.",NYSE,7.92,10.4104,34.791,lynch_peg,0.299225,true
LSBK,NASDAQ:LSBK,"Lake Shore Bancorp, Inc.",NASDAQ,0.96,15.2768,11.3824,pe15,1.34214,false
LSCC,NASDAQ:LSCC,Lattice Semiconductor Corporation,NASDAQ,0.0225,495.07,-42.2406,pe15,-11.7203,false
LSE,NASDAQ:LSE,"Leishen Energy Holding Co., Ltd.",NASDAQ,0.0752,75.2089,-28.0112,pe15,-2.68496,false
LSTR,NASDAQ:LSTR,"Landstar System, Inc.",NASDAQ,3.31,49.1839,-7.84482,pe15,-6.2696,false
LTC,NYSE:LTC,"LTC Properties, Inc.",NYSE,2.55,14.3085,1.05201,pe15,13.6011,true
LTH,NYSE:LTH,"Life Time Group Holdings, Inc.",NYSE,1.71,23.7899,48.4155,lynch_peg,0.491369,true
LTM,NYSE:LTM,LATAM Airlines Group S.A.,NYSE,5,9.75413,-27.698,pe15,-0.35216,true
LULU,NASDAQ:LULU,Lululemon Athletica Inc.,NASDAQ,13.27,9.60081,24.0356,lynch_peg,0.399441,true
LUV,NYSE:LUV,Southwest Airlines Co.,NYSE,0.82,26.9849,-24.0732,pe15,-1.12095,false
LUXE,NYSE:LUXE,LuxExperience B.V.,NYSE,5.77,1.69201,138.995,lynch_peg,0.0121732,true
LVS,NYSE:LVS,Las Vegas Sands Corp.,NYSE,2.35,17.9186,-6.42353,pe15,-2.78952,false
LW,NYSE:LW,"Lamb Weston Holdings, Inc.",NYSE,2.09,25.2857,-0.748447,pe15,-33.7842,false
LWAC,NASDAQ:LWAC,LightWave Acquisition Corp.,NASDAQ,0.19,39.7308,,,,false
LWACU,NASDAQ:LWACU,LightWave Acquisition Corp.,NASDAQ,0.12,39.7308,,,,false
LWAY,NASDAQ:LWAY,"Lifeway Foods, Inc.",NASDAQ,0.91,35.3722,34.0801,lynch_peg,1.03791,false
LX,NASDAQ:LX,LexinFintech Holdings Ltd.,NASDAQ,9.64,1.07578,24.2144,lynch_peg,0.0444272,true
LXFR,NYSE:LXFR,Luxfer Holdings PLC,NYSE,0.29,56.9333,-16.859,pe15,-3.37702,false
LXP,NYSE:LXP,LXP Industrial Trust,NYSE,1.82,60.5549,-11.2207,pe15,-5.39669,false
LXU,NYSE:LXU,"LSB Industries, Inc.",NYSE,0.34,20.3607,-50,pe15,-0.407214,false
LYFT,NASDAQ:LYFT,"Lyft, Inc.",NASDAQ,6.92,2.47067,,,,false
LYG,NYSE:LYG,Lloyds Banking Group plc,NYSE,0.27,14.3176,40.5658,lynch_peg,0.352948,true
LYTS,NASDAQ:LYTS,LSI Industries Inc.,NASDAQ,0.82,32.3031,17.2526,lynch_peg,1.87236,false
LZ,NASDAQ:LZ,"LegalZoom.com, Inc.",NASDAQ,0.0863,60.2201,18.6503,lynch_peg,3.2289,false
LZB,NYSE:LZB,La-Z-Boy Incorporated,NYSE,2.49,16.7189,1.51202,pe15,11.0573,false
M,NYSE:M,"Macy's, Inc.",NYSE,2.37,9.63134,4.49917,pe15,2.14069,true
MA,NYSE:MA,Mastercard Incorporated,NYSE,16.55,31.045,20.9271,lynch_peg,1.48349,false
MAA,NYSE:MAA,"Mid-America Apartment Communities, Inc.",NYSE,3.79,39.114,11.4919,pe15,3.40362,false
MACI,NASDAQ:MACI,Melar Acquisition Corp. I,NASDAQ,0.26,54.75,,,,false
MAIN,NYSE:MAIN,Main Street Capital Corporation,NYSE,5.52,11.875,65.0993,lynch_peg,0.182414,true
MAIR,NYSE:MAIR,Madison Air Solutions Corporation,NYSE,0.35,142.524,,,,false
MAKO,NASDAQ:MAKO,Mako Mining Corp Common Stock,NASDAQ,0.42,17.9937,104.939,lynch_peg,0.171468,true
MAMA,NASDAQ:MAMA,"Mama's Creations, Inc.",NASDAQ,0.14,112.581,3.13103,pe15,35.9565,false
MAMO,NASDAQ:MAMO,Massimo Group Common Stock,NASDAQ,0.04,11.3057,-22.3455,pe15,-0.505952,true
MANH,NASDAQ:MANH,"Manhattan Associates, Inc.",NASDAQ,3.64,56.0483,21.5839,lynch_peg,2.59676,false
MAR,NASDAQ:MAR,"Marriott International, Inc.",NASDAQ,9.52,37.0896,16.3875,lynch_peg,2.26328,false
MARPS,NASDAQ:MARPS,Marine Petroleum Trust,NASDAQ,0.36,14.9777,4.41933,pe15,3.38913,true
MAS,NYSE:MAS,Masco Corporation,NYSE,3.88,17.0621,5.06978,pe15,3.36545,false
MASK,NASDAQ:MASK,3 E Network Technology Group Ltd Class A Ordinary Shares,NASDAQ,3.5,1.94921,60.5969,lynch_peg,0.0321668,true
MAT,NASDAQ:MAT,"Mattel, Inc.",NASDAQ,1.25,11.1,28.2689,lynch_peg,0.392657,true
MATH,NASDAQ:MATH,Metalpha Technology Holding Limited,NASDAQ,0.0299,20.9068,,,,false
MATX,NYSE:MATX,"Matson, Inc.",NYSE,14.04,14.4844,25.666,lynch_peg,0.564341,true
MAX,NYSE:MAX,"MediaAlpha, Inc.",NYSE,0.46,7.75143,-2.63699,pe15,-2.9395,true
MBAI,NASDAQ:MBAI,Check-Cap Ltd. Ordinary Share,NASDAQ,4.62,1.86797,,,,false
MBAV,NASDAQ:MBAV,M3-Brigade Acquisition V Corp.,NASDAQ,0.2,73.0143,,,,false
MBBC,NASDAQ:MBBC,"Marathon Bancorp, Inc.",NASDAQ,0.0154,35.2791,-43.1789,pe15,-0.817044,false
MBC,NYSE:MBC,"MasterBrand, Inc.",NYSE,0.21,-13.3768,-28.7044,pe15,0.46602,false
MBGL,NYSE:MBGL,Mobility Global Inc,NYSE,0.47,64.4516,,,,false
MBIN,NASDAQ:MBIN,Merchants Bancorp,NASDAQ,3.78,11.0791,-0.36631,pe15,-30.2451,true
MBUU,NASDAQ:MBUU,"Malibu Boats, Inc.",NASDAQ,0.76,-516.163,-23.9114,pe15,21.5865,false
MBWM,NASDAQ:MBWM,Mercantile Bank Corporation,NASDAQ,5.46,10.8082,15.0389,lynch_peg,0.718685,true
MC,NYSE:MC,Moelis & Company,NYSE,3.11,22.7508,-0.318478,pe15,-71.4361,false
MCB,NYSE:MCB,Metropolitan Bank Holding Corp.,NYSE,6.71,11.8275,7.1083,pe15,1.6639,true
MCBS,NASDAQ:MCBS,"MetroCity Bankshares, Inc.",NASDAQ,2.67,12.4949,13.4605,pe15,0.928263,true
MCD,NYSE:MCD,McDonald's Corporation,NYSE,12,22.2447,13.5747,pe15,1.63869,false
MCFT,NASDAQ:MCFT,"MasterCraft Boat Holdings, Inc.",NASDAQ,0.43,35.8626,-14.9984,pe15,-2.3911,false
MCGA,NASDAQ:MCGA,Yorkville Acquisition Corp.,NASDAQ,0.03,74.2249,,,,false
MCHB,NASDAQ:MCHB,Mechanics Bank,NASDAQ,1.22,13.6901,28.3685,lynch_peg,0.482581,true
MCHP,NASDAQ:MCHP,Microchip Technology Incorporated,NASDAQ,0.27,108.078,-16.6208,pe15,-6.50259,false
MCK,NYSE:MCK,McKesson Corporation,NYSE,38.55,22.9819,40.6948,lynch_peg,0.564738,true
MCO,NYSE:MCO,Moody's Corporation,NYSE,13.73,30.5357,7.68927,pe15,3.97121,false
MCRB,NASDAQ:MCRB,"Seres Therapeutics, Inc.",NASDAQ,0.64,-1.8595,,,,false
MCRI,NASDAQ:MCRI,"Monarch Casino & Resort, Inc.",NASDAQ,5.55,19.606,33.6811,lynch_peg,0.582106,true
MCS,NYSE:MCS,The Marcus Corporation,NYSE,0.41,41.0685,-18.2143,pe15,-2.25474,false
MCY,NYSE:MCY,Mercury General Corporation,NYSE,9.77,6.21099,7.61212,pe15,0.815935,true
MD,NYSE:MD,"Pediatrix Medical Group, Inc.",NYSE,1.94,12.5829,-5.81167,pe15,-2.16512,true
MDA,NYSE:MDA,MDA Space Ltd,NYSE,0.64,60.0247,139.969,lynch_peg,0.428842,true
MDLN,NASDAQ:MDLN,Medline Inc.,NASDAQ,1.43,41.5756,118.327,lynch_peg,0.351362,true
MDLZ,NASDAQ:MDLZ,"Mondelez International, Inc.",NASDAQ,1.89,23.3125,-5.28865,pe15,-4.40802,false
MDT,NYSE:MDT,Medtronic plc,NYSE,3.75,24.2933,6.94963,pe15,3.49563,false
MDU,NYSE:MDU,"MDU Resources Group, Inc.",NYSE,0.93,21.6947,-13.7638,pe15,-1.57622,false
MDV,NYSE:MDV,Modiv Inc.,NYSE,0.01,41.0227,,,,false
MDXG,NASDAQ:MDXG,"MiMedx Group, Inc.",NASDAQ,0.33,105.375,-17.0844,pe15,-6.16791,false
MEDP,NASDAQ:MEDP,"Medpace Holdings, Inc.",NASDAQ,15.64,33.3833,30.8966,lynch_peg,1.08048,false
MELI,NASDAQ:MELI,"MercadoLibre, Inc.",NASDAQ,39.39,50.3192,120.378,lynch_peg,0.418011,true
MEOH,NASDAQ:MEOH,Methanex Corporation,NASDAQ,1.1,49.9732,-1.02296,pe15,-48.8517,false
MET,NYSE:MET,"MetLife, Inc.",NYSE,4.8,18.6324,-3.44627,pe15,-5.40653,false
META,NASDAQ:META,"Meta Platforms, Inc.",NASDAQ,23.98,22.0318,18.5986,lynch_peg,1.18459,false
MFA,NYSE:MFA,"MFA Financial, Inc.",NYSE,1.71,6.99356,-9.96421,pe15,-0.701868,true
MFAN,NYSE:MFAN,"MFA Financial, Inc. 8.875% Senior Notes",NYSE,1.71,6.99356,-9.96421,pe15,-0.701868,true
MFAO,NYSE:MFAO,"MFA Financial, Inc. 9.000% Senior Notes",NYSE,1.71,6.99356,-9.96421,pe15,-0.701868,true
MFC,NYSE:MFC,Manulife Financial Corporation,NYSE,3.08,16.5472,0.934742,pe15,17.7024,false
MFG,NYSE:MFG,"Mizuho Financial Group, Inc.",NYSE,107.05,15.3734,23.5736,lynch_peg,0.652144,true
MFI,NASDAQ:MFI,mF International Limited,NASDAQ,13.93,-9.76326,11.5085,pe15,-0.848352,false
MFIC,NASDAQ:MFIC,MidCap Financial Investment Corporation,NASDAQ,0.68,-27.1111,-6.53447,pe15,4.14894,false
MFIN,NASDAQ:MFIN,Medallion Financial Corp.,NASDAQ,1.89,8.175,-3.72583,pe15,-2.19414,true
MG,NYSE:MG,"Mistras Group, Inc.",NYSE,0.54,21.5546,17.0476,lynch_peg,1.26438,false
MGA,NYSE:MGA,Magna International Inc.,NYSE,2.99,25.5856,3.47945,pe15,7.35333,false
MGEE,NASDAQ:MGEE,"MGE Energy, Inc.",NASDAQ,3.72,20.1798,7.42712,pe15,2.71704,false
MGM,NYSE:MGM,MGM Resorts International,NYSE,0.77,26.5389,-23.6918,pe15,-1.12017,false
MGNI,NASDAQ:MGNI,"Magnite, Inc.",NASDAQ,1.01,21.0641,570.406,lynch_peg,0.0369283,true
MGR,NYSE:MGR,"Affiliated Managers Group, Inc.",NYSE,24.11,11.8386,40.8451,lynch_peg,0.289842,true
MGRB,NYSE:MGRB,"Affiliated Managers Group, Inc.",NYSE,25.18,11.8386,42.139,lynch_peg,0.280942,true
MGRC,NASDAQ:MGRC,McGrath RentCorp,NASDAQ,6.35,19.4945,8.51562,pe15,2.28926,false
MGRD,NYSE:MGRD,"Affiliated Managers Group, Inc.",NYSE,25.18,11.8415,42.139,lynch_peg,0.281011,true
MGRE,NYSE:MGRE,"Affiliated Managers Group, Inc.",NYSE,25.18,11.8415,42.139,lynch_peg,0.281011,true
MGY,NYSE:MGY,Magnolia Oil & Gas Corporation,NYSE,1.75,11.4304,34.9294,lynch_peg,0.327244,true
MGYR,NASDAQ:MGYR,"Magyar Bancorp, Inc.",NASDAQ,1.57,10.2368,32.8077,lynch_peg,0.312026,true
MH,NYSE:MH,"McGraw Hill, Inc.",NYSE,0.19,26.5191,-45.2438,pe15,-0.586139,false
MHH,AMEX:MHH,"Mastech Digital, Inc.",AMEX,0.0518,44.5198,-43.1197,pe15,-1.03247,false
MHK,NYSE:MHK,"Mohawk Industries, Inc.",NYSE,5.96,18.3857,-3.81629,pe15,-4.8177,false
MHO,NYSE:MHO,"M/I Homes, Inc.",NYSE,15.07,12.6186,12.4537,pe15,1.01324,true
MICC,NYSE:MICC,The Magnum Ice Cream Company N.V.,NYSE,0.48,56.5,-16.6854,pe15,-3.38619,false
MIND,NASDAQ:MIND,"MIND Technology, Inc.",NASDAQ,0.09,28.3196,,,,false
MIR,NYSE:MIR,"Mirion Technologies, Inc.",NYSE,0.13,160.96,,,,false
MITK,NASDAQ:MITK,"Mitek Systems, Inc.",NASDAQ,0.19,38.5674,0,pe15,,false
MITN,NYSE:MITN,TPG Mortgage Investment Trust Inc  9.500% Senior Notes due 2029,NYSE,0.88,34.2162,-31.2722,pe15,-1.09414,false
MITP,NYSE:MITP,TPG Mortgage Investment Trust Inc 9.500% Senior Notes due 2029,NYSE,0.9,9.13514,-29.2236,pe15,-0.312594,true
MITT,NYSE:MITT,TPG Mortgage Investment Trust Inc,NYSE,0.9,9.13514,-29.2236,pe15,-0.312594,true
MKC,NYSE:MKC,"McCormick & Company, Incorporated",NYSE,2.94,9.05482,0.98058,pe15,9.23415,true
MKL,NYSE:MKL,Markel Corporation,NYSE,169.74,10.0694,24.9777,lynch_peg,0.403135,true
MKLY,NASDAQ:MKLY,McKinley Acquisition Corporation,NASDAQ,0.23,44.8959,,,,false
MKSI,NASDAQ:MKSI,MKS Inc.,NASDAQ,4.39,47.2294,-7.11659,pe15,-6.63652,false
MKTW,NASDAQ:MKTW,"MarketWise, Inc.",NASDAQ,2.41,20.2828,-22.1189,pe15,-0.916991,false
MKTX,NASDAQ:MKTX,MarketAxess Holdings Inc.,NASDAQ,6.66,19.1531,-3.62412,pe15,-5.2849,false
MLAB,NASDAQ:MLAB,"Mesa Laboratories, Inc.",NASDAQ,1.22,130.184,13.0741,pe15,9.9574,false
MLCO,NASDAQ:MLCO,Melco Resorts & Entertainment Limited,NASDAQ,0.45,9.67496,-8.75978,pe15,-1.10448,true
MLGO,NASDAQ:MLGO,MicroAlgo Inc.,NASDAQ,2.12,1.82974,-49.3917,pe15,-0.0370455,true
MLI,NYSE:MLI,"Mueller Industries, Inc.",NYSE,3.495,17.009,41.0956,lynch_peg,0.413888,true
MLKN,NASDAQ:MLKN,"MillerKnoll, Inc.",NASDAQ,1.34,18.0421,-14.658,pe15,-1.23087,false
MLM,NYSE:MLM,"Martin Marietta Materials, Inc.",NYSE,18.85,13.3926,10.2734,pe15,1.30362,true
MLR,NYSE:MLR,"Miller Industries, Inc.",NYSE,2.01,44.9444,-5.16275,pe15,-8.70552,false
MMM,NYSE:MMM,3M Company,NYSE,6.04,32.4399,-8.52445,pe15,-3.80552,false
MMS,NYSE:MMS,"Maximus, Inc.",NYSE,5.56,8.14296,10.3365,pe15,0.787788,true
MMSI,NASDAQ:MMSI,"Merit Medical Systems, Inc.",NASDAQ,2.17,37.0163,67.2903,lynch_peg,0.550099,true
MMTX,NASDAQ:MMTX,Miluna Acquisition Corp Class A Ordinary Share,NASDAQ,0.0012,780.769,,,,false
MMYT,NASDAQ:MMYT,MakeMyTrip Limited,NASDAQ,0.51,171.282,-48.8592,pe15,-3.50563,false
MNDO,NASDAQ:MNDO,MIND C.T.I. Ltd,NASDAQ,0.13,6.61578,-13.5996,pe15,-0.48647,true
MNDY,NASDAQ:MNDY,monday.com Ltd.,NASDAQ,2.31,37.0877,,,,false
MNKD,NASDAQ:MNKD,MannKind Corporation,NASDAQ,0.02,-27.0609,,,,false
MNR,NYSE:MNR,Mach Natural Resources LP,NYSE,1.09,22.9211,-7.04593,pe15,-3.25309,false
MNRO,NASDAQ:MNRO,Monro Inc.,NASDAQ,0.0275,47.6667,-51.4548,pe15,-0.92638,false
MNSB,NASDAQ:MNSB,"MainStreet Bancshares, Inc.",NASDAQ,1.76,12.4729,-0.992479,pe15,-12.5674,true
MNSO,NYSE:MNSO,MINISO Group Holding Limited,NYSE,3.84,12.0472,16.0109,lynch_peg,0.752435,true
MNST,NASDAQ:MNST,Monster Beverage Corporation,NASDAQ,0.975,42.9633,7.95347,pe15,5.40183,false
MNTK,NASDAQ:MNTK,"Montauk Renewables, Inc.",NASDAQ,0.0122,33.8448,-17.7449,pe15,-1.9073,false
MO,NYSE:MO,"Altria Group, Inc.",NYSE,4.11,13.846,11.3592,pe15,1.21892,true
MOD,NYSE:MOD,Modine Manufacturing Company,NYSE,2.25,77.4082,4.35065,pe15,17.7923,false
MOGU,NYSE:MOGU,MOGU Inc.,NYSE,0.21,-2.66635,,,,false
MOH,NYSE:MOH,"Molina Healthcare, Inc.",NYSE,8.93,1317.41,-4.78329,pe15,-275.418,false
MOMO,NASDAQ:MOMO,Hello Group Inc.,NASDAQ,4.68,8.50768,-14.2597,pe15,-0.596623,true
MORN,NASDAQ:MORN,"Morningstar, Inc.",NASDAQ,8.93,19.4348,11.3361,pe15,1.71441,false
MOS,NYSE:MOS,The Mosaic Company,NYSE,1.7,108.905,-0.691311,pe15,-157.535,false
MOV,NYSE:MOV,"Movado Group, Inc.",NYSE,1.17,25.6383,-7.35208,pe15,-3.48722,false
MPAA,NASDAQ:MPAA,"Motorcar Parts of America, Inc.",NASDAQ,0.64,-57.5092,-10.7475,pe15,5.35092,false
MPB,NASDAQ:MPB,"Mid Penn Bancorp, Inc.",NASDAQ,2.59,13.027,-3.59315,pe15,-3.62551,true
MPC,NYSE:MPC,Marathon Petroleum Corporation,NYSE,13.27,12.3122,22.1242,lynch_peg,0.556504,true
MPLX,NYSE:MPLX,MPLX Lp,NYSE,4.82,12.6974,29.3307,lynch_peg,0.432906,true
MPTI,AMEX:MPTI,"M-tron Industries, Inc.",AMEX,2.94,29.9694,46.8844,lynch_peg,0.639218,true
MPWR,NASDAQ:MPWR,"Monolithic Power Systems, Inc.",NASDAQ,12.82,84.3204,28.4235,lynch_peg,2.96658,false
MRBK,NASDAQ:MRBK,Meridian Corporation,NASDAQ,1.93,9.67381,-2.13582,pe15,-4.52932,true
MRK,NYSE:MRK,"Merck & Co., Inc.",NYSE,7.3,106.682,21.2115,lynch_peg,5.02947,false
MRLN,NASDAQ:MRLN,"Merlin, Inc.",NASDAQ,0.18,-1.43587,,,,false
MRM,NASDAQ:MRM,MEDIROM Healthcare Technologies Inc.,NASDAQ,7.43,-2.14487,9.62868,pe15,-0.222759,false
MRP,NYSE:MRP,"Millrose Properties, Inc.",NYSE,2.44,10.5965,,,,false
MRSH,NYSE:MRSH,"Marsh & McLennan Companies, Inc.",NYSE,8.48,22.9281,16.3329,lynch_peg,1.4038,false
MRTN,NASDAQ:MRTN,"Marten Transport, Ltd.",NASDAQ,0.21,99.0335,-24.2142,pe15,-4.0899,false
MRVL,NASDAQ:MRVL,"Marvell Technology, Inc.",NASDAQ,3.1,74.7236,4.50349,pe15,16.5924,false
MRX,NASDAQ:MRX,Marex Group Limited,NASDAQ,4.13,17.1385,41.8154,lynch_peg,0.40986,true
MS,NYSE:MS,Morgan Stanley,NYSE,10.34,17.4976,9.56096,pe15,1.83011,false
MSA,NYSE:MSA,MSA Safety Incorporated,NYSE,7.11,23.4342,17.3859,lynch_peg,1.34789,false
MSB,NYSE:MSB,Mesabi Trust,NYSE,1.06,27.1642,-9.84762,pe15,-2.75845,false
MSCI,NYSE:MSCI,MSCI Inc.,NYSE,15.58,31.2288,16.726,lynch_peg,1.86708,false
MSEX,NASDAQ:MSEX,Middlesex Water Company,NASDAQ,2.36,22.5517,1.50644,pe15,14.9703,false
MSFT,NASDAQ:MSFT,Microsoft Corporation,NASDAQ,18,27.6894,17.2582,lynch_peg,1.60442,false
MSGM,NASDAQ:MSGM,Motorsport Games Inc.,NASDAQ,1.43,3.94872,,,,false
MSGS,NYSE:MSGS,Madison Square Garden Sports Corp.,NYSE,0.32,1261.88,-5.62779,pe15,-224.222,false
MSI,NYSE:MSI,"Motorola Solutions, Inc.",NYSE,12.93,36.0919,18.3022,lynch_peg,1.972,false
MSM,NYSE:MSM,"MSC Industrial Direct Co., Inc.",NYSE,3.57,29.57,-4.65147,pe15,-6.35714,false
MSS,NASDAQ:MSS,Maison Solutions Inc. Class A Common Stock,NASDAQ,3.35,-0.0541146,8.19109,pe15,-0.00660652,false
MT,NYSE:MT,ArcelorMittal S.A.,NYSE,4.13,31.0078,-2.88698,pe15,-10.7406,false
MTB,NYSE:MTB,M&T Bank Corporation,NYSE,17.1,13.7267,11.4607,pe15,1.19772,true
MTCH,NASDAQ:MTCH,"Match Group, Inc.",NASDAQ,2.53,12.6908,28.2211,lynch_peg,0.449692,true
MTD,NYSE:MTD,Mettler-Toledo International Inc.,NYSE,42.17,31.6315,10.811,pe15,2.92586,false
MTDR,NYSE:MTDR,Matador Resources Company,NYSE,6.1,9.10034,33.8661,lynch_peg,0.268715,true
MTG,NYSE:MTG,MGIC Investment Corporation,NYSE,3.17,9.65421,19.3322,lynch_peg,0.499385,true
MTH,NYSE:MTH,Meritage Homes Corporation,NYSE,6.4,15.2521,2.6334,pe15,5.79178,false
MTLS,NASDAQ:MTLS,Materialise N.V.,NASDAQ,0.13,33.5032,27.8266,lynch_peg,1.204,false
MTN,NYSE:MTN,"Vail Resorts, Inc.",NYSE,7.54,33.9908,25.2106,lynch_peg,1.34827,false
MTR,NYSE:MTR,Mesa Royalty Trust,NYSE,0.27,12.1395,-1.41901,pe15,-8.55487,true
MTRN,NYSE:MTRN,Materion Corporation,NYSE,3.61,66.4297,36.5648,lynch_peg,1.81677,false
MTW,NYSE:MTW,"The Manitowoc Company, Inc.",NYSE,0.2,37.3571,-26.8929,pe15,-1.38911,false
MTZ,NYSE:MTZ,"MasTec, Inc.",NYSE,5.12,45.8961,2.93741,pe15,15.6247,false
MU,NASDAQ:MU,"Micron Technology, Inc.",NASDAQ,7.65,21.6246,25.8836,lynch_peg,0.835457,true
MUFG,NYSE:MUFG,"Mitsubishi UFJ Financial Group, Inc.",NYSE,225.29,15.5226,30.076,lynch_peg,0.516112,true
MUR,NYSE:MUR,Murphy Oil Corporation,NYSE,0.73,17.0439,-7.29478,pe15,-2.33645,false
MUSA,NYSE:MUSA,Murphy USA Inc.,NYSE,24.38,17.1752,12.9701,pe15,1.32421,false
MUX,NYSE:MUX,McEwen Mining Inc.,NYSE,0.64,13.5861,-25.7219,pe15,-0.528192,true
MVBF,NASDAQ:MVBF,MVB Financial Corp.,NASDAQ,2.11,10.1475,-7.5839,pe15,-1.33804,true
MWA,NYSE:MWA,"Mueller Water Products, Inc.",NYSE,1.23,17.8706,21.7389,lynch_peg,0.822057,true
MWH,NASDAQ:MWH,"SOLV Energy, Inc. Class A Common Stock",NASDAQ,0.74,540.167,,,,false
MXC,AMEX:MXC,Mexco Energy Corporation,AMEX,0.64,12.0586,53.1346,lynch_peg,0.226944,true
MYE,NYSE:MYE,"Myers Industries, Inc.",NYSE,0.93,23.7122,-2.02187,pe15,-11.7279,false
MYFW,NASDAQ:MYFW,"First Western Financial, Inc.",NASDAQ,1.36,16.7211,-15.2469,pe15,-1.09669,false
MYRG,NASDAQ:MYRG,MYR Group Inc.,NASDAQ,7.57,31.6444,16.5496,lynch_peg,1.9121,false
MZTI,NASDAQ:MZTI,The Marzetti Company,NASDAQ,6.08,18.1596,4.07223,pe15,4.45938,false
NA,NASDAQ:NA,Nano Labs Ltd,NASDAQ,5.59,1.30776,-1.4478,pe15,-0.903273,true
NAGE,NASDAQ:NAGE,Niagen Bioscience Inc,NASDAQ,0.22,15.2807,,,,false
NAMM,NASDAQ:NAMM,Namib Minerals,NASDAQ,1.96,0.781609,143.776,lynch_peg,0.0054363,true
NAT,NYSE:NAT,Nordic American Tankers Limited,NYSE,0.058,25.9884,-29.7915,pe15,-0.872342,false
NATH,NASDAQ:NATH,"Nathan's Famous, Inc.",NASDAQ,4.89,19.9158,12.6967,pe15,1.56858,false
NATL,NYSE:NATL,NCR Atleos Corporation,NYSE,2.2,17.8409,-4.29504,pe15,-4.15384,false
NATR,NASDAQ:NATR,"Nature's Sunshine Products, Inc.",NASDAQ,1.08,14.9216,-0.184163,pe15,-81.0236,true
NBBK,NASDAQ:NBBK,"NB Bancorp, Inc. Common Stock",NASDAQ,1.34,15.2053,27.3162,lynch_peg,0.55664,true
NBHC,NYSE:NBHC,National Bank Holdings Corporation,NYSE,2.86,16.9455,-0.0697837,pe15,-242.829,false
NBIS,NASDAQ:NBIS,Nebius Group N.V.,NASDAQ,0.11,1042.5,-35.4296,pe15,-29.4245,false
NBIX,NASDAQ:NBIX,"Neurocrine Biosciences, Inc.",NASDAQ,4.81,21.4652,1.93721,pe15,11.0805,false
NBN,NASDAQ:NBN,Northeast Bank,NASDAQ,12.94,10.4872,8.41369,pe15,1.24645,true
NBR,NYSE:NBR,Nabors Industries Ltd.,NYSE,18.75,6.32008,,,,false
NBTB,NASDAQ:NBTB,NBT Bancorp Inc.,NASDAQ,3.34,13.1378,6.92265,pe15,1.8978,true
NC,NYSE:NC,"NACCO Industries, Inc.",NYSE,2.37,18.5931,2.35126,pe15,7.90772,false
NCDL,NYSE:NCDL,Nuveen Churchill Direct Lending Corp.,NYSE,1.3,13.0563,24.7656,lynch_peg,0.527192,true
NCI,NASDAQ:NCI,Neo-Concept International Group Holdings Limited,NASDAQ,0.65,-94.2457,-25.9347,pe15,3.63396,false
NCLH,NYSE:NCLH,Norwegian Cruise Line Holdings Ltd.,NYSE,0.94,11.5868,-22.4753,pe15,-0.515536,true
NCNO,NASDAQ:NCNO,"nCino, Inc.",NASDAQ,0.05,157.634,,,,false
NCSM,NASDAQ:NCSM,"NCS Multistage Holdings, Inc.",NASDAQ,9.17,9.56343,,,,false
NCT,NASDAQ:NCT,Intercont (Cayman) Limited Ordinary shares,NASDAQ,3.25,1.18154,-38.1653,pe15,-0.0309584,true
NDAQ,NASDAQ:NDAQ,"Nasdaq, Inc.",NASDAQ,3.13,27.9452,10.6156,pe15,2.63246,false
NDSN,NASDAQ:NDSN,Nordson Corporation,NASDAQ,8.56,32.9684,14.6563,pe15,2.24943,false
NE,NYSE:NE,Noble Corporation Plc,NYSE,1.36,47.6158,-7.27854,pe15,-6.54194,false
NECB,NASDAQ:NECB,"Northeast Community Bancorp, Inc.",NASDAQ,3.35,8.40839,34.5384,lynch_peg,0.24345,true
NEE,NYSE:NEE,"NextEra Energy, Inc.",NYSE,3.31,19.2573,17.3082,lynch_peg,1.11261,false
NEM,NYSE:NEM,Newmont Corporation,NYSE,6.41,14.8667,12.7361,pe15,1.16728,true
NEN,AMEX:NEN,New England Realty Associates Limited Partnership,AMEX,1.72,-28.0001,34.5528,lynch_peg,-0.810355,false
NEON,NASDAQ:NEON,Neonode Inc.,NASDAQ,0.51,1.8598,,,,false
NEPH,NASDAQ:NEPH,"Nephros, Inc.",NASDAQ,0.11,29.1226,,,,false
NESR,NASDAQ:NESR,National Energy Services Reunited Corp.,NASDAQ,0.52,38.8566,22.3066,lynch_peg,1.74193,false
NEU,NYSE:NEU,NewMarket Corporation,NYSE,44.44,20.3501,12.5192,pe15,1.62551,false
NEWT,NASDAQ:NEWT,"NewtekOne, Inc.",NASDAQ,2.4,5.50422,8.58325,pe15,0.641275,true
NEXA,NYSE:NEXA,Nexa Resources S.A.,NYSE,1,6.96411,8.63584,pe15,0.80642,true
NEXN,NASDAQ:NEXN,Nexxen International Ltd.,NASDAQ,0.42,45.5644,67.4525,lynch_peg,0.675503,true
NFG,NYSE:NFG,National Fuel Gas Company,NYSE,5.73,11.2966,8.4085,pe15,1.34347,true
NFLX,NASDAQ:NFLX,"Netflix, Inc.",NASDAQ,2.58,24.1099,32.5732,lynch_peg,0.740176,true
NGG,NYSE:NGG,National Grid plc,NYSE,3.35,18.1136,2.16348,pe15,8.37247,false
NGS,NYSE:NGS,"Natural Gas Services Group, Inc.",NYSE,1.59,22.9509,62.575,lynch_peg,0.366774,true
NGVC,NYSE:NGVC,"Natural Grocers by Vitamin Cottage, Inc.",NYSE,2.02,13.4806,17.8127,lynch_peg,0.756794,true
NHC,AMEX:NHC,National HealthCare Corporation,AMEX,7.76,24.742,23.1465,lynch_peg,1.06893,false
NHI,NYSE:NHI,"National Health Investors, Inc.",NYSE,3.03,21.0634,0,pe15,,false
NHIC,NASDAQ:NHIC,NewHold Investment Corp III,NASDAQ,0.2,1065,,,,false
NI,NYSE:NI,NiSource Inc,NYSE,1.96,22.3184,14.2779,pe15,1.56315,false
NIC,NYSE:NIC,"Nicolet Bankshares, Inc.",NYSE,10.06,19.429,11.5668,pe15,1.67972,false
NICE,NASDAQ:NICE,NICE Ltd.,NASDAQ,9.82,15.2482,25.6135,lynch_peg,0.595318,true
NIVF,NASDAQ:NIVF,NewGenIvf Group Limited,NASDAQ,50.4,0.0116645,-35.4682,pe15,-0.000328873,true
NJR,NYSE:NJR,New Jersey Resources Corporation,NYSE,3.35,15.3501,14.2624,pe15,1.07627,false
NKE,NYSE:NKE,"NIKE, Inc.",NYSE,2.1,19.4762,-10.4174,pe15,-1.86958,false
NKLR,NASDAQ:NKLR,Terra Innovatum Global N.V. Ordinary shares,NASDAQ,9.74,1.28097,,,,false
NKSH,NASDAQ:NKSH,"National Bankshares, Inc.",NASDAQ,2.49,13.4387,0.0805154,pe15,166.908,true
NLY,NYSE:NLY,"Annaly Capital Management, Inc.",NYSE,2.92,5.83416,48.8925,lynch_peg,0.119326,true
NMFC,NASDAQ:NMFC,New Mountain Finance Corporation,NASDAQ,0.16,-16.0521,-23.2296,pe15,0.691018,false
NMIH,NASDAQ:NMIH,"NMI Holdings, Inc.",NASDAQ,5.01,8.83077,17.8916,lynch_peg,0.49357,true
NMM,NYSE:NMM,Navios Maritime Partners L.P.,NYSE,9.59,6.8989,-19.0743,pe15,-0.361687,true
NMP,NASDAQ:NMP,NMP Acquisition Corp.,NASDAQ,0.18,36.7344,,,,false
NMR,NYSE:NMR,"Nomura Holdings, Inc.",NYSE,123.08,0.317874,19.6886,lynch_peg,0.0161451,true
NMRK,NASDAQ:NMRK,"Newmark Group, Inc.",NASDAQ,0.71,18.2992,12.7298,pe15,1.43751,false
NNI,NYSE:NNI,"Nelnet, Inc.",NYSE,11.58,15.2953,5.12364,pe15,2.98524,false
NNN,NYSE:NNN,"NNN REIT, Inc.",NYSE,2.07,22.7623,11.1532,pe15,2.04087,false
NNNN,NASDAQ:NNNN,Anbio Biotechnology Class A Ordinary Shares,NASDAQ,0.16,53.516,58.4242,lynch_peg,0.915991,true
NOA,NYSE:NOA,North American Construction Group Ltd.,NYSE,1.18,16.8822,-7.5794,pe15,-2.22738,false
NOAH,NYSE:NOAH,Noah Holdings Limited,NYSE,38.8,1.49139,-8.88281,pe15,-0.167896,true
NOC,NYSE:NOC,Northrop Grumman Corporation,NYSE,29.14,18.5222,8.83842,pe15,2.09564,false
NOEM,NASDAQ:NOEM,CO2 Energy Transition Corp.,NASDAQ,0.17,74.0734,,,,false
NOEMU,NASDAQ:NOEMU,CO2 Energy Transition Corp. Unit,NASDAQ,0.17,74.0734,,,,false
NOG,NYSE:NOG,"Northern Oil and Gas, Inc.",NYSE,0.4,-4.8549,-32.2101,pe15,0.150726,false
NOK,NYSE:NOK,Nokia Oyj,NYSE,0.11,72.7287,80.3186,lynch_peg,0.905503,true
NOMD,NYSE:NOMD,Nomad Foods Limited,NYSE,0.91,11.3944,-3.36743,pe15,-3.38371,true
NOV,NYSE:NOV,NOV Inc.,NYSE,0.39,81.4231,-0.840376,pe15,-96.8889,false
NOVT,NASDAQ:NOVT,Novanta Inc.,NASDAQ,1.47,105.152,2.96811,pe15,35.4275,false
NOW,NYSE:NOW,"ServiceNow, Inc.",NYSE,1.69,77.1925,69.7232,lynch_peg,1.10713,false
NP,NYSE:NP,Neptune Insurance Holdings Inc.,NYSE,0.27,22.262,-49.0475,pe15,-0.453886,false
NPAC,NASDAQ:NPAC,New Providence Acquisition Corp. III,NASDAQ,0.2,41.1742,,,,false
NPB,NYSE:NPB,"Northpointe Bancshares, Inc.",NYSE,2.14,7.42979,11.7125,pe15,0.634347,true
NPK,NYSE:NPK,"National Presto Industries, Inc.",NYSE,4.63,31.2467,-7.04109,pe15,-4.43776,false
NPKI,NYSE:NPKI,NPK International Inc.,NYSE,0.42,31.105,2.22658,pe15,13.9699,false
NPO,NYSE:NPO,"EnPro Industries, Inc.",NYSE,1.92,164.702,-26.5478,pe15,-6.20398,false
NPT,NASDAQ:NPT,Texxon Holding Limited Ordinary shares,NASDAQ,0.0428,84.1729,,,,false
NRC,NASDAQ:NRC,NRC Health,NASDAQ,0.52,82.019,-18.8762,pe15,-4.34511,false
NRDS,NASDAQ:NRDS,"NerdWallet, Inc.",NASDAQ,0.66,10.8407,52.3174,lynch_peg,0.207209,true
NREF,NYSE:NREF,"NexPoint Real Estate Finance, Inc.",NYSE,4.28,5.05005,14.9775,pe15,0.337176,true
NRG,NYSE:NRG,"NRG Energy, Inc.",NYSE,4.09,32.3325,14.4806,pe15,2.23281,false
NRIM,NASDAQ:NRIM,"Northrim BanCorp, Inc.",NASDAQ,2.92,8.77419,17.6583,lynch_peg,0.496887,true
NRP,NYSE:NRP,Natural Resource Partners L.P.,NYSE,10.18,13.1839,1.5197,pe15,8.67531,true
NRT,NYSE:NRT,North European Oil Royalty Trust,NYSE,0.86,9.20588,19.0253,lynch_peg,0.483876,true
NSC,NYSE:NSC,Norfolk Southern Corporation,NYSE,12.75,28.9565,10.1024,pe15,2.8663,false
NSIT,NASDAQ:NSIT,"Insight Enterprises, Inc.",NASDAQ,5,22.6549,0.323109,pe15,70.1155,false
NSLR,NASDAQ:NSLR,Neostellar Capital Corp.,NASDAQ,2.01,1.88652,,,,false
NSSC,NASDAQ:NSSC,"Napco Security Technologies, Inc.",NASDAQ,1.2,36.9612,39.1524,lynch_peg,0.944033,true
NTAP,NASDAQ:NTAP,"NetApp, Inc.",NASDAQ,6.43,31.8118,14.3413,pe15,2.2182,false
NTB,NYSE:NTB,The Bank of N.T. Butterfield & Son Limited,NYSE,5.61,10.9401,14.0286,pe15,0.779838,true
NTCT,NASDAQ:NTCT,"NetScout Systems, Inc.",NASDAQ,1.33,23.7365,38.604,lynch_peg,0.614873,true
NTES,NASDAQ:NTES,"NetEase, Inc.",NASDAQ,52.9,15.5588,23.7196,lynch_peg,0.655945,true
NTIC,NASDAQ:NTIC,Northern Technologies International Corporation,NASDAQ,0.0019,-62.7916,-61.3503,pe15,1.02349,false
NTNX,NASDAQ:NTNX,"Nutanix, Inc.",NASDAQ,0.7,65.5294,,,,false
NTR,NYSE:NTR,Nutrien Ltd.,NYSE,4.74,13.8077,41.0171,lynch_peg,0.336632,true
NTRS,NASDAQ:NTRS,Northern Trust Corporation,NASDAQ,8.79,16.3211,9.91113,pe15,1.64674,false
NTST,NYSE:NTST,NETSTREIT Corp.,NYSE,0.0834,146.041,16.0046,lynch_peg,9.12493,false
NTWK,NASDAQ:NTWK,"NetSol Technologies, Inc.",NASDAQ,0.25,27.6342,25.6257,lynch_peg,1.07838,false
NTWO,NASDAQ:NTWO,Newbury Street II Acquisition Corp,NASDAQ,0.27,52.3438,,,,false
NU,NYSE:NU,Nu Holdings Ltd.,NYSE,0.59,23.6154,63.7626,lynch_peg,0.370364,true
NUE,NYSE:NUE,Nucor Corporation,NYSE,7.53,21.6669,26.0113,lynch_peg,0.832983,true
NUS,NYSE:NUS,"Nu Skin Enterprises, Inc.",NYSE,3.25,-1.10178,-2.34815,pe15,0.46921,false
NUTX,NASDAQ:NUTX,"Nutex Health, Inc.",NASDAQ,11.13,7.26268,-14.7303,pe15,-0.493044,true
NVAX,NASDAQ:NVAX,"Novavax, Inc.",NASDAQ,2.72,-5.21842,,,,false
NVDA,NASDAQ:NVDA,NVIDIA Corporation,NASDAQ,4.93,34.407,93.8719,lynch_peg,0.366532,true
NVEC,NASDAQ:NVEC,NVE Corporation,NASDAQ,3.14,32.2984,5.34717,pe15,6.04028,false
NVGS,NYSE:NVGS,Navigator Holdings Ltd.,NYSE,1.49,9.53425,29.2545,lynch_peg,0.325907,true
NVMI,NASDAQ:NVMI,Nova Ltd.,NASDAQ,8.61,48.5171,38.1661,lynch_peg,1.27121,false
NVO,NYSE:NVO,Novo Nordisk A/S,NYSE,23.06,11.2395,20.6242,lynch_peg,0.544968,true
NVR,NYSE:NVR,"NVR, Inc.",NYSE,462,15.6095,13.6086,pe15,1.14703,false
NVS,NYSE:NVS,Novartis AG,NYSE,7.25,22.7787,15.4162,lynch_peg,1.47758,false
NVST,NYSE:NVST,Envista Holdings Corp,NYSE,0.28,48,0.730005,pe15,65.753,false
NVT,NYSE:NVT,nVent Electric plc,NYSE,4.36,46.7859,22.3462,lynch_peg,2.09368,false
NWAX,NYSE:NWAX,New America Acquisition I Corp.,NYSE,0.0096,197.287,,,,false
NWBI,NASDAQ:NWBI,"Northwest Bancshares, Inc.",NASDAQ,0.93,15.069,8.44718,pe15,1.78391,false
NWE,NASDAQ:NWE,Northwestern Energy Group Inc,NASDAQ,2.95,25.6971,-0.794277,pe15,-32.3529,false
NWFL,NASDAQ:NWFL,Norwood Financial Corp.,NASDAQ,3.03,11.0415,7.7108,pe15,1.43196,true
NWG,NYSE:NWG,NatWest Group plc,NYSE,2.72,7.43789,15.9378,lynch_peg,0.466682,true
NWN,NYSE:NWN,Northwest Natural Holding Company,NYSE,2.77,16.5976,3.60921,pe15,4.59868,false
NWPX,NASDAQ:NWPX,"NWPX Infrastructure, Inc.",NASDAQ,3.62,23.0738,13.1709,pe15,1.75187,false
NWS,NASDAQ:NWS,News Corporation,NASDAQ,1.03,32.0728,12.9613,pe15,2.4745,false
NWSA,NASDAQ:NWSA,News Corporation,NASDAQ,1.03,32.0728,12.9613,pe15,2.4745,false
NXPI,NASDAQ:NXPI,NXP Semiconductors N.V.,NASDAQ,8,19.7502,111.284,lynch_peg,0.177476,true
NXST,NASDAQ:NXST,"Nexstar Media Group, Inc.",NASDAQ,3.04,33.367,-29.9785,pe15,-1.11303,false
NXT,NASDAQ:NXT,Nextpower Inc.,NASDAQ,3.96,26.2613,4.15942,pe15,6.3137,false
NXTT,NASDAQ:NXTT,Next Technology Holding Inc.,NASDAQ,6177,-0.0013002,-28.2673,pe15,4.59967e-05,false
NYAX,NASDAQ:NYAX,Nayax Ltd.,NASDAQ,1.04,237.192,,,,false
NYT,NYSE:NYT,The New York Times Company,NYSE,2.11,26.8058,28.5956,lynch_peg,0.937408,true
O,NYSE:O,Realty Income Corporation,NYSE,1.17,45.9635,0.345431,pe15,133.061,false
OACC,NASDAQ:OACC,Oaktree Acquisition Corp. II,NASDAQ,0.3,38.2249,,,,false
OBA,NASDAQ:OBA,Oxley Bridge Acquisition Limited,NASDAQ,0.25,27.3743,,,,false
OBDC,NYSE:OBDC,Blue Owl Capital Corporation,NYSE,1.24,21.0625,4.39611,pe15,4.79116,false
OBE,AMEX:OBE,Obsidian Energy Ltd.,AMEX,0.37,51.417,-46.0267,pe15,-1.11711,false
OBK,NYSE:OBK,"Origin Bancorp, Inc.",NYSE,2.43,16.8994,9.26884,pe15,1.82325,false
OBT,NASDAQ:OBT,"Orange County Bancorp, Inc.",NASDAQ,3.33,11.0704,20.698,lynch_peg,0.534854,true
OCFC,NASDAQ:OCFC,OceanFirst Financial Corp.,NASDAQ,1.17,23.2027,2.78202,pe15,8.34026,false
OCSL,NASDAQ:OCSL,Oaktree Specialty Lending Corporation,NASDAQ,0.39,26.9382,-14.02,pe15,-1.92141,false
OCTV,NASDAQ:OCTV,Octave Intelligence plc,NASDAQ,0.92,-2.82548,,,,false
ODC,NYSE:ODC,Oil-Dri Corporation of America,NYSE,3.99,21.5216,24.2626,lynch_peg,0.887027,true
ODD,NASDAQ:ODD,Oddity Tech Ltd.,NASDAQ,1.95,14.8502,100.488,lynch_peg,0.147782,true
ODFL,NASDAQ:ODFL,"Old Dominion Freight Line, Inc.",NASDAQ,4.85,41.0538,11.1412,pe15,3.68486,false
OFG,NYSE:OFG,OFG Bancorp,NYSE,4.53,10.6663,27.969,lynch_peg,0.381362,true
OFLX,NASDAQ:OFLX,"Omega Flex, Inc.",NASDAQ,1.47,24.0084,-5.68729,pe15,-4.22141,false
OGC,NYSE:OGC,OceanaGold Corporation,NYSE,2.72,7.5039,,,,false
OGCP,AMEX:OGCP,"Empire State Realty OP, L.P.",AMEX,0.26,176.654,-1.22754,pe15,-143.91,false
OGE,NYSE:OGE,OGE Energy Corp.,NYSE,2.33,20.6397,1.19274,pe15,17.3044,false
OGN,NYSE:OGN,Organon & Co.,NYSE,0.72,17.3608,-38.9932,pe15,-0.445226,false
OGS,NYSE:OGS,"ONE Gas, Inc.",NYSE,4.39,17.3466,3.47908,pe15,4.98596,false
OHI,NYSE:OHI,"Omega Healthcare Investors, Inc.",NYSE,2.02,16,23.6092,lynch_peg,0.677703,true
OII,NYSE:OII,"Oceaneering International, Inc.",NYSE,3.49,15.1063,137.657,lynch_peg,0.109739,true
OKE,NYSE:OKE,"ONEOK, Inc.",NYSE,5.43,16.148,30.7682,lynch_peg,0.524827,true
OKTA,NASDAQ:OKTA,"Okta, Inc.",NASDAQ,1.34,106.446,,,,false
OLED,NASDAQ:OLED,Universal Display Corporation,NASDAQ,5.09,21.5918,12.6969,pe15,1.70056,false
OLLI,NASDAQ:OLLI,"Ollie's Bargain Outlet Holdings, Inc.",NASDAQ,3.92,18.8152,0.890659,pe15,21.125,false
OLP,NYSE:OLP,"One Liberty Properties, Inc.",NYSE,1.16,16.483,21.3951,lynch_peg,0.770411,true
OMAB,NASDAQ:OMAB,"Grupo Aeroportuario del Centro Norte, S.A.B. de C.V.",NASDAQ,110.64,15.9972,39.7991,lynch_peg,0.401947,true
OMCL,NASDAQ:OMCL,"Omnicell, Inc.",NASDAQ,0.0446,43.6542,-43.2842,pe15,-1.00855,false
OMF,NYSE:OMF,"OneMain Holdings, Inc.",NYSE,6.59,9.86937,3.98656,pe15,2.47566,true
OMSE,NASDAQ:OMSE,OMS Energy Technologies Inc.,NASDAQ,0.76,5.99342,41.4214,lynch_peg,0.144694,true
ON,NASDAQ:ON,ON Semiconductor Corporation,NASDAQ,0.29,52.0759,-12.6416,pe15,-4.11941,false
ONB,NASDAQ:ONB,Old National Bancorp,NASDAQ,1.8,11.9605,5.6113,pe15,2.13151,true
ONC,NASDAQ:ONC,BeOne Medicines AG,NASDAQ,33.8,28.5519,,,,false
ONCH,NASDAQ:ONCH,1RT Acquisition Corp.,NASDAQ,0.13,38.4169,,,,false
ONIT,NYSE:ONIT,Onity Group Inc.,NYSE,23.07,2.32503,84.2911,lynch_peg,0.0275833,true
ONON,NYSE:ONON,On Holding AG,NYSE,0.59,21.8147,48.5456,lynch_peg,0.449366,true
ONTO,NYSE:ONTO,Onto Innovation Inc.,NYSE,2.78,124.829,28.071,lynch_peg,4.44691,false
OOMA,NYSE:OOMA,"Ooma, Inc.",NYSE,0.23,62.2498,,,,false
OPAL,NASDAQ:OPAL,OPAL Fuels Inc.,NASDAQ,0.15,-166.791,-45.0064,pe15,3.70594,false
OPBK,NASDAQ:OPBK,OP Bancorp,NASDAQ,1.72,8.0359,15.1389,lynch_peg,0.530813,true
OPCH,NASDAQ:OPCH,"Option Care Health, Inc.",NASDAQ,1.28,18.109,13.1824,pe15,1.37373,false
OPFI,NYSE:OPFI,OppFi Inc.,NYSE,0.99,2.16024,-30.1877,pe15,-0.0715603,true
OPHC,AMEX:OPHC,"OptimumBank Holdings, Inc.",AMEX,1.42,5.39306,15.1184,lynch_peg,0.356723,true
OPRA,NASDAQ:OPRA,Opera Limited,NASDAQ,1.21,15.5957,-4.20589,pe15,-3.70807,false
OPRT,NASDAQ:OPRT,Oportun Financial Corporation,NASDAQ,0.53,19.275,2.38893,pe15,8.06846,false
OPRX,NASDAQ:OPRX,OptimizeRx Corp.,NASDAQ,0.28,36.2685,45.7916,lynch_peg,0.792033,true
OPXS,NASDAQ:OPXS,"Optex Systems Holdings, Inc",NASDAQ,0.75,20.9512,39.89,lynch_peg,0.525224,true
OPY,NYSE:OPY,Oppenheimer Holdings Inc.,NYSE,14.13,11.8484,7.74717,pe15,1.52938,true
OR,NYSE:OR,OR Royalties Inc.,NYSE,1.12,21.7324,62.1226,lynch_peg,0.34983,true
ORA,NYSE:ORA,"Ormat Technologies, Inc.",NYSE,2.04,55.3269,4.20881,pe15,13.1455,false
ORC,NYSE:ORC,"Orchid Island Capital, Inc.",NYSE,1.24,4.48986,50.6123,lynch_peg,0.088711,true
ORCL,NYSE:ORCL,Oracle Corporation,NYSE,5.94,25.8241,4.92861,pe15,5.23963,false
ORGO,NASDAQ:ORGO,Organogenesis Holdings Inc.,NASDAQ,0.16,-2.15244,0,pe15,,false
ORI,NYSE:ORI,Old Republic International Corporation,NYSE,3.84,9.1453,15.4776,lynch_peg,0.590871,true
ORIQ,NASDAQ:ORIQ,Origin Investment Corp I Ordinary Shares,NASDAQ,0.13,57.8151,,,,false
ORLY,NASDAQ:ORLY,"O'Reilly Automotive, Inc.",NASDAQ,2.98,28.8344,13.493,pe15,2.13699,false
ORMP,NASDAQ:ORMP,Oramed Pharmaceuticals Inc.,NASDAQ,1.53,1.0331,230.584,lynch_peg,0.00448035,true
ORN,NYSE:ORN,"Orion Group Holdings, Inc.",NYSE,0.0628,105.585,-37.7159,pe15,-2.79948,false
ORRF,NASDAQ:ORRF,"Orrstown Financial Services, Inc.",NASDAQ,4.21,9.33798,11.7103,pe15,0.797414,true
OSBC,NASDAQ:OSBC,"Old Second Bancorp, Inc.",NASDAQ,1.64,14.5319,11.7746,pe15,1.23417,true
OSIS,NASDAQ:OSIS,"OSI Systems, Inc.",NASDAQ,8.91,25.4316,16.567,lynch_peg,1.53508,false
OSK,NYSE:OSK,Oshkosh Corp,NYSE,10.08,17.537,16.1905,lynch_peg,1.08316,false
OSPN,NASDAQ:OSPN,OneSpan Inc.,NASDAQ,1.91,9.05525,45.6579,lynch_peg,0.198328,true
OSS,NASDAQ:OSS,"One Stop Systems, Inc.",NASDAQ,0.23,117.813,15.331,lynch_peg,7.68458,false
OSW,NASDAQ:OSW,OneSpaWorld Holdings Ltd,NASDAQ,0.69,33.89,23.2184,lynch_peg,1.45962,false
OTEX,NASDAQ:OTEX,Open Text Corporation,NASDAQ,2.58,5.40044,16.9358,lynch_peg,0.318877,true
OTF,NYSE:OTF,Blue Owl Technology Finance Corp.,NYSE,1.76,8.78462,23.6052,lynch_peg,0.372148,true
OTGA,NASDAQ:OTGA,OTG Acquisition Corp. I Class A Ordinary Share,NASDAQ,0.12,74.3273,,,,false
OTIS,NYSE:OTIS,Otis Worldwide Corporation,NYSE,3.53,18.5409,11.0518,pe15,1.67763,false
OTTR,NASDAQ:OTTR,Otter Tail Corporation,NASDAQ,6.59,19.9145,22.9033,lynch_peg,0.869504,true
OUT,NYSE:OUT,Outfront Media Inc.,NYSE,0.88,21.2746,-1.6098,pe15,-13.2157,false
OVBC,NASDAQ:OVBC,Ohio Valley Banc Corp.,NASDAQ,3.31,15.3953,9.11459,pe15,1.68909,false
OVLY,NASDAQ:OVLY,Oak Valley Bancorp,NASDAQ,2.9,12.243,11.5367,pe15,1.06122,true
OVV,NYSE:OVV,Ovintiv Inc.,NYSE,4.83,17.8074,32.3175,lynch_peg,0.551012,true
OWL,NYSE:OWL,Blue Owl Capital Inc.,NYSE,0.12,103.727,8.96249,pe15,11.5735,false
OXY,NYSE:OXY,Occidental Petroleum Corporation,NYSE,1.69,8.78864,-15.2939,pe15,-0.574652,true
OYSE,NASDAQ:OYSE,Oyster Enterprises II Acquisition Corp,NASDAQ,0.24,31.2217,,,,false
OZK,NASDAQ:OZK,Bank OZK,NASDAQ,6.21,8.65651,22.4043,lynch_peg,0.386377,true
P,NYSE:P,"Everpure, Inc.",NYSE,0.49,171.463,26.861,lynch_peg,6.38334,false
PAA,NASDAQ:PAA,"Plains All American Pipeline, L.P.",NASDAQ,1.66,6.52355,-7.8441,pe15,-0.83165,true
PAAS,NYSE:PAAS,Pan American Silver Corp.,NYSE,2.61,15.1917,25.1539,lynch_peg,0.60395,true
PAC,NYSE:PAC,"Grupo Aeroportuario del Pacífico, S.A.B. de C.V.",NYSE,197.9,17.4764,39.4707,lynch_peg,0.442768,true
PACH,NASDAQ:PACH,Pioneer Acquisition I Corp,NASDAQ,0.25,32.9233,,,,false
PACS,NYSE:PACS,"PACS Group, Inc.",NYSE,1.23,26.3176,40.0196,lynch_peg,0.657619,true
PAG,NYSE:PAG,"Penske Automotive Group, Inc.",NYSE,14.13,16.1233,15.9569,lynch_peg,1.01043,false
PAGP,NASDAQ:PAGP,Plains GP Holdings LP,NASDAQ,1.31,9.12143,-6.57405,pe15,-1.38749,true
PAGS,NYSE:PAGS,PagSeguro Digital Ltd.,NYSE,7.01,6.10903,12.3276,pe15,0.495558,true
PAHC,NASDAQ:PAHC,Phibro Animal Health Corporation,NASDAQ,1.19,14.7778,7.47161,pe15,1.97786,true
PAII,NYSE:PAII,Pyrophyte Acquisition Corp. II,NYSE,0.11,61.9421,,,,false
PAM,NYSE:PAM,Pampa Energía S.A.,NYSE,7.25,7.71549,-1.19018,pe15,-6.4826,true
PANL,NASDAQ:PANL,"Pangaea Logistics Solutions, Ltd.",NASDAQ,0.3,9.87453,2.90337,pe15,3.40106,true
PANW,NASDAQ:PANW,"Palo Alto Networks, Inc.",NASDAQ,1.71,323.374,53.0512,lynch_peg,6.09551,false
PARR,NYSE:PARR,"Par Pacific Holdings, Inc.",NYSE,7.28,4.71494,44.4908,lynch_peg,0.105976,true
PATH,NYSE:PATH,UiPath Inc.,NYSE,0.52,26.7829,,,,false
PATK,NASDAQ:PATK,"Patrick Industries, Inc.",NASDAQ,4.16,18.7763,-0.520615,pe15,-36.0656,false
PAX,NASDAQ:PAX,Patria Investments Ltd,NASDAQ,0.54,25.5052,2.81564,pe15,9.05841,false
PAY,NYSE:PAY,"Paymentus Holdings, Inc.",NYSE,0.53,62.2239,48.4156,lynch_peg,1.2852,false
PAYC,NYSE:PAYC,"Paycom Software, Inc.",NYSE,8.13,23.228,26.7005,lynch_peg,0.869947,true
PAYO,NASDAQ:PAYO,Payoneer Global Inc.,NASDAQ,0.2,50.5312,-12.2942,pe15,-4.11016,false
PAYP,NASDAQ:PAYP,PayPay Corporation,NASDAQ,191.74,30.1613,,,,false
PAYS,NASDAQ:PAYS,"Paysign, Inc.",NASDAQ,0.14,45.7734,-2.20094,pe15,-20.7972,false
PAYX,NASDAQ:PAYX,"Paychex, Inc.",NASDAQ,4.9,24.9959,9.94595,pe15,2.51318,false
PB,NYSE:PB,"Prosperity Bancshares, Inc.",NYSE,5.72,12.9983,0.14045,pe15,92.5473,true
PBA,NYSE:PBA,Pembina Pipeline Corporation,NYSE,2.67,23.9789,-0.124301,pe15,-192.909,false
PBFS,NASDAQ:PBFS,"Pioneer Bancorp, Inc.",NASDAQ,0.83,21.012,80.7682,lynch_peg,0.260153,true
PBH,NYSE:PBH,Prestige Consumer Healthcare Inc.,NYSE,3.93,14.2117,3.68209,pe15,3.85968,true
PBI,NYSE:PBI,Pitney Bowes Inc.,NYSE,0.84,13.4877,23.2191,lynch_peg,0.580889,true
PBR,NYSE:PBR,Petróleo Brasileiro S.A. - Petrobras,NYSE,3.06,4.10347,145.092,lynch_peg,0.0282818,true
PBT,NYSE:PBT,Permian Basin Royalty Trust,NYSE,0.31,128.208,5.25194,pe15,24.4116,false
PBYI,NASDAQ:PBYI,"Puma Biotechnology, Inc.",NASDAQ,0.62,16.1414,212.071,lynch_peg,0.0761129,true
PCAP,NASDAQ:PCAP,ProCap Acquisition Corp,NASDAQ,0.18,31.341,,,,false
PCAR,NASDAQ:PCAR,PACCAR Inc,NASDAQ,4.52,27.4674,12.5744,pe15,2.18439,false
PCB,NASDAQ:PCB,PCB Bancorp,NASDAQ,2.62,9.77171,20.0667,lynch_peg,0.486962,true
PCG,NYSE:PCG,PG&E Corporation,NYSE,1.18,12.7681,9.04695,pe15,1.41132,true
PCRX,NASDAQ:PCRX,"Pacira BioSciences, Inc.",NASDAQ,0.16,66.3306,-45.7658,pe15,-1.44935,false
PCTY,NASDAQ:PCTY,Paylocity Holding Corporation,NASDAQ,4.99,29.7355,30.8674,lynch_peg,0.96333,true
PCYO,NASDAQ:PCYO,Pure Cycle Corporation,NASDAQ,0.54,18.5164,14.0374,pe15,1.31908,false
PD,NYSE:PD,"PagerDuty, Inc.",NYSE,1.91,5.71292,,,,false
PDD,NASDAQ:PDD,PDD Holdings Inc.,NASDAQ,69.16,8.17998,82.7536,lynch_peg,0.0988475,true
PDEX,NASDAQ:PDEX,"Pro-Dex, Inc.",NASDAQ,2.73,18.2743,11.8427,pe15,1.54309,false
PDLB,NASDAQ:PDLB,"Ponce Financial Group, Inc.",NASDAQ,1.21,14.7535,39.3835,lynch_peg,0.374611,true
PDS,NYSE:PDS,Precision Drilling Corporation,NYSE,0.14,-47.3655,-17.9847,pe15,2.63366,false
PDYN,NASDAQ:PDYN,Palladyne AI Corp.,NASDAQ,0.26,-9.61054,,,,false
PEBK,NASDAQ:PEBK,"Peoples Bancorp of North Carolina, Inc.",NASDAQ,2.92,13.5467,8.41008,pe15,1.61077,true
PEBO,NASDAQ:PEBO,Peoples Bancorp Inc.,NASDAQ,3.03,12.4058,11.7323,pe15,1.05741,true
PECO,NASDAQ:PECO,Phillips Edison & Co.,NASDAQ,0.9,35.3502,78.7636,lynch_peg,0.448814,true
PEG,NYSE:PEG,Public Service Enterprise Group Incorporated,NYSE,4.23,18.8886,2.27505,pe15,8.30249,false
PEGA,NASDAQ:PEGA,Pegasystems Inc.,NASDAQ,2.3,17.1711,65.5106,lynch_peg,0.262111,true
PEN,NYSE:PEN,"Penumbra, Inc.",NYSE,4.57,80.1601,21.9411,lynch_peg,3.65342,false
PENG,NASDAQ:PENG,"Penguin Solutions, Inc.",NASDAQ,0.29,41.5287,-20.1644,pe15,-2.05951,false
PEP,NASDAQ:PEP,"PepsiCo, Inc.",NASDAQ,6.03,18.4627,3.24543,pe15,5.68883,false
PERF,NYSE:PERF,Perfect Corp.,NYSE,0.05,32.807,0,pe15,,false
PETZ,NASDAQ:PETZ,"TDH Holdings, Inc.",NASDAQ,0.17,7.91213,19.3483,lynch_peg,0.408931,true
PFE,NYSE:PFE,Pfizer Inc.,NYSE,1.36,35.3436,-3.77804,pe15,-9.35499,false
PFG,NASDAQ:PFG,"Principal Financial Group, Inc.",NASDAQ,5.32,16.3026,0.927516,pe15,17.5766,false
PFGC,NYSE:PFGC,Performance Food Group Co,NYSE,2.3,46.2217,49.3046,lynch_peg,0.937473,true
PFH,NYSE:PFH,"Prudential Financial, Inc. 4.125% Junior Subordinated Notes due 2060",NYSE,10.16,11.217,-0.11437,pe15,-98.0766,true
PFIS,NASDAQ:PFIS,Peoples Financial Services Corp.,NASDAQ,5.92,12.654,8.0486,pe15,1.57221,true
PFLT,NYSE:PFLT,PennantPark Floating Rate Capital Ltd.,NYSE,0.72,14.5503,8.90478,pe15,1.63398,true
PFS,NYSE:PFS,"Provident Financial Services, Inc.",NYSE,2.23,10.325,9.91527,pe15,1.04132,true
PFSI,NYSE:PFSI,"PennyMac Financial Services, Inc.",NYSE,9.69,10.463,-15.0553,pe15,-0.694969,true
PFX,NASDAQ:PFX,PhenixFIN Corporation,NASDAQ,2.06,19.2562,43.9317,lynch_peg,0.438321,true
PG,NYSE:PG,The Procter & Gamble Company,NYSE,6.75,21.3837,3.47568,pe15,6.15237,false
PGAC,NASDAQ:PGAC,Pantages Capital Acquisition Corp,NASDAQ,0.23,53.3764,,,,false
PGC,NASDAQ:PGC,Peapack-Gladstone Financial Corporation,NASDAQ,2.12,15.9812,8.80885,pe15,1.81422,false
PGNY,NASDAQ:PGNY,"Progyny, Inc.",NASDAQ,0.68,26.9588,4.71841,pe15,5.71353,false
PGR,NYSE:PGR,The Progressive Corporation,NYSE,19.29,10.4707,14.7156,pe15,0.711537,true
PGY,NASDAQ:PGY,Pagaya Technologies Ltd.,NASDAQ,0.99,14.3533,-1.72517,pe15,-8.31994,true
PH,NYSE:PH,Parker-Hannifin Corporation,NYSE,28.89,36.5538,16.3659,lynch_peg,2.23353,false
PHAR,NASDAQ:PHAR,Pharming Group N.V.,NASDAQ,0.04,78.6167,-38.9069,pe15,-2.02064,false
PHG,NYSE:PHG,Koninklijke Philips N.V.,NYSE,0.95,20.265,-5.34082,pe15,-3.79435,false
PHI,NYSE:PHI,PLDT Inc.,NYSE,141.72,8.5779,4.79718,pe15,1.78811,true
PHIN,NYSE:PHIN,PHINIA Inc.,NYSE,3.31,21.0907,0.613526,pe15,34.3761,false
PHM,NYSE:PHM,"PulteGroup, Inc.",NYSE,11.21,13.2065,16.6508,lynch_peg,0.793147,true
PHOE,NASDAQ:PHOE,Phoenix Asia Holdings Limited Ordinary Shares,NASDAQ,0.0061,2027.03,-38.8254,pe15,-52.2088,false
PHR,NYSE:PHR,"Phreesia, Inc.",NYSE,0.0386,81.8003,,,,false
PICS,NASDAQ:PICS,PicS N.V.,NASDAQ,8.42,6.37079,458.437,lynch_peg,0.0138968,true
PINS,NYSE:PINS,"Pinterest, Inc.",NYSE,0.62,68.6714,6.05934,pe15,11.3332,false
PIPR,NYSE:PIPR,Piper Sandler Companies,NYSE,4.22,17.1071,41.8421,lynch_peg,0.408849,true
PJT,NYSE:PJT,PJT Partners Inc.,NYSE,7,19.5947,-2.01507,pe15,-9.72404,false
PKBK,NASDAQ:PKBK,"Parke Bancorp, Inc.",NASDAQ,3.2,9.13625,5.92238,pe15,1.54266,true
PKE,NYSE:PKE,Park Aerospace Corp.,NYSE,0.56,61.127,18.4664,lynch_peg,3.31017,false
PKG,NYSE:PKG,Packaging Corporation of America,NYSE,8.61,32.9877,12.1175,pe15,2.72232,false
PKOH,NASDAQ:PKOH,Park-Ohio Holdings Corp.,NASDAQ,1.72,24.731,-9.64055,pe15,-2.56531,false
PKX,NYSE:PKX,POSCO Holdings Inc.,NYSE,1.53,19.257,-80.2105,pe15,-0.240081,false
PLAB,NASDAQ:PLAB,"Photronics, Inc.",NASDAQ,2.29,12.033,34.5137,lynch_peg,0.348643,true
PLBC,NASDAQ:PLBC,Plumas Bancorp,NASDAQ,4.6,12.3487,10.4384,pe15,1.18301,true
PLD,NYSE:PLD,"Prologis, Inc.",NYSE,3.57,31.3933,12.6265,pe15,2.48631,false
PLGO,NYSE:PLGO,Pelagos Insurance Capital Limit,NYSE,2.12,5.67718,14.2304,pe15,0.398946,true
PLMK,NASDAQ:PLMK,Plum Acquisition Corp. IV,NASDAQ,0.34,39.6396,,,,false
PLMR,NASDAQ:PLMR,"Palomar Holdings, Inc.",NASDAQ,7.4,16.8073,96.9057,lynch_peg,0.173439,true
PLNT,NYSE:PLNT,"Planet Fitness, Inc.",NYSE,2.62,17.0881,10.7479,pe15,1.5899,false
PLOW,NYSE:PLOW,"Douglas Dynamics, Inc.",NYSE,2.03,18.6667,-0.798234,pe15,-23.385,false
PLPC,NASDAQ:PLPC,Preformed Line Products Company,NASDAQ,7.17,50.1537,3.4553,pe15,14.515,false
PLTR,NASDAQ:PLTR,Palantir Technologies Inc.,NASDAQ,0.69,140.563,165.752,lynch_peg,0.848033,true
PLUS,NASDAQ:PLUS,ePlus inc.,NASDAQ,5.05,18.4615,12.5998,pe15,1.46523,false
PLXS,NASDAQ:PLXS,Plexus Corp.,NASDAQ,6.39,38.4595,9.71221,pe15,3.95992,false
PM,NYSE:PM,Philip Morris International Inc.,NYSE,7.27,27.2802,7.09691,pe15,3.84395,false
PMT,NYSE:PMT,PennyMac Mortgage Investment Trust,NYSE,0.99,6.64236,29.6744,lynch_peg,0.223841,true
PMTR,NASDAQ:PMTR,Perimeter Acquisition Corp. I Class A Ordinary Shares,NASDAQ,0.17,37.613,,,,false
PMTS,NASDAQ:PMTS,CPI Card Group Inc.,NASDAQ,1.32,24.0205,-1.72517,pe15,-13.9235,false
PMTU,NYSE:PMTU,PennyMac Mortgage Investment Trust,NYSE,0.99,6.64236,29.6744,lynch_peg,0.223841,true
PNC,NYSE:PNC,"The PNC Financial Services Group, Inc.",NYSE,16.62,14.1347,21.1811,lynch_peg,0.667327,true
PNFP,NYSE:PNFP,"Pinnacle Financial Partners, Inc.",NYSE,8.15,13.1711,15.0682,lynch_peg,0.874103,true
PNNT,NYSE:PNNT,PennantPark Investment Corporation,NYSE,0.5,35.7759,13.0125,pe15,2.74935,false
PNR,NYSE:PNR,Pentair plc,NYSE,3.99,16.4751,13.1636,pe15,1.25156,false
PNRG,NASDAQ:PNRG,PrimeEnergy Resources Corporation,NASDAQ,15.85,14.9198,44.7939,lynch_peg,0.333077,true
PNTG,NASDAQ:PNTG,"The Pennant Group, Inc.",NASDAQ,0.86,41.2789,8.95874,pe15,4.60767,false
PNW,NYSE:PNW,Pinnacle West Capital Corporation,NYSE,5.15,18.9962,1.04147,pe15,18.2398,false
PODD,NASDAQ:PODD,Insulet Corp.,NASDAQ,3.51,27.1755,99.8862,lynch_peg,0.272064,true
POLE,NASDAQ:POLE,Andretti Acquisition Corp. II,NASDAQ,0.28,40.8286,,,,false
POOL,NASDAQ:POOL,Pool Corporation,NASDAQ,10.89,18.2498,3.56579,pe15,5.11801,false
POR,NYSE:POR,Portland General Electric Company,NYSE,2.77,22.1201,9.87192,pe15,2.24071,false
POST,NYSE:POST,"Post Holdings, Inc.",NYSE,5.98,13.505,248.697,lynch_peg,0.0543031,true
POWI,NASDAQ:POWI,"Power Integrations, Inc.",NASDAQ,0.39,136.35,-19.9975,pe15,-6.81837,false
POWL,NASDAQ:POWL,"Powell Industries, Inc.",NASDAQ,4.99333,40.2876,59.9688,lynch_peg,0.67181,true
PPC,NASDAQ:PPC,Pilgrim's Pride Corporation,NASDAQ,4.56,12.0565,63.5235,lynch_peg,0.189796,true
PPG,NYSE:PPG,"PPG Industries, Inc.",NYSE,6.96,16.287,9.25979,pe15,1.7589,false
PPIH,NASDAQ:PPIH,"Perma-Pipe International Holdings, Inc.",NASDAQ,2.12,15.8256,29.4754,lynch_peg,0.536908,true
PPL,NYSE:PPL,PPL Corporation,NYSE,1.59,27.8529,-3.60095,pe15,-7.73489,false
PPLC,NYSE:PPLC,PPL Corporation,NYSE,1.59,27.8529,-3.60095,pe15,-7.73489,false
PR,NYSE:PR,Permian Resources Corporation,NYSE,1.31,13.902,67.1809,lynch_peg,0.206934,true
PRDO,NASDAQ:PRDO,Perdoceo Education Corporation,NASDAQ,2.47,11.21,6.65195,pe15,1.68522,true
PRG,NYSE:PRG,"PROG Holdings, Inc.",NYSE,3.66,11.733,40.7874,lynch_peg,0.287661,true
PRGS,NASDAQ:PRGS,Progress Software Corporation,NASDAQ,1.7,21.0574,-0.915486,pe15,-23.0014,false
PRH,NYSE:PRH,"Prudential Financial, Inc. 5.95",NYSE,10.05,11.2202,-0.295429,pe15,-37.9793,true
PRI,NYSE:PRI,"Primerica, Inc.",NYSE,22.95,12.5662,19.0426,lynch_peg,0.659898,true
PRIM,NYSE:PRIM,Primoris Services Corporation,NYSE,5.09,31.7882,18.591,lynch_peg,1.70987,false
PRK,AMEX:PRK,Park National Corporation,AMEX,11.18,18.5298,7.32834,pe15,2.52851,false
PRKS,NYSE:PRKS,United Parks & Resorts Inc.,NYSE,3.09,17.881,18.6058,lynch_peg,0.961042,true
PRLB,NYSE:PRLB,"Proto Labs, Inc.",NYSE,0.89,72.1496,-14.0735,pe15,-5.12664,false
PRMB,NYSE:PRMB,Primo Brands Corporation,NYSE,0.16,90.6817,39.8356,lynch_peg,2.2764,false
PROV,NASDAQ:PROV,"Provident Financial Holdings, Inc.",NASDAQ,1.04,17.5971,0.587125,pe15,29.9716,false
PRS,NYSE:PRS,"Prudential Financial, Inc. 5.62",NYSE,10.05,11.2202,-0.295429,pe15,-37.9793,true
PRSU,NYSE:PRSU,"Pursuit Attractions and Hospitality, Inc.",NYSE,0.88,33.2379,-2.43057,pe15,-13.6749,false
PRT,NYSE:PRT,PermRock Royalty Trust,NYSE,0.39,7.43086,19.5058,lynch_peg,0.380957,true
PRTH,NASDAQ:PRTH,"Priority Technology Holdings, Inc.",NASDAQ,0.7,8.13043,-7.96385,pe15,-1.02092,true
PRU,NYSE:PRU,"Prudential Financial, Inc.",NYSE,10.16,11.2135,-0.11437,pe15,-98.0453,true
PRVA,NASDAQ:PRVA,"Privia Health Group, Inc.",NASDAQ,0.19,97.8213,-8.73033,pe15,-11.2048,false
PSA,NYSE:PSA,Public Storage,NYSE,9.04,31.2017,7.52354,pe15,4.14721,false
PSHG,NASDAQ:PSHG,Performance Shipping Inc.,NASDAQ,3.87,0.641304,-24.6188,pe15,-0.0260493,true
PSIX,NASDAQ:PSIX,"Power Solutions International, Inc.",NASDAQ,4.95,13.6508,53.3923,lynch_peg,0.255671,true
PSMT,NASDAQ:PSMT,"PriceSmart, Inc.",NASDAQ,4.82,34.4319,13.5799,pe15,2.53551,false
PSN,NYSE:PSN,Parsons Corporation,NYSE,2.26,32.2517,18.1888,lynch_peg,1.77316,false
PSO,NYSE:PSO,Pearson plc,NYSE,0.5,23.5294,4.04884,pe15,5.8114,false
PSTL,NYSE:PSTL,"Postal Realty Trust, Inc.",NYSE,0.47,41.8727,12.1974,pe15,3.43293,false
PSX,NYSE:PSX,Phillips 66,NYSE,10.84,13.2484,8.08201,pe15,1.63925,true
PTC,NASDAQ:PTC,PTC Inc.,NASDAQ,6.12,14.6066,40.1957,lynch_peg,0.363386,true
PTCT,NASDAQ:PTCT,"PTC Therapeutics, Inc.",NASDAQ,8.58,-145.786,,,,false
PTLO,NASDAQ:PTLO,Portillo's Inc.,NASDAQ,0.28,25.4873,0,pe15,,false
PTON,NASDAQ:PTON,"Peloton Interactive, Inc.",NASDAQ,0.14,39.7275,,,,false
PUK,NYSE:PUK,Prudential plc,NYSE,3.1,8.83816,-1.00145,pe15,-8.82534,true
PUMP,NYSE:PUMP,ProPetro Holding Corp.,NYSE,0.0079,-105.487,-58.8201,pe15,1.79338,false
PVH,NYSE:PVH,PVH Corp.,NYSE,0.53,24.4968,-32.5332,pe15,-0.752978,false
PVL,NYSE:PVL,Permianville Royalty Trust,NYSE,0.11,11.8395,-6.01462,pe15,-1.96845,true
PWP,NASDAQ:PWP,Perella Weinberg Partners,NASDAQ,0.55,54.2905,10.4855,pe15,5.17769,false
PWR,NYSE:PWR,"Quanta Services, Inc.",NYSE,6.87,78.0464,16.877,lynch_peg,4.62441,false
PXED,NYSE:PXED,"Phoenix Education Partners, Inc",NYSE,3.76,,43.7336,lynch_peg,,false
PXS,NASDAQ:PXS,Pyxis Tankers Inc.,NASDAQ,0.19,14.4857,-45.5969,pe15,-0.317691,true
PYPL,NASDAQ:PYPL,"PayPal Holdings, Inc.",NASDAQ,5.46,11.2326,8.80827,pe15,1.27523,true
PZZA,NASDAQ:PZZA,"Papa John's International, Inc.",NASDAQ,0.9,30.0494,-12.8479,pe15,-2.33886,false
Q,NYSE:Q,"Qnity Electronics, Inc.",NYSE,3.3,50.4857,-3.70456,pe15,-13.628,false
QCOM,NASDAQ:QCOM,QUALCOMM Incorporated,NASDAQ,5.06,18.6566,2.01335,pe15,9.26645,false
QCRH,NASDAQ:QCRH,"QCR Holdings, Inc.",NASDAQ,7.54,12.5518,14.448,pe15,0.868757,true
QFIN,NASDAQ:QFIN,"Qfin Holdings, Inc.",NASDAQ,87.4,1.52425,31.5439,lynch_peg,0.0483216,true
QGEN,NYSE:QGEN,Qiagen N.V.,NYSE,2.04,22.1256,43.9538,lynch_peg,0.503384,true
QLYS,NASDAQ:QLYS,"Qualys, Inc.",NASDAQ,5.49,32.7135,18.5963,lynch_peg,1.75914,false
QNST,NASDAQ:QNST,"QuinStreet, Inc.",NASDAQ,1.42,14.6501,26.4058,lynch_peg,0.554806,true
QRVO,NASDAQ:QRVO,"Qorvo, Inc.",NASDAQ,3.66,22.3195,-10.6583,pe15,-2.09409,false
QSEA,NASDAQ:QSEA,Quartzsea Acquisition Corporation,NASDAQ,0.06,82.6061,,,,false
QSR,NYSE:QSR,Restaurant Brands International Inc.,NYSE,2.36,18.8085,7.94865,pe15,2.36625,false
QTTB,NASDAQ:QTTB,Q32 Bio Inc.,NASDAQ,2.42,5.38351,,,,false
QTWO,NYSE:QTWO,"Q2 Holdings, Inc.",NYSE,0.84,43.9459,,,,false
QUAD,NYSE:QUAD,"Quad/Graphics, Inc.",NYSE,0.57,15.0827,18.8669,lynch_peg,0.799426,true
QUMS,NASDAQ:QUMS,Quantumsphere Acquisition Corp. Ordinary Shares,NASDAQ,0.12,85.9167,,,,false
R,NYSE:R,"Ryder System, Inc.",NYSE,12.2,21.4992,12.8938,pe15,1.66741,false
RAC,NYSE:RAC,Rithm Acquisition Corp.,NYSE,0.19,35.2941,,,,false
RACE,NYSE:RACE,Ferrari N.V.,NYSE,8.97,38.5768,22.2135,lynch_peg,1.73664,false
RAIL,NASDAQ:RAIL,"FreightCar America, Inc.",NASDAQ,1.16,-18.4,,,,false
RAMP,NYSE:RAMP,"LiveRamp Holdings, Inc.",NYSE,2.3,15.3623,-22.5349,pe15,-0.681712,false
RANG,NASDAQ:RANG,Range Capital Acquisition Corp.,NASDAQ,0.25,45.4353,,,,false
RAVE,NASDAQ:RAVE,"RAVE Restaurant Group, Inc.",NASDAQ,0.19,15.0412,5.57092,pe15,2.69995,false
RAY,NASDAQ:RAY,Raytech Holding Limited,NASDAQ,7.21,3.67671,29.2353,lynch_peg,0.125763,true
RBA,NYSE:RBA,"RB Global, Inc.",NYSE,2.09,36.271,6.02404,pe15,6.02105,false
RBB,NASDAQ:RBB,RBB Bancorp,NASDAQ,1.84,11.2883,2.0803,pe15,5.42627,true
RBBN,NASDAQ:RBBN,Ribbon Communications Inc.,NASDAQ,0.22,22.7024,-19.2303,pe15,-1.18055,false
RBC,NYSE:RBC,RBC Bearings Incorporated,NYSE,9.14,54.884,20.284,lynch_peg,2.70577,false
RBCAA,NASDAQ:RBCAA,"Republic Bancorp, Inc.",NASDAQ,6.65,15.1069,10.7566,pe15,1.40443,false
RBKB,NASDAQ:RBKB,"Rhinebeck Bancorp, Inc.",NASDAQ,0.93,13.9022,11.077,pe15,1.25505,true
RCI,NYSE:RCI,Rogers Communications Inc.,NYSE,12.76,4.37316,32.2842,lynch_peg,0.135458,true
RCKY,NASDAQ:RCKY,"Rocky Brands, Inc.",NASDAQ,2.98,12.4062,0.755062,pe15,16.4307,true
RCL,NYSE:RCL,Royal Caribbean Cruises Ltd.,NYSE,15.73,18.9404,9.81358,pe15,1.93002,false
RCMT,NASDAQ:RCMT,"RCM Technologies, Inc.",NASDAQ,2.15,15.0786,31.8724,lynch_peg,0.473093,true
RDAC,NASDAQ:RDAC,Rising Dragon Acquisition Corp.,NASDAQ,0.21,34.8599,,,,false
RDAG,NASDAQ:RDAG,Republic Digital Acquisition Company Class A,NASDAQ,0.21,29.7081,,,,false
RDCM,NASDAQ:RDCM,RADCOM Ltd.,NASDAQ,0.74,23.7974,72.0465,lynch_peg,0.330307,true
RDDT,NYSE:RDDT,"Reddit, Inc.",NYSE,2.84,39.442,,,,false
RDN,NYSE:RDN,Radian Group Inc.,NYSE,4.18,9.38889,15.77,lynch_peg,0.595364,true
RDVT,NASDAQ:RDVT,"Red Violet, Inc.",NASDAQ,0.94,60.2672,106.196,lynch_peg,0.567507,true
RDWR,NASDAQ:RDWR,Radware Ltd.,NASDAQ,0.47,74.0888,17.4832,lynch_peg,4.23772,false
RDY,NYSE:RDY,Dr. Reddy's Laboratories Limited,NYSE,53.92,30.2115,20.9982,lynch_peg,1.43876,false
RECT,NASDAQ:RECT,Rectitude Holdings Ltd Ordinary Shares,NASDAQ,0.19,8.55732,2.81966,pe15,3.03488,true
REFI,NASDAQ:REFI,"Chicago Atlantic Real Estate Finance, Inc.",NASDAQ,1.71,7.41007,33.3984,lynch_peg,0.221869,true
REG,NASDAQ:REG,Regency Centers Corporation,NASDAQ,2.79,22.158,59.5321,lynch_peg,0.372203,true
REGN,NASDAQ:REGN,"Regeneron Pharmaceuticals, Inc.",NASDAQ,43.07,19.1734,5.69595,pe15,3.36614,false
RELL,NASDAQ:RELL,"Richardson Electronics, Ltd.",NASDAQ,0.45,45.346,28.1899,lynch_peg,1.60859,false
RELX,NYSE:RELX,RELX Plc,NYSE,1.13,20.1032,12.0417,pe15,1.66946,false
RELY,NASDAQ:RELY,"Remitly Global, Inc.",NASDAQ,0.33,18.0624,,,,false
RENT,NASDAQ:RENT,"Rent the Runway, Inc.",NASDAQ,1.89,0.536893,,,,false
REPX,AMEX:REPX,"Riley Exploration Permian, Inc.",AMEX,7.61,6.39107,23.1498,lynch_peg,0.276074,true
RERE,NYSE:RERE,ATRenew Inc.,NYSE,0.91,23.2199,,,,false
RES,NYSE:RES,"RPC, Inc.",NYSE,0.15,64.4724,-21.5467,pe15,-2.99221,false
REX,NYSE:REX,REX American Resources Corporation,NYSE,2.5,15.694,99.0536,lynch_peg,0.158439,true
REXR,NYSE:REXR,"Rexford Industrial Realty, Inc.",NYSE,0.86,-19.9645,11.016,pe15,-1.81231,false
REYN,NASDAQ:REYN,Reynolds Consumer Products Inc.,NASDAQ,1.43,15.9999,-4.28429,pe15,-3.73454,false
RF,NYSE:RF,Regions Financial Corporation,NYSE,2.31,12.8286,17.5317,lynch_peg,0.73174,true
RFAI,NASDAQ:RFAI,RF Acquisition Corp II Ordinary Shares,NASDAQ,0.24,99.4373,,,,false
RFIL,NASDAQ:RFIL,"RF Industries, Ltd.",NASDAQ,0.007,103.947,-48.6092,pe15,-2.13843,false
RGA,NYSE:RGA,"Reinsurance Group of America, Incorporated",NYSE,17.94,10.8532,23.0863,lynch_peg,0.470113,true
RGCO,NASDAQ:RGCO,"RGC Resources, Inc.",NASDAQ,1.29,15.9028,-0.154322,pe15,-103.05,false
RGEN,NASDAQ:RGEN,Repligen Corporation,NASDAQ,0.87,225.608,-5.26229,pe15,-42.8726,false
RGLD,NASDAQ:RGLD,"Royal Gold, Inc.",NASDAQ,6.7,25.1429,17.1225,lynch_peg,1.46841,false
RGS,NASDAQ:RGS,Regis Corporation,NASDAQ,52.26,0.594191,45.7518,lynch_peg,0.0129873,true
RH,NYSE:RH,Rh,NYSE,6.65,33.061,-13.6101,pe15,-2.42914,false
RHI,NYSE:RHI,Robert Half Inc.,NYSE,1.33,37.5174,-13.3324,pe15,-2.81399,false
RHP,NYSE:RHP,"Ryman Hospitality Properties, Inc.",NYSE,3.94,29.2847,7.94838,pe15,3.68436,false
RIBB,NASDAQ:RIBB,Ribbon Acquisition Corp,NASDAQ,0.0007,100.231,,,,false
RIBBR,NASDAQ:RIBBR,Ribbon Acquisition Corp.,NASDAQ,0.14,100.231,,,,false
RICK,NASDAQ:RICK,"RCI Hospitality Holdings, Inc.",NASDAQ,1.23,-72.6829,-8.52952,pe15,8.52134,false
RIGL,NASDAQ:RIGL,"Rigel Pharmaceuticals, Inc.",NASDAQ,20.4,2.35371,,,,false
RILY,NASDAQ:RILY,"BRC Group Holdings, Inc.",NASDAQ,9.8,0.559932,4.59065,pe15,0.121972,true
RIO,NYSE:RIO,Rio Tinto Group,NYSE,6.15,12.898,0.361614,pe15,35.6679,true
RITM,NYSE:RITM,Rithm Capital Corp.,NYSE,1.05,17.0574,-4.10207,pe15,-4.15824,false
RITR,NASDAQ:RITR,Reitar Logtech Holdings Limited Ordinary shares,NASDAQ,0.13,-1.29021,93.3593,lynch_peg,-0.0138198,false
RJET,NASDAQ:RJET,Republic Airways Holdings Inc.,NASDAQ,1.9,-5.527,-30.4675,pe15,0.181406,false
RJF,NYSE:RJF,"Raymond James Financial, Inc.",NYSE,10.53,15.5667,21.6037,lynch_peg,0.72056,true
RL,NYSE:RL,Ralph Lauren Corporation,NYSE,15.42,24.141,20.3685,lynch_peg,1.18521,false
RLGT,AMEX:RLGT,"Radiant Logistics, Inc.",AMEX,0.37,25.8151,11.9944,pe15,2.15225,false
RLI,NYSE:RLI,RLI Corp.,NYSE,4.38,13.3897,20.1399,lynch_peg,0.664835,true
RLJ,NYSE:RLJ,RLJ Lodging Trust,NYSE,0.0148,269.804,-48.0164,pe15,-5.61901,false
RLX,NYSE:RLX,RLX Technology Inc.,NYSE,0.7,16.1109,68.394,lynch_peg,0.23556,true
RM,NYSE:RM,Regional Management Corp.,NYSE,4.63,6.73494,13.5751,pe15,0.496126,true
RMAX,NYSE:RMAX,"RE/MAX Holdings, Inc.",NYSE,0.41,-32.023,-7.93842,pe15,4.03393,false
RMBI,NASDAQ:RMBI,"Richmond Mutual Bancorporation, Inc.",NASDAQ,1.2,12.9113,7.91293,pe15,1.63167,true
RMBS,NASDAQ:RMBS,Rambus Inc.,NASDAQ,2.14,44.3694,88.3611,lynch_peg,0.502137,true
RMD,NYSE:RMD,ResMed Inc.,NYSE,10.44,21.6571,26.1335,lynch_peg,0.828709,true
RMNI,NASDAQ:RMNI,"Rimini Street, Inc.",NASDAQ,0.4,61.006,20.1124,lynch_peg,3.03325,false
RMR,NASDAQ:RMR,The RMR Group Inc.,NASDAQ,1.03,17.6738,-24.1404,pe15,-0.732128,false
RNG,NYSE:RNG,"RingCentral, Inc.",NYSE,0.5,50.1279,,,,false
RNGR,NYSE:RNGR,"Ranger Energy Services, Inc.",NYSE,0.55,28.4181,1.26641,pe15,22.4399,false
RNGT,NASDAQ:RNGT,Range Capital Acquisition Corp II Class A Ordinary Shares,NASDAQ,0.0586,56.5922,,,,false
RNR,NYSE:RNR,RenaissanceRe Holdings Ltd.,NYSE,56.76,5.50819,29.9102,lynch_peg,0.184157,true
RNST,NYSE:RNST,Renasant Corporation,NYSE,2.09,12.9836,7.00203,pe15,1.85427,true
RNW,NASDAQ:RNW,ReNew Energy Global Plc,NASDAQ,29.75,22.3357,23.3171,lynch_peg,0.957912,true
ROAD,NASDAQ:ROAD,"Construction Partners, Inc.",NASDAQ,1.85,47.5039,18.8544,lynch_peg,2.51951,false
ROCK,NASDAQ:ROCK,"Gibraltar Industries, Inc.",NASDAQ,3.27,-166.514,10.5545,pe15,-15.7766,false
ROK,NYSE:ROK,"Rockwell Automation, Inc.",NYSE,7.69,41.8054,-2.72682,pe15,-15.3312,false
ROKU,NASDAQ:ROKU,"Roku, Inc.",NASDAQ,0.6,65.7417,-24.3298,pe15,-2.70211,false
ROL,NYSE:ROL,"Rollins, Inc.",NYSE,1.09,33.0682,15.0818,lynch_peg,2.19259,false
ROLR,AMEX:ROLR,"High Roller Technologies, Inc.",AMEX,0.41,15.9722,118.143,lynch_peg,0.135194,true
ROOT,NASDAQ:ROOT,"Root, Inc.",NASDAQ,2.49,13.8273,,,,false
ROP,NASDAQ:ROP,"Roper Technologies, Inc.",NASDAQ,14.31,16.4799,9.52582,pe15,1.73002,false
ROST,NASDAQ:ROST,"Ross Stores, Inc.",NASDAQ,6.66,34.0517,94.3805,lynch_peg,0.360792,true
RPC,NYSE:RPC,"Ridgepost Capital, Inc.",NYSE,0.18,35.2,-2.08516,pe15,-16.8812,false
RPD,NASDAQ:RPD,"Rapid7, Inc.",NASDAQ,0.36,42.4049,,,,false
RPGL,NASDAQ:RPGL,Republic Power Group Limited,NASDAQ,822.4,0.00230423,-17.0634,pe15,-0.000135039,true
RPM,NYSE:RPM,RPM International Inc.,NYSE,5.19,21.6647,5.936,pe15,3.64972,false
RPRX,NASDAQ:RPRX,Royalty Pharma plc,NASDAQ,2.33,24.2282,12.7273,pe15,1.90364,false
RRBI,NASDAQ:RRBI,"Red River Bancshares, Inc.",NASDAQ,6.4,14.9026,10.7566,pe15,1.38543,true
RRC,NYSE:RRC,Range Resources Corporation,NYSE,2.76,11.0632,13.7251,pe15,0.806056,true
RRR,NASDAQ:RRR,"Red Rock Resorts, Inc.",NASDAQ,3.19,16.3897,4.98065,pe15,3.29068,false
RRX,NYSE:RRX,Regal Rexnord Corporation,NYSE,4.22,35.9037,-1.96406,pe15,-18.2803,false
RS,NYSE:RS,Reliance Steel & Aluminum Co.,NYSE,14.07,24.4324,19.64,lynch_peg,1.24401,false
RSG,NYSE:RSG,"Republic Services, Inc.",NYSE,6.86,30.6756,17.7542,lynch_peg,1.7278,false
RSI,NYSE:RSI,"Rush Street Interactive, Inc.",NYSE,0.35,83.3114,69.7944,lynch_peg,1.19367,false
RSSS,NASDAQ:RSSS,"Research Solutions, Inc.",NASDAQ,0.0412,16.4301,39.0781,lynch_peg,0.420442,true
RSVR,NASDAQ:RSVR,"Reservoir Media, Inc.",NASDAQ,0.13,73.14,-9.14584,pe15,-7.99708,false
RTAC,NASDAQ:RTAC,Renatus Tactical Acquisition Corp I Class A Ordinary Shares,NASDAQ,0.16,41.3078,,,,false
RTO,NYSE:RTO,Rentokil Initial plc,NYSE,0.95,24.8901,13.6974,pe15,1.81714,false
RTX,NYSE:RTX,RTX Corporation,NYSE,5.02,38.5861,-4.16559,pe15,-9.26304,false
RUBI,NASDAQ:RUBI,Rubico Inc.,NASDAQ,20.72,0.0916988,-23.8567,pe15,-0.00384374,true
RUN,NASDAQ:RUN,Sunrun Inc.,NASDAQ,1.96,5.90936,42.9184,lynch_peg,0.137688,true
RUSHA,NASDAQ:RUSHA,"Rush Enterprises, Inc.",NASDAQ,3.37,24.1853,19.2066,lynch_peg,1.25922,false
RVLV,NYSE:RVLV,"Revolve Group, Inc.",NYSE,0.87,23.3039,1.43944,pe15,16.1896,false
RVTY,NYSE:RVTY,"Revvity, Inc.",NYSE,2.08,55.7619,-20.447,pe15,-2.72715,false
RWAY,NASDAQ:RWAY,Runway Growth Finance Corp.,NASDAQ,0.93,62.6818,-3.99019,pe15,-15.709,false
RY,NYSE:RY,Royal Bank of Canada,NYSE,14.12,19.3716,12.4874,pe15,1.5513,false
RYAAY,NASDAQ:RYAAY,Ryanair Holdings plc,NASDAQ,4.14,13.6788,23.6205,lynch_peg,0.579108,true
RYAN,NYSE:RYAN,"Ryan Specialty Holdings, Inc.",NYSE,0.5,44.6826,-4.8173,pe15,-9.27545,false
RYN,NYSE:RYN,Rayonier Inc.,NYSE,0.44,43.9935,9.46088,pe15,4.65004,false
RYOJ,NASDAQ:RYOJ,"rYojbaba Co., Ltd. Common Shares",NASDAQ,0.118,40.2542,,,,false
RZC,NYSE:RZC,"Reinsurance Group of America, Incorporated",NYSE,17.94,10.8497,23.0863,lynch_peg,0.469962,true
SABR,NASDAQ:SABR,Sabre Corporation,NASDAQ,1.34,1.23867,14.9775,pe15,0.0827022,true
SABS,NASDAQ:SABS,"SAB Biotherapeutics, Inc.",NASDAQ,0.22,3.02419,-45.6289,pe15,-0.0662781,true
SACH,AMEX:SACH,Sachem Capital Corp.,AMEX,0.0392,-3.01066,-37.4683,pe15,0.0803523,false
SAFE,NYSE:SAFE,Safehold Inc.,NYSE,1.6,9.53086,6.46009,pe15,1.47535,true
SAFT,NASDAQ:SAFT,"Safety Insurance Group, Inc.",NASDAQ,6.72,22.1197,-6.19078,pe15,-3.573,false
SAFX,NASDAQ:SAFX,"XCF Global, Inc. Class A Common Stock",NASDAQ,0.52,0.879321,4.86576,pe15,0.180716,true
SAGT,NASDAQ:SAGT,SAGTEC GLOBAL Ltd,NASDAQ,0.34,5.07288,13.9157,pe15,0.364543,true
SAH,NYSE:SAH,"Sonic Automotive, Inc.",NYSE,3.49,12.5776,0.634685,pe15,19.8171,true
SAIA,NASDAQ:SAIA,"Saia, Inc.",NASDAQ,9.54,36.9053,12.5171,pe15,2.94839,false
SAIC,NASDAQ:SAIC,Science Applications International Corporation,NASDAQ,7.73,14.1465,16.5133,lynch_peg,0.856677,true
SAJ,NYSE:SAJ,Saratoga Investment Corp 8.00%,NYSE,2.31,19.155,11.8427,pe15,1.61745,false
SAM,NYSE:SAM,"The Boston Beer Company, Inc.",NYSE,9.9,-27.3225,-8.96029,pe15,3.04929,false
SAMG,NASDAQ:SAMG,Silvercrest Asset Management Group Inc.,NASDAQ,0.56,89.6243,-21.1732,pe15,-4.23292,false
SAN,NYSE:SAN,"Banco Santander, S.A.",NYSE,0.88,11.609,16.61,lynch_peg,0.698917,true
SANM,NASDAQ:SANM,Sanmina Corporation,NASDAQ,4.56,36.3171,17.6854,lynch_peg,2.0535,false
SAP,NYSE:SAP,SAP SE,NYSE,6.04,26.327,6.78482,pe15,3.88028,false
SAR,NYSE:SAR,Saratoga Investment Corp.,NYSE,2.31,19.155,11.8427,pe15,1.61745,false
SARO,NYSE:SARO,"StandardAero, Inc.",NYSE,0.84,28.0606,,,,false
SAT,NYSE:SAT,Saratoga Investment Corp 6.00%,NYSE,2.31,19.2,11.8427,pe15,1.62125,false
SAY,NYSE:SAY,Saratoga Investment Corp.,NYSE,2.31,19.2,11.8427,pe15,1.62125,false
SAZ,NYSE:SAZ,Saratoga Investment Corp 8.50%,NYSE,2.31,19.2,11.8427,pe15,1.62125,false
SB,NYSE:SB,"Safe Bulkers, Inc.",NYSE,0.3,9.97938,39.9083,lynch_peg,0.250058,true
SBAC,NASDAQ:SBAC,SBA Communications Corporation,NASDAQ,9.83,20.0446,113.809,lynch_peg,0.176125,true
SBC,NASDAQ:SBC,SBC Medical Group Holdings Incorporated,NASDAQ,0.5,7.35255,99.7871,lynch_peg,0.0736824,true
SBCF,NASDAQ:SBCF,Seacoast Banking Corporation of Florida,NASDAQ,1.62,21.7213,2.24202,pe15,9.68828,false
SBCWW,NASDAQ:SBCWW,SBC Medical Group Holdings Incorporated,NASDAQ,0.5,0.617021,138.837,lynch_peg,0.00444422,true
SBFG,NASDAQ:SBFG,"SB Financial Group, Inc.",NASDAQ,2.19,10.2201,3.2097,pe15,3.18415,true
SBH,NYSE:SBH,"Sally Beauty Holdings, Inc.",NYSE,1.95,8.12814,14.5196,pe15,0.559804,true
SBLK,NASDAQ:SBLK,Star Bulk Carriers Corp.,NASDAQ,0.73,11.3008,48.8211,lynch_peg,0.231473,true
SBR,NYSE:SBR,Sabine Royalty Trust,NYSE,5.04,14.9652,17.1923,lynch_peg,0.870461,true
SBRA,NASDAQ:SBRA,"Sabra Health Care REIT, Inc.",NASDAQ,0.64,76.6667,-0.912006,pe15,-84.0637,false
SBS,NYSE:SBS,Companhia de Saneamento Básico do Estado de São Paulo - SABESP,NYSE,2.42,2.20561,53.9329,lynch_peg,0.0408954,true
SBSI,NYSE:SBSI,"Southside Bancshares, Inc.",NYSE,2.3,12.9606,-1.41606,pe15,-9.15261,true
SBUX,NASDAQ:SBUX,Starbucks Corporation,NASDAQ,1.63,62.111,15.5878,lynch_peg,3.98459,false
SBXD,NYSE:SBXD,SilverBox Corp IV,NYSE,0.22,49.1371,,,,false
SCCD,AMEX:SCCD,Sachem Capital Corp. 6.00% Notes Due 2026,AMEX,0.0392,-3.01066,-37.4683,pe15,0.0803523,false
SCCE,AMEX:SCCE,Sachem Capital Corp. 6.00% Note,AMEX,0.04,-93.6971,-37.2151,pe15,2.51772,false
SCCF,AMEX:SCCF,Sachem Capital Corp. 7.125% Not,AMEX,0.0392,-3.01066,-37.4683,pe15,0.0803523,false
SCCG,AMEX:SCCG,Sachem Capital Corp. 8.00% Note,AMEX,0.0392,-3.01066,-37.4683,pe15,0.0803523,false
SCCO,NYSE:SCCO,Southern Copper Corporation,NYSE,5.24,,20.8835,lynch_peg,,false
SCHL,NASDAQ:SCHL,Scholastic Corporation,NASDAQ,2.39,16.9803,27.348,lynch_peg,0.620896,true
SCHW,NYSE:SCHW,The Charles Schwab Corporation,NYSE,4.68,20.1178,17.0505,lynch_peg,1.17989,false
SCI,NYSE:SCI,Service Corporation International,NYSE,3.83,18.6062,5.57551,pe15,3.33713,false
SCL,NYSE:SCL,Stepan Co,NYSE,2.05,-543.583,-17.9718,pe15,30.2464,false
SCM,NYSE:SCM,Stellus Capital Investment Corporation,NYSE,0.95,8.45989,-1.79399,pe15,-4.71568,true
SCOR,NASDAQ:SCOR,comScore Inc.,NASDAQ,4.3,0.927711,,,,false
SCSC,NASDAQ:SCSC,"ScanSource, Inc.",NASDAQ,3.05,15.9328,5.20092,pe15,3.06347,false
SCZM,NASDAQ:SCZM,Santacruz Silver Mining Ltd.,NASDAQ,0.47,13.2573,,,,false
SD,NYSE:SD,"SandRidge Energy, Inc.",NYSE,1.91,6.16814,-12.1722,pe15,-0.506741,true
SDHC,NYSE:SDHC,Smith Douglas Homes Corp.,NYSE,1.19,19.7992,-35.9481,pe15,-0.550772,false
SE,NYSE:SE,Sea Limited,NYSE,2.65,44.8806,213.286,lynch_peg,0.210425,true
SEB,AMEX:SEB,Seaboard Corporation,AMEX,516.11,6.46339,16.1971,lynch_peg,0.399047,true
SEI,NYSE:SEI,"Solaris Energy Infrastructure, Inc.",NYSE,0.69,60.5158,-13.8688,pe15,-4.36344,false
SEIC,NASDAQ:SEIC,SEI Investments Company,NASDAQ,5.76,18.3948,13.5598,pe15,1.35657,false
SELF,NASDAQ:SELF,"Global Self Storage, Inc.",NASDAQ,0.18,28.49,43.4816,lynch_peg,0.655219,true
SENEA,NASDAQ:SENEA,Seneca Foods Corporation,NASDAQ,16.75,10.867,3.92053,pe15,2.77181,true
SEVN,NASDAQ:SEVN,Seven Hills Realty Trust,NASDAQ,1,11.6011,-27.6116,pe15,-0.420155,true
SEZL,NASDAQ:SEZL,Sezzle Inc.,NASDAQ,3.93,28.2233,332.6,lynch_peg,0.0848565,true
SF,NYSE:SF,Stifel Financial Corp,NYSE,6.27,9.45765,6.90653,pe15,1.36938,true
SFB,NYSE:SFB,Stifel Financial Corporation 5.20% Senior Notes due 2047,NYSE,6.25,9.45765,6.8611,pe15,1.37844,true
SFBC,NASDAQ:SFBC,"Sound Financial Bancorp, Inc.",NASDAQ,2.8,14.9172,-4.31001,pe15,-3.46106,true
SFBS,NYSE:SFBS,"ServisFirst Bancshares, Inc.",NYSE,5.06,15.6218,9.9431,pe15,1.57112,false
SFD,NASDAQ:SFD,"Smithfield Foods, Inc.",NASDAQ,2.51,8.48141,7.74886,pe15,1.09454,true
SFM,NASDAQ:SFM,"Sprouts Farmers Market, Inc.",NASDAQ,5.36,15.8156,17.0456,lynch_peg,0.927841,true
SFST,NASDAQ:SFST,"Southern First Bancshares, Inc.",NASDAQ,3.77,13.649,9.72829,pe15,1.40303,true
SFWL,NASDAQ:SFWL,Shengfeng Development Limited,NASDAQ,0.14,5.91701,13.631,pe15,0.434086,true
SGC,NASDAQ:SGC,"Superior Group of Companies, Inc.",NASDAQ,0.47,22.9298,-29.6108,pe15,-0.774373,false
SGHC,NYSE:SGHC,Super Group (SGHC) Limited,NYSE,0.43,18.0479,11.4566,pe15,1.57534,false
SGI,NYSE:SGI,Somnigroup International Inc,NYSE,1.86,25.9588,2.05651,pe15,12.6227,false
SGU,NYSE:SGU,"Star Group, L.P.",NYSE,1.82,6.09756,11.2084,pe15,0.544018,true
SHAK,NYSE:SHAK,Shake Shack Inc.,NYSE,1.14,76.3889,10.3894,pe15,7.35258,false
SHBI,NASDAQ:SHBI,"Shore Bancshares, Inc.",NASDAQ,1.78,12.0804,6.98509,pe15,1.72946,true
SHC,NASDAQ:SHC,Sotera Health Company,NASDAQ,0.27,32.8885,-9.91656,pe15,-3.31653,false
SHEL,NYSE:SHEL,Shell plc,NYSE,6.06,9.84725,7.43919,pe15,1.3237,true
SHG,NYSE:SHG,"Shinhan Financial Group Co., Ltd.",NYSE,9812,13613.8,8.07751,pe15,1685.4,false
SHIP,NASDAQ:SHIP,Seanergy Maritime Holdings Corp.,NASDAQ,1.02,5.81469,-21.6013,pe15,-0.269183,true
SHLS,NASDAQ:SHLS,"Shoals Technologies Group, Inc.",NASDAQ,0.2,45.0123,-0.971058,pe15,-46.3538,false
SHO,NYSE:SHO,"Sunstone Hotel Investors, Inc.",NYSE,0.0424,44.3025,-34.5622,pe15,-1.28182,false
SHOE,NASDAQ:SHOE,Shoe Station Group Inc.,NASDAQ,1.91,11.114,27.3596,lynch_peg,0.406218,true
SHOO,NASDAQ:SHOO,"Steven Madden, Ltd.",NASDAQ,0.63,23.3523,-15.8953,pe15,-1.46913,false
SHOP,NASDAQ:SHOP,Shopify Inc.,NASDAQ,0.95,104.1,28.6092,lynch_peg,3.63868,false
SHW,NYSE:SHW,The Sherwin-Williams Company,NYSE,10.38,32.6731,6.74391,pe15,4.84482,false
SIEB,NASDAQ:SIEB,Siebert Financial Corp.,NASDAQ,0.13,-70.3297,6.00951,pe15,-11.7031,false
SIG,NYSE:SIG,Signet Jewelers Limited,NYSE,7.13,12.5319,31.1677,lynch_peg,0.402078,true
SIGA,NASDAQ:SIGA,"SIGA Technologies, Inc.",NASDAQ,0.33,-66.3807,-14.2071,pe15,4.67235,false
SIGI,NASDAQ:SIGI,"Selective Insurance Group, Inc.",NASDAQ,7.48,11.6546,12.7228,pe15,0.916035,true
SII,NYSE:SII,Sprott Inc.,NYSE,2.66,28.4032,19.3158,lynch_peg,1.47047,false
SIM,AMEX:SIM,"Grupo Simec, S.A.B. de C.V.",AMEX,63.21,6.4347,28.3883,lynch_peg,0.226667,true
SIMA,NASDAQ:SIMA,SIM Acquisition Corp. I,NASDAQ,0.29,46.9475,,,,false
SIMAU,NASDAQ:SIMAU,SIM Acquisition Corp. I Unit,NASDAQ,0.29,46.9475,,,,false
SIMO,NASDAQ:SIMO,Silicon Motion Technology Corporation,NASDAQ,14.6,7.56672,44.845,lynch_peg,0.168731,true
SIRI,NASDAQ:SIRI,Sirius XM Holdings Inc.,NASDAQ,2.38,10.8317,51.3182,lynch_peg,0.211069,true
SITC,NYSE:SITC,SITE Centers Corp.,NYSE,3.39,1.23414,35.5794,lynch_peg,0.0346869,true
SITE,NYSE:SITE,"SiteOne Landscape Supply, Inc.",NYSE,3.39,26.8934,3.67706,pe15,7.31385,false
SKHY,NASDAQ:SKHY,SK hynix Inc.,NASDAQ,6204.4,7.18747,54.9242,lynch_peg,0.130862,true
SKM,NYSE:SKM,"SK Telecom Co.,Ltd",NYSE,1022.75,30.4037,-9.57068,pe15,-3.17675,false
SKT,NYSE:SKT,Tanger Inc.,NYSE,1.01,34.8018,1.38485,pe15,25.1303,false
SKWD,NASDAQ:SKWD,"Skyward Specialty Insurance Group, Inc.",NASDAQ,4.21,13.6719,24.9752,lynch_peg,0.547422,true
SKY,NYSE:SKY,"Champion Homes, Inc.",NYSE,3.68,27.8837,19.6606,lynch_peg,1.41825,false
SKYAW,NASDAQ:SKYAW,"SkyAI, Inc.",NASDAQ,1.14,0.024386,,,,false
SKYH,NYSE:SKYH,Sky Harbour Group Corp,NYSE,0.56,280.233,,,,false
SKYT,NASDAQ:SKYT,"SkyWater Technology, Inc.",NASDAQ,2.47,13.3033,,,,false
SKYW,NASDAQ:SKYW,"SkyWest, Inc.",NASDAQ,10.62,10.4513,8.03339,pe15,1.30098,true
SLB,NYSE:SLB,Slb N.V.,NYSE,2.38,25.8534,6.41627,pe15,4.02934,false
SLDE,NASDAQ:SLDE,"Slide Insurance Holdings, Inc. Common Stock",NASDAQ,4.75,4.76024,64.8653,lynch_peg,0.0733866,true
SLF,NYSE:SLF,Sun Life Financial Inc.,NYSE,6.16,19.032,8.42958,pe15,2.25777,false
SLGN,NYSE:SLGN,Silgan Holdings Inc.,NYSE,2.71,16.551,-0.58017,pe15,-28.5278,false
SLM,NASDAQ:SLM,SLM Corporation,NASDAQ,3.52,7.68583,9.17001,pe15,0.838148,true
SLQT,NYSE:SLQT,"SelectQuote, Inc.",NYSE,0.14,7.37209,-22.1629,pe15,-0.332631,true
SLRC,NASDAQ:SLRC,SLR Investment Corp.,NASDAQ,1.7,9.58474,35.6593,lynch_peg,0.268787,true
SLSN,NASDAQ:SLSN,"Solesence, Inc. Common Stock",NASDAQ,0.03,70.5882,-11.9888,pe15,-5.88784,false
SLVM,NYSE:SLVM,Sylvamo Corp,NYSE,3.29,20.0188,-3.09481,pe15,-6.46851,false
SM,NYSE:SM,SM Energy Company,NYSE,5.65,8.68863,3.17402,pe15,2.73742,true
SMBC,NASDAQ:SMBC,"Southern Missouri Bancorp, Inc.",NASDAQ,6.45,11.9563,4.32247,pe15,2.76608,true
SMBK,NYSE:SMBK,"SmartFinancial, Inc.",NYSE,3.01,15.4298,13.0514,pe15,1.18224,false
SMCI,NASDAQ:SMCI,"Super Micro Computer, Inc.",NASDAQ,3.65,10.689,46.0112,lynch_peg,0.232314,true
SMFG,NYSE:SMFG,"Sumitomo Mitsui Financial Group, Inc.",NYSE,262.04,15.6168,16.234,lynch_peg,0.961983,true
SMG,NYSE:SMG,The Scotts Miracle-Gro Company,NYSE,2.52,48.888,-18.3872,pe15,-2.65881,false
SMID,NASDAQ:SMID,Smith-Midland Corporation,NASDAQ,2.36,14.0177,35.8527,lynch_peg,0.390979,true
SMP,NYSE:SMP,"Standard Motor Products, Inc.",NYSE,1.88,16.9389,-6.02608,pe15,-2.81092,false
SMPL,NASDAQ:SMPL,The Simply Good Foods Company,NASDAQ,1.03,-5.2194,22.7233,lynch_peg,-0.229694,false
SN,NYSE:SN,"SharkNinja, Inc.",NYSE,4.97,37.9097,16.1603,lynch_peg,2.34586,false
SNA,NYSE:SNA,Snap-on Incorporated,NYSE,19.52,20.2437,11.0656,pe15,1.82943,false
SND,NASDAQ:SND,"Smart Sand, Inc.",NASDAQ,0.03,18.8494,-49.789,pe15,-0.378586,false
SNDK,NASDAQ:SNDK,Sandisk Corporation,NASDAQ,77.78,20.8728,80.1175,lynch_peg,0.260528,true
SNDR,NYSE:SNDR,"Schneider National, Inc.",NYSE,0.59,56.8359,-13.0917,pe15,-4.34136,false
SNEX,NASDAQ:SNEX,StoneX Group Inc.,NASDAQ,4.15,10.7613,1.25039,pe15,8.60635,true
SNFCA,NASDAQ:SNFCA,Security National Financial Corporation,NASDAQ,1.3,5.96815,-11.7596,pe15,-0.507513,true
SNN,NYSE:SNN,Smith & Nephew plc,NYSE,1.46,19.5463,7.43617,pe15,2.62854,false
SNPS,NASDAQ:SNPS,"Synopsys, Inc.",NASDAQ,8.13,94.9706,13.0648,pe15,7.26917,false
SNT,NASDAQ:SNT,Senstar Technologies Ltd.,NASDAQ,0.14,31.1111,55.2956,lynch_peg,0.562632,true
SNWV,NASDAQ:SNWV,SANUWAVE Health Inc.,NASDAQ,1.38,2.91617,,,,false
SNX,NYSE:SNX,TD Synnex Corp,NYSE,10.08,18.1875,-0.392169,pe15,-46.3767,false
SNY,NASDAQ:SNY,Sanofi,NASDAQ,3.2,23.0948,-8.20613,pe15,-2.81434,false
SO,NYSE:SO,The Southern Company,NYSE,3.94,22.3106,5.95827,pe15,3.74447,false
SOAR,AMEX:SOAR,"Volato Group, Inc.",AMEX,1.18,-0.289344,,,,false
SOBO,NYSE:SOBO,South Bow Corporation,NYSE,2.12,16.5267,-13.2952,pe15,-1.24306,false
SOFI,NASDAQ:SOFI,"SoFi Technologies, Inc.",NASDAQ,0.42,36.1275,,,,false
SOGP,NASDAQ:SOGP,Sound Group Inc.,NASDAQ,46,3.10715,42.1933,lynch_peg,0.0736407,true
SOHU,NASDAQ:SOHU,Sohu.com Limited,NASDAQ,14,1.69689,-12.1359,pe15,-0.139823,true
SOJC,NYSE:SOJC,The Southern Company JR 2017B NT 77,NYSE,3.94,22.3141,6.91765,pe15,3.22568,false
SOJD,NYSE:SOJD,Southern Company (The) Series 2,NYSE,3.94,22.307,6.91765,pe15,3.22464,false
SOJE,NYSE:SOJE,Southern Company (The) Series 2,NYSE,3.94,22.3046,5.95827,pe15,3.74346,false
SOLS,NASDAQ:SOLS,Solstice Advanced Materials Inc.,NASDAQ,1.49,46.7857,-30.9205,pe15,-1.5131,false
SOLV,NYSE:SOLV,Solventum Corporation,NYSE,8.94,10.7153,6.25729,pe15,1.71246,true
SOMN,NYSE:SOMN,The Southern Company,NYSE,3.94,22.3034,5.95827,pe15,3.74326,false
SON,NYSE:SON,Sonoco Products Company,NYSE,3.98,8.96914,14.0783,pe15,0.637088,true
SORA,NASDAQ:SORA,AsiaStrategy,NASDAQ,0.0652,40.6442,182.239,lynch_peg,0.223027,true
SOTK,NASDAQ:SOTK,Sono-Tek Corporation,NASDAQ,0.11,39.1126,8.66538,pe15,4.51366,false
SOUL,NYSE:SOUL,Soulpower Acquisition Corp.,NYSE,0.22,39.3005,,,,false
SPB,NYSE:SPB,"Spectrum Brands Holdings, Inc.",NYSE,3.88,26.8904,13.0635,pe15,2.05843,false
SPCB,NASDAQ:SPCB,SuperCom Ltd.,NASDAQ,0.82,39.3371,,,,false
SPEG,NASDAQ:SPEG,Silver Pegasus Acquisition Corp.,NASDAQ,0.0006,144.413,,,,false
SPFI,NASDAQ:SPFI,"South Plains Financial, Inc.",NASDAQ,3.6,11.9372,7.47953,pe15,1.59598,true
SPG,NYSE:SPG,"Simon Property Group, Inc.",NYSE,14.14,15.5686,31.544,lynch_peg,0.493552,true
SPGI,NYSE:SPGI,S&P Global Inc.,NYSE,14.67,25.3892,8.60309,pe15,2.95117,false
SPH,NYSE:SPH,"Suburban Propane Partners, L.P.",NYSE,1.64,9.06091,10.8469,pe15,0.835346,true
SPHR,NYSE:SPHR,Sphere Entertainment Co.,NYSE,0.93,-75.7882,4.35784,pe15,-17.3912,false
SPIR,NYSE:SPIR,"Spire Global, Inc.",NYSE,1.66,-5.1985,,,,false
SPKL,NASDAQ:SPKL,Spark I Acquisition Corp. Class A Ordinary Share,NASDAQ,0.0339,-211.091,,,,false
SPNT,NYSE:SPNT,SiriusPoint Ltd.,NYSE,3.81,5.65301,19.8618,lynch_peg,0.284617,true
SPOK,NASDAQ:SPOK,"Spok Holdings, Inc.",NASDAQ,0.77,18.4992,-11.477,pe15,-1.61185,false
SPOT,NYSE:SPOT,Spotify Technology S.A.,NYSE,10.77,26.6535,,,,false
SPRO,NASDAQ:SPRO,"Spero Therapeutics, Inc.",NASDAQ,0.15,8.60714,-40.9376,pe15,-0.210251,true
SPSC,NASDAQ:SPSC,"SPS Commerce, Inc.",NASDAQ,2.46,37.649,13.7808,pe15,2.73199,false
SPXC,NYSE:SPXC,"SPX Technologies, Inc.",NYSE,5.1,38.2114,18.5285,lynch_peg,2.0623,false
SQM,NYSE:SQM,Sociedad Química y Minera de Chile S.A.,NYSE,2.06,25.8305,27.1438,lynch_peg,0.951618,true
SR,NYSE:SR,Spire Inc.,NYSE,4.39,9.20467,24.9742,lynch_peg,0.368567,true
SRAD,NASDAQ:SRAD,Sportradar Group AG,NASDAQ,0.32,230.658,59.0904,lynch_peg,3.90347,false
SRBK,NASDAQ:SRBK,"SR Bancorp, Inc. Common stock",NASDAQ,0.45,45.126,28.1899,lynch_peg,1.60079,false
SRCE,NASDAQ:SRCE,1st Source Corporation,NASDAQ,6.46,12.7178,15.3014,lynch_peg,0.831149,true
SRE,NYSE:SRE,Sempra,NYSE,2.75,25.0216,-15.7161,pe15,-1.5921,false
SREA,NYSE:SREA,Sempra,NYSE,2.75,25.0216,-15.7275,pe15,-1.59094,false
SRJN,NYSE:SRJN,Spire Inc. 6.375% Junior Subord,NYSE,4.39,5.00649,24.9742,lynch_peg,0.200467,true
SRTA,NASDAQ:SRTA,"Strata Critical Medical, Inc.",NASDAQ,0.5,11.9067,,,,false
SSB,NYSE:SSB,SouthState Bank Corp.,NYSE,7.92,11.6305,29.1994,lynch_peg,0.398312,true
SSBI,NASDAQ:SSBI,Summit State Bank,NASDAQ,1.01,38,-8.56071,pe15,-4.43889,false
SSD,NYSE:SSD,"Simpson Manufacturing Co., Inc.",NYSE,8.27,21,14.0807,pe15,1.4914,false
SSEA,NASDAQ:SSEA,Starry Sea Acquisition Corp.,NASDAQ,0.14,49.2101,,,,false
SSEAU,NASDAQ:SSEAU,Starry Sea Acquisition Corp Unit,NASDAQ,0.14,176.572,,,,false
SSL,NYSE:SSL,Sasol Limited,NYSE,10.56,50.2507,11.6208,pe15,4.32419,false
SSM,NASDAQ:SSM,Sono Group N.V.,NASDAQ,2.65,-0.543044,,,,false
SSNC,NASDAQ:SSNC,"SS&C Technologies Holdings, Inc.",NASDAQ,3.26,22.7416,5.96576,pe15,3.81202,false
SSRM,NASDAQ:SSRM,SSR Mining Inc.,NASDAQ,1.95,24.4167,12.9655,pe15,1.88321,false
SSTK,NYSE:SSTK,"Shutterstock, Inc.",NYSE,1.29,-1.01413,-8.39653,pe15,0.12078,false
ST,NYSE:ST,Sensata Technologies Holding plc,NYSE,0.21,72.8333,-27.3832,pe15,-2.65978,false
STAG,NYSE:STAG,"STAG Industrial, Inc.",NYSE,1.46,28.4577,2.03655,pe15,13.9735,false
STBA,NASDAQ:STBA,"S&T Bancorp, Inc.",NASDAQ,3.48,13.7828,45.1567,lynch_peg,0.305222,true
STC,NYSE:STC,Stewart Information Services Corporation,NYSE,4.08,14.7647,-8.17604,pe15,-1.80585,true
STE,NYSE:STE,STERIS plc,NYSE,7.93,28.5829,11.2186,pe15,2.54781,false
STEM,NYSE:STEM,"Stem, Inc.",NYSE,16.52,-0.758782,,,,false
STG,NYSE:STG,Sunlands Technology Group,NYSE,26.43,0.783369,12.8784,pe15,0.0608283,true
STGW,NASDAQ:STGW,Stagwell Inc.,NASDAQ,0.13,143.21,-29.1852,pe15,-4.90694,false
STLD,NASDAQ:STLD,"Steel Dynamics, Inc.",NASDAQ,8.02,23.1924,25.1719,lynch_peg,0.921362,true
STM,NYSE:STM,STMicroelectronics N.V.,NYSE,0.19,102.002,-31.2827,pe15,-3.26064,false
STN,NYSE:STN,Stantec Inc.,NYSE,4.2,23.8651,22.3803,lynch_peg,1.06634,false
STNE,NASDAQ:STNE,StoneCo Ltd.,NASDAQ,8.54,3.75266,23.6879,lynch_peg,0.158421,true
STNG,NYSE:STNG,Scorpio Tankers Inc.,NYSE,7.4,4.50683,33.8877,lynch_peg,0.132993,true
STRA,NASDAQ:STRA,"Strategic Education, Inc.",NASDAQ,5.58,13.2148,7.92992,pe15,1.66644,true
STRL,NASDAQ:STRL,"Sterling Infrastructure, Inc.",NASDAQ,9.5,40.3196,44.27,lynch_peg,0.910766,true
STRS,NASDAQ:STRS,Stratus Properties Inc.,NASDAQ,1.49,7.23,-33.7185,pe15,-0.214422,true
STRT,NASDAQ:STRT,Strattec Security Corporation,NASDAQ,4.64,13.358,4.58612,pe15,2.91271,true
STRW,AMEX:STRW,"Strawberry Fields REIT, Inc.",AMEX,0.6,21.4453,-21.6334,pe15,-0.991306,false
STT,NYSE:STT,State Street Corporation,NYSE,9.55,16.5542,8.33398,pe15,1.98635,false
STVN,NYSE:STVN,Stevanato Group S.p.A.,NYSE,0.49,38.2685,11.8427,pe15,3.23141,false
STWD,NYSE:STWD,"Starwood Property Trust, Inc.",NYSE,1.22,24.5456,1.01372,pe15,24.2134,false
STX,NASDAQ:STX,Seagate Technology Holdings plc,NASDAQ,14.54,65.4921,21.7735,lynch_peg,3.00788,false
STZ,NYSE:STZ,"Constellation Brands, Inc.",NYSE,9.62,13.0972,-1.58496,pe15,-8.26345,true
SU,NYSE:SU,Suncor Energy Inc.,NYSE,4.85,12.2836,17.3198,lynch_peg,0.709223,true
SUI,NYSE:SUI,"Sun Communities, Inc.",NYSE,10.84,-17.5067,51.9095,lynch_peg,-0.337255,false
SUN,NYSE:SUN,Sunoco LP,NYSE,3.68,14.6257,17.688,lynch_peg,0.826875,true
SUNB,NYSE:SUNB,Sunbelt Rentals Holdings Inc,NYSE,3.17,26.726,3.24375,pe15,8.23922,false
SUNS,NASDAQ:SUNS,"Sunrise Realty Trust, Inc.",NASDAQ,0.95,7.78351,208.221,lynch_peg,0.037381,true
SUZ,NYSE:SUZ,Suzano S.A.,NYSE,10.63,4.51761,67.2815,lynch_peg,0.067145,true
SVCC,NASDAQ:SVCC,Stellar V Capital Corp. Class A Ordinary Shares,NASDAQ,0.26,46.0269,,,,false
SVII,NASDAQ:SVII,Eagle Nuclear Energy Corp.,NASDAQ,0.33,-5.98277,165.259,lynch_peg,-0.0362024,false
SVV,NYSE:SVV,"Savers Value Village, Inc.",NYSE,0.14,66.3438,-23.0825,pe15,-2.8742,false
SW,NYSE:SW,Smurfit Westrock plc,NYSE,1.34,48.435,-13.0098,pe15,-3.72297,false
SWBI,NASDAQ:SWBI,"Smith & Wesson Brands, Inc.",NASDAQ,0.42,34.8935,-38.0956,pe15,-0.915947,false
SWIM,NASDAQ:SWIM,"Latham Group, Inc.",NASDAQ,0.0956,159.335,-5.9621,pe15,-26.7246,false
SWK,NYSE:SWK,"Stanley Black & Decker, Inc.",NYSE,2.65,24.9191,-24.1425,pe15,-1.03217,false
SWKS,NASDAQ:SWKS,"Skyworks Solutions, Inc.",NASDAQ,3.09,35.5335,-8.58391,pe15,-4.13955,false
SWVL,NASDAQ:SWVL,Swvl Holdings Corp.,NASDAQ,0.12,30.1455,-48.3602,pe15,-0.623354,false
SWX,NYSE:SWX,"Southwest Gas Holdings, Inc.",NYSE,6.09,12.8203,7.97267,pe15,1.60804,true
SXI,NYSE:SXI,Standex International Corporation,NYSE,8.68,37.8975,23.6744,lynch_peg,1.60078,false
SXT,NYSE:SXT,Sensient Technologies Corporation,NYSE,3.18,34.9866,4.18986,pe15,8.35029,false
SYBT,NASDAQ:SYBT,"Stock Yards Bancorp, Inc.",NASDAQ,4.77,16.8913,12.8173,pe15,1.31785,false
SYF,NYSE:SYF,Synchrony Financial,NYSE,9.35,8.18661,32.6097,lynch_peg,0.251048,true
SYK,NYSE:SYK,Stryker Corporation,NYSE,8.49,35.0092,14.7888,pe15,2.36728,false
SYY,NYSE:SYY,Sysco Corporation,NYSE,3.67,22.7548,28.9335,lynch_peg,0.786451,true
SZZL,NASDAQ:SZZL,Sizzle Acquisition Corp. II,NASDAQ,0.37,33.5372,,,,false
T,NYSE:T,AT&T Inc.,NYSE,3.04,8.22442,8.14837,pe15,1.00933,true
TACH,NASDAQ:TACH,Titan Acquisition Corp.,NASDAQ,0.27,33.4076,,,,false
TACO,NASDAQ:TACO,Berto Acquisition Corp.,NASDAQ,0.29,29.8571,,,,false
TACOU,NASDAQ:TACOU,Berto Acquisition Corp. Unit,NASDAQ,0.29,56.5789,,,,false
TAK,NYSE:TAK,Takeda Pharmaceutical Company Limited,NYSE,63.91,49.1245,-11.8916,pe15,-4.13103,false
TAL,NYSE:TAL,TAL Education Group,NYSE,2.79,2.33838,-9.63442,pe15,-0.242711,true
TALK,NASDAQ:TALK,"Talkspace, Inc.",NASDAQ,0.0466,-4370.83,,,,false
TASK,NASDAQ:TASK,"TaskUs, Inc.",NASDAQ,1.14,6.2521,25.9275,lynch_peg,0.241138,true
TATT,NASDAQ:TATT,TAT Technologies Ltd.,NASDAQ,1.39,25.7809,57.5753,lynch_peg,0.447776,true
TAVI,NASDAQ:TAVI,Tavia Acquisition Corp.,NASDAQ,0.23,70.9272,,,,false
TAYD,NASDAQ:TAYD,"Taylor Devices, Inc.",NASDAQ,3.01,16.3015,28.1768,lynch_peg,0.578544,true
TBB,NYSE:TBB,AT&T Inc. 5.35% GLB NTS 66,NYSE,3.04,8.2298,8.14837,pe15,1.00999,true
TBBK,NASDAQ:TBBK,"The Bancorp, Inc.",NASDAQ,4.99,12.9314,29.127,lynch_peg,0.443964,true
TBCH,NASDAQ:TBCH,Turtle Beach Corporation,NASDAQ,0.78,-68.2656,-21.5201,pe15,3.17218,false
TBLA,NASDAQ:TBLA,Taboola.com Ltd.,NASDAQ,0.14,9.91766,-36.2537,pe15,-0.273563,true
TBPH,NASDAQ:TBPH,Theravance Biopharma Inc,NASDAQ,2.1,15.9334,,,,false
TC,NASDAQ:TC,Token Cat Limited,NASDAQ,18.6,-2.50049,,,,false
TCBI,NASDAQ:TCBI,"Texas Capital Bancshares, Inc.",NASDAQ,6.87,13.0982,43.7301,lynch_peg,0.299523,true
TCBK,NASDAQ:TCBK,TriCo Bancshares,NASDAQ,3.73,13.7542,11.4422,pe15,1.20205,true
TCBS,NASDAQ:TCBS,"Texas Community Bancshares, Inc.",NASDAQ,1.04,14.3853,45.4061,lynch_peg,0.316813,true
TCBX,NYSE:TCBX,"Third Coast Bancshares, Inc.",NYSE,4.45,9.77176,18.0624,lynch_peg,0.541,true
TCI,NYSE:TCI,"Transcontinental Realty Investors, Inc.",NYSE,1.6,39.1274,15.7513,lynch_peg,2.48408,false
TCMD,NASDAQ:TCMD,"Tactile Systems Technology, Inc.",NASDAQ,0.83,21.8485,6.1553,pe15,3.54954,false
TCOM,NASDAQ:TCOM,Trip.com Group Limited,NASDAQ,49.23,6.2489,25.9197,lynch_peg,0.241087,true
TCPA,NYSE:TCPA,TransCanada PipeLines Limited 6,NYSE,3.3,6.87121,9.9897,pe15,0.68783,true
TD,NYSE:TD,The Toronto-Dominion Bank,NYSE,11.57,20.1765,12.4668,pe15,1.61841,false
TDAC,NASDAQ:TDAC,Translational Development Acquisition Corp.,NASDAQ,0.37,37.7129,,,,false
TDAY,NYSE:TDAY,USA TODAY Co. Inc.,NYSE,0.012,-26.5801,-37.1566,pe15,0.715355,false
TDC,NYSE:TDC,Teradata Corporation,NYSE,1.38,5.66802,3.18092,pe15,1.78188,true
TDG,NYSE:TDG,TransDigm Group Incorporated,NYSE,32.08,37.8598,31.1362,lynch_peg,1.21594,false
TDIC,NASDAQ:TDIC,Dreamland Limited Class A Ordinary Shares,NASDAQ,26.25,2.25923,,,,false
TDW,NYSE:TDW,Tidewater Inc.,NYSE,6.69,18.9357,88.6402,lynch_peg,0.213625,true
TDWD,NASDAQ:TDWD,Tailwind 2.0 Acquisition Corp. Class A Ordinary Shares,NASDAQ,0.0217,67.9245,,,,false
TDY,NYSE:TDY,Teledyne Technologies Incorporated,NYSE,18.88,32.5556,11.511,pe15,2.82823,false
TECH,NASDAQ:TECH,Bio-Techne Corporation,NASDAQ,1.17,61.6453,5.15475,pe15,11.9589,false
TECK,NYSE:TECK,Teck Resources Limited,NYSE,2.84,17.3483,-8.77117,pe15,-1.97788,false
TEL,NYSE:TEL,TE Connectivity plc,NYSE,6.2,20.9611,1.38163,pe15,15.1713,false
TEN,NYSE:TEN,Tsakos Energy Navigation Limited,NYSE,4.45,6.69431,-9.58208,pe15,-0.698628,true
TER,NASDAQ:TER,"Teradyne, Inc.",NASDAQ,3.49,54.9359,-5.85946,pe15,-9.37559,false
TEVA,NYSE:TEVA,Teva Pharmaceutical Industries Limited,NYSE,1.23,56.5813,34.1314,lynch_peg,1.65775,false
TEX,NYSE:TEX,Terex Corporation,NYSE,3.36,34.0704,91.6369,lynch_peg,0.371797,true
TFC,NYSE:TFC,Truist Financial Corporation,NYSE,3.86,12.0499,4.4156,pe15,2.72894,true
TFII,NYSE:TFII,TFI International Inc.,NYSE,5.21,33.4286,11.0135,pe15,3.03524,false
TFIN,NYSE:TFIN,"Triumph Financial, Inc.",NYSE,0.94,53.1554,-18.1577,pe15,-2.92742,false
TFPM,NYSE:TFPM,Triple Flag Precious Metals Corp.,NYSE,1.2,15.7803,27.226,lynch_peg,0.579603,true
TFSL,NASDAQ:TFSL,TFS Financial Corporation,NASDAQ,0.32,48.5081,1.29914,pe15,37.3387,false
TG,NYSE:TG,Tredegar Corporation,NYSE,0.96,8.26042,-6.64222,pe15,-1.24362,true
TGLS,NYSE:TGLS,Tecnoglass Inc.,NYSE,3.42,14.7254,46.3158,lynch_peg,0.317934,true
TGS,NYSE:TGS,Transportadora de Gas del Sur S.A.,NYSE,3250.25,12.1491,172.706,lynch_peg,0.0703459,true
TGT,NYSE:TGT,Target Corporation,NYSE,8.16,20.362,-1.34135,pe15,-15.1803,false
TGTX,NASDAQ:TGTX,"TG Therapeutics, Inc.",NASDAQ,3.1,15.9677,489.19,lynch_peg,0.0326411,true
THC,NYSE:THC,Tenet Healthcare Corporation,NYSE,15.61,10.2106,32.6551,lynch_peg,0.312679,true
THFF,NASDAQ:THFF,First Financial Corporation,NASDAQ,6.68,11.5035,11.1928,pe15,1.02776,true
THG,NYSE:THG,"The Hanover Insurance Group, Inc.",NYSE,18.51,10.5327,14.2471,pe15,0.73929,true
THH,NASDAQ:THH,TryHard Holdings Limited,NASDAQ,3,139.367,-32.58,pe15,-4.27767,false
THO,NYSE:THO,"Thor Industries, Inc.",NYSE,4.87,15.8343,3.80769,pe15,4.15852,false
THRM,NASDAQ:THRM,Gentherm Incorporated,NASDAQ,0.6,50.4263,-19.9908,pe15,-2.52248,false
THRY,NASDAQ:THRY,"Thryv Holdings, Inc.",NASDAQ,0.007,-5.7973,-72.8326,pe15,0.0795975,false
TIGO,NASDAQ:TIGO,Millicom International Cellular S.A.,NASDAQ,7.86,23.5553,54.3136,lynch_peg,0.43369,true
TILE,NASDAQ:TILE,"Interface, Inc.",NASDAQ,1.99,15.292,6.81315,pe15,2.24448,false
TIMB,NYSE:TIMB,TIM S.A.,NYSE,8.95,10.0833,18.44,lynch_peg,0.546819,true
TIPT,NASDAQ:TIPT,Tiptree Inc.,NASDAQ,0.93,-151.708,9.82499,pe15,-15.4411,false
TJX,NYSE:TJX,"The TJX Companies, Inc.",NYSE,4.89,29.5426,130.595,lynch_peg,0.226216,true
TK,NYSE:TK,Teekay Corporation,NYSE,1.14,4.66288,94.2915,lynch_peg,0.0494518,true
TKC,NYSE:TKC,Turkcell Iletisim Hizmetleri A.S.,NYSE,22.33,12.1897,34.2529,lynch_peg,0.355873,true
TKLF,NASDAQ:TKLF,"Tokyo Lifestyle Co., Ltd.",NASDAQ,1.7,1.15,5.51182,pe15,0.208643,true
TKO,NYSE:TKO,"TKO Group Holdings, Inc.",NYSE,2.42,66.6854,2.58578,pe15,25.7893,false
TKR,NYSE:TKR,The Timken Company,NYSE,4.13,35.9555,1.78684,pe15,20.1224,false
TLF,NASDAQ:TLF,"Tandy Leather Factory, Inc.",NASDAQ,1.11,-12.4286,26.8529,lynch_peg,-0.462838,false
TLK,NYSE:TLK,Perusahaan Perseroan (Persero) PT Telekomunikasi Indonesia Tbk,NYSE,18219,15.1235,-9.59734,pe15,-1.5758,false
TLNC,NASDAQ:TLNC,Talon Capital Corp. Class A Ordinary Shares,NASDAQ,0.0773,65.5128,,,,false
TM,NYSE:TM,Toyota Motor Corporation,NYSE,3130.1,8.59468,14.2709,pe15,0.602254,true
TMCR,NASDAQ:TMCR,The Metals Royalty Company Inc.,NASDAQ,0.0203,-40.2143,,,,false
TMDE,AMEX:TMDE,TMD Energy Limited,AMEX,0.0813,9.17589,-9.83349,pe15,-0.933127,true
TMDX,NASDAQ:TMDX,"TransMedics Group, Inc.",NASDAQ,5.6,19.9579,,,,false
TME,NYSE:TME,Tencent Music Entertainment Group,NYSE,7,10.0665,22.866,lynch_peg,0.440241,true
TMO,NYSE:TMO,Thermo Fisher Scientific Inc.,NYSE,17.77,31.855,1.99346,pe15,15.9798,false
TMP,AMEX:TMP,Tompkins Financial Corporation,AMEX,11.3,8.21237,16.7029,lynch_peg,0.491674,true
TMUS,NASDAQ:TMUS,"T-Mobile US, Inc.",NASDAQ,9.75,19.048,29.4714,lynch_peg,0.646321,true
TNC,NYSE:TNC,Tennant Company,NYSE,2.38,68.7166,5.28144,pe15,13.011,false
TNET,NYSE:TNET,"TriNet Group, Inc.",NYSE,3.19,18.3034,-4.70877,pe15,-3.88708,false
TNK,NYSE:TNK,Teekay Tankers Ltd.,NYSE,10.15,4.97418,31.4115,lynch_peg,0.158356,true
TNL,NYSE:TNL,Travel + Leisure Co.,NYSE,3.51,20.1046,-6.66696,pe15,-3.01555,false
TOL,NYSE:TOL,"Toll Brothers, Inc.",NYSE,13.6,11.1152,31.7192,lynch_peg,0.350427,true
TOPS,AMEX:TOPS,Top Ships Inc.,AMEX,0.67,1.32424,-62.1109,pe15,-0.0213206,true
TORO,NASDAQ:TORO,Toro Corp.,NASDAQ,0.083,59.1923,-75.3626,pe15,-0.785434,false
TOST,NYSE:TOST,"Toast, Inc.",NYSE,0.59,42.1084,,,,false
TOUR,NASDAQ:TOUR,Tuniu Corporation,NASDAQ,7.98,3.44251,,,,false
TOWN,NASDAQ:TOWN,TowneBank,NASDAQ,2.22,10.5873,2.00733,pe15,5.27431,true
TOYO,NASDAQ:TOYO,"TOYO Co., Ltd.",NASDAQ,1.32,6.91477,134.521,lynch_peg,0.051403,true
TPB,NYSE:TPB,"Turning Point Brands, Inc.",NYSE,3.18,36.6765,13.3432,pe15,2.74869,false
TPC,NYSE:TPC,Tutor Perini Corporation,NYSE,1.53,41.3219,-12.6576,pe15,-3.26458,false
TPG,NASDAQ:TPG,TPG Inc.,NASDAQ,1.33,43.6957,-42.3246,pe15,-1.03239,false
TPL,NYSE:TPL,Texas Pacific Land Corporation,NYSE,6.98,45.6025,22.568,lynch_peg,2.02067,false
TPR,NYSE:TPR,"Tapestry, Inc.",NYSE,7.49,17.1101,20.0804,lynch_peg,0.852082,true
TPVG,NYSE:TPVG,TriplePoint Venture Growth BDC Corp.,NYSE,1.22,5.46465,1.01372,pe15,5.39068,true
TR,NYSE:TR,"Tootsie Roll Industries, Inc.",NYSE,1.37,31.3231,11.6397,pe15,2.69105,false
TRAK,NYSE:TRAK,"ReposiTrak, Inc.",NYSE,0.36,21.7831,34.7275,lynch_peg,0.627256,true
TRAW,NASDAQ:TRAW,"Traws Pharma, Inc.",NASDAQ,0.83,-0.678851,,,,false
TRC,NYSE:TRC,Tejon Ranch Co.,NYSE,0.0028,72.2737,-56.4426,pe15,-1.28048,false
TREE,NASDAQ:TREE,"LendingTree, Inc.",NASDAQ,11.14,2.47272,41.4637,lynch_peg,0.0596358,true
TREX,NYSE:TREX,"Trex Company, Inc.",NYSE,1.78,29.5476,3.20846,pe15,9.20929,false
TRGP,NYSE:TRGP,Targa Resources Corp.,NYSE,8.54,26.0836,29.3065,lynch_peg,0.890028,true
TRI,NASDAQ:TRI,Thomson Reuters Corporation,NASDAQ,3.4,27.5747,7.2145,pe15,3.82212,false
TRIN,NYSE:TRIN,Trinity Capital Inc.,NYSE,1.96,9.47917,-20.3098,pe15,-0.466729,true
TRIP,NASDAQ:TRIP,"Tripadvisor, Inc.",NASDAQ,0.32,272.125,-15.986,pe15,-17.0227,false
TRMB,NASDAQ:TRMB,Trimble Inc.,NASDAQ,1.77,-120.516,-2.01865,pe15,59.7014,false
TRMD,NASDAQ:TRMD,TORM plc,NASDAQ,3.01,8.6622,18.8372,lynch_peg,0.459844,true
TRMK,NASDAQ:TRMK,Trustmark Corporation,NASDAQ,3.72,12.2329,8.10069,pe15,1.51011,true
TRN,NYSE:TRN,"Trinity Industries, Inc.",NYSE,3.13,6.9,19.4043,lynch_peg,0.355591,true
TRNO,NYSE:TRNO,Terreno Realty Corporation,NYSE,3.93,18.4664,35.5123,lynch_peg,0.52,true
TRNS,NASDAQ:TRNS,"Transcat, Inc.",NASDAQ,0.58,252.04,-11.1929,pe15,-22.5179,false
TROW,NASDAQ:TROW,"T. Rowe Price Group, Inc.",NASDAQ,9.26,11.0621,-1.68267,pe15,-6.57416,true
TRP,NYSE:TRP,TC Energy Corporation,NYSE,3.27,26.5015,-7.15599,pe15,-3.7034,false
TRS,NASDAQ:TRS,TriMas Corporation,NASDAQ,2.97,1.61471,13.7643,pe15,0.117312,true
TRST,NASDAQ:TRST,TrustCo Bank Corp NY,NASDAQ,3.25,15.95,3.62461,pe15,4.40048,false
TRTX,NYSE:TRTX,"TPG RE Finance Trust, Inc.",NYSE,0.57,14.5818,-16.8929,pe15,-0.863192,true
TRU,NYSE:TRU,TransUnion,NYSE,2.34,20.9008,5.27069,pe15,3.96548,false
TRUP,NASDAQ:TRUP,"Trupanion, Inc.",NASDAQ,0.45,57.9094,,,,false
TRV,NYSE:TRV,"The Travelers Companies, Inc.",NYSE,27.84,9.77921,21.3951,lynch_peg,0.457078,true
TRVG,NASDAQ:TRVG,trivago N.V.,NASDAQ,0.15,22.8762,-8.16141,pe15,-2.80297,false
TRX,AMEX:TRX,TRX Gold Corporation,AMEX,0.0032,-16.6176,-45.5669,pe15,0.364685,false
TS,NYSE:TS,Tenaris S.A.,NYSE,3.72,14.3748,19.7739,lynch_peg,0.726959,true
TSBK,NASDAQ:TSBK,"Timberland Bancorp, Inc.",NASDAQ,3.68,11.5125,4.80716,pe15,2.39486,true
TSCO,NASDAQ:TSCO,Tractor Supply Company,NASDAQ,2.07,,9.95397,pe15,,false
TSEM,NASDAQ:TSEM,Tower Semiconductor Ltd.,NASDAQ,1.97,99.6179,20.6688,lynch_peg,4.81972,false
TSLA,NASDAQ:TSLA,"Tesla, Inc.",NASDAQ,1.18,288.419,36.3918,lynch_peg,7.92539,false
TSLX,NYSE:TSLX,"Sixth Street Specialty Lending, Inc.",NYSE,1.81,19.7895,-7.34123,pe15,-2.69566,false
TSM,NYSE:TSM,Taiwan Semiconductor Manufacturing Company Limited,NYSE,333.05,27.7617,28.4485,lynch_peg,0.975859,true
TSN,NYSE:TSN,"Tyson Foods, Inc.",NYSE,1.36,34.8713,-24.8657,pe15,-1.40238,false
TSSI,NASDAQ:TSSI,"TSS, Inc.",NASDAQ,0.65,15.7689,171.576,lynch_peg,0.0919061,true
TT,NYSE:TT,Trane Technologies plc,NYSE,13.09,36.1844,29.7472,lynch_peg,1.2164,false
TTAM,NYSE:TTAM,Titan America S.A.,NYSE,1.01,16.5104,33.2886,lynch_peg,0.495979,true
TTC,NYSE:TTC,The Toro Company,NYSE,3.18,28.0833,0.772293,pe15,36.3636,false
TTD,NASDAQ:TTD,"The Trade Desk, Inc.",NASDAQ,0.92,16.6529,12.0874,pe15,1.37771,false
TTE,NYSE:TTE,TotalEnergies SE,NYSE,5.84,10.889,5.11245,pe15,2.12989,true
TTEK,NASDAQ:TTEK,"Tetra Tech, Inc.",NASDAQ,0.94,21.8114,7.9915,pe15,2.72932,false
TTI,NYSE:TTI,"TETRA Technologies, Inc.",NYSE,0.0226,160.472,-28.256,pe15,-5.67921,false
TTMI,NASDAQ:TTMI,"TTM Technologies, Inc.",NASDAQ,1.73,60.8246,0.708453,pe15,85.8554,false
TU,NYSE:TU,Telus Corp,NYSE,0.73,-23.5294,-5.13198,pe15,4.58486,false
TUYA,NYSE:TUYA,Tuya Inc.,NYSE,0.0949,17.4464,,,,false
TVA,NASDAQ:TVA,Texas Ventures Acquisition III Corp,NASDAQ,0.2,78.5395,,,,false
TVAI,NASDAQ:TVAI,Thayer Ventures Acquisition Corporation II Class A Ordinary Shares,NASDAQ,0.2,40.3659,,,,false
TVC,NYSE:TVC,Tennessee Valley Authority,NYSE,2590.48,0.0573679,0.118079,pe15,0.485844,true
TVE,NYSE:TVE,Tennessee Valley Authority PARRS A 2029,NYSE,2590.48,-0.268717,0.118079,pe15,-2.27575,false
TW,NASDAQ:TW,Tradeweb Markets Inc.,NASDAQ,3.81,25.3595,32.8702,lynch_peg,0.771506,true
TWFG,NASDAQ:TWFG,"TWFG, Inc. Common Stock",NASDAQ,0.53,44.8258,153.33,lynch_peg,0.292349,true
TWG,NASDAQ:TWG,Top Wealth Group Holding Limited Ordinary Shares,NASDAQ,0.56,1.875,-55.5817,pe15,-0.0337342,true
TWLO,NYSE:TWLO,Twilio Inc.,NYSE,0.22,31.7912,,,,false
TWLV,NASDAQ:TWLV,Twelve Seas Investment Company II,NASDAQ,0.0016,157.614,-55.6883,pe15,-2.83028,false
TX,NYSE:TX,Ternium S.A.,NYSE,2.2,14.8757,-11.091,pe15,-1.34123,true
TXN,NASDAQ:TXN,Texas Instruments Incorporated,NASDAQ,5.45,41.8767,-2.06719,pe15,-20.2578,false
TXNM,NYSE:TXNM,"TXNM Energy, Inc.",NYSE,1.49,31.8086,-7.15757,pe15,-4.44405,false
TXRH,NASDAQ:TXRH,"Texas Roadhouse, Inc.",NASDAQ,6.11,33.0367,68.4867,lynch_peg,0.482382,true
TXT,NYSE:TXT,Textron Inc.,NYSE,5.11,16.7962,30.5021,lynch_peg,0.550658,true
TYL,NYSE:TYL,"Tyler Technologies, Inc.",NYSE,7.32,42.8322,8.49168,pe15,5.04403,false
TZOO,NASDAQ:TZOO,Travelzoo,NASDAQ,0.42,172.792,3.08533,pe15,56.0045,false
UAL,NASDAQ:UAL,"United Airlines Holdings, Inc.",NASDAQ,10.21,11.6399,-2.14696,pe15,-5.42159,true
UAN,NYSE:UAN,"CVR Partners, LP",NYSE,9.33,8.04749,6.28967,pe15,1.27948,true
UBCP,NASDAQ:UBCP,"United Bancorp, Inc.",NASDAQ,1.41,11.1655,0.43105,pe15,25.903,true
UBER,NYSE:UBER,"Uber Technologies, Inc.",NYSE,4.82,16.3585,34.9937,lynch_peg,0.46747,true
UBS,NYSE:UBS,UBS Group AG,NYSE,2.46,17.9745,6.09546,pe15,2.94883,false
UBSI,NASDAQ:UBSI,"United Bankshares, Inc.",NASDAQ,3.28,13.4058,6.44678,pe15,2.07946,true
UCB,NYSE:UCB,"United Community Banks, Inc.",NYSE,2.63,12.0229,6.60669,pe15,1.8198,true
UCL,NASDAQ:UCL,uCloudlink Group Inc.,NASDAQ,1.7,1.94595,45.3883,lynch_peg,0.0428733,true
UDR,NYSE:UDR,"UDR, Inc.",NYSE,1.13,24.0728,41.3871,lynch_peg,0.58165,true
UE,NYSE:UE,Urban Edge Properties,NYSE,0.74,40.6906,-1.29914,pe15,-31.3211,false
UFCS,NASDAQ:UFCS,"United Fire Group, Inc.",NASDAQ,4.48,9.87773,40.1967,lynch_peg,0.245735,true
UFPI,NASDAQ:UFPI,"UFP Industries, Inc.",NASDAQ,5,20.7206,4.56396,pe15,4.54005,false
UFPT,NASDAQ:UFPT,"UFP Technologies, Inc.",NASDAQ,8.87,34.6271,37.7254,lynch_peg,0.917873,true
UG,NASDAQ:UG,"United-Guardian, Inc.",NASDAQ,0.46,13.2593,-8.57077,pe15,-1.54703,true
UGI,NYSE:UGI,UGI Corporation,NYSE,3.15,11.338,4.31676,pe15,2.62651,true
UGP,NYSE:UGP,Ultrapar Participações S.A.,NYSE,2.25,9.99068,22.3697,lynch_peg,0.446618,true
UHAL,NYSE:UHAL,U-Haul Holding Company,NYSE,0.24,390.868,-62.2132,pe15,-6.28273,false
UHS,NYSE:UHS,"Universal Health Services, Inc.",NYSE,23.42,6.92234,16.1894,lynch_peg,0.427586,true
UHT,NYSE:UHT,Universal Health Realty Income Trust,NYSE,1.27,29.5856,-2.20806,pe15,-13.3989,false
UI,NYSE:UI,Ubiquiti Inc.,NYSE,11.77,36.5035,15.1649,lynch_peg,2.40711,false
UL,NYSE:UL,Unilever PLC,NYSE,2.68,20.8114,4.70105,pe15,4.42697,false
ULS,NYSE:ULS,UL Solutions Inc.,NYSE,1.62,30.6215,6.9083,pe15,4.43257,false
ULTA,NASDAQ:ULTA,"Ulta Beauty, Inc.",NASDAQ,25.72,19.0414,52.4836,lynch_peg,0.362807,true
UMBF,NASDAQ:UMBF,UMB Financial Corporation,NASDAQ,9.2,12.5629,9.10739,pe15,1.37942,true
UMC,NYSE:UMC,United Microelectronics Corporation,NYSE,16.7,18.0867,6.65623,pe15,2.71726,false
UMH,NYSE:UMH,"UMH Properties, Inc.",NYSE,0.07,91.4167,-17.9847,pe15,-5.08303,false
UNB,NASDAQ:UNB,"Union Bankshares, Inc.",NASDAQ,2.43,9.31801,-3.20609,pe15,-2.90635,true
UNF,NYSE:UNF,UniFirst Corporation,NYSE,8.33,43.4456,2.23068,pe15,19.4764,false
UNH,NYSE:UNH,UnitedHealth Group Incorporated,NYSE,13.23,25.8049,-4.06411,pe15,-6.34944,false
UNIT,NASDAQ:UNIT,Uniti Group Inc.,NASDAQ,6.61,1.97614,111.332,lynch_peg,0.0177499,true
UNM,NYSE:UNM,Unum Group,NYSE,4.28,21.7727,1.92925,pe15,11.2856,false
UNMA,NYSE:UNMA,Unum Group 6.250% JR NT58,NYSE,4.28,21.7727,1.92925,pe15,11.2856,false
UNP,NYSE:UNP,Union Pacific Corporation,NYSE,12.01,23.9188,8.73846,pe15,2.73718,false
UNTY,NASDAQ:UNTY,"Unity Bancorp, Inc.",NASDAQ,5.78,10.506,21.2013,lynch_peg,0.495536,true
UPBD,NASDAQ:UPBD,"Upbound Group, Inc.",NASDAQ,1.3,12.324,-19.4765,pe15,-0.632763,true
UPS,NYSE:UPS,"United Parcel Service, Inc.",NYSE,6.56,19.449,33.4487,lynch_peg,0.581457,true
UPST,NASDAQ:UPST,"Upstart Holdings, Inc.",NASDAQ,0.56,49.5172,15.7084,lynch_peg,3.15228,false
UPWK,NASDAQ:UPWK,Upwork Inc.,NASDAQ,0.87,10.6685,57.6615,lynch_peg,0.18502,true
URBN,NASDAQ:URBN,"Urban Outfitters, Inc.",NASDAQ,5.15,14.6701,232.88,lynch_peg,0.0629945,true
URI,NYSE:URI,"United Rentals, Inc.",NYSE,38.71,27.7928,25.8744,lynch_peg,1.07414,false
UROY,NASDAQ:UROY,Uranium Royalty Corp.,NASDAQ,0.39,9.95904,108.167,lynch_peg,0.0920713,true
USAC,NYSE:USAC,"USA Compression Partners, LP",NYSE,0.85,24.8692,101.187,lynch_peg,0.245774,true
USB,NYSE:USB,U.S. Bancorp,NYSE,4.62,13.005,8.58857,pe15,1.51422,true
USCB,NASDAQ:USCB,"USCB Financial Holdings, Inc.",NASDAQ,1.34,14.7578,26.7256,lynch_peg,0.552199,true
USFD,NYSE:USFD,US Foods Holding Corp.,NYSE,2.98,33.1727,9.07047,pe15,3.65722,false
USLM,NASDAQ:USLM,"United States Lime & Minerals, Inc.",NASDAQ,4.69,25.0556,36.218,lynch_peg,0.691798,true
USNA,NYSE:USNA,"USANA Health Sciences, Inc.",NYSE,0.58,-11.3007,-36.8607,pe15,0.30658,false
USPH,NYSE:USPH,"U.S. Physical Therapy, Inc.",NYSE,1.42,473.882,-19.0694,pe15,-24.8505,false
UTHR,NASDAQ:UTHR,United Therapeutics Corporation,NASDAQ,30.13,16.5373,20.9302,lynch_peg,0.790119,true
UTI,NYSE:UTI,"Universal Technical Institute, Inc.",NYSE,1.16,39.9188,84.677,lynch_peg,0.471424,true
UTL,NYSE:UTL,Unitil Corporation,NYSE,2.97,17.1516,6.67523,pe15,2.56944,false
UTMD,NASDAQ:UTMD,"Utah Medical Products, Inc.",NASDAQ,3.41,22.4907,2.94055,pe15,7.64847,false
UTZ,NYSE:UTZ,"Utz Brands, Inc.",NYSE,0.0092,-43.2276,-67.5804,pe15,0.639647,false
UVE,NYSE:UVE,"Universal Insurance Holdings, Inc.",NYSE,6.56,5.41846,61.3431,lynch_peg,0.0883303,true
UVSP,NASDAQ:UVSP,Univest Financial Corporation,NASDAQ,3.16,12.3689,14.5812,pe15,0.848275,true
UVV,NYSE:UVV,Universal Corporation,NYSE,1.3,58.9737,-18.2019,pe15,-3.23997,false
UWMC,NYSE:UWMC,UWM Holdings Corporation,NYSE,0.13,-19.3413,-66.9183,pe15,0.289029,false
UYSC,NASDAQ:UYSC,UY Scuti Acquisition Corp.,NASDAQ,0.1,83.4615,,,,false
UZD,NYSE:UZD,"Array Digital Infrastructure, Inc. 6.250% Senior Notes due 2069",NYSE,3.39,4.00888,4.96962,pe15,0.806678,true
UZE,NYSE:UZE,"Array Digital Infrastructure, Inc. 5.500% Senior Notes due 2070",NYSE,3.39,4.00888,4.96962,pe15,0.806678,true
UZF,NYSE:UZF,"Array Digital Infrastructure, Inc. 5.500% Senior Notes due 2070",NYSE,3.39,4.00888,4.96962,pe15,0.806678,true
V,NYSE:V,Visa Inc.,NYSE,10.22,31.0093,15.838,lynch_peg,1.95791,false
VABK,NASDAQ:VABK,Virginia National Bankshares Corporation,NASDAQ,3.57,10.3035,3.88892,pe15,2.64945,true
VACI,NYSE:VACI,Viking Acquisition Corp. I Class A,NYSE,0.0066,111.087,,,,false
VAL,NYSE:VAL,Valaris Limited,NYSE,13.92,6.39347,80.9355,lynch_peg,0.0789946,true
VALE,NYSE:VALE,Vale S.A.,NYSE,0.58,27.3679,-10.5004,pe15,-2.60638,false
VALU,NASDAQ:VALU,"Value Line, Inc.",NASDAQ,2.3,16.087,-1.09362,pe15,-14.7098,false
VBNK,NASDAQ:VBNK,VersaBank,NASDAQ,0.9,29.9628,1.87925,pe15,15.944,false
VC,NASDAQ:VC,Visteon Corporation,NASDAQ,7.39,19.1758,19.8784,lynch_peg,0.964658,true
VCEL,NASDAQ:VCEL,Vericel Corporation,NASDAQ,0.33,92.6354,39.1304,lynch_peg,2.36735,false
VCTR,NASDAQ:VCTR,"Victory Capital Holdings, Inc.",NASDAQ,4.13,21.5382,5.63409,pe15,3.82284,false
VCYT,NASDAQ:VCYT,"Veracyte, Inc.",NASDAQ,0.84,28.9583,,,,false
VECO,NASDAQ:VECO,Veeco Instruments Inc.,NASDAQ,0.6,135.369,3.14991,pe15,42.9757,false
VEEV,NYSE:VEEV,Veeva Systems Inc.,NYSE,5.55,42.7483,17.1058,lynch_peg,2.49905,false
VEL,NYSE:VEL,"Velocity Financial, Inc.",NYSE,2.81,6.47662,21.8152,lynch_peg,0.296886,true
VEON,NASDAQ:VEON,VEON Ltd.,NASDAQ,7.5,84.2059,-2.79396,pe15,-30.1385,false
VERX,NASDAQ:VERX,"Vertex, Inc.",NASDAQ,0.05,410.932,-21.2727,pe15,-19.3173,false
VFC,NYSE:VFC,V.F. Corporation,NYSE,0.65,20.9571,-9.14584,pe15,-2.29144,false
VFF,NASDAQ:VFF,"Village Farms International, Inc.",NASDAQ,0.29,12.9319,7.71436,pe15,1.67634,true
VG,NYSE:VG,"Venture Global, Inc.",NYSE,0.93,10.3898,-0.355875,pe15,-29.195,true
VGNT,NYSE:VGNT,Versigent PLC,NYSE,7.43,6.32785,5.15485,pe15,1.22755,true
VICI,NYSE:VICI,VICI Properties Inc.,NYSE,2.61,10.2326,8.19958,pe15,1.24794,true
VICR,NASDAQ:VICR,Vicor Corporation,NASDAQ,2.63,71.7111,44.3249,lynch_peg,1.61785,false
VIK,NYSE:VIK,Viking Holdings Ltd,NYSE,2.59,37.1605,41.2009,lynch_peg,0.901936,true
VINP,NASDAQ:VINP,Vinci Compass Investments Ltd.,NASDAQ,3.34,7.74945,-29.8063,pe15,-0.259994,true
VIOT,NASDAQ:VIOT,"Viomi Technology Co., Ltd",NASDAQ,2.04,2.22597,-3.90824,pe15,-0.569559,true
VIPS,NYSE:VIPS,Vipshop Holdings Limited,NYSE,14.06,6.25791,9.95006,pe15,0.628932,true
VIRC,NASDAQ:VIRC,Virco Mfg. Corporation,NASDAQ,0.16,-111.553,1.08145,pe15,-103.151,false
VIRT,NYSE:VIRT,"Virtu Financial, Inc.",NYSE,5.14,7.36139,-0.193425,pe15,-38.0581,true
VISN,NASDAQ:VISN,"Vistance Networks, Inc.",NASDAQ,6.13,11.0291,35.5251,lynch_peg,0.31046,true
VIST,NYSE:VIST,"Vista Energy, S.A.B. de C.V.",NYSE,7.02,8.67973,87.3336,lynch_peg,0.099386,true
VITL,NASDAQ:VITL,"Vital Farms, Inc.",NASDAQ,1.49,-774.113,36.8879,lynch_peg,-20.9856,false
VIV,NYSE:VIV,Telefônica Brasil S.A.,NYSE,3.78,14.3398,5.95979,pe15,2.40609,true
VLGEA,NASDAQ:VLGEA,"Village Super Market, Inc.",NASDAQ,3.82,11.4707,14.7499,pe15,0.777676,true
VLO,NYSE:VLO,Valero Energy Corporation,NYSE,7.57,14.119,4.38946,pe15,3.21656,true
VLTO,NYSE:VLTO,Veralto Corporation,NYSE,3.79,24.4449,5.21033,pe15,4.69162,false
VLY,NASDAQ:VLY,Valley National Bancorp,NASDAQ,1.02,12.3846,1.64698,pe15,7.51962,true
VMC,NYSE:VMC,Vulcan Materials Company,NYSE,8.15,32.8624,13.0691,pe15,2.51451,false
VMD,NASDAQ:VMD,"Viemed Healthcare, Inc.",NASDAQ,0.38,24.5228,-15.0708,pe15,-1.62717,false
VMET,NASDAQ:VMET,Versamet Royalties Corporation Common Stock,NASDAQ,0.22,13.5733,,,,false
VMI,NYSE:VMI,"Valmont Industries, Inc.",NYSE,17.7,19.5732,21.8108,lynch_peg,0.897408,true
VNCE,NASDAQ:VNCE,Vince Holding Corp.,NASDAQ,0.49,8.9,-24.2812,pe15,-0.366539,true
VNO,NYSE:VNO,Vornado Realty Trust,NYSE,4.4,1256.8,-19.5507,pe15,-64.284,false
VNT,NYSE:VNT,Vontier Corporation,NYSE,2.77,13.6152,6.4135,pe15,2.1229,true
VOC,NYSE:VOC,VOC Energy Trust,NYSE,0.44,8.02469,13.8531,pe15,0.579269,true
VOXR,NASDAQ:VOXR,Vox Royalty Corp.,NASDAQ,0.1,7.18183,138.19,lynch_peg,0.0519709,true
VOYA,NYSE:VOYA,"Voya Financial, Inc.",NYSE,6.39,16.9539,2.62505,pe15,6.45852,false
VPG,NYSE:VPG,"Vishay Precision Group, Inc.",NYSE,0.4,238.333,-12.9449,pe15,-18.4113,false
VRRM,NASDAQ:VRRM,Verra Mobility Corporation,NASDAQ,0.86,17.7222,26.4872,lynch_peg,0.669087,true
VRSK,NASDAQ:VRSK,"Verisk Analytics, Inc.",NASDAQ,6.51,28.0399,8.24837,pe15,3.39944,false
VRSN,NASDAQ:VRSN,"VeriSign, Inc.",NASDAQ,8.83,31.0137,4.51665,pe15,6.86651,false
VRT,NYSE:VRT,Vertiv Holdings Co,NYSE,3.49,64.8086,79.4236,lynch_peg,0.815987,true
VRTS,NYSE:VRTS,"Virtus Investment Partners, Inc.",NYSE,20.27,9.47336,14.0816,pe15,0.672747,true
VRTX,NASDAQ:VRTX,Vertex Pharmaceuticals Incorporated,NASDAQ,15.46,29.2982,8.16875,pe15,3.58662,false
VSA,NASDAQ:VSA,VisionSys AI Inc.,NASDAQ,554232,10.6699,4070.61,lynch_peg,0.00262122,true
VSEC,NASDAQ:VSEC,VSE Corporation,NASDAQ,2.52,87.0408,-4.77581,pe15,-18.2254,false
VSNT,NASDAQ:VSNT,"Versant Media Group, Inc. Class A",NASDAQ,6.43,7.44845,-19.2458,pe15,-0.387017,true
VST,NYSE:VST,Vistra Corp.,NYSE,2.21,24.8781,11.1962,pe15,2.22202,false
VSXY,NYSE:VSXY,Victoria's Secret & Company,NYSE,2,36.582,-22.8184,pe15,-1.60318,false
VTEX,NYSE:VTEX,Vtex,NYSE,0.11,21.3918,,,,false
VTMX,NYSE:VTMX,"Corporación Inmobiliaria Vesta, S.A.B. de C.V.",NYSE,2.9,7.24259,19.3008,lynch_peg,0.375248,true
VTOL,NYSE:VTOL,Bristow Group Inc.,NYSE,4.47,12.9665,138.377,lynch_peg,0.0937039,true
VTR,NYSE:VTR,"Ventas, Inc.",NYSE,0.55,166.345,-14.1587,pe15,-11.7486,false
VTS,NYSE:VTS,"Vitesse Energy, Inc.",NYSE,0.67,-52.2329,-10.1099,pe15,5.16651,false
VTSI,NASDAQ:VTSI,"VirTra, Inc.",NASDAQ,0.0229,-13.047,-34.5038,pe15,0.378134,false
VVV,NYSE:VVV,Valvoline Inc.,NYSE,1.65,45.9968,-0.59528,pe15,-77.2691,false
VVX,NYSE:VVX,"V2X, Inc.",NYSE,2.47,28.43,-4.98739,pe15,-5.70038,false
VYX,NYSE:VYX,NCR Voyix Corporation,NYSE,0.3,19.8025,-34.2701,pe15,-0.577835,false
VZ,NYSE:VZ,Verizon Communications Inc.,NYSE,4.06,12.5977,-1.14207,pe15,-11.0306,true
WAB,NYSE:WAB,Westinghouse Air Brake Technologies Corporation,NYSE,6.86,40.2617,25.769,lynch_peg,1.56241,false
WABC,NASDAQ:WABC,Westamerica Bancorporation,NASDAQ,4.53,13.2044,8.73676,pe15,1.51136,true
WAFD,NASDAQ:WAFD,"WaFd, Inc.",NASDAQ,2.64,11.5757,3.15709,pe15,3.66656,true
WAL,NYSE:WAL,Western Alliance Bancorporation,NYSE,8.79,9.14667,11.678,pe15,0.783238,true
WASH,NASDAQ:WASH,"Washington Trust Bancorp, Inc.",NASDAQ,2.72,13.7595,-7.56153,pe15,-1.81967,true
WAT,NYSE:WAT,Waters Corporation,NYSE,10.8,102.294,5.15475,pe15,19.8445,false
WAY,NASDAQ:WAY,Waystar Holding Corp.,NASDAQ,0.63,34.4578,,,,false
WB,NASDAQ:WB,Weibo Corporation,NASDAQ,1.89,4.76059,6.49189,pe15,0.733314,true
WBD,NASDAQ:WBD,"Warner Bros. Discovery, Inc.",NASDAQ,0.29,-21.8465,-30.7427,pe15,0.710622,false
WBS,NYSE:WBS,Webster Financial Corporation,NYSE,5.92,12.7849,20.2959,lynch_peg,0.629926,true
WCC,NYSE:WCC,"WESCO International, Inc.",NYSE,13.26,24.57,54.0176,lynch_peg,0.454851,true
WCN,NYSE:WCN,"Waste Connections, Inc.",NYSE,4.19,40.1932,39.9664,lynch_peg,1.00567,false
WD,NYSE:WD,"Walker & Dunlop, Inc.",NYSE,1.69,36.5043,-26.4465,pe15,-1.38031,false
WDAY,NASDAQ:WDAY,"Workday, Inc.",NASDAQ,2.6,61.8245,115.749,lynch_peg,0.534128,true
WDC,NASDAQ:WDC,Western Digital Corporation,NASDAQ,26.92,18.2488,58.5129,lynch_peg,0.311876,true
WDFC,NASDAQ:WDFC,WD-40 Company,NASDAQ,6.7,34.9621,8.72446,pe15,4.00737,false
WDH,NYSE:WDH,Waterdrop Inc.,NYSE,15.4,0.848714,114.979,lynch_peg,0.00738146,true
WDS,NYSE:WDS,Woodside Energy Group Ltd,NYSE,1.43,16.0311,25.2725,lynch_peg,0.634328,true
WEC,NYSE:WEC,"WEC Energy Group, Inc.",NYSE,4.86,21.176,5.04383,pe15,4.19839,false
WELL,NYSE:WELL,Welltower Inc.,NYSE,1.41,122.326,-9.7886,pe15,-12.4968,false
WEN,NASDAQ:WEN,The Wendy's Company,NASDAQ,0.85,12.9545,5.97692,pe15,2.16743,true
WENN,NASDAQ:WENN,Wen Acquisition Corp Class A Ordinary Shares,NASDAQ,0.26,38.4701,,,,false
WES,NYSE:WES,"Western Midstream Partners, LP",NYSE,3.01,15.1713,20.5971,lynch_peg,0.736576,true
WETH,NASDAQ:WETH,Wetouch Technology Inc.,NASDAQ,0.6,1.75666,-37.3369,pe15,-0.0470489,true
WEX,NYSE:WEX,WEX Inc.,NYSE,8.57,19.0929,15.6062,lynch_peg,1.22342,false
WEYS,NASDAQ:WEYS,"Weyco Group, Inc.",NASDAQ,2.44,12.269,2.4514,pe15,5.00491,true
WF,NYSE:WF,Woori Financial Group Inc.,NYSE,12837.6,7.79448,19.6884,lynch_peg,0.395892,true
WFC,NYSE:WFC,Wells Fargo & Company,NYSE,6.39,12.5927,72.3655,lynch_peg,0.174016,true
WFCF,NASDAQ:WFCF,Where Food Comes From Inc,NASDAQ,0.3,44.611,6.39953,pe15,6.97098,false
WFRD,NASDAQ:WFRD,Weatherford International plc,NASDAQ,5.96,18.5275,-30.2885,pe15,-0.6117,false
WGO,NYSE:WGO,"Winnebago Industries, Inc.",NYSE,0.91,23.1029,-13.2291,pe15,-1.74637,false
WH,NYSE:WH,"Wyndham Hotels & Resorts, Inc.",NYSE,2.49,26.721,7.31702,pe15,3.6519,false
WHD,NYSE:WHD,"Cactus, Inc.",NYSE,2.42,62.1092,14.1251,pe15,4.39709,false
WHF,NASDAQ:WHF,"WhiteHorse Finance, Inc.",NASDAQ,0.62,9.0307,-16.6368,pe15,-0.542813,true
WHG,NYSE:WHG,"Westwood Holdings Group, Inc.",NYSE,0.84,20.9785,3.08533,pe15,6.79943,false
WHLR,NASDAQ:WHLR,"Wheeler Real Estate Investment Trust, Inc.",NASDAQ,1230.53,0.000299541,,,,false
WHLRD,NASDAQ:WHLRD,"Wheeler Real Estate Investment Trust, Inc.",NASDAQ,8.2,1.1155,-59.2254,pe15,-0.0188349,true
WHR,NYSE:WHR,Whirlpool Corporation,NYSE,5.68,14.0305,-19.8291,pe15,-0.707572,true
WILC,NASDAQ:WILC,G. Willi-Food International Ltd.,NASDAQ,5.99,14.9652,9.01731,pe15,1.6596,true
WIMI,NASDAQ:WIMI,WiMi Hologram Cloud Inc.,NASDAQ,22.1,0.142619,53.042,lynch_peg,0.00268879,true
WINA,NASDAQ:WINA,Winmark Corporation,NASDAQ,11.73,30.5793,7.90082,pe15,3.8704,false
WING,NASDAQ:WING,Wingstop Inc.,NASDAQ,6.23,28.9696,51.1375,lynch_peg,0.566504,true
WIT,NYSE:WIT,Wipro Limited,NYSE,12.6,14.5685,5.6775,pe15,2.566,true
WIX,NASDAQ:WIX,Wix.com Ltd.,NASDAQ,0.91,-21.0134,25.2584,lynch_peg,-0.831938,false
WLDN,NASDAQ:WLDN,"Willdan Group, Inc.",NASDAQ,3.63,19.448,35.6277,lynch_peg,0.545867,true
WLFC,NASDAQ:WLFC,Willis Lease Finance Corporation,NASDAQ,1.77778,24.4234,71.77,lynch_peg,0.340301,true
WLKP,NYSE:WLKP,Westlake Chemical Partners LP,NYSE,1.38,13.2331,-5.99645,pe15,-2.20683,true
WLY,NYSE:WLY,"John Wiley & Sons, Inc.",NYSE,4.22,12.231,9.75222,pe15,1.25418,true
WLYB,NYSE:WLYB,"John Wiley & Sons, Inc.",NYSE,4.22,12.231,9.75222,pe15,1.25418,true
WM,NYSE:WM,"Waste Management, Inc.",NYSE,6.72,31.8322,13.6772,pe15,2.3274,false
WMB,NYSE:WMB,"The Williams Companies, Inc.",NYSE,2.14,29.7619,65.956,lynch_peg,0.451239,true
WMG,NASDAQ:WMG,Warner Music Group Corp.,NASDAQ,0.7,19.8992,5.76809,pe15,3.44988,false
WMK,NYSE:WMK,"Weis Markets, Inc.",NYSE,3.65,18.159,-3.7559,pe15,-4.83479,false
WMS,NYSE:WMS,"Advanced Drainage Systems, Inc.",NYSE,5.48,25.6681,15.7272,lynch_peg,1.63209,false
WMT,NASDAQ:WMT,Walmart Inc.,NASDAQ,2.74,40.4659,10.9462,pe15,3.69678,false
WNC,NYSE:WNC,Wabash National Corporation,NYSE,5.09,-6.65365,20.7755,lynch_peg,-0.320263,false
WNEB,NASDAQ:WNEB,"Western New England Bancorp, Inc.",NASDAQ,0.76,16.642,11.0504,pe15,1.50601,false
WOOF,NASDAQ:WOOF,"Petco Health and Wellness Company, Inc.",NASDAQ,0.0324,136.072,-52.1878,pe15,-2.60736,false
WOR,NYSE:WOR,"Worthington Industries, Inc.",NYSE,3.18,18.3699,-25.3635,pe15,-0.724266,false
WPC,NYSE:WPC,W. P. Carey Inc.,NYSE,2.11,24.4898,-4.16406,pe15,-5.88122,false
WPM,NYSE:WPM,Wheaton Precious Metals Corp.,NYSE,3.3,29.708,22.6291,lynch_peg,1.31282,false
WRB,NYSE:WRB,W. R. Berkley Corporation,NYSE,4.48,14.4499,28.8788,lynch_peg,0.500363,true
WRBY,NYSE:WRBY,Warby Parker Inc.,NYSE,0.0134,386.854,,,,false
WRLD,NASDAQ:WRLD,World Acceptance Corporation,NASDAQ,6.97,22.2462,-12.5011,pe15,-1.77954,false
WS,NYSE:WS,"Worthington Steel, Inc.",NYSE,0.35,108.971,-36.6118,pe15,-2.9764,false
WSBC,NASDAQ:WSBC,"WesBanco, Inc.",NASDAQ,2.26,12.1712,4.89087,pe15,2.48856,true
WSBF,NASDAQ:WSBF,"Waterstone Financial, Inc.",NASDAQ,1.48,12.4434,-14.9205,pe15,-0.83398,true
WSBK,NASDAQ:WSBK,"Winchester Bancorp, Inc. Common Stock",NASDAQ,0.49,26.02,3.65282,pe15,7.12326,false
WSE,NASDAQ:WSE,Wise Group plc Class A Ordinary Shares,NASDAQ,0.37,26.027,62.0596,lynch_peg,0.419388,true
WSFS,NASDAQ:WSFS,WSFS Financial Corporation,NASDAQ,5.09,13.7045,17.5272,lynch_peg,0.781897,true
WSM,NYSE:WSM,"Williams-Sonoma, Inc.",NYSE,8.96,26.6336,15.2565,lynch_peg,1.74571,false
WSO,NYSE:WSO,"Watsco, Inc.",NYSE,12.25,26.6796,11.7471,pe15,2.27117,false
WST,NYSE:WST,"West Pharmaceutical Services, Inc.",NYSE,6.83,44.352,7.85368,pe15,5.64728,false
WT,NYSE:WT,"WisdomTree, Inc.",NYSE,0.78,40.5893,19.0602,lynch_peg,2.12953,false
WTBA,NASDAQ:WTBA,"West Bancorporation, Inc.",NASDAQ,1.92,13.1491,-0.713631,pe15,-18.4257,true
WTFC,NASDAQ:WTFC,Wintrust Financial Corporation,NASDAQ,11.58,12.8675,19.6612,lynch_peg,0.654462,true
WTG,NASDAQ:WTG,Wintergreen Acquisition Corp.,NASDAQ,0.2,566.486,,,,false
WTM,NYSE:WTM,"White Mountains Insurance Group, Ltd.",NYSE,430.14,4.8747,13.5643,pe15,0.359378,true
WTRG,NYSE:WTRG,"Essential Utilities, Inc.",NYSE,2.2,20.4949,14.0522,pe15,1.45849,false
WTS,NYSE:WTS,"Watts Water Technologies, Inc.",NYSE,10.17,33.3421,24.7206,lynch_peg,1.34876,false
WTTR,NYSE:WTTR,"Select Water Solutions, Inc.",NYSE,0.21,77.5748,38.3088,lynch_peg,2.02499,false
WTW,NASDAQ:WTW,Willis Towers Watson Public Limited Company,NASDAQ,16.34,20.3657,16.2996,lynch_peg,1.24946,false
WU,NYSE:WU,The Western Union Company,NYSE,1.53,5.9,-3.30532,pe15,-1.785,true
WW,NASDAQ:WW,"WW International, Inc.",NASDAQ,105.69,-1.42553,-7.22769,pe15,0.197232,false
WWD,NASDAQ:WWD,"Woodward, Inc.",NASDAQ,7.42,39.733,13.9629,pe15,2.84562,false
WWW,NYSE:WWW,"Wolverine World Wide, Inc.",NYSE,1.14,16.0615,-3.66011,pe15,-4.38827,false
WY,NYSE:WY,Weyerhaeuser Company,NYSE,0.45,37.2348,-15.9059,pe15,-2.34095,false
WYNN,NASDAQ:WYNN,"Wynn Resorts, Limited",NASDAQ,3.16,23.4714,1.32518,pe15,17.7119,false
XBP,NASDAQ:XBP,"XBP Global Holdings, Inc.",NASDAQ,93.87,0.0297651,,,,false
XEL,NASDAQ:XEL,Xcel Energy Inc.,NASDAQ,3.44,21.5995,4.20297,pe15,5.1391,false
XERS,NASDAQ:XERS,"Xeris Biopharma Holdings, Inc.",NASDAQ,0.0035,-89.035,,,,false
XHR,NYSE:XHR,"Xenia Hotels & Resorts, Inc.",NYSE,0.65,-256.885,4.82211,pe15,-53.2724,false
XNET,NASDAQ:XNET,Xunlei Limited,NASDAQ,84.35,0.0739329,727.376,lynch_peg,0.000101643,true
XOM,NYSE:XOM,Exxon Mobil Corporation,NYSE,6.66,20.8172,12.0785,pe15,1.72348,false
XP,NASDAQ:XP,XP Inc.,NASDAQ,9.8,8.23232,21.1177,lynch_peg,0.38983,true
XPEL,NASDAQ:XPEL,"XPEL, Inc.",NASDAQ,1.85,25.0354,22.8926,lynch_peg,1.0936,false
XPO,NYSE:XPO,"XPO Logistics, Inc.",NYSE,2.69,61.723,25.3276,lynch_peg,2.43699,false
XPRO,NYSE:XPRO,Expro Group Holdings N.V.,NYSE,0.45,105.596,,,,false
XTNT,AMEX:XTNT,"Xtant Medical Holdings, Inc.",AMEX,0.04,-3.73876,169.68,lynch_peg,-0.0220342,false
XYF,NYSE:XYF,X Financial,NYSE,210.18,0.236174,15.4288,lynch_peg,0.0153073,true
XYL,NYSE:XYL,Xylem Inc.,NYSE,3.93,28.4976,22.7537,lynch_peg,1.25244,false
XYZ,NYSE:XYZ,"Block, Inc.",NYSE,2.13,145.061,34.7186,lynch_peg,4.1782,false
XZO,NYSE:XZO,"Exzeo Group, Inc.",NYSE,0.87,16.2581,158.695,lynch_peg,0.102449,true
YALA,NYSE:YALA,Yalla Group Limited,NYSE,0.96,5.82258,27.8325,lynch_peg,0.2092,true
YDDL,NASDAQ:YDDL,One and one Green Technologies. Inc,NASDAQ,0.23,7.86957,42.0751,lynch_peg,0.187036,true
YELP,NYSE:YELP,Yelp Inc.,NYSE,2.3,11.5782,26.929,lynch_peg,0.429953,true
YETI,NYSE:YETI,"YETI Holdings, Inc.",NYSE,2.05,18.7597,-3.34384,pe15,-5.61021,false
YEXT,NYSE:YEXT,"Yext, Inc.",NYSE,0.31,18.2491,,,,false
YHNA,NASDAQ:YHNA,YHN Acquisition I Limited,NASDAQ,0.0225,332.121,,,,false
YMM,NYSE:YMM,Full Truck Alliance Co. Ltd.,NYSE,4.2,2.20525,118.976,lynch_peg,0.0185353,true
YORW,NASDAQ:YORW,The York Water Company,NASDAQ,1.39,20.5524,1.82214,pe15,11.2792,false
YOU,NYSE:YOU,"Clear Secure, Inc.",NYSE,1.14,30.1325,91.766,lynch_peg,0.328362,true
YOUL,NASDAQ:YOUL,Youlife Group Inc.,NASDAQ,0.57,5.6936,-36.6432,pe15,-0.155379,true
YRD,NYSE:YRD,Yiren Digital Ltd.,NYSE,0.9,-0.3497,-35.4834,pe15,0.00985532,false
YSXT,NASDAQ:YSXT,"YSX Tech. Co., Ltd",NASDAQ,0.11,8.68056,-7.46088,pe15,-1.16348,true
YUM,NYSE:YUM,"Yum! Brands, Inc.",NYSE,5.59,18.7054,13.3308,pe15,1.40316,false
YUMC,NYSE:YUMC,"Yum China Holdings, Inc.",NYSE,2.53,17.3212,4.70921,pe15,3.67815,false
YYAI,NASDAQ:YYAI,AiRWA Inc.,NASDAQ,54.16,0.00544564,,,,false
Z,NASDAQ:Z,"Zillow Group, Inc. Class C",NASDAQ,0.0951,151.391,,,,false
ZBH,NYSE:ZBH,"Zimmer Biomet Holdings, Inc.",NYSE,3.56,24.2179,-7.04948,pe15,-3.43542,false
ZBRA,NASDAQ:ZBRA,Zebra Technologies Corporation,NASDAQ,8.24,35.0217,-2.66185,pe15,-13.1569,false
ZD,NASDAQ:ZD,"Ziff Davis, Inc.",NASDAQ,1.16,3.13252,-18.5703,pe15,-0.168684,true
ZG,NASDAQ:ZG,"Zillow Group, Inc. Class A",NASDAQ,0.0951,151.391,,,,false
ZGN,NYSE:ZGN,Ermenegildo Zegna N.V.,NYSE,0.37,32.2982,26.6392,lynch_peg,1.21243,false
ZIM,NYSE:ZIM,ZIM Integrated Shipping Services Ltd.,NYSE,3.98,34.2007,-1.5805,pe15,-21.6392,false
ZION,NASDAQ:ZION,"Zions Bancorporation, National Association",NASDAQ,6.08,9.17027,14.7193,pe15,0.62301,true
ZJK,NASDAQ:ZJK,"ZJK Industrial Co., Ltd.",NASDAQ,0.17,11.7079,36.5479,lynch_peg,0.320344,true
ZJYL,NASDAQ:ZJYL,Jin Medical International Ltd.,NASDAQ,0.15,22.5376,6.39953,pe15,3.52176,false
ZM,NASDAQ:ZM,"Zoom Communications, Inc.",NASDAQ,6.32,15.2356,21.6729,lynch_peg,0.70298,true
ZTO,NYSE:ZTO,ZTO Express (Cayman) Inc.,NYSE,11.05,13.2531,15.3115,lynch_peg,0.865568,true
ZTS,NYSE:ZTS,Zoetis Inc.,NYSE,6.03,12.2533,11.8798,pe15,1.03144,true
ZUMZ,NASDAQ:ZUMZ,Zumiez Inc.,NASDAQ,0.8,20.4835,-23.5331,pe15,-0.870414,false
ZVRA,NASDAQ:ZVRA,"Zevra Therapeutics, Inc.",NASDAQ,1.4,11.5589,,,,false
ZWS,NYSE:ZWS,Zurn Elkay Water Solutions Corporation,NYSE,1.14,30.6636,-5.08636,pe15,-6.0286,false
BF-B,NYSE:BF-B,Brown-Forman Corporation,NYSE,1.53,18.6118,-4.13812,pe15,-4.49765,false
BRK-A,NYSE:BRK-A,Berkshire Hathaway Inc.,NYSE,46563,12.736,11.7918,pe15,1.08007,true
BRK-B,NYSE:BRK-B,Berkshire Hathaway Inc.,NYSE,31.04,12.736,11.7887,pe15,1.08035,true
CIG-C,NYSE:CIG-C,Companhia Energética de Minas Gerais,NYSE,1.7,8.73529,11.1962,pe15,0.780205,true
CRD-A,NYSE:CRD-A,Crawford & Company,NYSE,0.4,27.6354,-5.82552,pe15,-4.74386,false
MOG-A,NYSE:MOG-A,Moog Inc.,NYSE,7.42,36.8287,92.5968,lynch_peg,0.397732,true
PBR-A,NYSE:PBR-A,Petróleo Brasileiro S.A. - Petrobras,NYSE,3.06,4.07672,78.2602,lynch_peg,0.0520918,true
